review_id,book_id,popular,like_share,user_reviews,days_since_review,user_rating,rating_diff,num_words,avg_word_len,avg_sent_len,pct_verbs,pct_nouns,pct_adj,quote,sentiment,predicted_score,error_group,experiment
bd3dc370e6ee8c37fc0cef4f44962cc1,35606560,0,0.003194888178913738,2,26,5,0.79,145,4.558620689655172,13.181818181818182,0.1724137931034483,0.25517241379310346,0.1793103448275862,0,0.4834454545454545,0.3663113843363515,TN,LogisticRegression_B_undersampled
d117619f1d7156addde4226dfc4db0b4,394424,1,0.07246376811594203,12,3256,5,0.7699999999999996,90,4.122222222222222,18.0,0.14444444444444443,0.2777777777777778,0.12222222222222222,0,0.51632,0.5564919003031361,TP,LogisticRegression_B_undersampled
8c0de4f4298159c5c4b84353bb3edc6f,394424,0,0.007246376811594203,1,617,5,0.7699999999999996,74,5.04054054054054,37.0,0.13513513513513514,0.24324324324324326,0.21621621621621623,0,0.90375,0.40783060857193476,TN,LogisticRegression_B_undersampled
1299d51eb6ced950c852805d9ade73cb,394424,0,0.007246376811594203,2,3796,3,-1.2300000000000004,28,3.607142857142857,9.333333333333334,0.21428571428571427,0.21428571428571427,0.2857142857142857,1,-0.026666666666666655,0.5493640893423261,FP,LogisticRegression_B_undersampled
542f063ec9cb594f68d4db3ba974cab4,27822,0,0.006289308176100629,1,81,4,-0.08999999999999986,16,4.6875,16.0,0.1875,0.3125,0.1875,0,-0.296,0.3668781050773617,TN,LogisticRegression_B_undersampled
0ef9094e02c488210f74e1554a882703,394424,0,0.014492753623188406,1,1927,3,-1.2300000000000004,64,3.71875,10.666666666666666,0.171875,0.25,0.125,1,-0.009016666666666668,0.5487644107399987,FP,LogisticRegression_B_undersampled
f12a041e7e9439983472a313c14ddc14,29376835,0,0.013333333333333334,1,107,5,1.1,175,4.011428571428572,12.5,0.21714285714285714,0.18857142857142858,0.14857142857142858,1,0.04475714285714285,0.49821824231523004,TN,LogisticRegression_B_undersampled
e1458105bb0847f08c412faf59919430,2547,0,0.001594896331738437,1,2106,4,-0.23000000000000043,24,3.7916666666666665,8.0,0.125,0.2916666666666667,0.125,0,0.4560333333333333,0.40136311360980786,TN,LogisticRegression_B_undersampled
f25d85fe343db69fe33f6004216f9bc3,25334576,0,0.002103049421661409,1,337,4,0.10000000000000009,26,3.8076923076923075,8.666666666666666,0.07692307692307693,0.2692307692307692,0.15384615384615385,0,0.2472,0.35505694014238165,TN,LogisticRegression_B_undersampled
3e24b3d7f557bd18eb14bcd843ed7cb9,2262521,0,0.005208333333333333,1,1339,2,-1.56,31,4.225806451612903,15.5,0.1935483870967742,0.25806451612903225,0.0967741935483871,0,-0.35875,0.4446173395361449,TN,LogisticRegression_B_undersampled
c6d408d06c3b54e38d2e1506c7543ebb,27822,1,0.06918238993710692,4,2192,5,0.9100000000000001,15,3.933333333333333,15.0,0.2,0.3333333333333333,0.2,0,0.8995,0.33730876801891474,FN,LogisticRegression_B_undersampled
2a2d81bcf6fcbff3c6d4dcf545f986d1,2262521,0,0.005208333333333333,8,1417,5,1.44,388,4.471649484536083,22.823529411764707,0.15721649484536082,0.2654639175257732,0.20103092783505155,1,-0.03935882352941176,0.7305237693994441,FP,LogisticRegression_B_undersampled
45032de25874d9c084bbe19d571b8eb5,25334576,0,0.0010515247108307045,2,453,4,0.10000000000000009,62,4.758064516129032,15.5,0.20967741935483872,0.24193548387096775,0.12903225806451613,0,-0.16949999999999998,0.404286397908313,TN,LogisticRegression_B_undersampled
bfe8ebc385b467b56d7bd53cafb46614,16128045,0,0.015625,2,1038,3,-1.42,63,4.190476190476191,9.0,0.20634920634920634,0.30158730158730157,0.1111111111111111,0,0.14144285714285715,0.3882035629203804,TN,LogisticRegression_B_undersampled
0691a0523476eab581f3971d6f37d1eb,2262521,0,0.010416666666666666,7,2996,3,-0.56,58,4.327586206896552,14.5,0.10344827586206896,0.3103448275862069,0.15517241379310345,0,-0.135625,0.552522124039221,FP,LogisticRegression_B_undersampled
22c0e0d22c765ca95fd2adbcf5d116b6,25334576,0,0.005257623554153523,3,523,5,1.1,81,4.0246913580246915,9.0,0.20987654320987653,0.2716049382716049,0.13580246913580246,1,-0.1255777777777778,0.47886880332447995,TN,LogisticRegression_B_undersampled
a476038f52fbcccd6fec09140bb5c10c,25334576,0,0.005257623554153523,1,156,5,1.1,98,4.377551020408164,12.25,0.17346938775510204,0.23469387755102042,0.17346938775510204,0,-0.2573125,0.402723220207031,TN,LogisticRegression_B_undersampled
3485a8154ae4714f4e4459a311c170d4,25784766,0,0.014492753623188406,1,700,1,-2.63,103,4.398058252427185,12.875,0.1553398058252427,0.2524271844660194,0.21359223300970873,0,0.18937500000000002,0.381343986250321,TN,LogisticRegression_B_undersampled
441413deb734f015d01c3290f2d81fac,25334576,0,0.006309148264984227,4,729,3,-0.8999999999999999,151,4.430463576158941,21.571428571428573,0.2052980132450331,0.16556291390728478,0.2052980132450331,0,0.05549999999999999,0.45440236737710166,TN,LogisticRegression_B_undersampled
d3ff7c1f3b8eae03e8f4b8c74a4bc6cf,2262521,0,0.005208333333333333,30,1210,4,0.43999999999999995,28,5.0,9.333333333333334,0.14285714285714285,0.2857142857142857,0.14285714285714285,0,0.3723666666666667,0.4682210307241689,TN,LogisticRegression_B_undersampled
5423fb6e15f4350cecbb538cf5ce9469,430788,0,0.006289308176100629,30,1211,3,-1.08,186,3.8763440860215055,14.307692307692308,0.23655913978494625,0.1827956989247312,0.14516129032258066,0,0.032115384615384615,0.5705926959634227,FP,LogisticRegression_B_undersampled
de0a076597e5f753cc66e7d9d0498a1e,2547,0,0.001594896331738437,30,1392,2,-2.2300000000000004,28,3.9285714285714284,9.333333333333334,0.17857142857142858,0.21428571428571427,0.21428571428571427,0,0.34833333333333333,0.4534352514138254,TN,LogisticRegression_B_undersampled
9dfe3d9706c1487d863d653064a8cf78,34023590,0,0.008830022075055188,46,146,2,-1.5299999999999998,3,4.666666666666667,3.0,0.3333333333333333,0.3333333333333333,0.0,0,0.0,0.42936724280747574,TN,LogisticRegression_B_undersampled
c5366046db642054b9a892f1172498ee,394424,1,0.021739130434782608,23,3042,5,0.7699999999999996,89,3.9101123595505616,29.666666666666668,0.1797752808988764,0.1348314606741573,0.2247191011235955,0,0.3753666666666667,0.6051592147976279,TP,LogisticRegression_B_undersampled
e1afd14eef574aec7477330606c67c19,18674286,1,0.0392156862745098,4,1381,4,0.16000000000000014,11,3.909090909090909,5.5,0.18181818181818182,0.18181818181818182,0.36363636363636365,0,0.6282,0.2678188184211533,FN,LogisticRegression_B_undersampled
9ca4cb7c4fa022bd458567db0453afec,45974,0,0.005398110661268556,2,75,5,0.5,165,4.666666666666667,15.0,0.19393939393939394,0.22424242424242424,0.18181818181818182,1,0.0076727272727272755,0.5277022814912194,FP,LogisticRegression_B_undersampled
d4399b4f6a6b71219d9e09709632a16b,25334576,0,0.0010515247108307045,6,244,4,0.10000000000000009,18,3.5,18.0,0.2222222222222222,0.2222222222222222,0.16666666666666666,0,0.6486,0.2985303821820429,TN,LogisticRegression_B_undersampled
deaad5b762293978209dd5002cd58687,12052640,0,0.013422818791946308,6,1640,2,-1.2599999999999998,1,3.0,1.0,0.0,1.0,0.0,0,0.4588,0.3762433748263804,TN,LogisticRegression_B_undersampled
d06e5becc07131f6c5cd4b00f6db527d,61049,1,0.04672897196261682,1,336,5,0.6799999999999997,20,3.15,20.0,0.25,0.2,0.1,0,0.0772,0.3545060512801988,FN,LogisticRegression_B_undersampled
1e15293d2eb1a452d3e83f7b285dae33,25334576,0,0.0031545741324921135,1,619,5,1.1,32,3.8125,16.0,0.21875,0.28125,0.1875,0,0.2396,0.3258698491522755,TN,LogisticRegression_B_undersampled
b2236c1c5edafb6fe20a337bf1fe1d8b,35606560,0,0.001597444089456869,1,25,5,0.79,38,3.8947368421052633,9.5,0.2631578947368421,0.21052631578947367,0.15789473684210525,0,0.3113,0.28116177814463805,TN,LogisticRegression_B_undersampled
369aecae68a7deb3b53d046c93f3e229,25334576,0,0.0031545741324921135,2,470,5,1.1,9,3.3333333333333335,9.0,0.2222222222222222,0.2222222222222222,0.1111111111111111,0,0.6369,0.2756720676555219,TN,LogisticRegression_B_undersampled
e59df84e1edcd3c3fa89213d9dcc8859,2547,0,0.004784688995215311,1,1829,5,0.7699999999999996,253,4.363636363636363,25.3,0.15810276679841898,0.25691699604743085,0.13438735177865613,1,0.38523,0.6645760870661104,FP,LogisticRegression_B_undersampled
3296c7206ae2799c8a71e9a3f52c6257,25784766,0,0.014492753623188406,2,519,1,-2.63,12,3.75,12.0,0.25,0.16666666666666666,0.16666666666666666,0,0.0,0.31890257719309545,TN,LogisticRegression_B_undersampled
cec1c83ae78d5e82611510e558eb7b57,34023590,0,0.002207505518763797,1,264,5,1.4700000000000002,9,4.555555555555555,9.0,0.2222222222222222,0.2222222222222222,0.2222222222222222,1,0.3167,0.35060940520461703,TN,LogisticRegression_B_undersampled
e574311e1642e5c665436e53c15d81b9,2547,0,0.003189792663476874,1,311,5,0.7699999999999996,28,4.321428571428571,14.0,0.10714285714285714,0.25,0.21428571428571427,0,0.58305,0.32740614986180505,TN,LogisticRegression_B_undersampled
b2ee20cf0c3aefecce70586fadb94ed7,29376835,0,0.0044444444444444444,1,227,4,0.10000000000000009,22,4.045454545454546,7.333333333333333,0.13636363636363635,0.2727272727272727,0.09090909090909091,0,0.11236666666666667,0.3499931561801047,TN,LogisticRegression_B_undersampled
f1ba310e47cdbdc110f4b495a605bc1b,61049,0,0.009345794392523364,22,2938,5,0.6799999999999997,230,4.613043478260869,23.0,0.16956521739130434,0.2217391304347826,0.14782608695652175,0,-0.02956000000000001,0.7069371562678191,FP,LogisticRegression_B_undersampled
85d47c19c9d34ba9191a2c6bbd587751,61049,0,0.009345794392523364,2,3456,5,0.6799999999999997,110,4.218181818181818,22.0,0.2,0.24545454545454545,0.17272727272727273,0,0.27121999999999996,0.542053773640602,FP,LogisticRegression_B_undersampled
834b6fea2cc2f48911b58ef149edd57f,2547,0,0.011164274322169059,3,1220,5,0.7699999999999996,93,4.290322580645161,13.285714285714286,0.15053763440860216,0.24731182795698925,0.15053763440860216,1,0.22104285714285712,0.5343731264707196,FP,LogisticRegression_B_undersampled
14251d260d19f376e185e5fbd2b9132d,25334576,0,0.0010515247108307045,2,388,5,1.1,24,4.208333333333333,24.0,0.125,0.16666666666666666,0.25,1,0.7227,0.4257074389622049,TN,LogisticRegression_B_undersampled
d6e137e5386f952482d65ff715226235,18295863,0,0.013157894736842105,25,1377,4,0.22999999999999998,560,4.107142857142857,23.333333333333332,0.19107142857142856,0.24107142857142858,0.1392857142857143,1,-0.1918041666666667,0.8476364642286559,FP,LogisticRegression_B_undersampled
7bc51621962d460364cd2eb4ac0d49d4,2547,0,0.006379585326953748,1,1142,5,0.7699999999999996,25,3.48,12.5,0.2,0.24,0.2,0,0.29295,0.3386537517970712,TN,LogisticRegression_B_undersampled
f9daceafafdc2f1f1ca1167b3caab977,16128045,0,0.015625,1,1734,5,0.5800000000000001,93,4.387096774193548,23.25,0.12903225806451613,0.22580645161290322,0.17204301075268819,0,0.5409999999999999,0.4675640774754011,TN,LogisticRegression_B_undersampled
332785318bfaf4884c0430b502cfd65e,82356,0,0.008368200836820083,1,346,3,-0.73,53,3.547169811320755,17.666666666666668,0.20754716981132076,0.1320754716981132,0.18867924528301888,0,0.4091666666666667,0.32429888494029707,TN,LogisticRegression_B_undersampled
2a6957e8a9f022248d029f8bf4c5f7b7,768496,1,0.030303030303030304,10,3792,3,-1.0999999999999996,75,4.08,18.75,0.10666666666666667,0.22666666666666666,0.24,0,0.602575,0.5434165149481093,TP,LogisticRegression_B_undersampled
ca20ef443af79165d033e423af18f862,2547,0,0.001594896331738437,4,2976,3,-1.2300000000000004,8,6.25,8.0,0.0,0.375,0.25,0,0.4404,0.48404557651856717,TN,LogisticRegression_B_undersampled
ecefcc61892aa52bc8f6c0a3667d5644,2547,0,0.001594896331738437,1,2974,5,0.7699999999999996,143,4.146853146853147,10.214285714285714,0.1888111888111888,0.2097902097902098,0.18181818181818182,1,0.3712357142857142,0.5813027943694504,FP,LogisticRegression_B_undersampled
b7163939752b48d88ea65b63fd80da26,2547,0,0.001594896331738437,3,1718,4,-0.23000000000000043,110,4.327272727272727,22.0,0.16363636363636364,0.18181818181818182,0.17272727272727273,0,0.49356,0.4660755708492714,TN,LogisticRegression_B_undersampled
47c3102fe5557f84bddbc7da85c83ae9,82356,0,0.008368200836820083,4,3428,3,-0.73,183,4.51912568306011,30.5,0.21311475409836064,0.1912568306010929,0.18579234972677597,0,0.5276166666666667,0.5775883829568103,FP,LogisticRegression_B_undersampled
5ff3c0dbd534fc69e58a3ae779651e30,31944691,1,0.8360655737704918,40,24,4,-0.2999999999999998,9,5.888888888888889,4.5,0.2222222222222222,0.3333333333333333,0.1111111111111111,0,0.4766,0.4119879711652398,FN,LogisticRegression_B_undersampled
c6245ba4da788e2da4457682d76fbaa8,29425278,1,0.5376344086021505,40,560,5,0.6399999999999997,56,4.821428571428571,14.0,0.14285714285714285,0.21428571428571427,0.26785714285714285,0,0.49355000000000004,0.48297039136909903,FN,LogisticRegression_B_undersampled
80f2c315247afcbfcd7539cf6f95e093,25176023,1,0.648936170212766,40,767,5,0.7199999999999998,75,4.373333333333333,7.5,0.21333333333333335,0.22666666666666666,0.25333333333333335,0,0.28514,0.4636766765619052,FN,LogisticRegression_B_undersampled
3b3720e2c7a5f5be42375293dea7f931,9639765,1,0.18803418803418803,40,1907,5,0.9500000000000002,93,4.688172043010753,13.285714285714286,0.16129032258064516,0.21505376344086022,0.20430107526881722,0,0.6141285714285714,0.5508772732390109,TP,LogisticRegression_B_undersampled
2569f04f30c4ea83dadceb21a8ad476b,7428663,0,0.016666666666666666,2,2421,2,-2.3,104,4.384615384615385,10.4,0.19230769230769232,0.25,0.09615384615384616,1,0.18715,0.5841660382087435,FP,LogisticRegression_B_undersampled
ac5432dec7b794bca923d736a93b1580,17726051,1,0.058823529411764705,16,357,4,0.8300000000000001,14,3.5,14.0,0.14285714285714285,0.21428571428571427,0.07142857142857142,0,-0.4767,0.46951040925271237,FN,LogisticRegression_B_undersampled
df6cb4359b8aec941f0ad3b3e9611de1,45974,0,0.001349527665317139,1,1670,3,-1.5,15,3.6,15.0,0.13333333333333333,0.2,0.06666666666666667,0,-0.5674,0.5258788670243647,FP,LogisticRegression_B_undersampled
4b1585f41d26179388257c313c177e80,27822,1,0.025157232704402517,1,1910,5,0.9100000000000001,279,4.415770609318996,19.928571428571427,0.17921146953405018,0.23655913978494625,0.21863799283154123,0,0.22174285714285716,0.5498615234858617,TP,LogisticRegression_B_undersampled
2b5530603e3319cc9a81e9e5d0c17103,45974,1,0.08502024291497975,7,1908,5,0.5,624,4.761217948717949,17.82857142857143,0.1987179487179487,0.26282051282051283,0.11217948717948718,1,-0.0004914285714285744,0.8358994539223309,TP,LogisticRegression_B_undersampled
55268a5fd474e4eb646010350c47f996,9639765,0,0.017094017094017096,3,959,4,-0.04999999999999982,42,4.690476190476191,14.0,0.11904761904761904,0.2857142857142857,0.16666666666666666,0,0.6621333333333334,0.36629502609849385,TN,LogisticRegression_B_undersampled
05076c4fa9fd385338122d5238f25c7d,7428663,1,0.05,4,384,3,-1.2999999999999998,273,4.344322344322344,18.2,0.22344322344322345,0.19413919413919414,0.1684981684981685,0,0.321,0.4760397287292012,FN,LogisticRegression_B_undersampled
73327f49eb2847f13d13591a369648d9,768496,0,0.015151515151515152,1,1727,5,0.9000000000000004,439,4.323462414578588,17.56,0.19134396355353075,0.26651480637813213,0.15261958997722094,0,0.13678800000000002,0.6356988995433681,FP,LogisticRegression_B_undersampled
40594f5c7286fe9a893137cd4844322a,78249,1,0.021052631578947368,2,1198,4,0.20999999999999996,130,4.1461538461538465,43.333333333333336,0.16923076923076924,0.23076923076923078,0.16923076923076924,0,0.7189666666666668,0.48855687595504416,FN,LogisticRegression_B_undersampled
578c309bd595109a55346edec27c917a,2547,0,0.001594896331738437,12,1432,1,-3.2300000000000004,40,4.75,10.0,0.2,0.275,0.175,1,0.26644999999999996,0.5085005220841027,FP,LogisticRegression_B_undersampled
7c6d0ebd94b21df57e90c8cb73a440ef,17575120,1,0.043478260869565216,4,1303,5,0.8799999999999999,137,4.262773722627737,34.25,0.1678832116788321,0.24817518248175183,0.1386861313868613,1,-0.337425,0.6814207699576704,TP,LogisticRegression_B_undersampled
50df5485c20b9bd4ecf0185e7d0e60c9,150253,0,0.014084507042253521,1,1037,5,0.6299999999999999,56,5.125,18.666666666666668,0.17857142857142858,0.30357142857142855,0.16071428571428573,0,0.34390000000000004,0.40082264716467614,TN,LogisticRegression_B_undersampled
6caa538267a421b81afa6a7f4d7b8311,11049749,1,0.06837606837606838,75,760,3,-1.3200000000000003,3,2.3333333333333335,3.0,0.0,1.0,0.0,0,0.0,0.6631777436321123,TP,LogisticRegression_B_undersampled
38e5da8c590c8a935def80fe49378651,16128045,1,0.0625,1,1734,5,0.5800000000000001,72,4.472222222222222,14.4,0.16666666666666666,0.25,0.20833333333333334,0,0.33487999999999996,0.4156210301719527,FN,LogisticRegression_B_undersampled
3beedf7f2056452becb0263489f5d672,61049,0,0.009345794392523364,4,2226,4,-0.3200000000000003,45,3.933333333333333,9.0,0.2,0.2,0.17777777777777778,0,0.04886,0.4322445885698585,TN,LogisticRegression_B_undersampled
b14de3c371d78d5726b5b828ea9dc694,16170625,0,0.001488095238095238,1,1677,5,0.79,2,3.5,2.0,0.5,0.0,0.0,0,0.636,0.23868796621956953,TN,LogisticRegression_B_undersampled
a1e1252b5518ab5e986df6a6174660de,2547,0,0.012759170653907496,1,565,5,0.7699999999999996,12,3.5833333333333335,6.0,0.16666666666666666,0.25,0.08333333333333333,0,0.6309,0.3036283127327777,TN,LogisticRegression_B_undersampled
d63bf03b4d5e74e9ef00da1dd58b0f19,16128045,1,0.03125,1,1822,5,0.5800000000000001,37,4.8108108108108105,12.333333333333334,0.16216216216216217,0.24324324324324326,0.32432432432432434,0,0.30516666666666664,0.3699732678170675,FN,LogisticRegression_B_undersampled
295df86c47b217c2fbca6e75c05c1e18,7044365,0,0.014705882352941176,1,2595,4,0.3900000000000001,203,4.428571428571429,20.3,0.16748768472906403,0.2955665024630542,0.11822660098522167,0,0.06949000000000001,0.5752502894120497,FP,LogisticRegression_B_undersampled
f55760b0fb669afb57d82bdafcfe234c,2262521,0,0.005208333333333333,2,1894,2,-1.56,17,4.0588235294117645,17.0,0.29411764705882354,0.23529411764705882,0.17647058823529413,0,-0.4033,0.40712205290917175,TN,LogisticRegression_B_undersampled
9755b12e5e11269bf4932e79d96b8440,45974,1,0.0931174089068826,29,597,5,0.5,826,4.253026634382566,17.208333333333332,0.18765133171912832,0.25181598062953997,0.13196125907990314,1,-0.015479166666666664,0.8948511249563342,TP,LogisticRegression_B_undersampled
8a189e10b047c6d9cfbdf65400c55a5c,9583799,0,0.007936507936507936,1,2483,3,-0.8799999999999999,284,4.654929577464789,20.285714285714285,0.16549295774647887,0.2852112676056338,0.18309859154929578,1,0.26763571428571425,0.6781546407626245,FP,LogisticRegression_B_undersampled
852abeca6166388ec33f91d71988f4a8,150253,0,0.007042253521126761,1,977,5,0.6299999999999999,48,4.5,16.0,0.16666666666666666,0.25,0.20833333333333334,0,0.28363333333333335,0.3797475573045291,TN,LogisticRegression_B_undersampled
bb4ae8d9258e12e37e6fc4b9195395a7,25334576,0,0.004206098843322818,4,232,5,1.1,580,4.246551724137931,17.575757575757574,0.19827586206896552,0.2603448275862069,0.13275862068965516,1,-0.09985454545454546,0.7530012907179174,FP,LogisticRegression_B_undersampled
a493b0879421d1d1ad56831010b50408,768496,0,0.007575757575757576,6,2812,3,-1.0999999999999996,150,4.62,16.666666666666668,0.16,0.26,0.17333333333333334,0,0.05293333333333334,0.5681323046024832,FP,LogisticRegression_B_undersampled
eebb1af304814d7c60ad810e2d0a44b7,768496,0,0.015151515151515152,1,171,5,0.9000000000000004,28,4.928571428571429,14.0,0.07142857142857142,0.39285714285714285,0.21428571428571427,0,0.7405999999999999,0.31662411376503724,TN,LogisticRegression_B_undersampled
469c55a80765f64425a04786a4878512,12384,1,0.06493506493506493,4,3060,3,-0.9100000000000001,23,4.173913043478261,11.5,0.21739130434782608,0.34782608695652173,0.043478260869565216,1,0.38155,0.547486125601095,TP,LogisticRegression_B_undersampled
6e9fc6e5edd89a5fb084037bc4e0bbc3,223394,0,0.01,8,3797,5,0.9500000000000002,230,5.178260869565217,13.529411764705882,0.13478260869565217,0.26521739130434785,0.24347826086956523,0,0.4183117647058823,0.6091404020996269,FP,LogisticRegression_B_undersampled
673b0ec788f0fe55289c775a4c624308,14706,0,0.005128205128205128,2,2771,3,-0.9300000000000002,168,4.505952380952381,15.272727272727273,0.20238095238095238,0.25595238095238093,0.11904761904761904,1,-0.11839090909090909,0.6575160602710146,FP,LogisticRegression_B_undersampled
cc25dc2ed05b1a34d6dae8916a58a2bb,2547,0,0.003189792663476874,2,1873,4,-0.23000000000000043,97,4.309278350515464,13.857142857142858,0.17525773195876287,0.2268041237113402,0.14432989690721648,0,0.3551428571428571,0.44556295328234385,TN,LogisticRegression_B_undersampled
0826546d2743e4261e4de59cdc40f63a,75504,0,0.01639344262295082,5,1877,4,-0.28000000000000025,11,4.545454545454546,11.0,0.09090909090909091,0.2727272727272727,0.09090909090909091,0,0.0,0.48917747024658387,TN,LogisticRegression_B_undersampled
d6065cf7352dfceb5ef20d4915de0f14,9583799,0,0.007936507936507936,1,2116,3,-0.8799999999999999,55,3.8545454545454545,27.5,0.14545454545454545,0.21818181818181817,0.21818181818181817,0,0.4231,0.45356089351222845,TN,LogisticRegression_B_undersampled
b4aaceebf8c91fa2a80c900e255dfaaf,21413663,0,0.02,5,1243,5,1.31,547,4.6654478976234,17.09375,0.13893967093235832,0.26508226691042047,0.170018281535649,1,0.142246875,0.7686089058633606,FP,LogisticRegression_B_undersampled
eddb5be79e177689337ae16c02d0cf41,7428663,1,0.11666666666666667,8,1637,5,0.7000000000000002,214,4.373831775700935,21.4,0.16355140186915887,0.2523364485981308,0.1542056074766355,1,0.006769999999999998,0.6762201783375866,TP,LogisticRegression_B_undersampled
a32b70cc49dcad1457e313c3e6e0728c,21413663,1,0.14666666666666667,6,1321,4,0.31000000000000005,1123,4.636687444345503,38.724137931034484,0.1371326803205699,0.24487978628673196,0.16918967052537845,1,0.20182068965517241,0.9420021302667779,TP,LogisticRegression_B_undersampled
630bec971118348475906daea1945384,430788,0,0.018867924528301886,5,127,3,-1.08,310,4.741935483870968,25.833333333333332,0.18387096774193548,0.25483870967741934,0.16774193548387098,1,0.11138333333333332,0.6442105551330486,FP,LogisticRegression_B_undersampled
95f8432a480d1a13d799970106dba2f9,28645638,1,0.04201680672268908,5,416,5,0.8399999999999999,89,4.292134831460674,29.666666666666668,0.15730337078651685,0.15730337078651685,0.2696629213483146,1,0.7481333333333332,0.4789017086684986,FN,LogisticRegression_B_undersampled
a17668adacba979df02190dd0d25236c,25334576,0,0.0031545741324921135,4,337,4,0.10000000000000009,115,4.208695652173913,19.166666666666668,0.1565217391304348,0.26956521739130435,0.14782608695652175,1,-0.14416666666666664,0.5553125603335036,FP,LogisticRegression_B_undersampled
ca37bafdc560ba843bd960358241a693,25334576,0,0.0010515247108307045,1,248,3,-0.8999999999999999,26,3.4615384615384617,13.0,0.23076923076923078,0.19230769230769232,0.15384615384615385,0,-0.37929999999999997,0.35955207154707025,TN,LogisticRegression_B_undersampled
edb19c0946e387f01de3bca883dc59b2,25334576,0,0.0010515247108307045,4,267,3,-0.8999999999999999,355,4.2873239436619714,19.72222222222222,0.19718309859154928,0.23098591549295774,0.14366197183098592,0,-0.1962388888888889,0.5769567718579427,FP,LogisticRegression_B_undersampled
b9368c5e5fb36cae44bef7e0ca804d44,35606560,0,0.001597444089456869,4,22,4,-0.20999999999999996,110,3.890909090909091,6.875,0.24545454545454545,0.21818181818181817,0.17272727272727273,1,0.05004375,0.4345571556215857,TN,LogisticRegression_B_undersampled
ec73b8612d74a6161d4acd8d42fc7a3a,150253,0,0.007042253521126761,34,439,4,-0.3700000000000001,34,3.7058823529411766,11.333333333333334,0.14705882352941177,0.2647058823529412,0.14705882352941177,0,-0.17386666666666664,0.5174559831881775,FP,LogisticRegression_B_undersampled
99f62a58cfabdc9a668bbbd4254a0106,30312512,1,0.2948717948717949,209,471,4,0.14000000000000012,535,4.414953271028037,17.833333333333332,0.21121495327102804,0.2336448598130841,0.14205607476635515,1,-0.08438666666666665,0.9848118687774503,TP,LogisticRegression_B_undersampled
60182b372b6fcd06665ac6b0f19ce7a0,535734,1,0.14545454545454545,209,730,4,0.06000000000000005,220,3.9863636363636363,15.714285714285714,0.20454545454545456,0.23636363636363636,0.15,1,0.05683571428571429,0.9689768553862963,TP,LogisticRegression_B_undersampled
c531c73fdc7cf564c8d19330271429f6,78249,1,0.2631578947368421,209,1445,5,1.21,35,4.2,8.75,0.11428571428571428,0.34285714285714286,0.17142857142857143,0,0.4076,0.93320208286287,TP,LogisticRegression_B_undersampled
20f94e33c276a45a24f88f39660101d3,12384,1,0.24675324675324675,209,3410,4,0.08999999999999986,455,4.391208791208792,14.67741935483871,0.17582417582417584,0.2681318681318681,0.14945054945054945,0,0.06290967741935484,0.9834269899530709,TP,LogisticRegression_B_undersampled
882002098df5b2d9f14ebbd7033cfb21,25334576,0,0.0010515247108307045,19,302,2,-1.9,14,3.2857142857142856,7.0,0.21428571428571427,0.2857142857142857,0.21428571428571427,0,0.3568,0.3175743496295285,TN,LogisticRegression_B_undersampled
084dc389a6905d33f39b0df7bad62ff1,25784766,0,0.014492753623188406,10,697,3,-0.6299999999999999,70,4.257142857142857,17.5,0.18571428571428572,0.18571428571428572,0.17142857142857143,0,0.008675000000000002,0.4309431127383532,TN,LogisticRegression_B_undersampled
7d010bed94ff6d330ac47cc500cf279d,21413663,0,0.013333333333333334,1,1254,4,0.31000000000000005,253,4.58498023715415,15.8125,0.16600790513833993,0.2648221343873518,0.16205533596837945,1,0.1903625,0.604528443533023,FP,LogisticRegression_B_undersampled
cf5bac6bde9055fcc4cc2b668aabc63b,2547,0,0.001594896331738437,1,1043,5,0.7699999999999996,95,3.789473684210526,13.571428571428571,0.14736842105263157,0.2,0.2,0,0.11881428571428575,0.41787728078554776,TN,LogisticRegression_B_undersampled
15990dacd33fdbddfa18d3d98e86f3f6,25334576,0,0.0010515247108307045,1,317,2,-1.9,113,4.061946902654867,12.555555555555555,0.20353982300884957,0.17699115044247787,0.18584070796460178,0,-0.05794444444444444,0.38596001838677224,TN,LogisticRegression_B_undersampled
059ae4a666f2e2105b0c6bd3a8727b61,35606560,0,0.001597444089456869,2,16,2,-2.21,5,7.0,2.5,0.2,0.2,0.4,0,-0.24695,0.28583191985844186,TN,LogisticRegression_B_undersampled
60744a133cf693229f97481e98797d63,2262521,0,0.010416666666666666,2,2975,2,-1.56,32,4.25,8.0,0.15625,0.28125,0.25,0,0.43965,0.39012957566403883,TN,LogisticRegression_B_undersampled
a201b51b03ae84448a940f9666c4b9a1,7428663,0,0.016666666666666666,63,1936,5,0.7000000000000002,3,4.333333333333333,3.0,0.3333333333333333,0.6666666666666666,0.0,0,0.0,0.5652862165008071,FP,LogisticRegression_B_undersampled
0223da8fde5bbed04e99d7c4b84c6521,25334576,0,0.0010515247108307045,2,308,0,-3.9,13,4.615384615384615,13.0,0.07692307692307693,0.38461538461538464,0.0,0,0.3182,0.4043438725299652,TN,LogisticRegression_B_undersampled
9b819086277239482a603168dbbd2ff0,792712,1,0.04065040650406504,31,2616,3,-1.3200000000000003,660,4.346969696969697,13.75,0.2196969696969697,0.20909090909090908,0.17727272727272728,1,0.07058125,0.8791669049855817,TP,LogisticRegression_B_undersampled
54b9deda0e7ef60977bcff054019ecd8,2547,0,0.001594896331738437,1,1818,0,-4.23,4,4.25,4.0,0.0,0.25,0.25,0,0.5267,0.3870616330150061,TN,LogisticRegression_B_undersampled
daa2e16312dee98f79484b98c15995bb,25334576,0,0.0010515247108307045,2,735,4,0.10000000000000009,38,4.7368421052631575,9.5,0.18421052631578946,0.21052631578947367,0.2894736842105263,0,-0.00645,0.3374551345533074,TN,LogisticRegression_B_undersampled
ba221da5245f94f9f8742c7ad4551a89,48987,0,0.008032128514056224,77,1186,3,-0.6699999999999999,80,3.7875,16.0,0.1,0.2625,0.2375,0,0.46912000000000004,0.66795733513937,FP,LogisticRegression_B_undersampled
1d646f780e01b41abf67ccafa091aeaa,792712,1,0.07317073170731707,77,3592,4,-0.3200000000000003,126,4.0396825396825395,15.75,0.15079365079365079,0.25396825396825395,0.09523809523809523,0,-0.13630000000000003,0.8342658162470856,TP,LogisticRegression_B_undersampled
ec8705f223fdb3815ac3e1bb8e2b2d3f,75504,0,0.01639344262295082,90,1542,3,-1.2800000000000002,26,4.0,13.0,0.19230769230769232,0.23076923076923078,0.15384615384615385,0,0.3345,0.7026436531765058,FP,LogisticRegression_B_undersampled
511cb119a1b19a11cef8b6b5cca91724,7428663,1,0.03333333333333333,13,1567,5,0.7000000000000002,145,5.255172413793104,20.714285714285715,0.1724137931034483,0.2896551724137931,0.1310344827586207,1,0.19577142857142857,0.6463007410715772,TP,LogisticRegression_B_undersampled
0a30bd9dbe76bb3d2a2022ec6e099e0a,25334576,0,0.002103049421661409,1,555,5,1.1,54,4.87037037037037,18.0,0.18518518518518517,0.2037037037037037,0.2222222222222222,0,0.4458,0.34149840418791555,TN,LogisticRegression_B_undersampled
46dcea3fef9c0e01c1ab7e9b7d547f1c,150253,0,0.014084507042253521,1,2685,4,-0.3700000000000001,35,4.428571428571429,8.75,0.22857142857142856,0.2,0.34285714285714286,0,0.5827,0.33396999789696935,TN,LogisticRegression_B_undersampled
d5979402482cf955aed3df4e5724aa9f,34023590,0,0.004415011037527594,3,265,0,-3.53,19,3.0526315789473686,19.0,0.21052631578947367,0.21052631578947367,0.2631578947368421,0,0.7445,0.25922037587071933,TN,LogisticRegression_B_undersampled
0c443eebf51e0245fd77d8a786b234a0,9639765,1,0.03418803418803419,52,1910,5,0.9500000000000002,163,4.319018404907975,27.166666666666668,0.08588957055214724,0.3312883435582822,0.09815950920245399,1,0.40886666666666666,0.807884783832,TP,LogisticRegression_B_undersampled
b35765504247f6c323e71ddbd7eb2fd1,82356,1,0.06276150627615062,21,11,5,1.27,42,4.642857142857143,6.0,0.23809523809523808,0.21428571428571427,0.23809523809523808,0,0.3840571428571429,0.315815516342896,FN,LogisticRegression_B_undersampled
009ffc28da65fb7efd6f13a02cd21c6d,430788,1,0.03773584905660377,14,3415,5,0.9199999999999999,19,4.7894736842105265,6.333333333333333,0.21052631578947367,0.3157894736842105,0.15789473684210525,0,0.0,0.4999299512845048,FN,LogisticRegression_B_undersampled
8237e9b9964c2731bfb43c6a27e8bef5,82346,1,0.020771513353115726,6,1342,2,-1.4,99,3.888888888888889,14.142857142857142,0.15151515151515152,0.23232323232323232,0.20202020202020202,0,-0.18482857142857143,0.46147501300471655,FN,LogisticRegression_B_undersampled
e71980125156014270fa76ceb94ad8be,2262521,0,0.005208333333333333,1,1020,3,-0.56,164,4.085365853658536,27.333333333333332,0.22560975609756098,0.18292682926829268,0.14634146341463414,0,0.5024833333333333,0.4361115899565474,TN,LogisticRegression_B_undersampled
8c8b0e3d9605c73d517d953ba95d3920,752868,0,0.010752688172043012,1,1309,3,-0.48,10,4.8,5.0,0.2,0.2,0.3,0,0.1909,0.2964199987771292,TN,LogisticRegression_B_undersampled
2676c31904f1ec61df69e515884db1ec,45974,0,0.004048582995951417,1,1663,5,0.5,32,4.09375,10.666666666666666,0.1875,0.28125,0.1875,0,0.38656666666666667,0.3669037950135644,TN,LogisticRegression_B_undersampled
fc78851de497ad8ec1912cced5e0cd70,17788340,1,0.10679611650485436,1,1645,5,0.29000000000000004,315,4.2,21.0,0.17777777777777778,0.2698412698412698,0.1492063492063492,1,0.1879866666666667,0.6860807190086241,TP,LogisticRegression_B_undersampled
14f7b16a4cf884b4c1cdd8e010e6e8d4,35606560,1,0.025559105431309903,6,110,4,-0.20999999999999996,143,4.335664335664336,13.0,0.2097902097902098,0.27972027972027974,0.14685314685314685,0,0.38322727272727275,0.3814685503309633,FN,LogisticRegression_B_undersampled
b0ac3106a4f6927fe4db08b127dc4424,2547,0,0.003189792663476874,1,1404,1,-3.2300000000000004,272,4.352941176470588,13.6,0.23529411764705882,0.23529411764705882,0.16544117647058823,1,0.09583,0.6047963425645853,FP,LogisticRegression_B_undersampled
bb64300481218452f82e0d51a5339516,768496,1,0.03787878787878788,4,2603,5,0.9000000000000004,74,4.797297297297297,24.666666666666668,0.24324324324324326,0.2702702702702703,0.21621621621621623,0,0.5648333333333334,0.4391479964454968,FN,LogisticRegression_B_undersampled
b00087f73c13d375c430207a2f2a2a38,197698,1,0.029411764705882353,904,836,4,-0.3200000000000003,1415,4.099646643109541,12.747747747747749,0.20706713780918728,0.2332155477031802,0.14770318021201415,1,0.026726126126126126,0.9999999438245863,TP,LogisticRegression_B_undersampled
162cb955f91fb36cbd0507bf242bc9c8,9639765,1,0.06837606837606838,904,930,4,-0.04999999999999982,1190,4.190756302521009,14.512195121951219,0.17394957983193277,0.26218487394957984,0.12857142857142856,1,0.10454146341463415,0.9999999142091602,TP,LogisticRegression_B_undersampled
8f6b0511182dcafda8571dd5b110bcd8,7428663,1,0.26666666666666666,904,1067,5,0.7000000000000002,323,4.572755417956657,24.846153846153847,0.1826625386996904,0.2631578947368421,0.11145510835913312,1,0.02679999999999999,0.999999560615371,TP,LogisticRegression_B_undersampled
19614855328ff8f35d87e0954706e55f,61049,1,0.09345794392523364,904,1407,5,0.6799999999999997,427,4.662763466042154,17.791666666666668,0.17330210772833723,0.2716627634660422,0.1451990632318501,1,0.08709166666666664,0.9999996182977857,TP,LogisticRegression_B_undersampled
395d8a82b6f90e1f3befeeb3b5de6f83,61049,0,0.009345794392523364,1,1387,5,0.6799999999999997,35,4.114285714285714,8.75,0.08571428571428572,0.2571428571428571,0.3142857142857143,0,0.7076250000000001,0.3284778956180417,TN,LogisticRegression_B_undersampled
cdf3c9f2d34367338e87ddc80978757c,215686,1,0.03278688524590164,1,3368,3,-1.0599999999999996,116,3.9913793103448274,38.666666666666664,0.20689655172413793,0.1896551724137931,0.16379310344827586,0,0.46713333333333334,0.5753073018792813,TP,LogisticRegression_B_undersampled
ce414293a3c31ac37626232e0d3f1523,752868,1,0.1935483870967742,24,1064,4,0.52,107,4.728971962616822,15.285714285714286,0.19626168224299065,0.19626168224299065,0.27102803738317754,0,0.29781428571428575,0.4502050363596536,FN,LogisticRegression_B_undersampled
eec7d0b5fa865ccf8bab14b580044b5a,2262521,1,0.11979166666666667,24,1384,4,0.43999999999999995,367,4.228882833787466,13.592592592592593,0.1989100817438692,0.20708446866485014,0.16621253405994552,0,0.27572962962962966,0.6247000308983406,TP,LogisticRegression_B_undersampled
2f5f8922c64dcd86518c2ce094c841b6,406373,1,0.7652811735941321,24,1597,4,0.029999999999999805,659,4.373292867981791,12.673076923076923,0.2109256449165402,0.21851289833080426,0.1638846737481032,1,0.11012884615384616,0.8392000313180945,TP,LogisticRegression_B_undersampled
8318cecd624c411d6785d9bc14c20e6a,34023590,0,0.013245033112582781,4,38,2,-1.5299999999999998,12,5.25,3.0,0.25,0.3333333333333333,0.25,0,0.11947499999999998,0.25139720097555884,TN,LogisticRegression_B_undersampled
044799d3872009142a8c4e6dd9132be5,82346,1,0.03560830860534125,24,131,3,-0.3999999999999999,82,4.487804878048781,13.666666666666666,0.18292682926829268,0.13414634146341464,0.2926829268292683,0,0.3572666666666666,0.38475217806136525,FN,LogisticRegression_B_undersampled
41d5dd894551a032a3a42f0e23c4c940,25334576,0,0.0031545741324921135,24,509,4,0.10000000000000009,79,4.012658227848101,13.166666666666666,0.20253164556962025,0.17721518987341772,0.20253164556962025,0,0.11981666666666668,0.4411361451606132,TN,LogisticRegression_B_undersampled
a490574bdb45519e35d6b3ac2dd84c7a,2262521,1,0.041666666666666664,24,1161,2,-1.56,32,3.5625,8.0,0.15625,0.21875,0.1875,0,-0.1753,0.465807529690892,FN,LogisticRegression_B_undersampled
21664e87327013b5fe9d0c3e029925fc,27822,0,0.018867924528301886,2,1359,5,0.9100000000000001,74,4.472972972972973,12.333333333333334,0.20270270270270271,0.1891891891891892,0.22972972972972974,0,0.3177333333333333,0.3728962895936895,TN,LogisticRegression_B_undersampled
7eddf60e6bfd63820136d3ed10c52367,2547,0,0.003189792663476874,1,3045,5,0.7699999999999996,85,4.294117647058823,14.166666666666666,0.17647058823529413,0.18823529411764706,0.2,0,0.2954666666666667,0.48017048073545504,TN,LogisticRegression_B_undersampled
65a0015ea2f8ab6d1ab72d53156f4092,16128045,1,0.03125,1,1526,5,0.5800000000000001,99,4.0,16.5,0.26262626262626265,0.21212121212121213,0.16161616161616163,1,0.19971666666666668,0.50739546663417,TP,LogisticRegression_B_undersampled
1f21af31bd905b87a22d03b60dfe8959,61049,1,0.04672897196261682,21,1611,5,0.6799999999999997,396,4.73989898989899,23.294117647058822,0.14393939393939395,0.2878787878787879,0.13383838383838384,1,0.06930000000000001,0.8015597869242725,TP,LogisticRegression_B_undersampled
2cbd179090d80ed2d24727e5be477da7,7428663,1,0.03333333333333333,52,2109,5,0.7000000000000002,326,4.404907975460123,25.076923076923077,0.147239263803681,0.2361963190184049,0.17484662576687116,0,0.019384615384615392,0.8027590047492983,TP,LogisticRegression_B_undersampled
5662ec3fc03f28118a07127bab7b67ee,14706,1,0.1076923076923077,6,767,5,1.0699999999999998,1610,4.394409937888199,32.2,0.19006211180124225,0.246583850931677,0.15217391304347827,1,0.16658999999999996,0.9732895288951572,TP,LogisticRegression_B_undersampled
1760ba8f640e694fb40da94a854a411a,24874364,1,0.0273972602739726,1,547,4,0.06999999999999984,389,4.5501285347043705,17.681818181818183,0.1953727506426735,0.2365038560411311,0.15681233933161953,0,0.14693636363636367,0.5554366622498348,TP,LogisticRegression_B_undersampled
7329c97974816fced453aeff414e7b9c,34023590,1,0.026490066225165563,2,179,1,-2.53,751,4.089214380825566,12.516666666666667,0.19840213049267644,0.20639147802929428,0.18242343541944075,1,-0.12199833333333333,0.7864086309755224,TP,LogisticRegression_B_undersampled
33bad77918eda11d29faae24fe2c98ff,45974,1,0.04183535762483131,4,2390,4,-0.5,1179,4.638676844783715,18.714285714285715,0.1645462256149279,0.24003392705682783,0.16878710771840544,1,0.11796507936507938,0.9448836419067368,TP,LogisticRegression_B_undersampled
7ba756092939d6495e6e229e9b34b90b,35606560,1,0.14057507987220447,25,59,4,-0.20999999999999996,462,4.140692640692641,17.76923076923077,0.19480519480519481,0.23376623376623376,0.17965367965367965,1,0.15520769230769235,0.7386763916287727,TP,LogisticRegression_B_undersampled
6d0cfefa59c95ed5d498c07598a71651,17333426,1,0.2342007434944238,25,614,4,-0.1200000000000001,133,3.917293233082707,14.777777777777779,0.15037593984962405,0.24060150375939848,0.24812030075187969,1,0.09580000000000001,0.5952725362566723,TP,LogisticRegression_B_undersampled
2514a6da21d72b713ba923192a473f9c,17788340,1,0.0970873786407767,25,1424,5,0.29000000000000004,88,3.8636363636363638,12.571428571428571,0.2727272727272727,0.17045454545454544,0.1590909090909091,0,0.3622142857142857,0.4642250997160785,FN,LogisticRegression_B_undersampled
032f68c7e4a0a6657654df64972e297b,16128045,1,0.03125,2,1761,4,-0.41999999999999993,76,4.421052631578948,15.2,0.14473684210526316,0.32894736842105265,0.10526315789473684,0,0.39905999999999997,0.45383858341416716,FN,LogisticRegression_B_undersampled
7b8a4a59b861729a5c50337d2cccd920,63114,1,0.17346938775510204,11,682,5,0.46999999999999975,178,4.219101123595506,13.692307692307692,0.21910112359550563,0.21910112359550563,0.12359550561797752,1,0.09043846153846154,0.5852109684482776,TP,LogisticRegression_B_undersampled
5a1f785ed677cca289581803c14382e7,2262521,1,0.046875,11,1136,4,0.43999999999999995,9,4.777777777777778,9.0,0.1111111111111111,0.3333333333333333,0.1111111111111111,0,0.6249,0.3769425133243116,FN,LogisticRegression_B_undersampled
93b3db3191636b392964a6a958556210,9639765,0,0.008547008547008548,4,923,3,-1.0499999999999998,99,4.474747474747475,11.0,0.1919191919191919,0.25252525252525254,0.12121212121212122,0,0.03004444444444443,0.4278114025392824,TN,LogisticRegression_B_undersampled
0745cc74020a00bb77fa8843a1b3557a,61049,0,0.018691588785046728,5,3780,5,0.6799999999999997,32,4.15625,16.0,0.125,0.1875,0.25,0,0.4637,0.5002121452623038,FP,LogisticRegression_B_undersampled
907006a38f23ccd4ee2c7b8a575c9feb,146467,1,0.2459016393442623,1,1812,5,0.8499999999999996,75,3.88,9.375,0.17333333333333334,0.3333333333333333,0.08,0,0.2470125,0.42680521175134295,FN,LogisticRegression_B_undersampled
1890b08c1fe0d23abbd2f27e5c936fb5,394424,1,0.050724637681159424,2,3196,5,0.7699999999999996,45,4.222222222222222,11.25,0.2,0.35555555555555557,0.08888888888888889,0,0.07755000000000001,0.48910811780108504,FN,LogisticRegression_B_undersampled
ebbbc41aa6fc5c0cf3755e56ee522a63,27822,1,0.16981132075471697,11,3282,5,0.9100000000000001,433,4.302540415704388,10.069767441860465,0.20785219399538107,0.20323325635103925,0.16397228637413394,1,0.06829302325581396,0.7795337458729138,TP,LogisticRegression_B_undersampled
e9ea7f8d9271c8fea4c372ec6a92f1c2,150253,1,0.02112676056338028,3,3711,5,0.6299999999999999,311,4.601286173633441,17.27777777777778,0.18006430868167203,0.22186495176848875,0.15434083601286175,0,0.20949444444444446,0.6695549059198966,TP,LogisticRegression_B_undersampled
c02e40effd4450b802e2b963d1b26acc,25334576,0,0.0010515247108307045,1,487,1,-2.9,144,3.8055555555555554,18.0,0.22916666666666666,0.1875,0.16666666666666666,0,-0.19215,0.43320694378601027,TN,LogisticRegression_B_undersampled
7d52f18667bcbfd65e40b560e65e7d10,45974,0,0.014844804318488529,6,1465,5,0.5,19,4.368421052631579,9.5,0.0,0.21052631578947367,0.3157894736842105,0,0.44115000000000004,0.4138914910861624,TN,LogisticRegression_B_undersampled
a6790a92580a2fe534af88a6693a8d1c,27822,0,0.018867924528301886,2,125,5,0.9100000000000001,111,4.216216216216216,10.090909090909092,0.2072072072072072,0.1891891891891892,0.2702702702702703,1,0.06064545454545455,0.4335469886887512,TN,LogisticRegression_B_undersampled
168eed72b5c6a3974883483c0ce6bc0d,2547,0,0.003189792663476874,1,1583,4,-0.23000000000000043,91,4.384615384615385,13.0,0.18681318681318682,0.2087912087912088,0.12087912087912088,0,0.14350000000000002,0.44636720176219336,TN,LogisticRegression_B_undersampled
a9fbe1471eba544aea7b2cd9d701c90f,2547,0,0.001594896331738437,2,1777,4,-0.23000000000000043,267,4.059925093632959,19.071428571428573,0.18352059925093633,0.26217228464419473,0.13108614232209737,1,0.09502857142857143,0.6653536766000139,FP,LogisticRegression_B_undersampled
3a2686e0a29ae36757f9e98e33d6f71b,1434,1,0.08264462809917356,1,1797,4,-0.009999999999999787,238,3.9453781512605044,12.526315789473685,0.19327731092436976,0.21008403361344538,0.18487394957983194,0,-0.28357368421052626,0.5436900336408844,TP,LogisticRegression_B_undersampled
1433f817c9489e3b20d405d3a2a6938b,2547,0,0.003189792663476874,1,1797,5,0.7699999999999996,38,3.9473684210526314,38.0,0.2631578947368421,0.10526315789473684,0.2894736842105263,0,-0.242,0.4744357529856889,TN,LogisticRegression_B_undersampled
66f4f39742ba238b7d3596b32d97a5e1,25334576,0,0.0010515247108307045,1,489,4,0.10000000000000009,115,4.104347826086957,12.777777777777779,0.1826086956521739,0.2,0.1565217391304348,0,0.16812222222222223,0.38927499667875914,TN,LogisticRegression_B_undersampled
4b752bbb3e0b24df57a9969b273ed4ff,9639765,0,0.017094017094017096,7,81,5,0.9500000000000002,55,4.109090909090909,13.75,0.21818181818181817,0.23636363636363636,0.14545454545454545,0,0.42987499999999995,0.33169734168412085,TN,LogisticRegression_B_undersampled
7d3b2292d5bfa5d856d3bc3cfdf9b4c2,25334576,0,0.002103049421661409,1,286,4,0.10000000000000009,29,4.655172413793103,7.25,0.13793103448275862,0.27586206896551724,0.2413793103448276,0,0.394075,0.29727931351811054,TN,LogisticRegression_B_undersampled
d58ac18c612cb14799dad9f6f97ad68b,17726051,1,0.03529411764705882,4,1245,5,1.83,100,4.06,10.0,0.23,0.2,0.17,1,0.11718000000000002,0.47395333496254,FN,LogisticRegression_B_undersampled
47d4b921aed202a856209198e8cd0acd,24407,1,0.8095238095238095,91,3437,1,-3.09,226,4.221238938053097,15.066666666666666,0.1902654867256637,0.23893805309734514,0.1504424778761062,1,-0.21076666666666669,0.908272068185856,TP,LogisticRegression_B_undersampled
7282f2212ec9357e57546afbed14c45a,16241798,1,0.02857142857142857,12,1572,4,-0.13999999999999968,445,4.683146067415731,34.23076923076923,0.16853932584269662,0.25617977528089886,0.16179775280898875,0,0.3427692307692307,0.7171471814170312,TP,LogisticRegression_B_undersampled
6e674730513124e16e599c40ea9ede0f,25334576,0,0.0031545741324921135,3,238,2,-1.9,221,4.239819004524887,18.416666666666668,0.2081447963800905,0.20361990950226244,0.19457013574660634,0,0.05027499999999999,0.45307015496865766,TN,LogisticRegression_B_undersampled
b740efaba35aa026eda6b6ec42eb192c,2547,0,0.004784688995215311,3,586,5,0.7699999999999996,79,3.9240506329113924,13.166666666666666,0.20253164556962025,0.20253164556962025,0.17721518987341772,0,0.5830333333333333,0.33735108337657715,TN,LogisticRegression_B_undersampled
68e7bd53012c2ae3bb28edf4211ada75,7428663,0,0.016666666666666666,64,2482,5,0.7000000000000002,24,4.208333333333333,8.0,0.20833333333333334,0.20833333333333334,0.08333333333333333,0,-0.22430000000000003,0.6979861637763503,FP,LogisticRegression_B_undersampled
dd95cc0bd231274e40b163b70d2d5caa,7044365,0,0.014705882352941176,9,2779,5,1.3900000000000001,321,4.230529595015576,26.75,0.17445482866043613,0.26791277258566976,0.12461059190031153,1,0.2999583333333333,0.7489476835813479,FP,LogisticRegression_B_undersampled
b394bc657c2da052b9481a3640c38386,34023590,0,0.002207505518763797,1,125,3,-0.5299999999999998,37,4.0,18.5,0.2702702702702703,0.1891891891891892,0.16216216216216217,0,0.49274999999999997,0.28284013514051365,TN,LogisticRegression_B_undersampled
c591232f9b77da0a95a11d22aa3c5b8e,34023590,0,0.002207505518763797,1,126,3,-0.5299999999999998,96,3.9791666666666665,48.0,0.22916666666666666,0.23958333333333334,0.125,0,0.09585,0.47297309998354925,TN,LogisticRegression_B_undersampled
1b197af12ff2bd68517ac110f64022e1,35606560,0,0.001597444089456869,1,26,5,0.79,11,4.363636363636363,3.6666666666666665,0.18181818181818182,0.2727272727272727,0.0,0,0.13996666666666666,0.3362816321314641,TN,LogisticRegression_B_undersampled
9200988610aa04f6fc862ddc3941b36d,752868,1,0.021505376344086023,1,248,2,-1.48,44,4.659090909090909,44.0,0.11363636363636363,0.25,0.2727272727272727,1,0.25,0.5343714628944727,TP,LogisticRegression_B_undersampled
9e97c9f43495d930bd063863ded2425d,2547,1,0.03987240829346093,4,1761,5,0.7699999999999996,68,4.352941176470588,22.666666666666668,0.11764705882352941,0.29411764705882354,0.14705882352941177,0,0.5048666666666667,0.4708422725439329,FN,LogisticRegression_B_undersampled
b8b29c27d5a32e8cb60ae33edad59467,35606560,0,0.001597444089456869,4,10,4,-0.20999999999999996,42,4.142857142857143,10.5,0.21428571428571427,0.21428571428571427,0.19047619047619047,0,0.353975,0.3045024178723183,TN,LogisticRegression_B_undersampled
2558f75fb5fc68757aad68dd64829047,9639765,1,0.15384615384615385,42,2180,2,-2.05,42,3.4285714285714284,5.25,0.30952380952380953,0.07142857142857142,0.16666666666666666,0,0.059425,0.5100821129992783,TP,LogisticRegression_B_undersampled
1ee58bc26bceb4919b9c41a1f5d546e9,150253,0,0.01056338028169014,4,3016,3,-1.37,57,5.12280701754386,14.25,0.15789473684210525,0.19298245614035087,0.21052631578947367,0,0.26465,0.4965690708308946,TN,LogisticRegression_B_undersampled
9ac36b7eae7c37570fb7155f3c9bd186,29376835,0,0.008888888888888889,3,451,5,1.1,78,4.423076923076923,11.142857142857142,0.2692307692307692,0.24358974358974358,0.11538461538461539,0,0.0082,0.35867650472898494,TN,LogisticRegression_B_undersampled
06f59f81c91a12de66d69ca9e650a6dd,25334576,0,0.0031545741324921135,1,753,4,0.10000000000000009,414,4.545893719806763,17.25,0.18357487922705315,0.2753623188405797,0.15942028985507245,1,0.07347916666666666,0.6762702539313081,FP,LogisticRegression_B_undersampled
7d277633a12c6b9ae3e10d0569f00e6a,61049,0,0.018691588785046728,1,1671,5,0.6799999999999997,66,4.833333333333333,13.2,0.16666666666666666,0.2727272727272727,0.22727272727272727,0,0.15816,0.4162994482238456,TN,LogisticRegression_B_undersampled
e4f7e9c167a32e142331145f92a5bd6f,752868,0,0.010752688172043012,1,705,1,-2.48,17,3.588235294117647,17.0,0.17647058823529413,0.11764705882352941,0.35294117647058826,0,-0.5588,0.3705363511246472,TN,LogisticRegression_B_undersampled
f3c2af493efc5ab1952d10cf0df7b580,9583799,0,0.015873015873015872,2,2161,5,1.12,107,4.672897196261682,10.7,0.14018691588785046,0.3177570093457944,0.18691588785046728,1,0.31834,0.5461840151518444,FP,LogisticRegression_B_undersampled
fc0654855ff952093b701b0550516211,35606560,0,0.001597444089456869,3,10,4,-0.20999999999999996,27,4.925925925925926,13.5,0.18518518518518517,0.25925925925925924,0.18518518518518517,0,0.84875,0.28016267304057785,TN,LogisticRegression_B_undersampled
3dea1b708d464d1500095a3a134ef4ad,25334576,0,0.005257623554153523,1,266,4,0.10000000000000009,38,4.2894736842105265,38.0,0.18421052631578946,0.15789473684210525,0.21052631578947367,0,0.0972,0.4241634036273371,TN,LogisticRegression_B_undersampled
a505b8148fc402d0100fbbb71e8c8fc4,24874339,1,0.07207207207207207,63,517,5,1.3900000000000001,28,4.714285714285714,9.333333333333334,0.17857142857142858,0.25,0.14285714285714285,0,0.12613333333333335,0.5702446777220879,TP,LogisticRegression_B_undersampled
c654a73aa3b31f02f292972f900eb4d4,29376835,0,0.0044444444444444444,1,80,5,1.1,4,4.0,4.0,0.25,0.25,0.25,0,0.0,0.25278078961905986,TN,LogisticRegression_B_undersampled
af17be8504371199ba626ec1f59cc38e,78249,0,0.010526315789473684,1,1683,5,1.21,103,4.067961165048544,25.75,0.1262135922330097,0.23300970873786409,0.13592233009708737,0,0.58745,0.468071295706417,TN,LogisticRegression_B_undersampled
66ec458370e57937a89402cb28d27176,9583799,1,0.3253968253968254,6,2525,4,0.1200000000000001,468,4.467948717948718,20.347826086956523,0.1858974358974359,0.2222222222222222,0.18162393162393162,1,0.04601304347826087,0.7838027686145979,TP,LogisticRegression_B_undersampled
d722de41473b9337c667b053d2061853,406373,0,0.012224938875305624,3,866,5,1.0299999999999998,11,4.0,2.75,0.2727272727272727,0.36363636363636365,0.18181818181818182,0,0.31410000000000005,0.2645736426535592,TN,LogisticRegression_B_undersampled
7881a3f05f9fbfe8a91add412d3ba648,35606560,0,0.003194888178913738,4,20,4,-0.20999999999999996,132,4.659090909090909,18.857142857142858,0.2196969696969697,0.22727272727272727,0.14393939393939395,1,0.06808571428571428,0.5158369152609178,FP,LogisticRegression_B_undersampled
12ffd975e348023857e607eae2f2d12a,18674286,1,0.058823529411764705,134,426,4,0.16000000000000014,97,3.8762886597938144,19.4,0.17525773195876287,0.27835051546391754,0.09278350515463918,0,-0.09688000000000001,0.8564231034372162,TP,LogisticRegression_B_undersampled
eb0bf08409bae8a8228ac6e0400a1dad,45974,0,0.001349527665317139,134,954,5,0.5,36,3.5,18.0,0.2777777777777778,0.1388888888888889,0.1111111111111111,0,-0.25115,0.8409455041121977,FP,LogisticRegression_B_undersampled
a1afaa4df4b67e7ade5769f0d65be1ef,14706,0,0.005128205128205128,134,1322,4,0.06999999999999984,38,4.0,12.666666666666666,0.15789473684210525,0.23684210526315788,0.18421052631578946,0,0.4004666666666667,0.814148436413853,FP,LogisticRegression_B_undersampled
5111299ddd5adf45bdaf6fc9b427ab86,34023590,0,0.006622516556291391,3,141,1,-2.53,103,4.349514563106796,14.714285714285714,0.18446601941747573,0.2815533980582524,0.17475728155339806,0,-0.3551285714285714,0.41503264210051,TN,LogisticRegression_B_undersampled
15cb11a7745ed9a9302a7a1979fcd496,45974,0,0.004048582995951417,2,848,5,0.5,140,3.757142857142857,15.555555555555555,0.20714285714285716,0.22857142857142856,0.12857142857142856,0,-0.060033333333333334,0.45926416667843906,TN,LogisticRegression_B_undersampled
40cea370a42c4d1864a5dc7c5f863d21,2547,0,0.001594896331738437,2,1047,5,0.7699999999999996,48,3.5208333333333335,24.0,0.22916666666666666,0.08333333333333333,0.25,0,-0.4929,0.4470470810678621,TN,LogisticRegression_B_undersampled
53bfaa8728d07402c3de2ece10685781,2547,0,0.001594896331738437,1,3768,4,-0.23000000000000043,14,5.214285714285714,14.0,0.21428571428571427,0.2857142857142857,0.21428571428571427,0,0.5709,0.42906842865577643,TN,LogisticRegression_B_undersampled
8a5b567a59e0c39d4b5d9967d1b6d9d8,394424,0,0.007246376811594203,2,1285,1,-3.2300000000000004,163,4.398773006134969,12.538461538461538,0.17791411042944785,0.26380368098159507,0.1411042944785276,1,-0.021992307692307683,0.5843226794696177,FP,LogisticRegression_B_undersampled
f44e3600ca3dde2ea823d2d59b30cc68,34023590,0,0.002207505518763797,1,97,0,-3.53,4,2.25,4.0,0.0,0.5,0.0,0,-0.296,0.40688421925552143,TN,LogisticRegression_B_undersampled
d1ee5287bab1f50a4f3635d5bc39ce6e,394424,1,0.2391304347826087,1,3760,3,-1.2300000000000004,156,4.5,19.5,0.21153846153846154,0.1794871794871795,0.21794871794871795,0,0.4466375,0.5386092208226814,TP,LogisticRegression_B_undersampled
e9f494a27219a4853d6c1e4ca1368c4b,61049,1,0.028037383177570093,14,1117,2,-2.3200000000000003,173,4.289017341040463,14.416666666666666,0.1791907514450867,0.23121387283236994,0.23121387283236994,0,-0.06657500000000001,0.5168847867466534,TP,LogisticRegression_B_undersampled
db7d02f1396b81bcf2556c21042f53b7,3018111,0,0.016,37,339,5,0.8399999999999999,108,4.296296296296297,21.6,0.1574074074074074,0.25925925925925924,0.12037037037037036,0,-0.018440000000000005,0.589933176919662,FP,LogisticRegression_B_undersampled
477301e4dfaf5ebaf21835d6ec49160f,78249,1,0.031578947368421054,37,547,4,0.20999999999999996,18,6.166666666666667,9.0,0.1111111111111111,0.2222222222222222,0.2777777777777778,0,0.698,0.4237887014722375,FN,LogisticRegression_B_undersampled
b0b114d6ba28a141f75c05074cb8fe2c,9639765,0,0.008547008547008548,3,965,5,0.9500000000000002,21,4.571428571428571,7.0,0.14285714285714285,0.3333333333333333,0.19047619047619047,1,0.20383333333333334,0.4466648280247551,TN,LogisticRegression_B_undersampled
2ee11a65aad26de200abee9faf75246b,17726051,0,0.011764705882352941,15,855,3,-0.16999999999999993,93,4.032258064516129,13.285714285714286,0.12903225806451613,0.21505376344086022,0.24731182795698925,0,0.33342857142857135,0.4111202960072264,TN,LogisticRegression_B_undersampled
74796a88b3fa4f5020ff62c312113c2e,48987,0,0.004016064257028112,2,2486,4,0.33000000000000007,46,4.413043478260869,23.0,0.2391304347826087,0.21739130434782608,0.15217391304347827,0,0.7464,0.3988532272660803,TN,LogisticRegression_B_undersampled
0c948c040917f058239f1ac8b0aea76c,792712,1,0.06504065040650407,19,2511,5,0.6799999999999997,149,4.5369127516778525,24.833333333333332,0.1610738255033557,0.2550335570469799,0.18791946308724833,0,-0.16319999999999998,0.6494015147047868,TP,LogisticRegression_B_undersampled
fb4c0f484ad81b84b4e4274f4fbf88dd,78249,1,0.17894736842105263,63,3260,4,0.20999999999999996,99,4.232323232323233,19.8,0.1717171717171717,0.1919191919191919,0.15151515151515152,0,0.19368000000000002,0.746990276599902,TP,LogisticRegression_B_undersampled
6167e3dcd2abacefb6d8d932ca8c99b6,768496,1,0.6212121212121212,63,3266,5,0.9000000000000004,296,4.52027027027027,18.5,0.16554054054054054,0.28040540540540543,0.19256756756756757,1,0.3006375,0.8610497780933074,TP,LogisticRegression_B_undersampled
bf8f05e75a00fe5c8194fed50ced66dd,2547,0,0.004784688995215311,1,1723,5,0.7699999999999996,237,4.282700421940929,21.545454545454547,0.17721518987341772,0.189873417721519,0.19831223628691982,1,0.3684454545454546,0.6191835946580269,FP,LogisticRegression_B_undersampled
a9f995bdac68c7df673c030d81087398,27822,1,0.1069182389937107,35,2829,5,0.9100000000000001,150,4.3533333333333335,10.0,0.2,0.18,0.26,0,0.20996,0.5966728738507217,TP,LogisticRegression_B_undersampled
fb4d16953e7f0aaf973b24e632722958,35606560,0,0.019169329073482427,13,28,4,-0.20999999999999996,322,4.540372670807454,18.941176470588236,0.2111801242236025,0.2236024844720497,0.16149068322981366,1,0.028494117647058812,0.6508736483835531,FP,LogisticRegression_B_undersampled
f2e2caf16870257ca3e05d16ba3a4d34,34023590,1,0.04856512141280353,13,265,2,-1.5299999999999998,361,4.0609418282548475,18.05,0.21052631578947367,0.1772853185595568,0.16620498614958448,0,-0.03230500000000001,0.5727406358488292,TP,LogisticRegression_B_undersampled
6b54a48e2e1dd7b934480875192be3a4,14706,0,0.005128205128205128,4,2945,5,1.0699999999999998,30,4.5,10.0,0.16666666666666666,0.23333333333333334,0.13333333333333333,0,0.054266666666666664,0.4810335236805719,TN,LogisticRegression_B_undersampled
17e563d665e41f4279eaab22ece5699d,9583799,0,0.015873015873015872,1,2403,3,-0.8799999999999999,232,4.413793103448276,25.77777777777778,0.16810344827586207,0.23706896551724138,0.19827586206896552,1,0.16773333333333335,0.6723497278906718,FP,LogisticRegression_B_undersampled
a2662e2e311362640ebda60563d1917b,29376835,0,0.013333333333333334,1,143,5,1.1,137,4.62043795620438,27.4,0.21897810218978103,0.25547445255474455,0.10218978102189781,0,-0.042059999999999986,0.45813423574031054,TN,LogisticRegression_B_undersampled
810df25c97d5a2f246d64b817942f7c0,25334576,0,0.01892744479495268,3,246,4,0.10000000000000009,280,4.292857142857143,16.470588235294116,0.21428571428571427,0.21785714285714286,0.16785714285714284,0,0.07068823529411764,0.4794977789641161,TN,LogisticRegression_B_undersampled
d14808c4efef8219254b38bff051ce15,2262521,1,0.020833333333333332,8,2539,2,-1.56,70,3.742857142857143,14.0,0.21428571428571427,0.24285714285714285,0.12857142857142856,0,0.1572,0.4684086492047925,FN,LogisticRegression_B_undersampled
ea540bc465af52a949ad3745d92ad0c8,25334576,0,0.0010515247108307045,2,725,4,0.10000000000000009,40,3.325,20.0,0.15,0.225,0.15,0,0.29675,0.3847249584760633,TN,LogisticRegression_B_undersampled
8a996333a40ff3746bfe011fc352ea40,82346,0,0.002967359050445104,1,3005,1,-2.4,331,4.652567975830816,27.583333333333332,0.1661631419939577,0.2628398791540785,0.1510574018126888,1,0.233425,0.7433616302672389,FP,LogisticRegression_B_undersampled
32d86c2f42e29726aa68f539e9ac6f08,2547,1,0.05422647527910686,9,619,3,-1.2300000000000004,325,4.366153846153846,14.130434782608695,0.18769230769230769,0.20307692307692307,0.1753846153846154,1,0.2103130434782609,0.6373046789713094,TP,LogisticRegression_B_undersampled
76958151508987d7a03db076aaa84e0f,535734,1,0.23636363636363636,9,1202,3,-0.94,494,4.419028340080971,16.466666666666665,0.17408906882591094,0.2591093117408907,0.14979757085020243,1,0.04763,0.7590334465519952,TP,LogisticRegression_B_undersampled
aa3c1309e32c50ef5153ea5bf64efe34,63114,0,0.01020408163265306,55,1713,3,-1.5300000000000002,81,5.0,20.25,0.19753086419753085,0.2222222222222222,0.2716049382716049,0,0.19965,0.6349924376237209,FP,LogisticRegression_B_undersampled
b66f38fb88d9c8c7b1319b9db0ddcaf3,61049,0,0.009345794392523364,6,2639,4,-0.3200000000000003,32,4.8125,10.666666666666666,0.21875,0.375,0.15625,0,0.44573333333333337,0.41393919436457816,TN,LogisticRegression_B_undersampled
97a980c87e1929aca7f5ab449bbec77f,82346,1,0.03857566765578635,9,57,2,-1.4,68,4.117647058823529,13.6,0.23529411764705882,0.19117647058823528,0.1323529411764706,0,0.11668,0.35761608904850983,FN,LogisticRegression_B_undersampled
f8fa4d472a0ae6270dfb6a00fcdc6825,430788,1,0.025157232704402517,1,2706,5,0.9199999999999999,208,4.639423076923077,18.90909090909091,0.1971153846153846,0.2403846153846154,0.16346153846153846,1,0.24637272727272724,0.6457469744625167,TP,LogisticRegression_B_undersampled
72aedb3946cccf9bd9714ce2ad459dd1,29376835,0,0.008888888888888889,1,349,4,0.10000000000000009,29,3.4482758620689653,9.666666666666666,0.1724137931034483,0.1724137931034483,0.13793103448275862,0,0.19063333333333332,0.3328395621984461,TN,LogisticRegression_B_undersampled
f391fd433565265d01fae96761cf51c8,25334576,0,0.0010515247108307045,1,208,3,-0.8999999999999999,78,4.217948717948718,19.5,0.1794871794871795,0.24358974358974358,0.21794871794871795,1,-0.2624,0.5022460737328067,FP,LogisticRegression_B_undersampled
f0f8e2227d3b4364bac87fd993f383d8,34023590,0,0.002207505518763797,1,657,1,-2.53,698,4.2793696275071635,12.690909090909091,0.20630372492836677,0.2177650429799427,0.18051575931232092,1,-0.12109818181818181,0.7780494942479765,FP,LogisticRegression_B_undersampled
5f0a57e38978a9efa3f4d20ada709860,75504,0,0.01639344262295082,3,1803,5,0.7199999999999998,72,4.083333333333333,24.0,0.125,0.20833333333333334,0.20833333333333334,1,0.5015,0.5580016234573233,FP,LogisticRegression_B_undersampled
cf66739c149c3961e61b046626ba29f1,75504,1,0.04918032786885246,9,3035,4,-0.28000000000000025,101,4.227722772277228,25.25,0.21782178217821782,0.22772277227722773,0.15841584158415842,0,0.42190000000000005,0.5391566194848153,TP,LogisticRegression_B_undersampled
2ffbef3356bf9bfa24079084572ee855,17333426,0,0.01486988847583643,13,665,5,0.8799999999999999,39,4.051282051282051,9.75,0.1794871794871795,0.20512820512820512,0.3333333333333333,0,0.476325,0.3205446269672041,TN,LogisticRegression_B_undersampled
7045d6e4a34cbf40e3f9ffa4871ab4ac,430788,0,0.018867924528301886,11,102,0,-4.08,57,4.087719298245614,8.142857142857142,0.22807017543859648,0.22807017543859648,0.14035087719298245,1,0.21818571428571426,0.442465874705369,TN,LogisticRegression_B_undersampled
c196705e79697c85035a51d0c8a6cc14,2547,0,0.001594896331738437,2,1667,4,-0.23000000000000043,27,3.2962962962962963,27.0,0.2222222222222222,0.18518518518518517,0.1111111111111111,0,0.8402,0.38237682616192886,TN,LogisticRegression_B_undersampled
d9c13d6676ee055a7986f1d5c59a1f22,7044365,0,0.014705882352941176,4,2537,3,-0.6099999999999999,215,4.641860465116279,21.5,0.18604651162790697,0.33488372093023255,0.11162790697674418,0,0.06179999999999998,0.588866352132957,FP,LogisticRegression_B_undersampled
63ea460174ac20a1f6072c82aefb3a75,18295863,1,0.2894736842105263,27,1309,4,0.22999999999999998,733,4.433833560709413,17.878048780487806,0.2073669849931787,0.2605729877216917,0.12551159618008187,1,-0.006756097560975613,0.8756154226110839,TP,LogisticRegression_B_undersampled
5314e553d1e15a013e65c6020c5da93a,35606560,0,0.001597444089456869,1,21,4,-0.20999999999999996,1,6.0,1.0,0.0,0.0,1.0,0,0.5859,0.16604453660468266,TN,LogisticRegression_B_undersampled
28bb4044f34a67474da2cc68bad2283d,430788,0,0.018867924528301886,3,667,5,0.9199999999999999,23,4.695652173913044,7.666666666666667,0.13043478260869565,0.13043478260869565,0.30434782608695654,0,0.40313333333333334,0.31564014287418163,TN,LogisticRegression_B_undersampled
ac49462b0abc60aec70068aeae8291b3,406373,0,0.0024449877750611247,2,1115,3,-0.9700000000000002,5,5.2,5.0,0.4,0.2,0.0,0,0.0,0.3163784239218555,TN,LogisticRegression_B_undersampled
b912c973beb465bd7e36dc5708412ff1,197698,1,0.22058823529411764,4,955,5,0.6799999999999997,90,4.4,18.0,0.14444444444444443,0.28888888888888886,0.18888888888888888,1,-0.09520000000000003,0.5643506848774417,TP,LogisticRegression_B_undersampled
a56ba6b59eed8e3d7efb75a9ebba20ae,394424,0,0.014492753623188406,4,2070,4,-0.23000000000000043,54,4.2407407407407405,27.0,0.14814814814814814,0.2222222222222222,0.16666666666666666,0,0.42955,0.4853068074163488,TN,LogisticRegression_B_undersampled
58fa440c83a1490fed3c7b0b0fa67a3e,150253,0,0.0035211267605633804,6,596,5,0.6299999999999999,109,4.26605504587156,36.333333333333336,0.2018348623853211,0.23853211009174313,0.14678899082568808,0,-0.2593333333333333,0.5404472595315298,FP,LogisticRegression_B_undersampled
51773bbd7daaabe6956c68675c2bd400,21413663,0,0.006666666666666667,6,918,0,-3.69,93,4.0,46.5,0.1827956989247312,0.21505376344086022,0.15053763440860216,0,0.51475,0.501561975731441,FP,LogisticRegression_B_undersampled
45884df9fceffc6451534ffdc5feed94,75504,0,0.01639344262295082,3,41,5,0.7199999999999998,92,4.195652173913044,15.333333333333334,0.17391304347826086,0.2391304347826087,0.20652173913043478,0,0.2429333333333333,0.3640692477229754,TN,LogisticRegression_B_undersampled
6bf64dc9cf8368fa2a922d9d95f51120,158005,0,0.011494252873563218,28,348,5,0.9299999999999997,390,4.2846153846153845,17.727272727272727,0.17692307692307693,0.26153846153846155,0.1641025641025641,0,0.2298818181818182,0.6431084464237495,FP,LogisticRegression_B_undersampled
1d4cc20381b6dcfc1eac16be64fac09c,2262521,0,0.005208333333333333,8,1526,1,-2.56,68,4.220588235294118,22.666666666666668,0.16176470588235295,0.25,0.16176470588235295,1,-0.5605666666666667,0.6376286043140518,FP,LogisticRegression_B_undersampled
c1540e4e94ec947a1b6d6ba4a8b15b7f,25334576,0,0.005257623554153523,1,322,5,1.1,140,4.3428571428571425,14.0,0.17857142857142858,0.2571428571428571,0.17857142857142858,0,-0.12843,0.4206266456809775,TN,LogisticRegression_B_undersampled
1a9ee8bfcb96dffc0a78bfa62fad7b9c,8665327,1,0.039603960396039604,3,74,5,0.41999999999999993,49,4.428571428571429,9.8,0.22448979591836735,0.3673469387755102,0.10204081632653061,0,0.23442,0.3340139501393869,FN,LogisticRegression_B_undersampled
71c6a56b2d43e83b95a165dd3e9c667b,17726051,1,0.03529411764705882,2,1245,3,-0.16999999999999993,60,4.066666666666666,15.0,0.13333333333333333,0.25,0.31666666666666665,0,0.2572,0.3539238639878658,FN,LogisticRegression_B_undersampled
dae78a7305a3a97fe79e229e5f63aebe,9639765,1,0.02564102564102564,11,1996,0,-4.05,1061,4.651272384542884,27.92105263157895,0.16211121583411875,0.2695570216776626,0.14891611687087652,1,0.028671052631578944,0.9414410609866087,TP,LogisticRegression_B_undersampled
9a611cc71655af79ed0dea20bf4b0d86,768496,0,0.007575757575757576,1,1611,5,0.9000000000000004,49,4.204081632653061,9.8,0.1836734693877551,0.1836734693877551,0.16326530612244897,0,0.18942,0.39502805712278716,TN,LogisticRegression_B_undersampled
835cffb858bdef9de3cc3215ddd18415,25334576,0,0.002103049421661409,22,571,5,1.1,17,4.117647058823529,17.0,0.058823529411764705,0.35294117647058826,0.11764705882352941,0,0.5719,0.45169109265602303,TN,LogisticRegression_B_undersampled
dbf0be6a5e4f9a796a9ba2ff5c314fa5,25334576,0,0.011566771819137749,2,575,2,-1.9,136,4.220588235294118,17.0,0.19852941176470587,0.23529411764705882,0.16911764705882354,1,0.261075,0.5008773490410877,FP,LogisticRegression_B_undersampled
2765725c4f615ef30bf57356ca1dc5b7,752868,0,0.010752688172043012,6,2554,2,-1.48,24,4.041666666666667,8.0,0.20833333333333334,0.125,0.125,0,0.1831,0.42538136566546886,TN,LogisticRegression_B_undersampled
f07dd3786d46ccff7412fa01d5a2164c,16241798,1,0.12857142857142856,16,1683,5,0.8600000000000003,501,4.544910179640719,25.05,0.17365269461077845,0.249500998003992,0.20758483033932135,1,0.30863,0.7920248222104053,TP,LogisticRegression_B_undersampled
82e3615105184f553672abe1efd6ab94,21413663,0,0.013333333333333334,3,1218,1,-2.69,131,4.534351145038168,13.1,0.16793893129770993,0.2748091603053435,0.17557251908396945,0,0.06798,0.4449764186680121,TN,LogisticRegression_B_undersampled
0d0c62cf5d8ce73ee15a1f1162b16d9a,2262521,1,0.041666666666666664,5,1236,4,0.43999999999999995,508,4.765748031496063,26.736842105263158,0.1437007874015748,0.297244094488189,0.17125984251968504,0,0.3071315789473685,0.6838823331861476,TP,LogisticRegression_B_undersampled
43de5e2e2ec0a94462ef0268a461bcba,45974,1,0.029689608636977057,33,2568,5,0.5,754,4.334217506631299,23.5625,0.1896551724137931,0.23607427055702918,0.14058355437665782,1,0.015199999999999998,0.922709705073552,TP,LogisticRegression_B_undersampled
45c02fc807b412cbb375517ec37a9352,34023590,0,0.002207505518763797,1,147,2,-1.5299999999999998,147,4.156462585034014,13.363636363636363,0.21768707482993196,0.19047619047619047,0.1564625850340136,0,-0.11969090909090911,0.39815856584157444,TN,LogisticRegression_B_undersampled
db5e8a004cad081858e814fc68302ab4,17333426,0,0.01858736059479554,7,610,4,-0.1200000000000001,57,4.0,19.0,0.2631578947368421,0.22807017543859648,0.15789473684210525,0,0.37756666666666666,0.3561493631648656,TN,LogisticRegression_B_undersampled
7a1014ae7e4550ac2b96dd26432996f6,2547,0,0.004784688995215311,5,1098,4,-0.23000000000000043,263,4.61596958174905,26.3,0.19011406844106463,0.21673003802281368,0.17490494296577946,1,0.23459,0.6513098742097874,FP,LogisticRegression_B_undersampled
82e3900ad9b46be2f0c63618002df526,29376835,1,0.37333333333333335,1,401,4,0.10000000000000009,522,4.222222222222222,16.3125,0.18199233716475097,0.24329501915708812,0.12835249042145594,1,-0.04820937500000001,0.7263419817263468,TP,LogisticRegression_B_undersampled
a508d310d60ec62f7d18ee36d03c719e,2547,0,0.001594896331738437,1,650,4,-0.23000000000000043,26,4.346153846153846,26.0,0.11538461538461539,0.15384615384615385,0.23076923076923078,0,0.7769,0.36228406154613557,TN,LogisticRegression_B_undersampled
6912388623fb18c5b62b70dfc7e5c1a1,292,0,0.013513513513513514,3,1155,4,-0.08999999999999986,31,4.290322580645161,7.75,0.22580645161290322,0.22580645161290322,0.16129032258064516,0,0.3538,0.33325296045004066,TN,LogisticRegression_B_undersampled
fae0105d830d902704ca00eb4840ac93,394424,0,0.007246376811594203,1,3762,5,0.7699999999999996,20,4.05,20.0,0.2,0.3,0.15,0,0.0,0.5213761598437441,FP,LogisticRegression_B_undersampled
684b974bbdfd7f6fe7d0e2474f313fc5,215686,1,0.5737704918032787,10,149,5,0.9400000000000004,237,4.6118143459915615,26.333333333333332,0.18565400843881857,0.2320675105485232,0.16455696202531644,1,-0.19403333333333336,0.6539865898094717,TP,LogisticRegression_B_undersampled
4c84abc831a909c82a80db4a2f314359,45974,1,0.07017543859649122,10,1076,5,0.5,235,4.421276595744681,29.375,0.19148936170212766,0.23829787234042554,0.1148936170212766,1,-0.1247125,0.7109649281590268,TP,LogisticRegression_B_undersampled
69e04006dda8fa84a7d5f9d076cbd32f,18674286,1,0.5098039215686274,23,1379,4,0.16000000000000014,739,4.571041948579161,18.024390243902438,0.18403247631935046,0.2219215155615697,0.15696887686062247,1,0.19002926829268293,0.8665265903408502,TP,LogisticRegression_B_undersampled
0aeee99c0caacc1dd1b6d756ecbacbd5,61049,0,0.009345794392523364,2,346,4,-0.3200000000000003,204,4.294117647058823,13.6,0.1715686274509804,0.21568627450980393,0.19117647058823528,0,0.20655333333333334,0.4386686630477724,TN,LogisticRegression_B_undersampled
c023ce760868d41838ea871d88daa258,14706,0,0.010256410256410256,7,1299,4,0.06999999999999984,491,4.564154786150713,24.55,0.164969450101833,0.2240325865580448,0.18533604887983707,1,0.38964,0.7504361844014401,FP,LogisticRegression_B_undersampled
320e4860a4524361cd673d7ce55e09ac,24407,0,0.015873015873015872,8,2865,5,0.9100000000000001,76,4.421052631578948,19.0,0.13157894736842105,0.3157894736842105,0.14473684210526316,0,0.36315,0.5308510406592848,FP,LogisticRegression_B_undersampled
ee28e9765ba2d8a8b98efa35b140c676,12384,1,0.09090909090909091,28,1571,4,0.08999999999999986,37,4.837837837837838,18.5,0.21621621621621623,0.21621621621621623,0.16216216216216217,0,0.35015,0.4902646061593732,FN,LogisticRegression_B_undersampled
11471decb66d6cb9fd2ba1fc32e48a2a,9639765,0,0.008547008547008548,6,2135,5,0.9500000000000002,4,4.5,4.0,0.5,0.25,0.25,0,0.0,0.25773918795266204,TN,LogisticRegression_B_undersampled
315731fd0275ec8bb7fe701c2b66364e,24874364,1,0.0273972602739726,4,865,4,0.06999999999999984,15,3.3333333333333335,7.5,0.13333333333333333,0.26666666666666666,0.26666666666666666,0,-0.34505,0.37352595804043237,FN,LogisticRegression_B_undersampled
9ec7c66bc214188f5034084cc03f3b44,150253,1,0.06690140845070422,8,709,5,0.6299999999999999,56,4.785714285714286,14.0,0.125,0.23214285714285715,0.23214285714285715,1,0.0,0.5315849323253158,TP,LogisticRegression_B_undersampled
2484f097052e0d4719c3199b70e57cd1,2547,0,0.003189792663476874,6,237,2,-2.2300000000000004,54,4.481481481481482,18.0,0.18518518518518517,0.2037037037037037,0.18518518518518517,1,-0.05473333333333333,0.5050989857058639,FP,LogisticRegression_B_undersampled
59e720b06fbb5a1e8ccfcca9c833e90a,16241798,0,0.014285714285714285,6,720,5,0.8600000000000003,243,3.9917695473251027,17.357142857142858,0.17695473251028807,0.20164609053497942,0.18106995884773663,0,0.05339285714285714,0.5139500857327396,FP,LogisticRegression_B_undersampled
39f1687f1f4871817b195d8f86635905,78249,1,0.021052631578947368,13,3060,4,0.20999999999999996,148,4.175675675675675,8.705882352941176,0.16891891891891891,0.27702702702702703,0.16891891891891891,0,0.07869411764705883,0.5566893388390938,TP,LogisticRegression_B_undersampled
4858e0ab9c5ca81067f367eb6ea95127,2547,0,0.003189792663476874,1,905,4,-0.23000000000000043,14,4.714285714285714,4.666666666666667,0.21428571428571427,0.07142857142857142,0.35714285714285715,0,0.0,0.2995487761327288,TN,LogisticRegression_B_undersampled
e686ed233dc9aea0c1b3c545f1bfa1b2,29376835,0,0.0044444444444444444,9,95,1,-2.9,19,2.6842105263157894,6.333333333333333,0.2631578947368421,0.15789473684210525,0.21052631578947367,0,0.0,0.2917602621977648,TN,LogisticRegression_B_undersampled
ee31def006e856bf2fe300d59c42219c,35606560,0,0.001597444089456869,10,16,2,-2.21,49,3.7755102040816326,16.333333333333332,0.14285714285714285,0.1836734693877551,0.20408163265306123,0,0.15086666666666668,0.3919819938221813,TN,LogisticRegression_B_undersampled
501a61f270388fbbc8095b7a9843a6f3,29425278,1,0.3870967741935484,15,560,4,-0.3600000000000003,210,4.90952380952381,21.0,0.1523809523809524,0.29523809523809524,0.1619047619047619,1,0.26963,0.6365485430635837,TP,LogisticRegression_B_undersampled
5f044ec72c3f7b8c83a77206b9162eaa,430788,0,0.018867924528301886,15,1281,4,-0.08000000000000007,111,4.54054054054054,22.2,0.11711711711711711,0.25225225225225223,0.1981981981981982,1,0.23234,0.62250525405958,FP,LogisticRegression_B_undersampled
b3775dea2a4036dff72713847b43f810,2262521,0,0.010416666666666666,15,1371,3,-0.56,78,4.730769230769231,26.0,0.16666666666666666,0.2948717948717949,0.15384615384615385,0,0.21963333333333335,0.5047189439420138,FP,LogisticRegression_B_undersampled
8a11715e24008b1504eba5c48f1062f0,34023590,0,0.002207505518763797,1,152,2,-1.5299999999999998,17,3.588235294117647,5.666666666666667,0.29411764705882354,0.29411764705882354,0.23529411764705882,0,-0.03793333333333332,0.24516382945682097,TN,LogisticRegression_B_undersampled
71154b49c91d20727749453bcab105fb,48987,0,0.01606425702811245,1,641,1,-2.67,104,4.221153846153846,8.0,0.18269230769230768,0.20192307692307693,0.18269230769230768,1,0.15845384615384614,0.4601473766705797,TN,LogisticRegression_B_undersampled
2c2a090de176ea3771b1b818d3409c5b,158005,0,0.011494252873563218,1,443,4,-0.07000000000000028,208,4.375,23.11111111111111,0.19230769230769232,0.23076923076923078,0.21153846153846154,0,0.3056444444444445,0.44487143285823777,TN,LogisticRegression_B_undersampled
fc66895f0d41e523280302b2fc50da00,24407,1,0.031746031746031744,1,3133,2,-2.09,118,4.0423728813559325,29.5,0.211864406779661,0.1694915254237288,0.2033898305084746,1,0.36545,0.6277336597865759,TP,LogisticRegression_B_undersampled
908d162daf7d2c0d343bf57c34565ba7,2547,0,0.001594896331738437,3,302,5,0.7699999999999996,9,3.6666666666666665,9.0,0.2222222222222222,0.1111111111111111,0.3333333333333333,0,0.4019,0.25459443402699156,TN,LogisticRegression_B_undersampled
1d4ea92ec0b2f220b398fe46a3d76529,16128045,1,0.046875,1,1548,4,-0.41999999999999993,293,4.064846416382252,20.928571428571427,0.22525597269624573,0.23890784982935154,0.09556313993174062,0,0.44749999999999995,0.5429026932353821,TP,LogisticRegression_B_undersampled
91aeb0b06645d31c375c87ba8dccb118,752868,0,0.010752688172043012,33,1669,3,-0.48,17,4.529411764705882,8.5,0.23529411764705882,0.23529411764705882,0.23529411764705882,0,-0.023399999999999976,0.4579448379821269,TN,LogisticRegression_B_undersampled
b79fea4381e316cafc2c80977f98fb29,34023590,0,0.008830022075055188,1,210,5,1.4700000000000002,142,4.28169014084507,28.4,0.1619718309859155,0.2323943661971831,0.1619718309859155,1,0.07051999999999999,0.5528340997015994,FP,LogisticRegression_B_undersampled
d623e12355c0598fc20389d23bd35eab,9639765,0,0.008547008547008548,3,1721,5,0.9500000000000002,35,4.4,8.75,0.17142857142857143,0.34285714285714286,0.17142857142857143,0,0.20025,0.38834906381549333,TN,LogisticRegression_B_undersampled
2961ca0bcb48bdbffff05a2641d5233d,45974,0,0.001349527665317139,1,327,0,-4.5,138,5.1231884057971016,17.25,0.10144927536231885,0.30434782608695654,0.15942028985507245,0,0.0777,0.474487730449719,TN,LogisticRegression_B_undersampled
a268ce4dd02313bc0f9ba81b54edd47b,25334576,0,0.0010515247108307045,3,709,5,1.1,41,4.2439024390243905,10.25,0.21951219512195122,0.2682926829268293,0.14634146341463414,0,0.186525,0.3415161206442703,TN,LogisticRegression_B_undersampled
a86e3870640ba9a0c4c8763af9f8d118,2262521,0,0.015625,5,1043,3,-0.56,69,4.144927536231884,13.8,0.2753623188405797,0.13043478260869565,0.2753623188405797,0,0.4863799999999999,0.30636098420240626,TN,LogisticRegression_B_undersampled
aa3b31037051203947652f4b12b73190,35606560,0,0.01597444089456869,21,26,4,-0.20999999999999996,87,3.5172413793103448,43.5,0.26436781609195403,0.22988505747126436,0.08045977011494253,0,-0.06375,0.54787356557164,FP,LogisticRegression_B_undersampled
3936982fd6962f05547bca65518d0932,61049,1,0.04672897196261682,21,468,0,-4.32,52,4.423076923076923,13.0,0.15384615384615385,0.2692307692307692,0.19230769230769232,0,0.37644999999999995,0.4237612862773167,FN,LogisticRegression_B_undersampled
4f203df50d06c9b2fdadff3947daaa7c,394424,0,0.007246376811594203,1,861,4,-0.23000000000000043,43,4.046511627906977,14.333333333333334,0.23255813953488372,0.16279069767441862,0.23255813953488372,0,0.41536666666666666,0.32015348896418316,TN,LogisticRegression_B_undersampled
fe7d7c46f6fba3a2cad6113491fe298b,24407,0,0.015873015873015872,8,3756,5,0.9100000000000001,42,5.119047619047619,14.0,0.21428571428571427,0.2619047619047619,0.21428571428571427,0,0.4075333333333333,0.48255374417801394,TN,LogisticRegression_B_undersampled
7e9dd9321a960569feaba31e48484b15,24874364,0,0.0136986301369863,2,900,4,0.06999999999999984,102,4.46078431372549,17.0,0.22549019607843138,0.2549019607843137,0.13725490196078433,0,-0.3191833333333333,0.4525200118179342,TN,LogisticRegression_B_undersampled
d2d49c9c8124cdb671ea53d399372efc,9583799,0,0.007936507936507936,1,885,4,0.1200000000000001,31,4.451612903225806,7.75,0.1935483870967742,0.1935483870967742,0.2903225806451613,0,0.4101,0.29052126785582316,TN,LogisticRegression_B_undersampled
23c1880a37efb843c4cc78b067abb81a,9583799,0,0.007936507936507936,2,1031,5,1.12,185,4.351351351351352,13.214285714285714,0.16756756756756758,0.1945945945945946,0.21081081081081082,1,0.30988571428571426,0.5331387994823464,FP,LogisticRegression_B_undersampled
b2e3d867126867aba2b147acc54a8cb5,14706,0,0.015384615384615385,30,3350,4,0.06999999999999984,52,4.096153846153846,17.333333333333332,0.21153846153846154,0.19230769230769232,0.15384615384615385,0,0.03779999999999998,0.6103762694049246,FP,LogisticRegression_B_undersampled
bdd61f6d2afa8519f477c6d6d2fd5ea1,61049,0,0.009345794392523364,30,3701,5,0.6799999999999997,30,4.266666666666667,15.0,0.13333333333333333,0.3,0.2,0,0.31195,0.6048140497331941,FP,LogisticRegression_B_undersampled
d53d88262cd263a074f4b376c4d19752,9639765,1,0.09401709401709402,52,139,5,0.9500000000000002,63,4.142857142857143,15.75,0.2222222222222222,0.20634920634920634,0.12698412698412698,1,0.45765,0.6115575725515231,TP,LogisticRegression_B_undersampled
93276ca526e916f8ee9d935067cdc57e,78249,0,0.010526315789473684,1,3085,0,-3.79,119,4.142857142857143,14.875,0.14285714285714285,0.2184873949579832,0.24369747899159663,0,0.3290625,0.4910168156546023,TN,LogisticRegression_B_undersampled
1cfe768e885839250b162a926f97f935,35606560,0,0.004792332268370607,3,112,3,-1.21,83,4.349397590361446,20.75,0.2289156626506024,0.1686746987951807,0.18072289156626506,1,-0.07977500000000001,0.4975182223953996,TN,LogisticRegression_B_undersampled
c8af267a7ca647523bf6114a18407592,9583799,0,0.007936507936507936,1,300,4,0.1200000000000001,269,4.5427509293680295,19.214285714285715,0.13011152416356878,0.31226765799256506,0.13011152416356878,1,0.054828571428571435,0.621515920434779,FP,LogisticRegression_B_undersampled
71c4e966633a2ef2b127f493244f9e55,35606560,0,0.001597444089456869,2,28,5,0.79,28,3.607142857142857,14.0,0.2857142857142857,0.10714285714285714,0.2857142857142857,0,0.28435,0.2607170045314132,TN,LogisticRegression_B_undersampled
7ef5c1f1de5130c20c30fd068ad7dcbf,34023590,0,0.01545253863134658,1,148,1,-2.53,97,3.9587628865979383,9.7,0.21649484536082475,0.21649484536082475,0.16494845360824742,1,0.04978,0.4337341743906504,TN,LogisticRegression_B_undersampled
01835a2c41424e6e7d614cc30a5edb47,30312512,1,0.48717948717948717,7,130,3,-0.8599999999999999,26,3.076923076923077,13.0,0.23076923076923078,0.15384615384615385,0.19230769230769232,0,0.18765,0.3139311094491672,FN,LogisticRegression_B_undersampled
00c233d9f74e08ef646a4178fef8cfbd,17333426,1,0.1412639405204461,7,635,4,-0.1200000000000001,75,4.173333333333333,25.0,0.13333333333333333,0.29333333333333333,0.17333333333333334,0,0.5427,0.4217615369145394,FN,LogisticRegression_B_undersampled
0e102ecb20bd9be0a93546716de6ca15,2547,0,0.001594896331738437,1,3909,5,0.7699999999999996,30,4.7,15.0,0.16666666666666666,0.26666666666666666,0.06666666666666667,0,0.3753,0.5271480073770672,FP,LogisticRegression_B_undersampled
72ccfc0dadd4e74683b6287ef3baa729,367802,1,0.4876847290640394,43,1513,4,-0.20000000000000018,181,3.9005524861878453,20.11111111111111,0.10497237569060773,0.3370165745856354,0.08839779005524862,0,-0.2866222222222222,0.7334754470182818,TP,LogisticRegression_B_undersampled
825939bbfc08504eecddda25a4bc4822,406373,0,0.0024449877750611247,28,3244,5,1.0299999999999998,455,4.881318681318682,28.4375,0.1912087912087912,0.2703296703296703,0.14505494505494507,1,0.008499999999999994,0.8703050641040233,FP,LogisticRegression_B_undersampled
6967130394b01e6baad698c6a3bc2d0b,45974,0,0.005398110661268556,4,1575,0,-4.5,243,4.962962962962963,20.25,0.20164609053497942,0.2139917695473251,0.2345679012345679,0,-0.07734166666666666,0.5620695720631259,FP,LogisticRegression_B_undersampled
db507f5155ee064fd22cc5a0fb60173d,25334576,0,0.010515247108307046,5,762,5,1.1,611,4.356792144026187,18.515151515151516,0.1718494271685761,0.24222585924713586,0.176759410801964,1,-0.026142424242424248,0.7832828252653041,FP,LogisticRegression_B_undersampled
f137250be17d77058a13f3f6ddbf8eda,158005,1,0.39080459770114945,1,2546,4,-0.07000000000000028,205,4.697560975609756,17.083333333333332,0.11219512195121951,0.2926829268292683,0.2146341463414634,0,0.3543416666666667,0.5461819039478847,TP,LogisticRegression_B_undersampled
a0ff484e9df9f8478b3a2cbbde89bd4b,406373,0,0.012224938875305624,4,1329,4,0.029999999999999805,274,4.2153284671532845,18.266666666666666,0.1897810218978102,0.22992700729927007,0.19708029197080293,0,0.09909333333333334,0.5357684802043174,FP,LogisticRegression_B_undersampled
4ba5de83298c84d139a3cfb0fd48c2bf,48987,0,0.004016064257028112,1,250,1,-2.67,200,4.44,18.181818181818183,0.21,0.24,0.165,1,0.05142727272727272,0.5345601830689437,FP,LogisticRegression_B_undersampled
583cc301cd92178bfdfb403139a79c76,9639765,0,0.008547008547008548,2,440,4,-0.04999999999999982,24,3.75,12.0,0.16666666666666666,0.20833333333333334,0.125,1,0.42955,0.426795026866533,TN,LogisticRegression_B_undersampled
f83bcbdb2d5612fb71c9af50029d4bf6,25334576,0,0.008412197686645636,1,488,4,0.10000000000000009,16,4.3125,16.0,0.125,0.25,0.125,0,-0.5606,0.45094171905512936,TN,LogisticRegression_B_undersampled
46ca61db85db926d0d3ef4d5d114d2e9,2262521,0,0.005208333333333333,2,1067,1,-2.56,49,3.63265306122449,16.333333333333332,0.2653061224489796,0.12244897959183673,0.24489795918367346,0,0.13303333333333334,0.3348637894341957,TN,LogisticRegression_B_undersampled
1a70220c603e50e7cdabfcf1ac16c8e1,752868,1,0.053763440860215055,7,405,2,-1.48,129,4.837209302325581,21.5,0.16279069767441862,0.17054263565891473,0.2558139534883721,0,-0.19856666666666659,0.4623346299602928,FN,LogisticRegression_B_undersampled
688ce81996d9386465fc984e66fd1a6e,78249,1,0.05263157894736842,7,575,4,0.20999999999999996,541,4.251386321626617,23.52173913043478,0.1866913123844732,0.22365988909426987,0.18114602587800369,1,0.10264347826086957,0.7527688454452551,TP,LogisticRegression_B_undersampled
2799531b4137a3967e7e84a8e9a8c3b5,25334576,0,0.0010515247108307045,3,615,4,0.10000000000000009,23,4.565217391304348,4.6,0.21739130434782608,0.13043478260869565,0.21739130434782608,0,-0.16576,0.3352330234561937,TN,LogisticRegression_B_undersampled
75a2e3c0eb122ff89707218578adce6f,17333426,0,0.007434944237918215,1,837,2,-2.12,40,3.875,10.0,0.275,0.25,0.225,0,0.35272499999999996,0.2871175193676643,TN,LogisticRegression_B_undersampled
c00ee1ea3cc065febfa1f8c3282756a5,21413663,1,0.13333333333333333,95,1257,5,1.31,411,4.576642335766423,27.4,0.13138686131386862,0.22141119221411193,0.2360097323600973,0,0.3518733333333334,0.8703496606123191,TP,LogisticRegression_B_undersampled
9bd6efaf023fc480843e0f1670d9940e,17333426,0,0.007434944237918215,1,1098,4,-0.1200000000000001,80,3.925,13.333333333333334,0.2125,0.2,0.2,0,0.54805,0.3436398615400941,TN,LogisticRegression_B_undersampled
c7ce311472a802b18949b3612b491e17,48987,1,0.0321285140562249,5,1457,2,-1.67,49,3.816326530612245,12.25,0.1836734693877551,0.30612244897959184,0.12244897959183673,0,-0.028675000000000006,0.42349733681096946,FN,LogisticRegression_B_undersampled
2eab9973ea726cf9d297541149b14820,2547,0,0.004784688995215311,9,406,1,-3.2300000000000004,127,4.6299212598425195,25.4,0.1732283464566929,0.1889763779527559,0.2125984251968504,0,-0.00023999999999999578,0.4875563585657415,TN,LogisticRegression_B_undersampled
b8f8ec9a572e25cf1827b035eb5cbef9,82346,0,0.01483679525222552,5,91,3,-0.3999999999999999,273,4.476190476190476,22.75,0.12087912087912088,0.23443223443223443,0.1978021978021978,1,0.33821666666666667,0.5941722113685404,FP,LogisticRegression_B_undersampled
60739f443e417aa98697cd921e7ba6d2,82356,0,0.0041841004184100415,5,91,3,-0.73,212,4.65566037735849,21.2,0.18867924528301888,0.24056603773584906,0.16981132075471697,1,0.15872999999999998,0.5603072571110772,FP,LogisticRegression_B_undersampled
0ba06bb867e191494e5958a67d49ab22,2547,0,0.006379585326953748,5,358,4,-0.23000000000000043,275,4.294545454545455,19.642857142857142,0.18545454545454546,0.23272727272727273,0.13090909090909092,1,0.1432642857142857,0.6216887264882075,FP,LogisticRegression_B_undersampled
986c1906e5f9e552a81de1266cf28563,29376835,0,0.017777777777777778,27,324,5,1.1,3,4.0,3.0,0.3333333333333333,0.3333333333333333,0.0,0,0.0,0.36801673775469196,TN,LogisticRegression_B_undersampled
9b891879d1f2d17861934ce2e0597a66,25334576,0,0.002103049421661409,2,805,5,1.1,21,4.0476190476190474,4.2,0.23809523809523808,0.23809523809523808,0.23809523809523808,0,0.015599999999999992,0.2969230595410907,TN,LogisticRegression_B_undersampled
37a76f65f4fbe20b34a6604534343dd1,61049,0,0.018691588785046728,16,1250,3,-1.3200000000000003,87,4.206896551724138,10.875,0.14942528735632185,0.28735632183908044,0.19540229885057472,1,0.005687499999999998,0.580768123846015,FP,LogisticRegression_B_undersampled
f36de9397ee5960b908e73b7be7fd991,2547,0,0.003189792663476874,1,1255,5,0.7699999999999996,36,3.861111111111111,12.0,0.19444444444444445,0.2777777777777778,0.2222222222222222,0,0.2698,0.3465247234223984,TN,LogisticRegression_B_undersampled
ab235f0c69b00137485e0375d1ef2b23,25334576,1,0.17139852786540483,3,727,3,-0.8999999999999999,828,4.734299516908212,24.352941176470587,0.16666666666666666,0.28140096618357485,0.16183574879227053,1,-0.12230882352941175,0.8675013262172111,TP,LogisticRegression_B_undersampled
f8add6765583e988e05ff256549a66e0,9639765,0,0.008547008547008548,8,2084,4,-0.04999999999999982,58,4.5344827586206895,9.666666666666666,0.1724137931034483,0.3103448275862069,0.1896551724137931,0,-0.055999999999999994,0.46137126175234366,TN,LogisticRegression_B_undersampled
056e3333159ddd275410239119e1070d,17333426,0,0.007434944237918215,1,511,4,-0.1200000000000001,49,4.551020408163265,8.166666666666666,0.22448979591836735,0.30612244897959184,0.16326530612244897,1,0.3416666666666666,0.40023478943761504,TN,LogisticRegression_B_undersampled
91399a4bdc2ab58084ae3ed35da60668,45974,0,0.002699055330634278,1,1035,5,0.5,30,4.533333333333333,10.0,0.2,0.2,0.13333333333333333,0,0.3736,0.357194621796989,TN,LogisticRegression_B_undersampled
9bde68bf12975187b3cc02dbba54b7c4,29376835,0,0.017777777777777778,1,280,5,1.1,36,3.8055555555555554,12.0,0.1111111111111111,0.25,0.05555555555555555,0,0.1628333333333333,0.389878552267823,TN,LogisticRegression_B_undersampled
03a4d738e1586b329b7a8ec032a6fea7,158005,0,0.011494252873563218,1,3280,4,-0.07000000000000028,32,3.40625,10.666666666666666,0.25,0.1875,0.125,0,-0.15956666666666666,0.46963990081408596,TN,LogisticRegression_B_undersampled
a6b805c645ff6cabbd7fa3fbb73ea014,406373,0,0.017114914425427872,3,572,0,-3.97,6,4.833333333333333,6.0,0.16666666666666666,0.16666666666666666,0.16666666666666666,1,0.0,0.44832005142153913,TN,LogisticRegression_B_undersampled
8b7623baac64b4002dfeaeae740e868f,16241798,1,0.21428571428571427,57,287,4,-0.13999999999999968,113,4.814159292035399,14.125,0.19469026548672566,0.30973451327433627,0.12389380530973451,0,0.2177125,0.5995543279433482,TP,LogisticRegression_B_undersampled
1cdfc469ec6c2f44a63a9d41ddcfdfc9,2547,0,0.003189792663476874,5,1419,5,0.7699999999999996,58,4.741379310344827,19.333333333333332,0.1724137931034483,0.3793103448275862,0.06896551724137931,0,0.5565666666666668,0.43259745234160357,TN,LogisticRegression_B_undersampled
6af28dc44c1c0416396240bfef083884,35606560,1,0.1645367412140575,25,102,4,-0.20999999999999996,211,4.4454976303317535,13.1875,0.2037914691943128,0.24644549763033174,0.16587677725118483,0,0.338625,0.49398852885886047,FN,LogisticRegression_B_undersampled
2fa733a7dff0dd9930e184f46737f5b4,17333426,1,0.2899628252788104,25,437,4,-0.1200000000000001,1324,4.111782477341389,9.664233576642335,0.19486404833836857,0.23791540785498488,0.16012084592145015,1,0.0633007299270073,0.9482050961371,TP,LogisticRegression_B_undersampled
6accf4494b4ea1519175974d733d956b,792712,1,0.6097560975609756,13,1331,5,0.6799999999999997,757,4.67107001321004,20.45945945945946,0.15587846763540292,0.27344782034346105,0.16512549537648613,1,-0.06335945945945946,0.876430682296814,TP,LogisticRegression_B_undersampled
78f709454d88bbd02b0f7f89af07ef42,30312512,0,0.01282051282051282,1,361,5,1.1400000000000001,43,4.162790697674419,10.75,0.20930232558139536,0.20930232558139536,0.18604651162790697,0,0.3295,0.3072348882595935,TN,LogisticRegression_B_undersampled
7b5337fea3d90641303fb23c893e777a,48987,0,0.01606425702811245,5,70,5,1.33,168,4.571428571428571,18.666666666666668,0.18452380952380953,0.24404761904761904,0.16071428571428573,1,0.24280000000000002,0.5189889429371677,FP,LogisticRegression_B_undersampled
55fb657758065feb27cf96f34de1d4cb,34023590,0,0.002207505518763797,1,100,2,-1.5299999999999998,339,4.209439528023599,18.833333333333332,0.1976401179941003,0.23893805309734514,0.17404129793510326,1,0.3160833333333333,0.5759757945500427,FP,LogisticRegression_B_undersampled
8cf3daeac0b7264af64fc09170089bde,150253,0,0.007042253521126761,1,2505,5,0.6299999999999999,69,3.9855072463768115,23.0,0.17391304347826086,0.2028985507246377,0.17391304347826086,1,0.4937666666666667,0.566825985175928,FP,LogisticRegression_B_undersampled
ea298c3428158fb686820f28423eb320,35606560,0,0.007987220447284345,1,28,5,0.79,21,3.619047619047619,21.0,0.2857142857142857,0.23809523809523808,0.047619047619047616,1,0.3182,0.4150429180092259,TN,LogisticRegression_B_undersampled
5063c754127af7c03c110b092d0fb37d,2547,0,0.001594896331738437,1,3076,5,0.7699999999999996,15,4.266666666666667,5.0,0.2,0.26666666666666666,0.26666666666666666,0,0.311,0.37484349043270987,TN,LogisticRegression_B_undersampled
c2da8b78d1e79b4e176ea62ab927e9a6,45974,1,0.06072874493927125,5,3164,5,0.5,434,4.56221198156682,16.074074074074073,0.20506912442396313,0.2534562211981567,0.12442396313364056,1,0.05441851851851852,0.791552808037313,TP,LogisticRegression_B_undersampled
c80bdf21dda830459c9cabc66ca2f1b2,34023590,0,0.002207505518763797,1,165,1,-2.53,26,3.8076923076923075,6.5,0.2692307692307692,0.15384615384615385,0.19230769230769232,0,0.0,0.27717674548485877,TN,LogisticRegression_B_undersampled
ca423195649748372a239dd284b292d2,25334576,0,0.002103049421661409,35,352,2,-1.9,18,4.166666666666667,9.0,0.2777777777777778,0.1111111111111111,0.1111111111111111,0,-0.22455,0.46073072363125156,TN,LogisticRegression_B_undersampled
d4b8933bc526227f3808962f4c62280c,27822,0,0.012578616352201259,1,1883,3,-1.0899999999999999,13,4.076923076923077,13.0,0.0,0.15384615384615385,0.46153846153846156,0,-0.1154,0.4265874992851352,TN,LogisticRegression_B_undersampled
b8e4c5c26705f220e80da3ce5db9f8f7,2547,0,0.001594896331738437,1,1424,5,0.7699999999999996,168,4.869047619047619,18.666666666666668,0.19047619047619047,0.27976190476190477,0.18452380952380953,0,0.3331666666666667,0.4621480008207842,TN,LogisticRegression_B_undersampled
35bf5c2f79f4c1f3447dfe23b955dc13,25334576,0,0.0010515247108307045,4,728,5,1.1,330,4.163636363636364,30.0,0.23939393939393938,0.2,0.14242424242424243,0,0.24010909090909094,0.5606995002438749,FP,LogisticRegression_B_undersampled
1b1fdf2f112137632e38c8d3e8ec0d99,61049,0,0.018691588785046728,8,3707,5,0.6799999999999997,25,4.16,12.5,0.16,0.24,0.04,0,0.62995,0.5175555661908586,FP,LogisticRegression_B_undersampled
03c3d4c4840e6d90f9dbbb135267d574,17333426,0,0.0037174721189591076,1,897,4,-0.1200000000000001,112,4.098214285714286,18.666666666666668,0.20535714285714285,0.21428571428571427,0.20535714285714285,1,0.2040666666666667,0.5009427001506451,FP,LogisticRegression_B_undersampled
912bada15c08be211c5cda3beeb9960f,45974,1,0.024291497975708502,3,62,5,0.5,311,4.62379421221865,19.4375,0.1639871382636656,0.2540192926045016,0.17684887459807075,1,0.352425,0.6041425562258674,TP,LogisticRegression_B_undersampled
c577362d9b0bb53296bef2b0ba1bb4c5,82356,0,0.0041841004184100415,3,397,4,0.27,181,4.066298342541437,25.857142857142858,0.18232044198895028,0.2265193370165746,0.17679558011049723,0,0.2582285714285714,0.45404246727046516,TN,LogisticRegression_B_undersampled
3429284ce25ac0b52501f0f7f6f63b29,2262521,1,0.020833333333333332,1,2194,1,-2.56,20,4.65,20.0,0.05,0.25,0.35,0,-0.5574,0.5100039122976109,TP,LogisticRegression_B_undersampled
a4d40b8a87b2ced1b3f3e8d1c3309365,24874339,0,0.018018018018018018,7,123,3,-0.6099999999999999,48,4.145833333333333,12.0,0.2708333333333333,0.1875,0.20833333333333334,0,0.3116,0.2928584862132487,TN,LogisticRegression_B_undersampled
62becd8e095f1fa0d302bba8a3105c9e,406373,0,0.0024449877750611247,1,1031,3,-0.9700000000000002,39,3.923076923076923,9.75,0.23076923076923078,0.20512820512820512,0.1794871794871795,0,0.1127,0.34193302995042557,TN,LogisticRegression_B_undersampled
d1ed4f510b2ad8249edd134aae331c5f,35606560,1,0.06549520766773163,6,75,5,0.79,119,4.647058823529412,23.8,0.20168067226890757,0.23529411764705882,0.17647058823529413,0,0.63626,0.38257989100876194,FN,LogisticRegression_B_undersampled
96c825e91d2699592f5cca949a767be1,45974,0,0.009446693657219974,4,3458,5,0.5,45,3.4,15.0,0.17777777777777778,0.2222222222222222,0.15555555555555556,0,0.20376666666666668,0.5084048403053488,FP,LogisticRegression_B_undersampled
2fcb7f131f34b79c60542accdb80faa2,2547,0,0.001594896331738437,2,410,5,0.7699999999999996,73,4.602739726027397,8.11111111111111,0.1917808219178082,0.3698630136986301,0.0684931506849315,0,0.2722111111111112,0.36342817708650543,TN,LogisticRegression_B_undersampled
198161170055558a6c3c7dab10fc6e1e,394424,0,0.007246376811594203,1,3741,5,0.7699999999999996,52,4.384615384615385,13.0,0.17307692307692307,0.28846153846153844,0.1346153846153846,0,0.181725,0.5153407741338885,FP,LogisticRegression_B_undersampled
30a8adeeb634cefeae58d9a9e20322d8,82346,0,0.011869436201780416,1,271,3,-0.3999999999999999,165,3.896969696969697,15.0,0.24242424242424243,0.16363636363636364,0.2787878787878788,0,0.3260363636363636,0.3299087130509191,TN,LogisticRegression_B_undersampled
ff70c9dd66adcccc900edf80e6a3ed33,150253,0,0.0035211267605633804,14,2256,4,-0.3700000000000001,22,3.3636363636363638,11.0,0.22727272727272727,0.18181818181818182,0.09090909090909091,0,0.39135,0.44300218825875765,TN,LogisticRegression_B_undersampled
75c28d14267705bf0ea3b5457cd28945,45974,0,0.002699055330634278,1,484,4,-0.5,41,4.365853658536586,13.666666666666666,0.21951219512195122,0.2682926829268293,0.12195121951219512,0,-0.036666666666666674,0.37859069162543507,TN,LogisticRegression_B_undersampled
bedb9782001cd3155c4c49b5e4703f23,2547,0,0.004784688995215311,15,2911,2,-2.2300000000000004,14,3.2857142857142856,14.0,0.35714285714285715,0.07142857142857142,0.2857142857142857,0,0.0,0.410011493952144,TN,LogisticRegression_B_undersampled
e4c257260243232446266408231a8f3b,2547,0,0.009569377990430622,3,3414,0,-4.23,24,3.5833333333333335,12.0,0.16666666666666666,0.25,0.125,0,0.0,0.5104557951599941,FP,LogisticRegression_B_undersampled
f07993c329dbcc4f34687ec3a6299757,25334576,0,0.002103049421661409,3,408,4,0.10000000000000009,34,4.676470588235294,11.333333333333334,0.20588235294117646,0.20588235294117646,0.23529411764705882,0,0.4727333333333334,0.2964557251341075,TN,LogisticRegression_B_undersampled
bece43800640d77b44369f364d5e3d98,35606560,0,0.001597444089456869,4,30,5,0.79,31,5.064516129032258,10.333333333333334,0.22580645161290322,0.25806451612903225,0.06451612903225806,0,0.6426,0.3075528422481962,TN,LogisticRegression_B_undersampled
6a8f87fc758d61990c2b3361a60d834f,25176023,1,0.0425531914893617,4,651,4,-0.28000000000000025,445,4.251685393258427,34.23076923076923,0.2,0.21348314606741572,0.17303370786516853,1,0.07817692307692305,0.745843252046979,TP,LogisticRegression_B_undersampled
022674f7dd4f324643e410083eac747e,34023590,0,0.002207505518763797,2,110,3,-0.5299999999999998,70,4.142857142857143,17.5,0.2714285714285714,0.18571428571428572,0.17142857142857143,0,0.17405,0.3223293662637833,TN,LogisticRegression_B_undersampled
7ba5493bb6f389870d03c1bdc57467e7,28645638,0,0.01680672268907563,15,554,5,0.8399999999999999,25,5.36,6.25,0.12,0.24,0.4,0,0.458575,0.3233886121470506,TN,LogisticRegression_B_undersampled
bece65d8f01bd6a69682c6fe14b65024,2547,1,0.022328548644338118,12,1444,5,0.7699999999999996,59,5.237288135593221,14.75,0.15254237288135594,0.4406779661016949,0.15254237288135594,0,0.3352,0.4507111730423687,FN,LogisticRegression_B_undersampled
6c061bd3afb0d9f6ca4849429363261f,2262521,0,0.005208333333333333,5,1419,4,0.43999999999999995,23,4.391304347826087,11.5,0.17391304347826086,0.30434782608695654,0.2608695652173913,0,0.20095,0.3522020203625705,TN,LogisticRegression_B_undersampled
8f47e0ecc17e958c3cb685704f4f3a97,35606560,0,0.001597444089456869,1,11,4,-0.20999999999999996,81,4.320987654320987,16.2,0.16049382716049382,0.2716049382716049,0.13580246913580246,0,0.66156,0.33882522359015377,TN,LogisticRegression_B_undersampled
27ccf7e762a8150bf0e63ac2a14f48f8,25334576,0,0.004206098843322818,2,773,5,1.1,134,4.7611940298507465,19.142857142857142,0.15671641791044777,0.2835820895522388,0.1417910447761194,0,0.17391428571428572,0.45386007799802874,TN,LogisticRegression_B_undersampled
677b7174a0b5e5cca722be728aefdff1,25334576,0,0.0010515247108307045,3,685,2,-1.9,73,3.9315068493150687,24.333333333333332,0.2054794520547945,0.1780821917808219,0.2191780821917808,0,-0.0198,0.4150234860446048,TN,LogisticRegression_B_undersampled
3165ff38102f6e508082c8948bce6bb9,34023590,1,0.039735099337748346,9,184,2,-1.5299999999999998,43,4.0,10.75,0.16279069767441862,0.23255813953488372,0.20930232558139536,0,-0.15065,0.37382579944364885,FN,LogisticRegression_B_undersampled
ea650872296c5ed3a426c1d7f69fafb9,25334576,0,0.011566771819137749,57,285,5,1.1,496,4.211693548387097,16.533333333333335,0.19556451612903225,0.25201612903225806,0.13709677419354838,1,-0.11741000000000001,0.8513032061507012,FP,LogisticRegression_B_undersampled
67996b51c42dfa58ae546ef896117bbf,25334576,0,0.0010515247108307045,3,407,3,-0.8999999999999999,159,4.3584905660377355,14.454545454545455,0.13836477987421383,0.27672955974842767,0.13836477987421383,1,-0.1698090909090909,0.5760530004545025,FP,LogisticRegression_B_undersampled
d793295635fa1158174daed4f84620d9,17333426,0,0.01858736059479554,2,1439,2,-2.12,307,3.9153094462540716,19.1875,0.20195439739413681,0.20195439739413681,0.16612377850162866,1,0.0848375,0.6566692603918252,FP,LogisticRegression_B_undersampled
4a11063cf37573df513744903032f558,29376835,0,0.0044444444444444444,1,148,2,-1.9,42,3.9761904761904763,10.5,0.3333333333333333,0.09523809523809523,0.21428571428571427,0,0.179525,0.2642045439172589,TN,LogisticRegression_B_undersampled
9cfdf9da35005ba76bab0d6ec0a9c08b,1434,0,0.01652892561983471,1,403,5,0.9900000000000002,150,4.093333333333334,13.636363636363637,0.23333333333333334,0.17333333333333334,0.19333333333333333,1,0.1416090909090909,0.47686706915804494,TN,LogisticRegression_B_undersampled
bfcae604e5b35c4d636a3050c0f24bf9,25176023,1,0.02127659574468085,11,744,4,-0.28000000000000025,404,4.653465346534653,22.444444444444443,0.12128712871287128,0.2995049504950495,0.1782178217821782,1,0.5802944444444446,0.7052870676524557,TP,LogisticRegression_B_undersampled
255170c885abe8e716fca409c42a37b8,75504,1,0.22950819672131148,17,2769,4,-0.28000000000000025,1075,4.549767441860465,19.196428571428573,0.1386046511627907,0.293953488372093,0.12930232558139534,1,0.10893392857142858,0.9501647737993765,TP,LogisticRegression_B_undersampled
e3db5f524f962baa04ff27019d0d63ea,768496,0,0.015151515151515152,17,2950,5,0.9000000000000004,31,3.774193548387097,7.75,0.3548387096774194,0.25806451612903225,0.12903225806451613,0,-0.08810000000000001,0.447383547277122,TN,LogisticRegression_B_undersampled
881be217ac4bf2a76120a9d0e590006a,16128045,1,0.03125,3,1410,4,-0.41999999999999993,284,3.9049295774647885,28.4,0.22887323943661972,0.2112676056338028,0.11971830985915492,0,0.3847900000000001,0.5643508557127233,TP,LogisticRegression_B_undersampled
b1696333f800420e50df0dd9d9196795,45974,0,0.001349527665317139,14,3715,5,0.5,57,3.9473684210526314,19.0,0.22807017543859648,0.19298245614035087,0.17543859649122806,0,0.0172,0.5758029739949148,FP,LogisticRegression_B_undersampled
4c9581901faddcf5a282c27bfa5438d8,9583799,0,0.007936507936507936,4,2317,4,0.1200000000000001,80,4.15,13.333333333333334,0.15,0.225,0.175,1,0.23203333333333334,0.564956179199179,FP,LogisticRegression_B_undersampled
e452a939bd5bbbde05986b4df851a505,78249,0,0.010526315789473684,2,1993,4,0.20999999999999996,3,5.0,3.0,0.0,0.0,1.0,0,0.5379,0.21933468488235014,TN,LogisticRegression_B_undersampled
5b0db8b5bb67d151d44361928372b592,16128045,1,0.03125,1,1743,5,0.5800000000000001,183,4.229508196721311,14.076923076923077,0.24043715846994534,0.21311475409836064,0.15846994535519127,0,0.14009230769230768,0.47422305326385744,FN,LogisticRegression_B_undersampled
427b009aca2c0409c6d08ef318323561,35606560,0,0.001597444089456869,4,112,4,-0.20999999999999996,4,4.5,4.0,0.25,0.25,0.25,0,0.4215,0.24173860700703875,TN,LogisticRegression_B_undersampled
922e438675de8c956fc5ca78bed3f5fa,35606560,1,0.020766773162939296,17,22,4,-0.20999999999999996,175,3.8057142857142856,25.0,0.16,0.24,0.2057142857142857,0,0.25917142857142855,0.49387921166159654,FN,LogisticRegression_B_undersampled
cb28ffb5d825e766257b024fa57b10f8,31944691,1,0.13114754098360656,17,189,5,0.7000000000000002,254,4.090551181102362,21.166666666666668,0.2047244094488189,0.20078740157480315,0.12992125984251968,1,0.09176666666666668,0.6496224070819102,TP,LogisticRegression_B_undersampled
03ebeec0db9ebae1297165f00fa70266,32075857,1,0.5522388059701493,112,111,3,-0.5800000000000001,656,4.175304878048781,22.620689655172413,0.16615853658536586,0.25609756097560976,0.14329268292682926,1,0.19491724137931035,0.9472301931343129,TP,LogisticRegression_B_undersampled
7a0eed110b2133e5bc1aefe9fb36280c,9583799,1,0.3333333333333333,112,442,4,0.1200000000000001,896,4.099330357142857,16.29090909090909,0.17857142857142858,0.24441964285714285,0.14955357142857142,1,0.11900545454545455,0.967769616550738,TP,LogisticRegression_B_undersampled
87ac7bc37d8ecfc3e119b6e9de5b0e21,7428663,1,0.2833333333333333,112,940,4,-0.2999999999999998,612,4.382352941176471,13.304347826086957,0.14705882352941177,0.2581699346405229,0.16830065359477125,1,-0.009310869565217386,0.9510381662946086,TP,LogisticRegression_B_undersampled
c13dce128e83cb7e601f254b52e592c9,17333426,0,0.007434944237918215,2,1024,5,0.8799999999999999,95,4.389473684210526,11.875,0.14736842105263157,0.24210526315789474,0.17894736842105263,0,0.1721875,0.4160413043712043,TN,LogisticRegression_B_undersampled
8f5afcc8418eaf68dd047ecd20c1514a,9639765,1,0.042735042735042736,35,725,2,-2.05,36,4.527777777777778,18.0,0.2777777777777778,0.25,0.1388888888888889,0,0.68985,0.42162700940014897,FN,LogisticRegression_B_undersampled
b97e49fddac15e09cd3334f829301286,25334576,0,0.0031545741324921135,4,296,4,0.10000000000000009,5,3.0,5.0,0.2,0.2,0.2,0,-0.4767,0.3386186803375556,TN,LogisticRegression_B_undersampled
5439cfb400df77e0feec353dbe29eefa,792712,0,0.008130081300813009,3,3651,5,0.6799999999999997,25,3.76,12.5,0.16,0.2,0.2,0,0.24635,0.484962607169781,TN,LogisticRegression_B_undersampled
47b31da869576d921e7034e9538cb289,9639765,0,0.017094017094017096,1,1337,2,-2.05,59,3.9491525423728815,14.75,0.1864406779661017,0.2033898305084746,0.2542372881355932,0,0.479525,0.3498827879449583,TN,LogisticRegression_B_undersampled
dbcbc8e890b0af9c44c208433cc350a9,34023590,0,0.002207505518763797,1,267,2,-1.5299999999999998,49,4.081632653061225,16.333333333333332,0.22448979591836735,0.20408163265306123,0.16326530612244897,0,-0.13396666666666665,0.35846043561521,TN,LogisticRegression_B_undersampled
7e8c0a446feef08cccdcf466cce641af,25334576,0,0.0010515247108307045,1,383,4,0.10000000000000009,40,4.325,20.0,0.275,0.2,0.25,0,0.18255,0.3095774222424877,TN,LogisticRegression_B_undersampled
a6db05778464bf13275fbb4c2764c923,17333426,0,0.011152416356877323,3,993,5,0.8799999999999999,49,4.571428571428571,12.25,0.20408163265306123,0.22448979591836735,0.24489795918367346,1,0.731075,0.39762804513090444,TN,LogisticRegression_B_undersampled
dcdd194f5d02b32692e0295dd65e2103,29376835,1,0.035555555555555556,2,164,4,0.10000000000000009,238,4.34453781512605,17.0,0.18487394957983194,0.25630252100840334,0.1638655462184874,0,-0.01742142857142857,0.4722081630904623,FN,LogisticRegression_B_undersampled
25698a522e837a99a307d3a571bb9253,25784766,1,0.043478260869565216,2,828,5,1.37,268,4.41044776119403,22.333333333333332,0.16791044776119404,0.26119402985074625,0.14925373134328357,0,0.2755166666666667,0.5148795355003892,TP,LogisticRegression_B_undersampled
b4eb30d0b3593aae549cf9c6ff35dcbf,31944691,1,0.03278688524590164,15,117,5,0.7000000000000002,734,4.584468664850136,23.677419354838708,0.18256130790190736,0.2574931880108992,0.12397820163487738,1,-0.04649354838709677,0.8530261005242782,TP,LogisticRegression_B_undersampled
c4c80935e4e0a8fcb5670bbb30cd46c1,2547,0,0.001594896331738437,2,2959,1,-3.2300000000000004,17,4.352941176470588,17.0,0.23529411764705882,0.17647058823529413,0.23529411764705882,0,-0.1967,0.468154963347275,TN,LogisticRegression_B_undersampled
fa5d49f485b168ad6e537024a70388dc,75504,1,0.04918032786885246,11,1030,3,-1.2800000000000002,585,4.5777777777777775,23.4,0.15042735042735042,0.27008547008547007,0.13333333333333333,1,0.30011200000000005,0.8096552366718396,TP,LogisticRegression_B_undersampled
36c958995fcdc5dbbd33d2af394bbff8,367802,0,0.014778325123152709,11,1964,2,-2.2,219,3.91324200913242,16.846153846153847,0.228310502283105,0.1735159817351598,0.182648401826484,1,0.2127307692307692,0.6350665811456695,FP,LogisticRegression_B_undersampled
fb867b0e6d46dda3de893469ddb3be0c,25784766,0,0.014492753623188406,5,650,4,0.3700000000000001,93,4.548387096774194,18.6,0.1935483870967742,0.25806451612903225,0.1827956989247312,1,0.22736,0.4936861506188627,TN,LogisticRegression_B_undersampled
317c4fb4721297c32ef7956d6170465f,25176023,1,0.02127659574468085,1,557,3,-1.2800000000000002,79,4.493670886075949,15.8,0.189873417721519,0.25316455696202533,0.06329113924050633,0,0.53156,0.38318307008371905,FN,LogisticRegression_B_undersampled
1cf2038de599add3888160d85d2c26d2,35606560,0,0.006389776357827476,3,112,4,-0.20999999999999996,91,4.032967032967033,13.0,0.26373626373626374,0.21978021978021978,0.15384615384615385,0,0.20164285714285718,0.337669367601844,TN,LogisticRegression_B_undersampled
0bd775b7121e8f07ebd397315e22bf00,25784766,0,0.014492753623188406,3,694,4,0.3700000000000001,75,4.48,15.0,0.24,0.21333333333333335,0.21333333333333335,0,0.14938,0.3505708341058029,TN,LogisticRegression_B_undersampled
1b0f4bf2e3488d57d8c25596944bf167,32810456,1,0.7647058823529411,66,286,4,0.009999999999999787,475,4.0463157894736845,16.964285714285715,0.16210526315789472,0.22736842105263158,0.14947368421052631,1,0.024578571428571422,0.8637181764605962,TP,LogisticRegression_B_undersampled
df6989e30757d2369545e43e10b9ee8d,223394,1,0.96,66,456,5,0.9500000000000002,149,4.100671140939597,8.764705882352942,0.21476510067114093,0.22818791946308725,0.12080536912751678,0,0.18156470588235293,0.6305431819078904,TP,LogisticRegression_B_undersampled
7cf16eef2d0dab453f439bcde11fb79e,24874339,1,0.6126126126126126,66,499,3,-0.6099999999999999,587,4.321976149914821,17.78787878787879,0.21465076660988075,0.21465076660988075,0.15332197614991483,1,0.08211212121212122,0.8804809741688386,TP,LogisticRegression_B_undersampled
691e0e4f3a188d76e9189be71f1f4229,21413663,1,0.04,66,1188,3,-0.69,140,4.75,20.0,0.17857142857142858,0.22142857142857142,0.16428571428571428,0,0.22715714285714286,0.6918581275166276,TP,LogisticRegression_B_undersampled
eec46082632f0ea698e5edf77dd9ba2d,35606560,0,0.001597444089456869,2,14,4,-0.20999999999999996,74,4.256756756756757,14.8,0.17567567567567569,0.22972972972972974,0.17567567567567569,0,0.40902000000000005,0.34167537252223784,TN,LogisticRegression_B_undersampled
0e5f6f6179c90728d95b4578d2ff817b,29425278,0,0.010752688172043012,4,326,5,0.6399999999999997,30,4.8,30.0,0.16666666666666666,0.3,0.13333333333333333,0,0.6808,0.385825990656845,TN,LogisticRegression_B_undersampled
6bca2586cc60e863c6afea3dcc25c216,25334576,0,0.0010515247108307045,1,658,4,0.10000000000000009,98,3.979591836734694,16.333333333333332,0.17346938775510204,0.20408163265306123,0.16326530612244897,0,0.010883333333333337,0.4157562759839458,TN,LogisticRegression_B_undersampled
e34e8514406c2843951ec0d5f1fcc1c0,34023590,0,0.006622516556291391,1,127,2,-1.5299999999999998,75,4.386666666666667,15.0,0.22666666666666666,0.21333333333333335,0.21333333333333335,0,0.02764000000000002,0.33474181797221536,TN,LogisticRegression_B_undersampled
d898a1f38dc303ef5e1f22dfe3fefe03,29376835,0,0.017777777777777778,1,304,4,0.10000000000000009,17,5.117647058823529,8.5,0.29411764705882354,0.11764705882352941,0.23529411764705882,0,0.4596,0.24847294082369756,TN,LogisticRegression_B_undersampled
c346daa002e01bf26ec6450a5bfcbe3a,158005,1,0.05747126436781609,6,1369,5,0.9299999999999997,176,4.471590909090909,17.6,0.16477272727272727,0.2784090909090909,0.14772727272727273,1,0.25849,0.5986907888666887,TP,LogisticRegression_B_undersampled
c669b52dddad76473e7eae6d164bdbaa,35606560,0,0.004792332268370607,1,111,5,0.79,78,3.717948717948718,15.6,0.24358974358974358,0.15384615384615385,0.10256410256410256,0,0.12992000000000004,0.36216619903201513,TN,LogisticRegression_B_undersampled
2de1cd88f063c34be4eeb88a113cd022,34023590,0,0.002207505518763797,1,128,2,-1.5299999999999998,54,4.074074074074074,7.714285714285714,0.16666666666666666,0.24074074074074073,0.2222222222222222,0,-0.10518571428571429,0.32991353280778946,TN,LogisticRegression_B_undersampled
6638a0545a3d41f37186de3a3ddae7a1,9583799,0,0.007936507936507936,6,2056,5,1.12,43,3.9069767441860463,14.333333333333334,0.11627906976744186,0.27906976744186046,0.13953488372093023,0,0.19063333333333332,0.4689850861795219,TN,LogisticRegression_B_undersampled
6e4a0b9cfe8afae8302c33a4b1ca0d66,61049,0,0.009345794392523364,1,1060,3,-1.3200000000000003,34,5.588235294117647,8.5,0.2647058823529412,0.23529411764705882,0.08823529411764706,0,-0.056575,0.38355215350722655,TN,LogisticRegression_B_undersampled
600db8caba6ff88e0db6450533a76ed8,29376835,1,0.08,1,137,4,0.10000000000000009,80,4.2,20.0,0.1,0.2125,0.2,1,-0.17235,0.5362048666859842,TP,LogisticRegression_B_undersampled
b756c16f447ddc3fc1612f39b57e2cea,29376835,0,0.013333333333333334,1,226,2,-1.9,19,4.0,19.0,0.2631578947368421,0.10526315789473684,0.15789473684210525,0,-0.2716,0.36223620853658217,TN,LogisticRegression_B_undersampled
5fcb0ed173ef337346591ff7842346a5,82356,0,0.012552301255230125,18,583,4,0.27,40,5.625,13.333333333333334,0.15,0.325,0.2,0,0.6425333333333333,0.37889078940882015,TN,LogisticRegression_B_undersampled
3131a80d7f7c4cab122b2cdac6fad6d9,45974,0,0.006747638326585695,3,1840,5,0.5,294,4.190476190476191,16.333333333333332,0.19387755102040816,0.1870748299319728,0.1870748299319728,0,0.288888888888889,0.5564161179499235,FP,LogisticRegression_B_undersampled
cebd3b6a1e03207358fd348d25a6606e,25334576,0,0.0010515247108307045,3,443,5,1.1,14,3.7857142857142856,7.0,0.14285714285714285,0.42857142857142855,0.07142857142857142,0,-0.2787,0.38590062371613076,TN,LogisticRegression_B_undersampled
1fcfb3ee9018b7c43dd21620f478d8de,2547,0,0.001594896331738437,3,2526,3,-1.2300000000000004,58,5.310344827586207,58.0,0.1724137931034483,0.25862068965517243,0.20689655172413793,0,0.9392,0.5547177961345915,FP,LogisticRegression_B_undersampled
dbdb033f1de11c7683ab4a66bf8068de,82356,0,0.0041841004184100415,1,425,4,0.27,9,3.7777777777777777,9.0,0.1111111111111111,0.3333333333333333,0.3333333333333333,0,0.7823,0.24397986697243076,TN,LogisticRegression_B_undersampled
4ad616136e0c1af8afb39f702056e5fe,430788,0,0.006289308176100629,1,257,4,-0.08000000000000007,13,4.153846153846154,13.0,0.15384615384615385,0.23076923076923078,0.23076923076923078,0,0.1007,0.33007000789058716,TN,LogisticRegression_B_undersampled
4c7d0d19435fb35609050ddc5d9a761e,35606560,0,0.003194888178913738,2,21,4,-0.20999999999999996,32,4.21875,16.0,0.25,0.1875,0.1875,0,0.38225,0.2978324172639746,TN,LogisticRegression_B_undersampled
ca0e7386af2a296d8280d7063d07c0be,45974,0,0.005398110661268556,1,1071,5,0.5,83,4.457831325301205,13.833333333333334,0.18072289156626506,0.24096385542168675,0.18072289156626506,0,0.30996666666666667,0.3966440027562435,TN,LogisticRegression_B_undersampled
7862d401f7aff2cb81c593a1a6a9348b,45974,0,0.001349527665317139,2,1606,5,0.5,136,4.426470588235294,17.0,0.16176470588235295,0.16911764705882354,0.21323529411764705,1,0.38911250000000003,0.5584013130734363,FP,LogisticRegression_B_undersampled
ce65e160ea3afb113bca4553f9292012,2547,0,0.006379585326953748,2,653,3,-1.2300000000000004,80,5.1375,16.0,0.1375,0.225,0.2125,0,-0.025759999999999995,0.432501518618015,TN,LogisticRegression_B_undersampled
0e1dbd49ace4395135b26581800f10bf,29376835,0,0.0044444444444444444,5,234,5,1.1,54,4.018518518518518,18.0,0.12962962962962962,0.2777777777777778,0.16666666666666666,0,0.3693666666666667,0.3747942853915262,TN,LogisticRegression_B_undersampled
51af9205ebe8a035b1da9530f18c0815,25334576,0,0.002103049421661409,2,782,4,0.10000000000000009,11,4.2727272727272725,11.0,0.2727272727272727,0.0,0.2727272727272727,0,0.8689,0.24115458473375667,TN,LogisticRegression_B_undersampled
33b7bbf3d7aa7591cd685575d2389fd3,24874364,0,0.00684931506849315,5,818,4,0.06999999999999984,64,4.234375,16.0,0.125,0.21875,0.203125,0,0.283475,0.40522492534372184,TN,LogisticRegression_B_undersampled
1b52fdccc462b4fdbcc48231b8b78d5b,78249,0,0.010526315789473684,1,1292,5,1.21,103,4.621359223300971,12.875,0.21359223300970873,0.22330097087378642,0.23300970873786409,0,-0.02545,0.40143397666481856,TN,LogisticRegression_B_undersampled
b4f8c28581e573b72249185e52edabf8,29376835,1,0.09777777777777778,6,423,5,1.1,192,4.072916666666667,19.2,0.15625,0.21354166666666666,0.13020833333333334,1,-0.05331000000000001,0.6057535481552527,TP,LogisticRegression_B_undersampled
c9cefa909f35f3f5d7474d85b340dd84,35606560,0,0.003194888178913738,6,44,4,-0.20999999999999996,20,4.8,10.0,0.2,0.1,0.4,0,0.37345,0.2662302156304316,TN,LogisticRegression_B_undersampled
fe914599f059e0ab8f263ff23c1bdf5d,29376835,1,0.022222222222222223,2,390,3,-0.8999999999999999,587,4.080068143100511,18.93548387096774,0.21465076660988075,0.19420783645655879,0.13969335604770017,0,0.06844838709677419,0.6605071630169161,TP,LogisticRegression_B_undersampled
1ddffef311477a9abb7ef10815186d17,18295863,1,0.4868421052631579,18,1350,4,0.22999999999999998,1265,4.178656126482213,18.333333333333332,0.19288537549407114,0.2482213438735178,0.13201581027667983,1,0.09422463768115942,0.9505387418926841,TP,LogisticRegression_B_undersampled
e37e31f2900f70f574c158ff494fbb5c,7428663,0,0.016666666666666666,4,301,5,0.7000000000000002,154,4.1103896103896105,19.25,0.14935064935064934,0.2727272727272727,0.12337662337662338,0,0.34397500000000003,0.44764807905963333,TN,LogisticRegression_B_undersampled
9adb93fea3ee81bf7da43997693c3691,29376835,0,0.0044444444444444444,1,153,2,-1.9,45,4.511111111111111,9.0,0.13333333333333333,0.2222222222222222,0.24444444444444444,0,0.017220000000000013,0.34116300854179166,TN,LogisticRegression_B_undersampled
129f81a6bc969107a949577ae0c95ee1,27822,0,0.012578616352201259,2,1349,3,-1.0899999999999999,40,4.15,8.0,0.25,0.175,0.225,1,-0.06628,0.45027384800168,TN,LogisticRegression_B_undersampled
367eed3c936b1125c4317593b051b635,17333426,0,0.011152416356877323,3,938,3,-1.12,146,3.835616438356164,16.22222222222222,0.2465753424657534,0.2054794520547945,0.1506849315068493,1,0.13766666666666666,0.5221154824837655,FP,LogisticRegression_B_undersampled
9b732eff79a916003eb35b197d709f94,25784766,0,0.014492753623188406,5,669,5,1.37,149,4.174496644295302,16.555555555555557,0.24161073825503357,0.21476510067114093,0.12080536912751678,0,-0.15782222222222222,0.45102391144360593,TN,LogisticRegression_B_undersampled
e4cd8fbd7d1357e008f2eb5e6ec7a25c,2547,0,0.001594896331738437,1,2865,5,0.7699999999999996,70,3.6142857142857143,17.5,0.2571428571428571,0.2,0.15714285714285714,1,-0.021574999999999983,0.5732777889436761,FP,LogisticRegression_B_undersampled
002ed8c9348b2d5a62c1b17d1428dcbd,768496,1,0.03787878787878788,1,2451,5,0.9000000000000004,236,4.309322033898305,18.153846153846153,0.18220338983050846,0.2076271186440678,0.17796610169491525,0,0.06885384615384615,0.5708958355798882,TP,LogisticRegression_B_undersampled
d9f441452f0c27ffa2f7bec0074b26b8,9639765,0,0.008547008547008548,76,1373,3,-1.0499999999999998,216,4.356481481481482,14.4,0.1527777777777778,0.27314814814814814,0.16666666666666666,1,0.22758666666666666,0.8209400989173803,FP,LogisticRegression_B_undersampled
c1c028d3ada3f3f9f71fc290846d8a13,150253,1,0.29225352112676056,14,3735,5,0.6299999999999999,123,4.146341463414634,30.75,0.18699186991869918,0.21951219512195122,0.21951219512195122,1,0.5064,0.6988904527662426,TP,LogisticRegression_B_undersampled
cdb455610385d6979f8cd6dc8ec358c3,394424,1,0.021739130434782608,1,223,5,0.7699999999999996,53,3.9622641509433962,26.5,0.1320754716981132,0.20754716981132076,0.1320754716981132,1,0.6683,0.47832917707768,FN,LogisticRegression_B_undersampled
26a891d2c6333c4c4e0cff3e38b369c0,9583799,0,0.007936507936507936,3,1845,3,-0.8799999999999999,117,4.512820512820513,19.5,0.15384615384615385,0.2564102564102564,0.15384615384615385,0,0.3419666666666667,0.47988483295245193,TN,LogisticRegression_B_undersampled
640e3c0b20761e91989869c684b0afdb,34023590,0,0.011037527593818985,2,119,1,-2.53,64,3.875,10.666666666666666,0.234375,0.234375,0.15625,0,-0.035399999999999994,0.33022033555289876,TN,LogisticRegression_B_undersampled
623495357c57b63dfaeab19645205503,34023590,0,0.002207505518763797,1,162,2,-1.5299999999999998,35,4.457142857142857,11.666666666666666,0.17142857142857143,0.2857142857142857,0.2857142857142857,0,-0.21586666666666668,0.32678836176365733,TN,LogisticRegression_B_undersampled
88acadaaf2cdcf9eba2e47918aecb0e0,9583799,0,0.015873015873015872,13,2215,5,1.12,20,4.7,10.0,0.2,0.2,0.25,0,0.39695,0.39843466810161,TN,LogisticRegression_B_undersampled
3f6eaa2fc891a5dbab97cedc7072f903,35606560,0,0.001597444089456869,4,49,5,0.79,51,4.568627450980392,10.2,0.11764705882352941,0.2549019607843137,0.17647058823529413,1,0.05990000000000001,0.47585740979773705,TN,LogisticRegression_B_undersampled
63b564b69067edc8d228d5f474b1be21,82346,0,0.002967359050445104,3,271,2,-1.4,242,4.574380165289257,18.615384615384617,0.17355371900826447,0.2396694214876033,0.15289256198347106,0,0.16862307692307693,0.4717523730042559,TN,LogisticRegression_B_undersampled
e023e87fa37c564ac790795462f50d13,2547,0,0.004784688995215311,16,32,5,0.7699999999999996,260,4.296153846153846,23.636363636363637,0.18076923076923077,0.2846153846153846,0.18846153846153846,0,0.40552727272727274,0.5146135563575784,FP,LogisticRegression_B_undersampled
ef85693f7eff968fc3e9a79aa3437ec7,27822,0,0.006289308176100629,16,483,4,-0.08999999999999986,272,4.930147058823529,24.727272727272727,0.1948529411764706,0.24632352941176472,0.19117647058823528,0,0.2873636363636364,0.5558925667054117,FP,LogisticRegression_B_undersampled
defbc3ff6584fa8d16c0684799d3b14d,25334576,0,0.0010515247108307045,4,548,3,-0.8999999999999999,98,4.13265306122449,16.333333333333332,0.19387755102040816,0.15306122448979592,0.2857142857142857,0,0.3113,0.35665183638319387,TN,LogisticRegression_B_undersampled
46ac4f5e7dd9e6f09dc6f9c0a8aed2bc,150253,1,0.09859154929577464,39,2191,5,0.6299999999999999,249,4.248995983935743,22.636363636363637,0.1606425702811245,0.24497991967871485,0.1686746987951807,0,0.12495454545454544,0.7223605655250025,TP,LogisticRegression_B_undersampled
e8ac16989600c2fcc9630c0fa81deae4,2262521,0,0.005208333333333333,39,2196,0,-3.56,6,4.166666666666667,6.0,0.16666666666666666,0.3333333333333333,0.16666666666666666,0,0.0,0.5322226416266533,FP,LogisticRegression_B_undersampled
7310dd510d22249da1d5337850f1d89f,430788,1,0.20754716981132076,39,2420,5,0.9199999999999999,127,4.062992125984252,7.470588235294118,0.1732283464566929,0.2283464566929134,0.18110236220472442,1,-0.012594117647058822,0.7087207955125814,TP,LogisticRegression_B_undersampled
41f30c5f9ff358342f9990bcc6058a41,34023590,1,0.06622516556291391,10,323,0,-3.53,21,3.857142857142857,7.0,0.14285714285714285,0.19047619047619047,0.23809523809523808,0,0.28023333333333333,0.3246344725810719,FN,LogisticRegression_B_undersampled
124cca6921876a457b2c8a014e9d5376,9639765,0,0.008547008547008548,2,1136,5,0.9500000000000002,152,4.197368421052632,10.857142857142858,0.20394736842105263,0.21710526315789475,0.19078947368421054,1,0.03937857142857143,0.5279330084511845,FP,LogisticRegression_B_undersampled
ca81f424b2eaac2eb425d208bac5848f,34023590,0,0.004415011037527594,2,154,5,1.4700000000000002,843,4.065243179122183,12.042857142857143,0.22419928825622776,0.21352313167259787,0.1423487544483986,1,0.007841428571428556,0.8065728765115594,FP,LogisticRegression_B_undersampled
af4c80f4d80bd6ab722462e2566c301d,7428663,1,0.03333333333333333,50,2744,5,0.7000000000000002,12,3.5833333333333335,4.0,0.3333333333333333,0.08333333333333333,0.3333333333333333,0,-0.31126666666666664,0.5265366422512917,TP,LogisticRegression_B_undersampled
ecba9553157ec31cc0b0a02b7b958e8c,75504,0,0.01639344262295082,14,2272,4,-0.28000000000000025,41,3.926829268292683,13.666666666666666,0.17073170731707318,0.24390243902439024,0.14634146341463414,0,0.0,0.5105056054868053,FP,LogisticRegression_B_undersampled
cf5748bef66c426723149502fe49e961,34023590,0,0.013245033112582781,1,615,2,-1.5299999999999998,29,3.7241379310344827,14.5,0.27586206896551724,0.27586206896551724,0.13793103448275862,0,0.5730500000000001,0.2761626960894693,TN,LogisticRegression_B_undersampled
5ecc68e727673f94fb15b6a22b725b60,25334576,0,0.007360672975814932,2,431,5,1.1,676,4.2174556213017755,12.754716981132075,0.1819526627218935,0.21449704142011836,0.1952662721893491,1,0.1348981132075472,0.7566001000618849,FP,LogisticRegression_B_undersampled
746ee71ce7100ab9d9798477a4bd3429,25334576,0,0.002103049421661409,1,647,1,-2.9,138,3.710144927536232,11.5,0.2028985507246377,0.18115942028985507,0.2028985507246377,1,0.073775,0.4866859108223671,TN,LogisticRegression_B_undersampled
b1a5828b78cc364b78043cb79330cee5,25784766,0,0.014492753623188406,1,555,4,0.3700000000000001,283,4.590106007067138,18.866666666666667,0.19434628975265017,0.21908127208480566,0.14487632508833923,0,0.25648666666666664,0.49041327283737873,TN,LogisticRegression_B_undersampled
4ce4264ec4f58c3dc26cb1a65864eb97,2547,1,0.03508771929824561,1,906,3,-1.2300000000000004,296,4.158783783783784,14.8,0.1891891891891892,0.22972972972972974,0.10135135135135136,1,0.023945,0.6414157708747711,TP,LogisticRegression_B_undersampled
3c2c60002e25fd7606315a4a5b9e0b0f,35606560,0,0.001597444089456869,8,25,3,-1.21,33,3.8181818181818183,33.0,0.2727272727272727,0.18181818181818182,0.18181818181818182,1,0.34,0.46321401239539867,TN,LogisticRegression_B_undersampled
07f8571d36060fbb81ff7b4699650404,2547,0,0.001594896331738437,3,619,4,-0.23000000000000043,75,4.76,25.0,0.21333333333333335,0.29333333333333333,0.17333333333333334,0,-0.4808333333333333,0.47672397575809156,TN,LogisticRegression_B_undersampled
b75acdaf97769eeba7ee85c3ab665a82,25334576,0,0.002103049421661409,5,145,5,1.1,70,4.1,23.333333333333332,0.14285714285714285,0.2857142857142857,0.15714285714285714,0,0.5004333333333333,0.3828387936244371,TN,LogisticRegression_B_undersampled
6b7bace8edc405ecfbf31a0f8b71a0ac,3018111,1,0.032,1,1318,3,-1.1600000000000001,20,4.45,10.0,0.3,0.1,0.15,0,-0.18065,0.3661132465940149,FN,LogisticRegression_B_undersampled
96dd9148ef3846b29af05caf72f96a83,24407,1,0.06349206349206349,1,1833,5,0.9100000000000001,150,4.253333333333333,16.666666666666668,0.22666666666666666,0.23333333333333334,0.12666666666666668,1,0.12702222222222226,0.5758536982011001,TP,LogisticRegression_B_undersampled
1155af6e3f524a0331a09d43963a508b,2547,0,0.003189792663476874,4,1101,4,-0.23000000000000043,123,4.2682926829268295,41.0,0.17886178861788618,0.25203252032520324,0.14634146341463414,0,0.6174333333333334,0.5021692223165342,FP,LogisticRegression_B_undersampled
584087f5891e8fc06999b28a66ef468c,25334576,0,0.005257623554153523,3,731,4,0.10000000000000009,925,4.44,16.517857142857142,0.1772972972972973,0.28864864864864864,0.14810810810810812,1,-0.03321607142857142,0.8721794983740616,FP,LogisticRegression_B_undersampled
fe26fb17a32dc576508399f85f8d9b7e,25784766,0,0.014492753623188406,1,690,5,1.37,25,4.24,12.5,0.2,0.28,0.24,0,0.3902,0.29403923408752985,TN,LogisticRegression_B_undersampled
9e4586c8688ff53a5a9605983c634ce1,406373,0,0.0024449877750611247,1,897,5,1.0299999999999998,63,3.8095238095238093,31.5,0.19047619047619047,0.19047619047619047,0.3333333333333333,0,0.3978,0.3705662334441405,TN,LogisticRegression_B_undersampled
529818fc2b45ee505cb745c20dd8b227,14706,0,0.005128205128205128,2,914,5,1.0699999999999998,121,4.1735537190082646,24.2,0.11570247933884298,0.24793388429752067,0.23140495867768596,0,0.35,0.44455010099253306,TN,LogisticRegression_B_undersampled
5612279fdddb36e10d9d1071d54fbda5,28645638,1,0.1092436974789916,2,133,5,0.8399999999999999,60,3.6,10.0,0.2,0.2,0.08333333333333333,0,0.2427,0.34700237433709485,FN,LogisticRegression_B_undersampled
893d0b80bad2bd49722eaf608b215fcb,2547,0,0.006379585326953748,6,534,2,-2.2300000000000004,110,4.672727272727273,18.333333333333332,0.16363636363636364,0.20909090909090908,0.2,0,0.014250000000000004,0.45185786552456664,TN,LogisticRegression_B_undersampled
e972ac40a466107e793468b9b4a64cea,25334576,0,0.016824395373291272,5,423,4,0.10000000000000009,384,4.372395833333333,22.58823529411765,0.19010416666666666,0.2421875,0.1484375,1,-0.008411764705882356,0.6871028497261993,FP,LogisticRegression_B_undersampled
13acb0d340e042fbc8628c5df909da50,25334576,0,0.002103049421661409,1,289,2,-1.9,42,3.6904761904761907,21.0,0.19047619047619047,0.14285714285714285,0.19047619047619047,0,0.63895,0.3191955619289814,TN,LogisticRegression_B_undersampled
b68fd51ee76170ac307f5f8de2fa28a4,35606560,0,0.001597444089456869,1,22,5,0.79,7,4.285714285714286,3.5,0.42857142857142855,0.2857142857142857,0.2857142857142857,0,0.6819,0.15467775751606386,TN,LogisticRegression_B_undersampled
68131c77099554865601105f3e14efba,25334576,1,0.022082018927444796,3,284,5,1.1,300,4.376666666666667,20.0,0.15,0.27666666666666667,0.14666666666666667,0,0.02847999999999999,0.5409343044578022,TP,LogisticRegression_B_undersampled
871c223368cc879d5374dff4e6873dbe,25334576,0,0.0010515247108307045,1,301,4,0.10000000000000009,11,4.090909090909091,5.5,0.18181818181818182,0.18181818181818182,0.36363636363636365,0,0.2997,0.2485115563873699,TN,LogisticRegression_B_undersampled
081eee357e799cd561f25853326fb39a,78249,0,0.010526315789473684,2,776,0,-3.79,12,5.25,12.0,0.08333333333333333,0.25,0.3333333333333333,0,-0.2263,0.3872725346972745,TN,LogisticRegression_B_undersampled
dfed4f01e21ea9ab9f54c5f91d0d1aa5,75504,0,0.01639344262295082,104,2536,5,0.7199999999999998,26,3.8076923076923075,8.666666666666666,0.2692307692307692,0.11538461538461539,0.15384615384615385,0,0.07336666666666668,0.7632711372442974,FP,LogisticRegression_B_undersampled
33baf2a20ad6a4d0bfe06a39cf3a5614,25334576,0,0.002103049421661409,2,665,4,0.10000000000000009,114,4.017543859649122,38.0,0.20175438596491227,0.18421052631578946,0.15789473684210525,0,0.10539999999999998,0.4888298969574508,TN,LogisticRegression_B_undersampled
b4f9c4f56f6bf115218f203db2511ada,2547,0,0.003189792663476874,20,1907,4,-0.23000000000000043,170,4.2176470588235295,18.88888888888889,0.17647058823529413,0.23529411764705882,0.13529411764705881,0,0.07536666666666667,0.600350166280825,FP,LogisticRegression_B_undersampled
e224d259036c083ecc7179ca77d87f5a,32075857,1,0.029850746268656716,2,78,4,0.41999999999999993,90,4.011111111111111,18.0,0.13333333333333333,0.28888888888888886,0.14444444444444443,1,0.44314,0.46155882426674455,FN,LogisticRegression_B_undersampled
02a8268553e017e630ce8fcab433ed8e,24874364,0,0.0136986301369863,9,957,4,0.06999999999999984,21,3.4761904761904763,10.5,0.19047619047619047,0.19047619047619047,0.23809523809523808,0,0.1644,0.3522092378396253,TN,LogisticRegression_B_undersampled
5cb83c67af0bc9fbbdb9a8be25157886,2547,0,0.001594896331738437,1,426,5,0.7699999999999996,58,4.344827586206897,19.333333333333332,0.15517241379310345,0.20689655172413793,0.2413793103448276,0,0.09106666666666667,0.3844686802957689,TN,LogisticRegression_B_undersampled
d745fcf98f7fe03ad17fc49aaa543297,17333426,0,0.011152416356877323,1,1110,4,-0.1200000000000001,107,4.08411214953271,11.88888888888889,0.18691588785046728,0.2523364485981308,0.18691588785046728,0,0.5187111111111111,0.3677156391884686,TN,LogisticRegression_B_undersampled
6da38ed4477253ba24cd6626447a22f2,430788,1,0.3018867924528302,1,160,0,-4.08,58,3.810344827586207,11.6,0.22413793103448276,0.20689655172413793,0.15517241379310345,0,0.35986,0.31290388257044705,FN,LogisticRegression_B_undersampled
98cf9357f6dc17e4d084073e1f873bcb,82356,0,0.0041841004184100415,1,2516,5,1.27,36,3.888888888888889,6.0,0.16666666666666666,0.3055555555555556,0.25,0,0.2771166666666666,0.3695450015201208,TN,LogisticRegression_B_undersampled
f4c1bd0a933c4f427d0cc3e5db53e4cb,35606560,0,0.006389776357827476,18,49,5,0.79,78,4.0256410256410255,15.6,0.2692307692307692,0.1794871794871795,0.14102564102564102,1,0.51036,0.46083756628380157,TN,LogisticRegression_B_undersampled
f7aa6e9d055382fb4a884c550a9829ad,34023590,0,0.017660044150110375,18,742,0,-3.53,12,4.583333333333333,12.0,0.08333333333333333,0.4166666666666667,0.16666666666666666,0,0.6901,0.3822374397998819,TN,LogisticRegression_B_undersampled
c8026958c766106fe548311bea00795c,25784766,1,0.028985507246376812,5,469,2,-1.63,119,4.050420168067227,14.875,0.226890756302521,0.12605042016806722,0.2689075630252101,1,0.1291875,0.4603018010363104,FN,LogisticRegression_B_undersampled
b1a61842e4d0d28c213a2bea4a507465,34023590,0,0.011037527593818985,3,185,1,-2.53,79,4.3544303797468356,15.8,0.22784810126582278,0.25316455696202533,0.13924050632911392,1,-0.26234,0.489579361939314,TN,LogisticRegression_B_undersampled
c5dbb091aa5e9b93539d68b31270e589,14706,1,0.020512820512820513,8,2378,5,1.0699999999999998,67,4.059701492537314,13.4,0.208955223880597,0.19402985074626866,0.16417910447761194,0,0.44376,0.43545587501174304,FN,LogisticRegression_B_undersampled
ad48e1989acbdd412416468139b346f4,34023590,0,0.002207505518763797,4,171,4,0.4700000000000002,51,4.03921568627451,8.5,0.19607843137254902,0.27450980392156865,0.1568627450980392,0,0.033366666666666676,0.3325509624209205,TN,LogisticRegression_B_undersampled
8a0b3b158929adfae99c91f1401a648f,25784766,0,0.014492753623188406,1,301,1,-2.63,7,4.285714285714286,3.5,0.2857142857142857,0.2857142857142857,0.14285714285714285,0,0.51415,0.23160314049204045,TN,LogisticRegression_B_undersampled
228828d03a5de2088795b8656db2feb8,45974,0,0.001349527665317139,1,1010,5,0.5,426,4.147887323943662,21.3,0.2136150234741784,0.19014084507042253,0.19248826291079812,1,-0.014505000000000007,0.7054987489064453,FP,LogisticRegression_B_undersampled
4b6c602582faad66add972bc81160bda,17333426,1,0.07063197026022305,5,1481,4,-0.1200000000000001,162,3.9691358024691357,12.461538461538462,0.19753086419753085,0.21604938271604937,0.2037037037037037,1,0.3895692307692307,0.5315612675150065,TP,LogisticRegression_B_undersampled
6ebf0077bffb9e45db62ef8876110752,25334576,1,0.11041009463722397,15,749,4,0.10000000000000009,303,4.409240924092409,15.947368421052632,0.17491749174917492,0.22772277227722773,0.17491749174917492,1,0.13921052631578948,0.6614337149013657,TP,LogisticRegression_B_undersampled
e1a054d1af496fb577c567f2f73352a6,394424,1,0.021739130434782608,7,1055,1,-3.2300000000000004,44,3.5454545454545454,8.8,0.22727272727272727,0.20454545454545456,0.22727272727272727,0,-0.11849999999999997,0.3761493311711287,FN,LogisticRegression_B_undersampled
dd7f131640d84407916ce914690f5556,792712,0,0.016260162601626018,1,1888,5,0.6799999999999997,202,4.8316831683168315,6.733333333333333,0.20297029702970298,0.297029702970297,0.18811881188118812,0,0.08109333333333334,0.4760163970305321,TN,LogisticRegression_B_undersampled
90302fa14ec743c8b70b0ab87d41184f,35606560,0,0.011182108626198083,5,28,5,0.79,19,3.8421052631578947,19.0,0.21052631578947367,0.2631578947368421,0.15789473684210525,0,0.0772,0.35270556398035774,TN,LogisticRegression_B_undersampled
29edb12ab832741ad07f5cb376a7358c,14706,0,0.005128205128205128,2,3478,4,0.06999999999999984,19,4.105263157894737,9.5,0.2631578947368421,0.21052631578947367,0.21052631578947367,0,0.28175,0.400251301463343,TN,LogisticRegression_B_undersampled
86112a483b16339d6c96796e608139d0,2547,0,0.003189792663476874,2,3705,5,0.7699999999999996,32,3.65625,10.666666666666666,0.15625,0.21875,0.15625,0,0.22036666666666668,0.49317789069849777,TN,LogisticRegression_B_undersampled
294cdcf49149e86081dfcd82824b179e,25334576,0,0.002103049421661409,20,441,5,1.1,11,3.8181818181818183,5.5,0.36363636363636365,0.0,0.18181818181818182,0,0.6217,0.269247459216963,TN,LogisticRegression_B_undersampled
44cf083c253bb19c8ae56c8c9616130c,25176023,0,0.010638297872340425,20,772,4,-0.28000000000000025,68,4.132352941176471,11.333333333333334,0.22058823529411764,0.20588235294117646,0.23529411764705882,0,0.38526666666666665,0.3913271825414668,TN,LogisticRegression_B_undersampled
a0dc4027e6b266f9d51883671bf16dc9,17575120,1,0.028985507246376812,6,767,3,-1.12,140,4.414285714285715,23.333333333333332,0.17142857142857143,0.2,0.21428571428571427,0,-0.01948333333333334,0.4872169364691919,FN,LogisticRegression_B_undersampled
78bdb85e9765b6dec822bc01e6ec8a50,17333426,0,0.007434944237918215,2,1476,4,-0.1200000000000001,31,3.6774193548387095,15.5,0.1935483870967742,0.22580645161290322,0.06451612903225806,0,0.4467,0.3962419093774322,TN,LogisticRegression_B_undersampled
615a27b88df098cfa6c99b03457527cd,292,1,0.14864864864864866,4,462,5,0.9100000000000001,544,3.8253676470588234,21.76,0.19301470588235295,0.23345588235294118,0.09926470588235294,1,0.08788400000000002,0.7549364026716747,TP,LogisticRegression_B_undersampled
d0adfe75b74e496ef2355d26a88d0ab3,2547,0,0.003189792663476874,4,981,4,-0.23000000000000043,221,4.298642533936651,15.785714285714286,0.167420814479638,0.23529411764705882,0.13574660633484162,0,0.24272142857142856,0.5032748678901361,FP,LogisticRegression_B_undersampled
8f73dec5d446b754b6c1e40ec2e3038c,25334576,1,0.022082018927444796,1,581,5,1.1,202,4.044554455445544,18.363636363636363,0.2376237623762376,0.2376237623762376,0.1188118811881188,1,0.13387272727272725,0.5435054391383076,TP,LogisticRegression_B_undersampled
784600cd1f2aa59dc696a4c4335ab46d,25784766,0,0.014492753623188406,3,677,4,0.3700000000000001,22,3.5,11.0,0.22727272727272727,0.09090909090909091,0.36363636363636365,0,0.58845,0.24534217043076265,TN,LogisticRegression_B_undersampled
9da49ac816c29a2360853d760f4003f9,35606560,0,0.004792332268370607,5,16,4,-0.20999999999999996,34,4.088235294117647,11.333333333333334,0.2647058823529412,0.14705882352941177,0.2647058823529412,1,0.4164333333333334,0.35278873084184703,TN,LogisticRegression_B_undersampled
06806db673d891b1ea7020d4f86e1ce8,535734,1,0.045454545454545456,5,1855,5,1.06,54,4.666666666666667,27.0,0.14814814814814814,0.2962962962962963,0.18518518518518517,0,0.6733,0.4418212779623072,FN,LogisticRegression_B_undersampled
bc3caa55dd2f47c722866d9445c6e9d1,27822,0,0.012578616352201259,1,1794,5,0.9100000000000001,3,4.0,3.0,0.0,0.0,0.3333333333333333,0,0.0,0.41567631663620935,TN,LogisticRegression_B_undersampled
78a08ddcc4ce2de27774e1596f09a0fa,768496,0,0.007575757575757576,1,1022,5,0.9000000000000004,25,3.92,6.25,0.12,0.32,0.08,0,0.398825,0.3649511440870208,TN,LogisticRegression_B_undersampled
dacdf3fc8997f31cead5445a749c0643,34023590,0,0.006622516556291391,1,93,3,-0.5299999999999998,73,4.273972602739726,7.3,0.2602739726027397,0.2602739726027397,0.136986301369863,0,-0.16827,0.32595436308325104,TN,LogisticRegression_B_undersampled
73410182d972bf7651e4fa06ee0481b5,24874364,1,0.06164383561643835,7,678,5,1.0699999999999998,98,4.408163265306122,10.88888888888889,0.19387755102040816,0.22448979591836735,0.2755102040816326,0,0.2543777777777778,0.3595329780725043,FN,LogisticRegression_B_undersampled
47954c9fa7e9f6e4dc429b0096cdb615,2547,0,0.003189792663476874,1,1114,0,-4.23,46,4.260869565217392,11.5,0.21739130434782608,0.1956521739130435,0.1956521739130435,0,0.139075,0.36493638083037205,TN,LogisticRegression_B_undersampled
73f876d9ce6dd647ec81b1d111434974,25334576,0,0.002103049421661409,3,728,3,-0.8999999999999999,74,4.0675675675675675,14.8,0.20270270270270271,0.17567567567567569,0.1891891891891892,0,0.11501999999999998,0.38169658227334136,TN,LogisticRegression_B_undersampled
699a67ff1c947a9c60c7fcf530297961,34023590,0,0.004415011037527594,2,155,5,1.4700000000000002,23,3.782608695652174,3.2857142857142856,0.2608695652173913,0.30434782608695654,0.043478260869565216,0,0.03544285714285713,0.2941511095348581,TN,LogisticRegression_B_undersampled
94b819f45a8a9ce0987241e8379babbc,17333426,0,0.007434944237918215,1,614,4,-0.1200000000000001,26,4.0,26.0,0.23076923076923078,0.34615384615384615,0.07692307692307693,0,0.8591,0.32892433226603757,TN,LogisticRegression_B_undersampled
092f4fc60830344d7721d1e72d66b816,21413663,1,0.07333333333333333,1,648,4,0.31000000000000005,178,4.443820224719101,17.8,0.17415730337078653,0.2696629213483146,0.14606741573033707,0,-0.03362999999999999,0.46739544723465404,FN,LogisticRegression_B_undersampled
a9e660c562110eac776c06fb25afd80f,25334576,0,0.013669821240799159,1,661,4,0.10000000000000009,140,4.664285714285715,17.5,0.17857142857142858,0.2642857142857143,0.20714285714285716,0,0.0406625,0.42726732363262787,TN,LogisticRegression_B_undersampled
1cd039162be5b37e97864abe6e54304a,27822,0,0.006289308176100629,10,1092,5,0.9100000000000001,55,4.036363636363636,7.857142857142857,0.21818181818181817,0.23636363636363636,0.23636363636363636,0,0.24034285714285714,0.3566326120181403,TN,LogisticRegression_B_undersampled
73d79b9c29341748d1aa145582e097e4,24407,0,0.015873015873015872,13,2740,4,-0.08999999999999986,74,4.716216216216216,12.333333333333334,0.14864864864864866,0.2702702702702703,0.22972972972972974,1,0.48353333333333337,0.5790868254888837,FP,LogisticRegression_B_undersampled
1bd92f62a30ed8252525a66597041caf,24874339,0,0.018018018018018018,4,715,5,1.3900000000000001,124,4.709677419354839,12.4,0.12903225806451613,0.25806451612903225,0.22580645161290322,1,0.43809000000000003,0.4837078639752371,TN,LogisticRegression_B_undersampled
3f713c8630f91ce3341bcb8fede6f6a3,27822,0,0.012578616352201259,1,2741,5,0.9100000000000001,40,3.85,10.0,0.2,0.225,0.175,0,0.370475,0.4064579193095236,TN,LogisticRegression_B_undersampled
71e2a9c7bd247523f06e852df9048233,394424,0,0.007246376811594203,3,285,0,-4.23,98,4.040816326530612,24.5,0.14285714285714285,0.25510204081632654,0.11224489795918367,0,-0.04144999999999999,0.47760614805313095,TN,LogisticRegression_B_undersampled
77a58fc9001275c50e69685c2cf69d95,158005,1,0.06896551724137931,1,1983,1,-3.0700000000000003,275,4.156363636363636,17.1875,0.20363636363636364,0.19272727272727272,0.1781818181818182,0,0.16645625,0.5494357040247423,TP,LogisticRegression_B_undersampled
1ff2a206d3a40ace8c46bfac8c603ae1,17333426,0,0.011152416356877323,1,1453,5,0.8799999999999999,24,4.0,12.0,0.20833333333333334,0.20833333333333334,0.2916666666666667,1,-0.1706,0.4624540738943764,TN,LogisticRegression_B_undersampled
b6c3583cb50b4c4a1e6c48d8eda86df9,25334576,0,0.016824395373291272,27,486,5,1.1,92,4.4021739130434785,30.666666666666668,0.15217391304347827,0.1956521739130435,0.18478260869565216,1,-0.032866666666666676,0.6609935999431182,FP,LogisticRegression_B_undersampled
772107d1c9f93a6ee0891528a46db225,2547,0,0.004784688995215311,1,352,5,0.7699999999999996,17,4.0,17.0,0.11764705882352941,0.17647058823529413,0.23529411764705882,0,0.4019,0.34118365446291465,TN,LogisticRegression_B_undersampled
377ee8eebf30731d9962524276b1212e,25334576,0,0.0010515247108307045,6,395,4,0.10000000000000009,112,4.303571428571429,16.0,0.19642857142857142,0.23214285714285715,0.14285714285714285,0,0.24982857142857143,0.40324278154210247,TN,LogisticRegression_B_undersampled
0c279c09b99d4ef47278831cb1b4c74b,2262521,0,0.005208333333333333,8,1448,4,0.43999999999999995,5,3.4,5.0,0.4,0.0,0.2,0,0.7624,0.22966712892415314,TN,LogisticRegression_B_undersampled
7dede1a216a2e060b0b475fa265cab8d,35606560,1,0.020766773162939296,3,25,2,-2.21,27,3.4444444444444446,13.5,0.2222222222222222,0.25925925925925924,0.18518518518518517,0,0.2427,0.30417139097489015,FN,LogisticRegression_B_undersampled
5c4662005680b4f065c69b5b574715af,35606560,0,0.004792332268370607,26,27,4,-0.20999999999999996,13,3.3076923076923075,13.0,0.23076923076923078,0.3076923076923077,0.0,0,0.0,0.4401810630662864,TN,LogisticRegression_B_undersampled
714f2eabb0d7d62f458ce1be1531048b,2547,0,0.004784688995215311,1,605,5,0.7699999999999996,336,4.348214285714286,24.0,0.16666666666666666,0.31845238095238093,0.10119047619047619,0,0.29610000000000003,0.5664335880408863,FP,LogisticRegression_B_undersampled
a70ed4b105f42240aa07526e31b390e4,35606560,0,0.001597444089456869,18,110,4,-0.20999999999999996,3,4.666666666666667,3.0,0.3333333333333333,0.0,0.3333333333333333,0,0.0772,0.27156250874716614,TN,LogisticRegression_B_undersampled
2442a46a60905544024256af77d6afed,25784766,0,0.014492753623188406,18,259,2,-1.63,368,4.334239130434782,16.727272727272727,0.1956521739130435,0.2391304347826087,0.17119565217391305,1,0.2325363636363636,0.6640609671141532,FP,LogisticRegression_B_undersampled
69de0aa95213c82d06d314d1836fe75c,35606560,0,0.004792332268370607,2,108,0,-4.21,14,3.9285714285714284,14.0,0.21428571428571427,0.14285714285714285,0.21428571428571427,0,0.0,0.3281098746026092,TN,LogisticRegression_B_undersampled
e8014e09f1f96987ecfa950c99037872,2547,0,0.006379585326953748,7,2147,5,0.7699999999999996,203,4.093596059113301,22.555555555555557,0.18719211822660098,0.23645320197044334,0.08866995073891626,0,0.31766666666666665,0.5769715203260719,FP,LogisticRegression_B_undersampled
a655dd626bf2999c41757e8493d25ffb,2547,0,0.001594896331738437,1,1973,3,-1.2300000000000004,83,3.9759036144578315,16.6,0.1927710843373494,0.1927710843373494,0.1686746987951807,0,0.35784000000000005,0.4331617019398237,TN,LogisticRegression_B_undersampled
cc43d8d20fd7668d87cdc417f9cf43f0,21413663,1,0.05333333333333334,3,1177,5,1.31,283,4.69964664310954,21.76923076923077,0.1625441696113074,0.2508833922261484,0.18021201413427562,1,0.29381538461538464,0.6328951561960456,TP,LogisticRegression_B_undersampled
209d8211c3ce4fd041a56c7cb108467a,430788,1,0.031446540880503145,3,1374,4,-0.08000000000000007,65,4.2153846153846155,16.25,0.2153846153846154,0.2153846153846154,0.18461538461538463,1,0.19037500000000002,0.49878511997961583,FN,LogisticRegression_B_undersampled
4c0f0f5bb0d49aca281d42e6dc670001,25334576,1,0.029442691903259727,1,762,5,1.1,98,4.112244897959184,12.25,0.15306122448979592,0.17346938775510204,0.17346938775510204,0,0.2215875,0.3948835923827982,FN,LogisticRegression_B_undersampled
b119d0e9054567017ce1e6ef3b8ab6fa,2547,0,0.006379585326953748,1,1737,3,-1.2300000000000004,59,4.728813559322034,11.8,0.11864406779661017,0.23728813559322035,0.2542372881355932,0,0.08882,0.4312770124325069,TN,LogisticRegression_B_undersampled
5a2ad6babc1dc0a37ea3db00e2062682,2547,0,0.009569377990430622,13,406,2,-2.2300000000000004,100,4.49,25.0,0.21,0.26,0.12,0,-0.223675,0.5118628258664334,FP,LogisticRegression_B_undersampled
5e13bdf832c8ec61d7001cf5d7e50090,25176023,1,0.07446808510638298,5,745,5,0.7199999999999998,95,4.873684210526315,11.875,0.18947368421052632,0.29473684210526313,0.12631578947368421,1,-0.011674999999999991,0.5320872000745733,TP,LogisticRegression_B_undersampled
b259e5c0df6f67406a8962a7188e0b17,35606560,0,0.006389776357827476,12,26,5,0.79,120,4.341666666666667,20.0,0.18333333333333332,0.2833333333333333,0.18333333333333332,0,-0.08271666666666666,0.4576909334976393,TN,LogisticRegression_B_undersampled
1f33d59e2320fdcb9fa41d12750d324e,535734,0,0.00909090909090909,1,1028,3,-0.94,192,4.229166666666667,16.0,0.17708333333333334,0.2864583333333333,0.13541666666666666,1,0.11359999999999999,0.5747570825398967,FP,LogisticRegression_B_undersampled
623ab958c74a4152e4d49749b383deae,78249,0,0.010526315789473684,4,234,3,-0.79,29,4.586206896551724,29.0,0.1724137931034483,0.20689655172413793,0.20689655172413793,0,0.4404,0.3691908378115677,TN,LogisticRegression_B_undersampled
a17770b2b02da0237fb5565bcac4f177,82356,1,0.02092050209205021,2,615,4,0.27,31,4.32258064516129,31.0,0.12903225806451613,0.2903225806451613,0.12903225806451613,1,-0.1531,0.572560464989171,TP,LogisticRegression_B_undersampled
5b7930299664247bc92053480f596851,2262521,0,0.010416666666666666,2,2046,5,1.44,183,4.524590163934426,26.142857142857142,0.13114754098360656,0.2568306010928962,0.17486338797814208,0,0.060314285714285716,0.5677014706811938,FP,LogisticRegression_B_undersampled
c8280e4c89677e7e0810d999257bb9ab,35606560,0,0.001597444089456869,1,35,4,-0.20999999999999996,14,4.071428571428571,7.0,0.0,0.21428571428571427,0.42857142857142855,0,0.65215,0.2717507809597013,TN,LogisticRegression_B_undersampled
86540010e5dc9b770752b2f3b6ed582e,29425278,0,0.010752688172043012,25,214,5,0.6399999999999997,29,4.620689655172414,9.666666666666666,0.1724137931034483,0.3448275862068966,0.1724137931034483,0,0.3208666666666667,0.400809755327633,TN,LogisticRegression_B_undersampled
5d3e499daf49694a7a682a0e52836747,158005,1,0.034482758620689655,5,3304,5,0.9299999999999997,71,4.197183098591549,35.5,0.29577464788732394,0.18309859154929578,0.11267605633802817,1,0.7963,0.5936584816297577,TP,LogisticRegression_B_undersampled
5ba7d40df36fdd833140601dbf2b494d,82346,0,0.002967359050445104,8,568,4,0.6000000000000001,785,4.185987261146497,22.428571428571427,0.1859872611464968,0.21146496815286625,0.11847133757961784,1,0.21526857142857142,0.8368050540851864,FP,LogisticRegression_B_undersampled
913d8bacf0c9271ac07d15590694c765,82356,0,0.008368200836820083,8,576,3,-0.73,150,4.213333333333333,50.0,0.20666666666666667,0.12,0.23333333333333334,0,0.6244666666666666,0.49941772186714906,TN,LogisticRegression_B_undersampled
39010812cd839155b871fce784dcd3e3,25334576,0,0.002103049421661409,1,220,4,0.10000000000000009,40,4.975,6.666666666666667,0.15,0.275,0.2,1,0.2183833333333333,0.4125521380286619,TN,LogisticRegression_B_undersampled
d1864671ddad864dd852f4cfbec5d4cb,35606560,1,0.025559105431309903,33,24,4,-0.20999999999999996,37,4.72972972972973,7.4,0.1891891891891892,0.32432432432432434,0.05405405405405406,0,0.04188000000000003,0.47120851096283867,FN,LogisticRegression_B_undersampled
21679a75d97bf146e47e23d113453425,30312512,1,0.0641025641025641,33,126,3,-0.8599999999999999,14,3.7857142857142856,14.0,0.42857142857142855,0.2857142857142857,0.07142857142857142,0,0.3681,0.3328712964685209,FN,LogisticRegression_B_undersampled
6ad251257b7374a3f4290b44c4ba97e0,61049,1,0.037383177570093455,3,1059,5,0.6799999999999997,6,3.3333333333333335,6.0,0.6666666666666666,0.0,0.0,0,0.0,0.22657923585163067,FN,LogisticRegression_B_undersampled
3b8c1ed9ff5c4ed2c397083206970569,35606560,0,0.006389776357827476,3,21,5,0.79,126,3.9523809523809526,12.6,0.19047619047619047,0.2619047619047619,0.1111111111111111,0,0.38654,0.37168342282055533,TN,LogisticRegression_B_undersampled
c51dafad9d058969eba9edbabb307b31,34023590,1,0.0640176600441501,3,584,1,-2.53,415,4.098795180722892,10.921052631578947,0.2216867469879518,0.2,0.1710843373493976,1,-0.14092105263157895,0.6500792230983761,TP,LogisticRegression_B_undersampled
8ceeac4626949c2462d7132db91c3b77,34023590,0,0.002207505518763797,1,130,1,-2.53,42,4.357142857142857,10.5,0.21428571428571427,0.3333333333333333,0.047619047619047616,0,0.067325,0.3420407909972208,TN,LogisticRegression_B_undersampled
8d4f1a5435c74d1c28a4d920b5691986,2547,0,0.001594896331738437,1,2667,5,0.7699999999999996,201,4.17910447761194,18.272727272727273,0.21890547263681592,0.14427860696517414,0.15422885572139303,1,0.29504545454545456,0.6326542720895417,FP,LogisticRegression_B_undersampled
478842b04b15e4624782ce8b7bd6e4df,2547,0,0.001594896331738437,28,1775,4,-0.23000000000000043,502,4.03386454183267,16.193548387096776,0.17330677290836655,0.19721115537848605,0.10159362549800798,1,0.40024193548387094,0.8181599636353198,FP,LogisticRegression_B_undersampled
7b05c8c0d48d83407a3f27c0b0865706,25334576,0,0.0010515247108307045,3,370,4,0.10000000000000009,155,3.9290322580645163,17.22222222222222,0.1870967741935484,0.17419354838709677,0.21935483870967742,0,0.2838888888888889,0.3974469116634958,TN,LogisticRegression_B_undersampled
b61d8768438e63ffdb69d272c6feb773,25334576,0,0.0010515247108307045,1,430,4,0.10000000000000009,158,3.8797468354430378,22.571428571428573,0.21518987341772153,0.21518987341772153,0.1518987341772152,1,0.01335714285714287,0.5411189106632608,FP,LogisticRegression_B_undersampled
227bea1a205d753c9d4fe579d85e254c,215686,1,0.18032786885245902,36,1904,4,-0.05999999999999961,398,4.6457286432160805,33.166666666666664,0.12060301507537688,0.23618090452261306,0.19597989949748743,0,0.1718833333333333,0.7942116771548728,TP,LogisticRegression_B_undersampled
c4602848923dbcd145cf47fab22c4690,792712,1,0.06504065040650407,36,2458,3,-1.3200000000000003,495,4.8545454545454545,24.75,0.1696969696969697,0.2383838383838384,0.20404040404040405,1,-0.018795000000000023,0.8747566748007498,TP,LogisticRegression_B_undersampled
e374c829aa1b4c56d40341b9dd160238,1434,1,0.8016528925619835,2,835,5,0.9900000000000002,342,4.628654970760234,28.5,0.17251461988304093,0.25146198830409355,0.18421052631578946,0,0.22195,0.5823949360564133,TP,LogisticRegression_B_undersampled
73c1d2ef64cbb7bf1035d3db9d8620b8,25334576,0,0.0010515247108307045,3,241,1,-2.9,130,3.8,21.666666666666668,0.2153846153846154,0.19230769230769232,0.13846153846153847,0,0.0726,0.4242307361336306,TN,LogisticRegression_B_undersampled
465ddc513b5a1d504f54d376a7d8c4be,25334576,0,0.0010515247108307045,1,453,2,-1.9,83,4.240963855421687,10.375,0.26506024096385544,0.27710843373493976,0.08433734939759036,0,-0.07009999999999998,0.36672360424352074,TN,LogisticRegression_B_undersampled
c79b2a28eb3b89b2a90f44192adac0d8,150253,1,0.29577464788732394,42,705,5,0.6299999999999999,47,4.638297872340425,11.75,0.19148936170212766,0.2127659574468085,0.19148936170212766,0,0.407575,0.4910512221671794,FN,LogisticRegression_B_undersampled
28b49fb4f28f15599fddb3a3fec493a7,752868,1,0.07526881720430108,42,2262,4,0.52,17,4.352941176470588,8.5,0.11764705882352941,0.4117647058823529,0.11764705882352941,0,-0.05569999999999997,0.5950175668097597,TP,LogisticRegression_B_undersampled
79a8c821dc46b1bd3f747f7bcddf3320,45974,1,0.06612685560053981,42,2374,5,0.5,59,4.576271186440678,8.428571428571429,0.22033898305084745,0.22033898305084745,0.1864406779661017,0,0.10505714285714285,0.5801686681438203,TP,LogisticRegression_B_undersampled
92dab1624e08065710649d6dd7b1552c,27822,1,0.0440251572327044,42,2631,5,0.9100000000000001,9,5.222222222222222,4.5,0.0,0.1111111111111111,0.6666666666666666,0,0.27985,0.4977423797656433,FN,LogisticRegression_B_undersampled
1325e691a83001f52b6b297d605252d2,9639765,0,0.008547008547008548,11,70,3,-1.0499999999999998,170,4.864705882352941,17.0,0.16470588235294117,0.29411764705882354,0.1411764705882353,0,0.23365999999999998,0.46387434618847373,TN,LogisticRegression_B_undersampled
c654e8c858f1eab2346bd2390650f0f9,21413663,1,0.02666666666666667,11,1115,5,1.31,70,4.514285714285714,23.333333333333332,0.14285714285714285,0.24285714285714285,0.17142857142857143,0,0.054900000000000004,0.48880047052112036,FN,LogisticRegression_B_undersampled
a732e261fdcc2faa17facd7db038eea7,2547,0,0.001594896331738437,1,873,5,0.7699999999999996,25,4.56,8.333333333333334,0.12,0.28,0.24,0,0.32020000000000004,0.34116220327323843,TN,LogisticRegression_B_undersampled
abc96ca545894b9dfbb3d38edf73f7bf,34023590,1,0.03090507726269316,8,130,5,1.4700000000000002,68,3.6911764705882355,9.714285714285714,0.20588235294117646,0.19117647058823528,0.23529411764705882,0,-0.03904285714285712,0.33995799465502446,FN,LogisticRegression_B_undersampled
e86786e87966071bb4d99fc5ca24f3af,25784766,1,0.2463768115942029,8,130,5,1.37,7,4.714285714285714,7.0,0.2857142857142857,0.2857142857142857,0.0,0,0.0,0.3326883095002748,FN,LogisticRegression_B_undersampled
215e4143de367ffa7d63920ee98b7a23,7428663,0,0.016666666666666666,15,1020,5,0.7000000000000002,510,4.192156862745098,15.9375,0.19019607843137254,0.2235294117647059,0.12549019607843137,1,-0.00039374999999999827,0.7827824789504426,FP,LogisticRegression_B_undersampled
21d0c2488e91dbba1bbde0f0b1c1902f,82356,1,0.10460251046025104,21,2552,2,-1.73,383,3.5561357702349867,11.96875,0.2506527415143603,0.2584856396866841,0.10182767624020887,1,0.0574125,0.7555079466395772,TP,LogisticRegression_B_undersampled
e267925c16e777089f464192f8e98dfb,367802,1,0.3645320197044335,21,3617,3,-1.2000000000000002,265,4.479245283018868,17.666666666666668,0.2,0.24150943396226415,0.1169811320754717,1,0.021980000000000003,0.7898563323064314,TP,LogisticRegression_B_undersampled
cea856fcd3a21887239ef1f673fa803a,158005,0,0.011494252873563218,1,518,5,0.9299999999999997,66,4.7727272727272725,11.0,0.10606060606060606,0.3484848484848485,0.21212121212121213,0,0.5511166666666667,0.34252055601844655,TN,LogisticRegression_B_undersampled
b754631e571f58d45f6c63b4366bfad5,25334576,0,0.006309148264984227,2,367,4,0.10000000000000009,198,4.08080808080808,15.23076923076923,0.19696969696969696,0.25252525252525254,0.14646464646464646,1,-0.12159230769230771,0.5590677629282198,FP,LogisticRegression_B_undersampled
3f9837dd86be19604ef6b866c3a2441f,2547,0,0.001594896331738437,5,563,0,-4.23,11,5.090909090909091,11.0,0.09090909090909091,0.18181818181818182,0.36363636363636365,0,0.5106,0.32098147184256864,TN,LogisticRegression_B_undersampled
ad09ce7ff83e3ed14baf1e810a33d230,32810456,0,0.011764705882352941,4,343,3,-0.9900000000000002,81,3.753086419753086,13.5,0.20987654320987653,0.14814814814814814,0.18518518518518517,0,0.05028333333333334,0.37276937091045,TN,LogisticRegression_B_undersampled
57f00cb9df7af67f64278f2305fea053,21413663,0,0.006666666666666667,1,488,3,-0.69,21,4.380952380952381,21.0,0.23809523809523808,0.09523809523809523,0.23809523809523808,0,0.9081,0.2694953573982857,TN,LogisticRegression_B_undersampled
3b62933387aebdc41a1ab8b52523b05d,34023590,0,0.002207505518763797,1,132,1,-2.53,508,4.5137795275590555,23.09090909090909,0.2106299212598425,0.20275590551181102,0.17716535433070865,1,-0.01016818181818182,0.7039670880585417,FP,LogisticRegression_B_undersampled
2be57e602e31b924167d97dfa05ae0a9,29376835,1,0.022222222222222223,1,198,4,0.10000000000000009,16,4.0,16.0,0.1875,0.375,0.0,0,-0.8625,0.46332593962111546,FN,LogisticRegression_B_undersampled
a54d300570e0a823321b38de2e108cb5,25334576,0,0.0031545741324921135,3,294,4,0.10000000000000009,45,4.533333333333333,11.25,0.13333333333333333,0.2222222222222222,0.2,0,-0.15360000000000001,0.38840540559667674,TN,LogisticRegression_B_undersampled
2930a09cff47c1fd867667f9b426c1e4,78249,1,0.05263157894736842,15,520,5,1.21,760,4.480263157894737,28.14814814814815,0.16710526315789473,0.24473684210526317,0.1618421052631579,1,0.2234222222222222,0.8559396804877919,TP,LogisticRegression_B_undersampled
aed33ddd72972fd338a2043014e4c83e,2547,1,0.26953748006379585,3,3674,5,0.7699999999999996,108,4.212962962962963,18.0,0.17592592592592593,0.24074074074074073,0.2037037037037037,0,0.2578,0.5412483484164206,TP,LogisticRegression_B_undersampled
cfc1e55f4c21741c5434d1eef500d262,25334576,0,0.002103049421661409,1,353,3,-0.8999999999999999,36,4.527777777777778,18.0,0.25,0.08333333333333333,0.3055555555555556,0,0.34750000000000003,0.2918753327111798,TN,LogisticRegression_B_undersampled
7b29c9bb67684b361b96f02aa951133e,35606560,0,0.001597444089456869,4,91,5,0.79,43,4.325581395348837,14.333333333333334,0.13953488372093023,0.2558139534883721,0.18604651162790697,0,0.28099999999999997,0.3569837076659198,TN,LogisticRegression_B_undersampled
257589782a88f8bab5a68cebd9c66be9,35606560,0,0.003194888178913738,2,28,4,-0.20999999999999996,131,4.427480916030534,21.833333333333332,0.1450381679389313,0.2748091603053435,0.22900763358778625,0,0.0032000000000000084,0.4304718677571011,TN,LogisticRegression_B_undersampled
f83eace0bba244d72f3c3867a9e1c419,25784766,1,0.043478260869565216,8,333,2,-1.63,36,4.083333333333333,12.0,0.16666666666666666,0.3333333333333333,0.08333333333333333,0,0.05930000000000002,0.3878341407822211,FN,LogisticRegression_B_undersampled
6c74024d3567a376c2ec537370dc6a4a,32810456,1,0.058823529411764705,9,286,5,1.0099999999999998,139,4.129496402877698,11.583333333333334,0.20863309352517986,0.28776978417266186,0.14388489208633093,1,0.06745,0.5135800675640443,TP,LogisticRegression_B_undersampled
74f78d71ed1740fc3ea19e136f7781f1,150253,0,0.01056338028169014,5,3620,4,-0.3700000000000001,9,5.777777777777778,4.5,0.0,0.3333333333333333,0.3333333333333333,0,0.1806,0.5064968178302096,FP,LogisticRegression_B_undersampled
be6f7996e9409f975700e1350e26ac1b,48987,0,0.008032128514056224,1,641,1,-2.67,157,4.292993630573249,19.625,0.21019108280254778,0.1910828025477707,0.17834394904458598,0,-0.014275000000000003,0.4400890767033061,TN,LogisticRegression_B_undersampled
776bf0f0015a5f29a950dace75dc84a8,25334576,0,0.0010515247108307045,1,691,5,1.1,16,4.75,5.333333333333333,0.1875,0.25,0.1875,0,0.21203333333333332,0.311884598556491,TN,LogisticRegression_B_undersampled
f59d79a353782c5e40799f772598ca6f,82346,0,0.002967359050445104,1,31,4,0.6000000000000001,7,5.285714285714286,7.0,0.2857142857142857,0.2857142857142857,0.14285714285714285,0,0.4199,0.24052573265839267,TN,LogisticRegression_B_undersampled
e325b067861a35b4ed296652b822d31a,2547,0,0.001594896331738437,3,2765,4,-0.23000000000000043,77,4.7272727272727275,15.4,0.16883116883116883,0.2857142857142857,0.19480519480519481,1,0.47528000000000004,0.559600721111762,FP,LogisticRegression_B_undersampled
cf6ffd42b127a74141ce251b3dd2f40b,21413663,0,0.006666666666666667,1,692,5,1.31,771,4.54863813229572,22.02857142857143,0.12710765239948119,0.3009079118028534,0.13618677042801555,1,0.27856000000000003,0.8309028676729375,FP,LogisticRegression_B_undersampled
10b188ec06e8df1d3d20a6e2dc01869a,2547,0,0.009569377990430622,7,703,4,-0.23000000000000043,67,4.940298507462686,13.4,0.2537313432835821,0.19402985074626866,0.26865671641791045,0,0.43086,0.329236645575299,TN,LogisticRegression_B_undersampled
3b719ac1acba70ea7f05706101629b2e,197698,1,0.029411764705882353,23,845,4,-0.3200000000000003,377,4.641909814323608,23.5625,0.15384615384615385,0.2572944297082228,0.129973474801061,1,0.3335,0.7578195792909984,TP,LogisticRegression_B_undersampled
2f65167cd636beee592f4a9ecbcd47d5,25334576,0,0.00946372239747634,2,419,4,0.10000000000000009,33,4.0606060606060606,33.0,0.12121212121212122,0.2727272727272727,0.12121212121212122,0,0.7841,0.39283702727823583,TN,LogisticRegression_B_undersampled
a558a7121b2a640a412d0c88429fa3bf,32075857,1,0.07462686567164178,99,38,4,0.41999999999999993,34,4.117647058823529,34.0,0.14705882352941177,0.3235294117647059,0.058823529411764705,0,0.2808,0.7639978786818379,TP,LogisticRegression_B_undersampled
08d40f61faef81f4580a8e3115b0b8e7,158005,1,0.16091954022988506,99,1013,2,-2.0700000000000003,62,3.8548387096774195,31.0,0.22580645161290322,0.20967741935483872,0.0967741935483871,0,-0.04074999999999998,0.7988091406461566,TP,LogisticRegression_B_undersampled
e5f42062d653498128bb60f558dd9116,30312512,1,0.05128205128205128,4,361,1,-2.86,69,4.043478260869565,13.8,0.2028985507246377,0.21739130434782608,0.21739130434782608,0,-0.17058,0.3791606782506307,FN,LogisticRegression_B_undersampled
06faaf3ae03f87c9cb465c0641f71b88,25334576,1,0.0683491062039958,12,347,5,1.1,58,4.379310344827586,14.5,0.06896551724137931,0.29310344827586204,0.13793103448275862,0,-0.01577500000000001,0.46962641083552,FN,LogisticRegression_B_undersampled
b589e758c52a7cad213571b0e15b12b4,406373,0,0.0024449877750611247,2,827,3,-0.9700000000000002,574,4.20383275261324,20.5,0.17247386759581881,0.22822299651567945,0.1480836236933798,1,0.048046428571428566,0.770842550226477,FP,LogisticRegression_B_undersampled
3875144a991dbcd1e818dbe7618b6cd9,45974,0,0.001349527665317139,1,286,5,0.5,37,4.45945945945946,9.25,0.1891891891891892,0.21621621621621623,0.16216216216216217,0,0.0,0.35537190630934135,TN,LogisticRegression_B_undersampled
c88ee802965a27736e3b8d7e6beddc61,25784766,1,0.028985507246376812,1,370,1,-2.63,43,5.069767441860465,10.75,0.13953488372093023,0.2558139534883721,0.3488372093023256,0,0.17762499999999998,0.30900481574632366,FN,LogisticRegression_B_undersampled
398e7ff0de4134abd255abf2e6175c4b,12384,1,0.07792207792207792,1,323,5,1.0899999999999999,46,4.978260869565218,15.333333333333334,0.21739130434782608,0.2391304347826087,0.2391304347826087,0,0.12050000000000001,0.32910466900406976,FN,LogisticRegression_B_undersampled
abb5a47397a56bc24052646fbe62c4f6,25334576,0,0.0010515247108307045,1,759,4,0.10000000000000009,138,4.260869565217392,19.714285714285715,0.2028985507246377,0.2463768115942029,0.10869565217391304,0,-0.13458571428571428,0.4703541933125063,TN,LogisticRegression_B_undersampled
d26ea0d7c5bb71df742ac6f753abf839,24874364,1,0.07534246575342465,26,47,4,0.06999999999999984,445,4.341573033707865,18.541666666666668,0.18876404494382024,0.24269662921348314,0.1707865168539326,0,0.224275,0.6465539899120027,TP,LogisticRegression_B_undersampled
335427c54f910e8bfac5e58bad2bd62f,17333426,0,0.0037174721189591076,3,1112,5,0.8799999999999999,189,4.232804232804233,21.0,0.19047619047619047,0.20105820105820105,0.20634920634920634,0,0.46726666666666666,0.45258294657333126,TN,LogisticRegression_B_undersampled
a61ad4a4825ac4c92ed6064184d5f626,34023590,0,0.013245033112582781,3,203,5,1.4700000000000002,200,4.035,15.384615384615385,0.23,0.215,0.185,0,0.22823846153846156,0.3921111837267385,TN,LogisticRegression_B_undersampled
b28b67f2c1dca482a6d4be70a1a8ae9c,2262521,0,0.015625,5,1533,4,0.43999999999999995,76,4.565789473684211,15.2,0.18421052631578946,0.18421052631578946,0.19736842105263158,1,0.31623999999999997,0.5069560936249549,FP,LogisticRegression_B_undersampled
10575b0809ac8a5cc24822041704df54,27822,1,0.03773584905660377,2,1075,4,-0.08999999999999986,111,4.396396396396397,18.5,0.18018018018018017,0.25225225225225223,0.15315315315315314,0,-0.07543333333333335,0.46662234432708305,FN,LogisticRegression_B_undersampled
7a7c7c34f515a7a22704848161e968a1,16241798,1,0.08571428571428572,11,1613,5,0.8600000000000003,383,4.3054830287206265,38.3,0.16971279373368145,0.22193211488250653,0.1462140992167102,0,-0.041519999999999994,0.7321566097183113,TP,LogisticRegression_B_undersampled
d4e815e230a2385e38b38b165c4d1b47,28645638,1,0.8067226890756303,38,459,4,-0.16000000000000014,854,3.889929742388759,37.130434782608695,0.20725995316159251,0.23653395784543327,0.13700234192037472,1,-0.0016130434782608706,0.9255224606513021,TP,LogisticRegression_B_undersampled
eb8fa485c02926c28d26b3618f2ae3a3,17726051,1,0.8,38,1246,3,-0.16999999999999993,214,4.070093457943925,15.285714285714286,0.17757009345794392,0.2102803738317757,0.22897196261682243,0,0.10492857142857145,0.5938989157616575,TP,LogisticRegression_B_undersampled
0ebd0de0da4c23782a510a1b7f5060c4,9251506,1,1.0,38,2303,4,-0.09999999999999964,344,4.1395348837209305,13.23076923076923,0.2063953488372093,0.2005813953488372,0.1744186046511628,1,0.2179,0.782663824271428,TP,LogisticRegression_B_undersampled
68ec35aad543503e56285e4aa017d794,48987,1,0.7068273092369478,38,2406,2,-1.67,607,4.00823723228995,14.116279069767442,0.19769357495881384,0.23887973640856672,0.14991762767710048,1,-0.02814883720930233,0.8777648931042592,TP,LogisticRegression_B_undersampled
5596976a78a434bf6c65bdeab4407121,82346,0,0.002967359050445104,2,1034,2,-1.4,22,5.136363636363637,22.0,0.22727272727272727,0.22727272727272727,0.13636363636363635,0,0.3182,0.37079567149727055,TN,LogisticRegression_B_undersampled
14ce9b6befbce9f1aaace9405b5c3f07,150253,0,0.007042253521126761,1,964,5,0.6299999999999999,431,4.345707656612529,23.944444444444443,0.18097447795823665,0.20649651972157773,0.14385150812064965,1,0.08274444444444445,0.7280912312164061,FP,LogisticRegression_B_undersampled
caacd1e862c625d65ee9a823f39aac50,150253,0,0.0035211267605633804,6,416,5,0.6299999999999999,24,3.7083333333333335,24.0,0.16666666666666666,0.125,0.20833333333333334,0,0.3612,0.3828460136513657,TN,LogisticRegression_B_undersampled
b0a983c28d1ced4636e121db5e1e7c2e,25334576,0,0.002103049421661409,6,418,5,1.1,8,4.125,8.0,0.125,0.125,0.125,0,-0.1779,0.4030460794337746,TN,LogisticRegression_B_undersampled
f732fe6d8773f7eaeab2c626039917ec,35606560,1,0.07348242811501597,23,20,4,-0.20999999999999996,218,4.348623853211009,14.533333333333333,0.2018348623853211,0.21100917431192662,0.1559633027522936,0,0.18782666666666667,0.5113666148828088,TP,LogisticRegression_B_undersampled
52f0937c468f96686ba597060262fb55,82346,1,0.4035608308605341,5,660,3,-0.3999999999999999,17,4.764705882352941,17.0,0.17647058823529413,0.23529411764705882,0.11764705882352941,0,-0.6486,0.45925418494460557,FN,LogisticRegression_B_undersampled
2f75d9cb4894ac47ce6f888b0b8a6fba,2547,0,0.011164274322169059,5,75,3,-1.2300000000000004,71,4.577464788732394,14.2,0.19718309859154928,0.23943661971830985,0.18309859154929578,0,-0.3657,0.41437435723704474,TN,LogisticRegression_B_undersampled
d561dcaa13dad1b563bbc1b60ab929ef,430788,0,0.006289308176100629,1,2190,4,-0.08000000000000007,69,3.898550724637681,13.8,0.18840579710144928,0.21739130434782608,0.18840579710144928,0,0.40342,0.41061154082524787,TN,LogisticRegression_B_undersampled
64be35bffecc962bc872ebed09450863,61049,0,0.018691588785046728,2,1936,4,-0.3200000000000003,22,4.136363636363637,11.0,0.18181818181818182,0.36363636363636365,0.045454545454545456,1,-0.28575,0.57468888901285,FP,LogisticRegression_B_undersampled
3994ce6240f2ae7045ab3844607afcc4,35606560,0,0.003194888178913738,1,111,3,-1.21,71,3.6619718309859155,23.666666666666668,0.14084507042253522,0.19718309859154928,0.22535211267605634,0,0.6039333333333333,0.3515684012191013,TN,LogisticRegression_B_undersampled
140200575a7ec859c6693e267a14f309,2547,0,0.001594896331738437,4,2518,5,0.7699999999999996,125,3.632,17.857142857142858,0.24,0.184,0.176,0,0.2583142857142858,0.4781959780194933,TN,LogisticRegression_B_undersampled
c39a719056c2015f56bbfb7da135e083,29376835,1,0.07555555555555556,2,263,4,0.10000000000000009,131,4.374045801526718,16.375,0.1984732824427481,0.2900763358778626,0.10687022900763359,0,0.37165,0.38876205654184937,FN,LogisticRegression_B_undersampled
cb62cd641d61d3ae620b50586d39a5e2,1434,0,0.01652892561983471,42,401,5,0.9900000000000002,241,4.269709543568465,16.066666666666666,0.14937759336099585,0.3112033195020747,0.14107883817427386,1,0.23752,0.713899862471978,FP,LogisticRegression_B_undersampled
91a96059144c5ef840b01bacd6ffa5b0,9583799,0,0.007936507936507936,1,2519,4,0.1200000000000001,41,4.585365853658536,13.666666666666666,0.1951219512195122,0.21951219512195122,0.14634146341463414,1,0.5957,0.5001765759279239,FP,LogisticRegression_B_undersampled
976d7178a50a86d85e9d68ca1c7cc4f5,24874364,1,0.02054794520547945,48,857,3,-0.9300000000000002,66,4.5606060606060606,16.5,0.18181818181818182,0.19696969696969696,0.22727272727272727,0,0.11000000000000001,0.562043824109588,TP,LogisticRegression_B_undersampled
0eb4679c5a73091b70064636ca10824d,24874339,1,0.23423423423423423,48,887,4,0.3900000000000001,292,4.428082191780822,22.46153846153846,0.1917808219178082,0.2602739726027397,0.11643835616438356,1,0.24027692307692308,0.7744062026707784,TP,LogisticRegression_B_undersampled
d97f503fffb6f695b48adce59cdcdb36,21413663,0,0.013333333333333334,48,932,0,-3.69,2,6.0,2.0,0.0,1.0,0.0,0,0.4019,0.5537144294540014,FP,LogisticRegression_B_undersampled
98d325734c5880f24d599f2b24ef15bd,21413663,0,0.006666666666666667,1,1020,5,1.31,373,4.777479892761394,18.65,0.14745308310991956,0.2761394101876676,0.2064343163538874,0,0.26689999999999997,0.5604343236446457,FP,LogisticRegression_B_undersampled
9de018017ca0b82c5f2427a304b12ec4,45287,1,0.9514563106796117,14,2116,5,0.71,688,4.582848837209302,15.28888888888889,0.14825581395348839,0.24854651162790697,0.17151162790697674,1,-0.005677777777777779,0.867069762868098,TP,LogisticRegression_B_undersampled
74d604027f4ccffdf3f7ffa079cb1742,197698,1,0.25,37,353,4,-0.3200000000000003,65,4.369230769230769,16.25,0.18461538461538463,0.27692307692307694,0.18461538461538463,0,0.34115,0.48617100897049337,FN,LogisticRegression_B_undersampled
9cdb49c57a8b748456030eac3d690ba5,2547,0,0.001594896331738437,1,768,5,0.7699999999999996,32,4.28125,16.0,0.125,0.25,0.25,0,0.4221,0.3515028983102576,TN,LogisticRegression_B_undersampled
d34ae28186029d9af53b27fee5cd3569,27822,1,0.025157232704402517,2,1276,3,-1.0899999999999999,117,4.0256410256410255,16.714285714285715,0.19658119658119658,0.2222222222222222,0.18803418803418803,0,-0.020442857142857145,0.4484019952025522,FN,LogisticRegression_B_undersampled
2e67a0f66f7f921832d009d58afc452d,32810456,1,0.023529411764705882,1,305,5,1.0099999999999998,11,3.5454545454545454,5.5,0.18181818181818182,0.2727272727272727,0.18181818181818182,0,0.0,0.30657378466350743,FN,LogisticRegression_B_undersampled
cbeba98b284b8f3466340e489123e089,25784766,0,0.014492753623188406,1,580,2,-1.63,78,4.461538461538462,15.6,0.08974358974358974,0.2948717948717949,0.16666666666666666,0,-0.13368,0.44271990912684994,TN,LogisticRegression_B_undersampled
6434dfa3f10af49bb9c382a2b15f5fdd,78249,0,0.010526315789473684,7,134,5,1.21,160,4.625,22.857142857142858,0.14375,0.2375,0.23125,1,0.5894571428571428,0.5088000227285182,FP,LogisticRegression_B_undersampled
09cd33f676eb6904bb05420af783ad2d,45287,0,0.009708737864077669,7,392,5,0.71,593,4.463743676222597,21.962962962962962,0.1399662731871838,0.2563237774030354,0.19224283305227655,1,0.2541555555555555,0.7737975169672981,FP,LogisticRegression_B_undersampled
462882e44236cd3dd67b2819f8e57cf7,768496,0,0.015151515151515152,1,373,4,-0.09999999999999964,468,4.367521367521367,16.714285714285715,0.19658119658119658,0.24572649572649571,0.15598290598290598,1,0.09022500000000001,0.6838239996188115,FP,LogisticRegression_B_undersampled
59d85f6af78989af48a0687e8972b708,27822,0,0.006289308176100629,1,1392,3,-1.0899999999999999,33,4.363636363636363,8.25,0.15151515151515152,0.18181818181818182,0.24242424242424243,0,0.3814000000000001,0.34943167404219244,TN,LogisticRegression_B_undersampled
6c884c569d31a79a4ded463081ae9992,2547,0,0.001594896331738437,3,2012,4,-0.23000000000000043,12,4.333333333333333,12.0,0.3333333333333333,0.08333333333333333,0.3333333333333333,0,0.4939,0.28589191212212134,TN,LogisticRegression_B_undersampled
0bac5ed1ac72c4ed6d904fa7ee31d85d,25784766,1,0.2753623188405797,13,700,4,0.3700000000000001,247,3.8785425101214575,14.529411764705882,0.21052631578947367,0.21862348178137653,0.14979757085020243,1,0.2177235294117647,0.5928883683140047,TP,LogisticRegression_B_undersampled
ce2e62f80857be9f96fcaaa00cec2998,2547,0,0.001594896331738437,13,759,4,-0.23000000000000043,430,4.21860465116279,25.294117647058822,0.1883720930232558,0.20930232558139536,0.13023255813953488,1,0.3001058823529412,0.7407002321936141,FP,LogisticRegression_B_undersampled
7592f1c0ab9f74e5aa154f7e600adfd0,2262521,0,0.005208333333333333,1,2232,3,-0.56,41,3.975609756097561,20.5,0.21951219512195122,0.0975609756097561,0.21951219512195122,0,0.82395,0.35768755317645223,TN,LogisticRegression_B_undersampled
095403972121cce64cf328d36a62335d,17788340,0,0.019417475728155338,85,1638,5,0.29000000000000004,105,4.314285714285714,10.5,0.17142857142857143,0.37142857142857144,0.12380952380952381,1,-0.13661,0.83186651415519,FP,LogisticRegression_B_undersampled
7a11aff57e1d3e5a7dd8ded52eef8707,34023590,0,0.004415011037527594,1,21,3,-0.5299999999999998,308,4.308441558441558,14.666666666666666,0.17857142857142858,0.2532467532467532,0.21428571428571427,1,0.20786666666666664,0.5474722722191573,FP,LogisticRegression_B_undersampled
71fe2a0fbaca62a24ceff14e44a2ac09,35606560,0,0.01757188498402556,9,17,5,0.79,41,4.560975609756097,13.666666666666666,0.2926829268292683,0.14634146341463414,0.1951219512195122,0,0.5216666666666666,0.2921472062152737,TN,LogisticRegression_B_undersampled
23f9d4a23ab6dabb6687b31998c6dacd,25334576,0,0.002103049421661409,4,652,4,0.10000000000000009,18,3.2777777777777777,9.0,0.2222222222222222,0.16666666666666666,0.16666666666666666,0,-0.3389,0.3653265428873453,TN,LogisticRegression_B_undersampled
ae4bfa17b6bc9778f9a39df349651ecc,45974,0,0.006747638326585695,1,1967,5,0.5,73,3.780821917808219,14.6,0.2876712328767123,0.136986301369863,0.1917808219178082,0,0.5283800000000001,0.36360847189910395,TN,LogisticRegression_B_undersampled
c301b4d118832c4eb7a06884a50760f9,21413663,0,0.006666666666666667,8,690,4,0.31000000000000005,238,4.277310924369748,14.0,0.1722689075630252,0.25210084033613445,0.16806722689075632,1,0.11851176470588234,0.5915236019701872,FP,LogisticRegression_B_undersampled
0d87dd4bf2df1a8692fc2a473c2c5793,17333426,0,0.011152416356877323,2,730,4,-0.1200000000000001,109,4.110091743119266,8.384615384615385,0.1834862385321101,0.24770642201834864,0.2018348623853211,1,0.22217692307692308,0.4647966575973008,TN,LogisticRegression_B_undersampled
86e2570dbba96d1153d45e753b524ddb,34023590,0,0.004415011037527594,5,136,0,-3.53,62,4.129032258064516,8.857142857142858,0.1774193548387097,0.22580645161290322,0.1774193548387097,1,0.050871428571428554,0.4420888285492065,TN,LogisticRegression_B_undersampled
a7c10866a032b5a28965f3296ec99097,45974,0,0.004048582995951417,5,119,3,-1.5,304,3.9473684210526314,13.217391304347826,0.19736842105263158,0.1875,0.1611842105263158,1,0.0975217391304348,0.6009738725465581,FP,LogisticRegression_B_undersampled
b43efe244c37297731c7b0335b54e313,30312512,1,0.02564102564102564,2,110,4,0.14000000000000012,11,4.2727272727272725,11.0,0.2727272727272727,0.09090909090909091,0.18181818181818182,0,0.2716,0.2772678900427752,FN,LogisticRegression_B_undersampled
118ed87a87aa681d8e93df651c03c592,17333426,0,0.007434944237918215,1,533,4,-0.1200000000000001,67,4.074626865671642,22.333333333333332,0.19402985074626866,0.22388059701492538,0.1791044776119403,0,0.7648666666666667,0.33808224674147697,TN,LogisticRegression_B_undersampled
0da138ecaf7c53675d5f92ce8715b23d,670257,1,1.0,20,388,5,0.9900000000000002,248,4.641129032258065,27.555555555555557,0.1975806451612903,0.24193548387096775,0.1532258064516129,0,0.43526666666666664,0.5545946552340699,TP,LogisticRegression_B_undersampled
163e903998dc78115199c96cc6e7d71c,14706,1,0.03076923076923077,20,415,5,1.0699999999999998,62,5.096774193548387,12.4,0.12903225806451613,0.2903225806451613,0.1935483870967742,0,-0.05673999999999999,0.4660028542279392,FN,LogisticRegression_B_undersampled
3690fe8213fd9ca5ba127cfd06e632e5,535734,1,0.38181818181818183,20,416,4,0.06000000000000005,55,4.4,18.333333333333332,0.18181818181818182,0.21818181818181817,0.14545454545454545,0,0.23823333333333332,0.4443845651826661,FN,LogisticRegression_B_undersampled
b116c346e9fae6b1c4a78578c643a43d,25334576,0,0.0010515247108307045,8,306,5,1.1,124,4.395161290322581,20.666666666666668,0.18548387096774194,0.23387096774193547,0.1935483870967742,0,0.29945,0.4156042935211331,TN,LogisticRegression_B_undersampled
d95294443f2565cae5b4f98558e6d34d,48987,0,0.012048192771084338,8,973,3,-0.6699999999999999,185,4.410810810810811,20.555555555555557,0.1891891891891892,0.21081081081081082,0.17297297297297298,0,0.35353333333333337,0.4742458754409112,TN,LogisticRegression_B_undersampled
0570c620d8b462acc94b97845648373e,29376835,0,0.013333333333333334,1,201,5,1.1,58,4.517241379310345,7.25,0.1896551724137931,0.3275862068965517,0.15517241379310345,0,0.19619999999999999,0.32046709526904776,TN,LogisticRegression_B_undersampled
04446eb003bdbcb06e932fcd41b552af,34023590,1,0.2847682119205298,5,193,3,-0.5299999999999998,243,4.05761316872428,17.357142857142858,0.26337448559670784,0.18518518518518517,0.15637860082304528,0,-0.17723571428571425,0.46441449349475955,FN,LogisticRegression_B_undersampled
2b4af1471b9e87e8baeb2f6c736c5a53,45287,0,0.009708737864077669,20,2018,3,-1.29,384,4.3359375,14.222222222222221,0.18229166666666666,0.23697916666666666,0.18229166666666666,0,0.2286,0.6703893459311854,FP,LogisticRegression_B_undersampled
c3d049f67a0bd974e92539a9b46f64d6,35606560,0,0.007987220447284345,10,24,4,-0.20999999999999996,138,4.268115942028985,11.5,0.18840579710144928,0.2463768115942029,0.13768115942028986,0,0.25538333333333335,0.40990622464237975,TN,LogisticRegression_B_undersampled
3a5d521457ddc71b98da84bed99a0489,35606560,0,0.001597444089456869,3,85,4,-0.20999999999999996,14,4.428571428571429,7.0,0.21428571428571427,0.21428571428571427,0.21428571428571427,0,0.1703,0.2921498385173231,TN,LogisticRegression_B_undersampled
d7816a1453c2135944bab1515876a870,24874364,1,0.03424657534246575,2,921,5,1.0699999999999998,45,3.8,11.25,0.24444444444444444,0.13333333333333333,0.2,0,0.5054,0.30569302609317384,FN,LogisticRegression_B_undersampled
eeec4d6c06266dce62e4e51259f75a99,9639765,0,0.008547008547008548,12,177,5,0.9500000000000002,76,3.5921052631578947,19.0,0.14473684210526316,0.32894736842105265,0.14473684210526316,1,0.33682500000000004,0.5092599284999582,FP,LogisticRegression_B_undersampled
7f9292c351ed96b10f8a3fced28a29f1,2547,0,0.001594896331738437,1,441,4,-0.23000000000000043,78,3.9743589743589745,8.666666666666666,0.23076923076923078,0.15384615384615385,0.2948717948717949,0,0.07006666666666667,0.3158609204115403,TN,LogisticRegression_B_undersampled
3a85e3e9eadfdeae0646f6ddd743f893,2547,0,0.004784688995215311,3,1860,5,0.7699999999999996,16,5.0625,8.0,0.125,0.3125,0.125,0,0.26335,0.4223234317910354,TN,LogisticRegression_B_undersampled
4dbdfe84228b97bb56252c5ea8fc078d,2547,0,0.001594896331738437,2,224,5,0.7699999999999996,28,5.214285714285714,9.333333333333334,0.10714285714285714,0.21428571428571427,0.25,0,0.4927333333333334,0.320790605451656,TN,LogisticRegression_B_undersampled
5bc8a24d238b337ce0ade82e25bfba34,35606560,0,0.001597444089456869,1,7,2,-2.21,244,4.188524590163935,14.352941176470589,0.1598360655737705,0.26229508196721313,0.1598360655737705,1,0.1579176470588235,0.5558287391553259,FP,LogisticRegression_B_undersampled
35024afddde7a8fc7157d88b61736a05,35606560,0,0.001597444089456869,54,112,4,-0.20999999999999996,90,4.111111111111111,18.0,0.2111111111111111,0.18888888888888888,0.2,0,0.14085999999999999,0.5635624558608535,FP,LogisticRegression_B_undersampled
9dafb8631024489fc13d68e104f8cfc0,25334576,0,0.002103049421661409,4,657,4,0.10000000000000009,26,4.0,13.0,0.3076923076923077,0.23076923076923078,0.07692307692307693,0,0.0,0.3436636765792795,TN,LogisticRegression_B_undersampled
6787c43c0ab02ce1f4f3d21d75583410,2262521,0,0.005208333333333333,13,2080,3,-0.56,43,5.395348837209302,14.333333333333334,0.11627906976744186,0.27906976744186046,0.23255813953488372,1,0.13396666666666665,0.5814855384609069,FP,LogisticRegression_B_undersampled
e8e21e98fc1b04f6286ce55879d32c62,7428663,0,0.016666666666666666,13,2084,2,-2.3,397,4.586901763224182,19.85,0.16624685138539042,0.25692695214105793,0.14609571788413098,1,0.113245,0.7767007660402284,FP,LogisticRegression_B_undersampled
a084dedfa8122bd3f10a82241b2695d6,25334576,0,0.004206098843322818,3,765,4,0.10000000000000009,47,4.553191489361702,7.833333333333333,0.1702127659574468,0.23404255319148937,0.2553191489361702,0,0.07128333333333334,0.3458488262200215,TN,LogisticRegression_B_undersampled
3ddf0a203f51c1f81535ffcb2d65de98,25334576,0,0.005257623554153523,1,829,3,-0.8999999999999999,194,4.489690721649485,24.25,0.13402061855670103,0.33505154639175255,0.13917525773195877,0,0.13244999999999996,0.5139881958167286,FP,LogisticRegression_B_undersampled
d057821b85d051455410e5ea475ea9d0,394424,0,0.014492753623188406,1,1622,3,-1.2300000000000004,262,4.0458015267175576,13.789473684210526,0.1984732824427481,0.2099236641221374,0.10305343511450382,1,0.13514210526315792,0.6367886339370904,FP,LogisticRegression_B_undersampled
d0186e5d3f96a423f466fdc3f572e32a,367802,0,0.014778325123152709,2,1919,5,0.7999999999999998,467,4.117773019271948,16.103448275862068,0.21199143468950749,0.22055674518201285,0.13062098501070663,1,0.194148275862069,0.7352994418877501,FP,LogisticRegression_B_undersampled
bac20273e6198394ea77c16672efb564,158005,1,0.034482758620689655,5,2707,0,-4.07,3,5.333333333333333,3.0,0.3333333333333333,0.3333333333333333,0.0,0,-0.1027,0.42034280198208046,FN,LogisticRegression_B_undersampled
924139730454568dca5ecbc2077f3cd0,25334576,0,0.004206098843322818,16,447,4,0.10000000000000009,205,4.034146341463415,14.642857142857142,0.24878048780487805,0.2634146341463415,0.1024390243902439,1,0.004078571428571399,0.5927774567518141,FP,LogisticRegression_B_undersampled
e79036c43922a017553602387a171ac7,2547,0,0.003189792663476874,1,491,5,0.7699999999999996,18,5.0,6.0,0.2777777777777778,0.2222222222222222,0.2222222222222222,0,0.4543,0.2565428350781198,TN,LogisticRegression_B_undersampled
9b77a874e7940e06c9d7748fc48e623e,2547,0,0.006379585326953748,5,1775,5,0.7699999999999996,14,3.4285714285714284,7.0,0.21428571428571427,0.14285714285714285,0.14285714285714285,0,0.329,0.36675107313805844,TN,LogisticRegression_B_undersampled
a1afb015a5e59843bfa9e61eec10f230,2547,0,0.001594896331738437,1,677,3,-1.2300000000000004,127,4.267716535433071,14.11111111111111,0.18110236220472442,0.2204724409448819,0.13385826771653545,1,0.27588888888888885,0.5120601367098178,FP,LogisticRegression_B_undersampled
8a0550740c0a97984daa7ae4f756788f,2547,0,0.001594896331738437,2,2386,4,-0.23000000000000043,63,4.0,12.6,0.19047619047619047,0.2222222222222222,0.15873015873015872,0,0.11054000000000001,0.4554780866547552,TN,LogisticRegression_B_undersampled
edc59b852b3bd32b7e8b280968329e34,35606560,0,0.001597444089456869,1,45,5,0.79,55,3.581818181818182,18.333333333333332,0.18181818181818182,0.2545454545454545,0.10909090909090909,0,0.3060333333333334,0.35798828411280237,TN,LogisticRegression_B_undersampled
513133104cc4ffd007268898e7aef3af,2262521,0,0.005208333333333333,2,2131,4,0.43999999999999995,3,4.0,3.0,0.3333333333333333,0.3333333333333333,0.0,0,0.0,0.3484520834287235,TN,LogisticRegression_B_undersampled
56c4071ecc0cb5e5a9be9532541c2297,75504,0,0.01639344262295082,1,630,5,0.7199999999999998,116,4.456896551724138,14.5,0.16379310344827586,0.31896551724137934,0.1206896551724138,1,0.12272500000000001,0.5271162040586591,FP,LogisticRegression_B_undersampled
884f4a3397b6aeb651e91a42b19a1abc,45974,1,0.1106612685560054,1,1601,5,0.5,2005,4.462344139650873,15.542635658914728,0.1885286783042394,0.21795511221945138,0.15012468827930175,0,-0.02815736434108527,0.9826216913398027,TP,LogisticRegression_B_undersampled
8d39912031a70ac63ad2f0310e5241a2,35606560,0,0.003194888178913738,3,17,3,-1.21,70,3.8142857142857145,17.5,0.15714285714285714,0.14285714285714285,0.3,0,0.27275,0.34092684568146997,TN,LogisticRegression_B_undersampled
98a13be98c8d9faf383f0ee8a3d376dc,45974,0,0.001349527665317139,1,1347,5,0.5,84,4.726190476190476,16.8,0.19047619047619047,0.2261904761904762,0.13095238095238096,1,0.04556000000000001,0.5574048000643742,FP,LogisticRegression_B_undersampled
b477c3e62a4b320c6e2d39964022a9bf,2262521,0,0.005208333333333333,6,667,3,-0.56,201,5.0497512437810945,50.25,0.10945273631840796,0.263681592039801,0.23383084577114427,1,0.25782499999999997,0.6880519292516082,FP,LogisticRegression_B_undersampled
186bae36802802860e93575fd62c9e96,25784766,1,0.043478260869565216,2,668,1,-2.63,135,4.377777777777778,19.285714285714285,0.1925925925925926,0.2,0.17777777777777778,0,0.13804285714285716,0.4248830615171301,FN,LogisticRegression_B_undersampled
ee67daabdad9c590f69b2f946935f84f,430788,1,0.025157232704402517,2,279,5,0.9199999999999999,596,4.75503355704698,16.555555555555557,0.16946308724832215,0.28187919463087246,0.14261744966442952,0,0.09038888888888888,0.6717758834415075,TP,LogisticRegression_B_undersampled
57a390c94bfe794b526cbd43dfe0040e,32810456,0,0.011764705882352941,1,335,5,1.0099999999999998,32,4.03125,10.666666666666666,0.1875,0.125,0.15625,0,0.4289,0.31526336863607274,TN,LogisticRegression_B_undersampled
278c732ba3c5c2c7d489de65f0f11218,35606560,0,0.003194888178913738,5,28,3,-1.21,23,4.0,23.0,0.21739130434782608,0.2608695652173913,0.30434782608695654,0,0.784,0.2713697735073745,TN,LogisticRegression_B_undersampled
5508f6b9167d70555991f2b75d29014d,2547,0,0.004784688995215311,2,437,1,-3.2300000000000004,520,4.35,12.682926829268293,0.17884615384615385,0.23076923076923078,0.1576923076923077,1,0.14695853658536584,0.7076409298255281,FP,LogisticRegression_B_undersampled
b6f13d2b60acb3564e526d6a5d5fe7cc,25784766,0,0.014492753623188406,5,456,2,-1.63,90,4.5,15.0,0.2222222222222222,0.2,0.16666666666666666,1,-0.2832,0.5160958101170914,FP,LogisticRegression_B_undersampled
96ad81853e7007dc1758dadc53b485f1,78249,0,0.010526315789473684,2,473,3,-0.79,276,4.260869565217392,17.25,0.18840579710144928,0.2644927536231884,0.13043478260869565,0,0.3366625,0.47800818516290505,TN,LogisticRegression_B_undersampled
0e2eea86469afca0353098240a0939c2,24874364,1,0.08904109589041095,15,695,5,1.0699999999999998,173,4.184971098265896,15.727272727272727,0.1907514450867052,0.2658959537572254,0.12716763005780346,1,0.2908545454545454,0.5801035859338378,TP,LogisticRegression_B_undersampled
970e418835be7fa75561fa581f3e4b8b,35606560,1,0.03035143769968051,1,13,5,0.79,76,4.368421052631579,12.666666666666666,0.19736842105263158,0.23684210526315788,0.2631578947368421,0,0.21328333333333335,0.31759036000418045,FN,LogisticRegression_B_undersampled
f58324b43359c872f9e954ca9512db49,61049,0,0.009345794392523364,2,403,5,0.6799999999999997,23,3.8260869565217392,5.75,0.30434782608695654,0.17391304347826086,0.17391304347826086,0,0.37825,0.2602145231478619,TN,LogisticRegression_B_undersampled
fad119d100d8b42d13a751adcba03269,17726051,0,0.011764705882352941,2,1246,0,-3.17,31,3.870967741935484,10.333333333333334,0.25806451612903225,0.12903225806451613,0.22580645161290322,0,-0.14166666666666666,0.33924742667662533,TN,LogisticRegression_B_undersampled
042b798734ea135f66fe9a84bf8216bd,17788340,1,0.2524271844660194,2,1579,5,0.29000000000000004,368,4.426630434782608,11.870967741935484,0.19293478260869565,0.22826086956521738,0.16032608695652173,1,0.02402903225806452,0.6919633763089638,TP,LogisticRegression_B_undersampled
3ebd8b91b902fabcf25bb3210b3e3f14,35606560,0,0.001597444089456869,2,47,4,-0.20999999999999996,60,4.05,8.571428571428571,0.21666666666666667,0.18333333333333332,0.25,1,0.5710285714285714,0.354848116385757,TN,LogisticRegression_B_undersampled
afbced408d7ad1cfb811be2f3b90e46b,367802,0,0.0049261083743842365,1,2055,5,0.7999999999999998,9,3.6666666666666665,9.0,0.1111111111111111,0.4444444444444444,0.0,0,0.296,0.4390376878341759,TN,LogisticRegression_B_undersampled
8fbfbb309ea29e8351f0098c4fbf25f2,82346,0,0.002967359050445104,1,288,3,-0.3999999999999999,21,5.190476190476191,5.25,0.23809523809523808,0.2857142857142857,0.09523809523809523,1,0.21184999999999998,0.3822514341037922,TN,LogisticRegression_B_undersampled
f343351ec375185977ce9ea6da6f4c2e,45974,0,0.001349527665317139,6,88,5,0.5,10,4.3,10.0,0.2,0.3,0.0,0,0.5859,0.33411273334006714,TN,LogisticRegression_B_undersampled
d8079c7053954335b551be76f15237b3,2547,0,0.001594896331738437,3,2153,3,-1.2300000000000004,160,4.5375,40.0,0.15625,0.21875,0.2,1,0.7367750000000001,0.6456563522862164,FP,LogisticRegression_B_undersampled
da49fd0f28a59d3073793400620ef4f8,21413663,0,0.006666666666666667,1,149,3,-0.69,100,4.17,14.285714285714286,0.2,0.25,0.13,0,0.24187142857142857,0.3586315490953377,TN,LogisticRegression_B_undersampled
3b6a88f4b3e352bce5e5419cb1493913,78249,1,0.021052631578947368,2,1422,0,-3.79,15,3.4,15.0,0.4,0.2,0.06666666666666667,0,-0.0516,0.33478693098707696,FN,LogisticRegression_B_undersampled
22a2755fec992975b1d0e5f72cf85305,24874339,1,0.04504504504504504,14,798,3,-0.6099999999999999,167,4.2395209580838324,16.7,0.17964071856287425,0.17964071856287425,0.18562874251497005,0,0.11224999999999999,0.4883600592972023,FN,LogisticRegression_B_undersampled
236b24c25472cb737a4e7a99ad746ed8,35606560,0,0.01597444089456869,2,24,4,-0.20999999999999996,39,4.230769230769231,39.0,0.1282051282051282,0.23076923076923078,0.1794871794871795,1,0.3612,0.5305193609872055,FP,LogisticRegression_B_undersampled
e1d53b37550c6184d021f1185ef8bc9c,17788340,1,0.06796116504854369,1,1438,4,-0.71,209,4.028708133971292,11.61111111111111,0.23923444976076555,0.2535885167464115,0.1339712918660287,0,-0.04908888888888889,0.49446691811292176,FN,LogisticRegression_B_undersampled
cd28c03815c1dc0e88ebe36eea9d212e,35606560,0,0.001597444089456869,6,112,5,0.79,105,3.876190476190476,17.5,0.23809523809523808,0.2,0.2,0,0.4124666666666667,0.34892829274728515,TN,LogisticRegression_B_undersampled
a177ba4d8c28710d6087611146ec4466,30312512,0,0.01282051282051282,6,231,3,-0.8599999999999999,35,4.571428571428571,11.666666666666666,0.2571428571428571,0.17142857142857143,0.3142857142857143,0,0.6025999999999999,0.25407145877426024,TN,LogisticRegression_B_undersampled
b6d831a9f8d9c4976c26448eba9ba4be,25784766,1,0.043478260869565216,1,560,3,-0.6299999999999999,178,4.264044943820225,16.181818181818183,0.20224719101123595,0.2247191011235955,0.14606741573033707,0,-0.05906363636363636,0.447643500391388,FN,LogisticRegression_B_undersampled
4044fa86da5d90cb71e1bd4f416170b2,82346,0,0.002967359050445104,6,130,4,0.6000000000000001,1390,4.570503597122302,25.272727272727273,0.16258992805755396,0.260431654676259,0.17194244604316547,1,0.1551690909090909,0.9471151933633519,FP,LogisticRegression_B_undersampled
b4960492fcaf784d5141e90e0317a47f,82356,0,0.0041841004184100415,6,879,4,0.27,565,4.493805309734514,24.565217391304348,0.16106194690265488,0.23893805309734514,0.15752212389380532,1,0.1645478260869565,0.7809411724305052,FP,LogisticRegression_B_undersampled
88e0dc060d2c893f7940302229cd19e3,874560,1,1.0,21,826,5,0.8899999999999997,1051,4.468125594671741,16.682539682539684,0.20456707897240722,0.2159847764034253,0.1845861084681256,1,0.10142380952380954,0.9155287076384544,TP,LogisticRegression_B_undersampled
bd7f1397ff401f535e972040416e7b32,24874364,1,0.4863013698630137,21,851,4,0.06999999999999984,439,4.763097949886105,48.77777777777778,0.15261958997722094,0.2642369020501139,0.15034168564920272,0,0.42115555555555556,0.7560303729832984,TP,LogisticRegression_B_undersampled
044dafc91cb22ead67e25d0bb9ac26fb,792712,1,0.04065040650406504,3,492,5,0.6799999999999997,35,4.257142857142857,35.0,0.05714285714285714,0.34285714285714286,0.17142857142857143,0,0.6705,0.4395211065202802,FN,LogisticRegression_B_undersampled
dc59db7f9363a91a119e7b3148755493,14706,0,0.005128205128205128,1,1374,2,-1.9300000000000002,36,4.555555555555555,18.0,0.2222222222222222,0.25,0.1388888888888889,0,0.16455,0.3959391765003717,TN,LogisticRegression_B_undersampled
4962616ba3ff5c70dd15e188dd3d13b9,158005,1,0.022988505747126436,2,2102,4,-0.07000000000000028,77,4.181818181818182,15.4,0.2077922077922078,0.23376623376623376,0.16883116883116883,0,0.55458,0.4045118315991267,FN,LogisticRegression_B_undersampled
704a1382adf721eebdc09bd2cebf5104,24407,0,0.015873015873015872,1,2325,4,-0.08999999999999986,32,3.96875,8.0,0.21875,0.25,0.21875,0,0.288225,0.3648118156638762,TN,LogisticRegression_B_undersampled
642344235bc95cf169f296b571fa1ca0,535734,0,0.01818181818181818,1,2259,4,0.06000000000000005,29,4.793103448275862,9.666666666666666,0.1724137931034483,0.20689655172413793,0.2413793103448276,1,0.09746666666666666,0.5025444216853748,FP,LogisticRegression_B_undersampled
72fa80412a1c8d2bda0c8c3d0bbc09cc,16128045,1,0.09375,7,1807,5,0.5800000000000001,41,4.536585365853658,10.25,0.1951219512195122,0.24390243902439024,0.17073170731707318,1,0.2964,0.5106281230193538,TP,LogisticRegression_B_undersampled
75ab7dfb3756888870a823b6f02fcdba,792712,1,0.056910569105691054,44,3378,0,-4.32,12,4.5,4.0,0.4166666666666667,0.16666666666666666,0.16666666666666666,0,0.2083,0.4996695338518203,FN,LogisticRegression_B_undersampled
9ea94fd62db9e881ae7fa0d0fc31ff5a,61049,1,0.21495327102803738,6,775,4,-0.3200000000000003,866,4.20554272517321,16.339622641509433,0.18822170900692842,0.21478060046189376,0.1489607390300231,0,0.20143584905660378,0.8002807319233896,TP,LogisticRegression_B_undersampled
4dc1c87a3465bebfcf6332118516ffb9,25334576,1,0.10935856992639327,3,343,4,0.10000000000000009,414,3.9927536231884058,15.333333333333334,0.2391304347826087,0.23429951690821257,0.13043478260869565,0,-0.13985555555555554,0.5679551997376666,TP,LogisticRegression_B_undersampled
9abbef7c83e8fd66e4259a4a62fc95e1,2547,0,0.001594896331738437,1,1308,5,0.7699999999999996,116,4.267241379310345,19.333333333333332,0.13793103448275862,0.28448275862068967,0.12931034482758622,1,0.5467833333333333,0.5429301386854157,FP,LogisticRegression_B_undersampled
50cb1eb29f47cb3c7184702e90ebecef,27822,0,0.006289308176100629,5,2332,3,-1.0899999999999999,189,4.333333333333333,18.9,0.20105820105820105,0.20634920634920634,0.1693121693121693,1,0.23342000000000002,0.6332825359540549,FP,LogisticRegression_B_undersampled
f2e3a0adbdb8b940ce52e2f07690366d,2262521,0,0.005208333333333333,1,1979,5,1.44,4,4.25,4.0,0.0,0.25,0.25,0,0.0,0.4246554628887205,TN,LogisticRegression_B_undersampled
595b82cbe955b09147751ab11e5f0886,45287,0,0.019417475728155338,10,1287,5,0.71,33,4.393939393939394,16.5,0.15151515151515152,0.2727272727272727,0.24242424242424243,0,0.7065,0.3734688936730808,TN,LogisticRegression_B_undersampled
036145fc6a7e24861edd8401a39218d6,25784766,0,0.014492753623188406,1,596,2,-1.63,131,3.7480916030534353,11.909090909090908,0.22137404580152673,0.1984732824427481,0.22137404580152673,0,0.2324818181818182,0.3504743452670398,TN,LogisticRegression_B_undersampled
d08982cfbecc551bbb617fe388ca33ae,35606560,0,0.007987220447284345,2,20,3,-1.21,29,3.7586206896551726,7.25,0.1724137931034483,0.20689655172413793,0.2413793103448276,0,0.105375,0.3040594441144498,TN,LogisticRegression_B_undersampled
95470f7534890b0850c683d689ef26a1,752868,1,0.043010752688172046,5,370,3,-0.48,119,4.394957983193278,23.8,0.2184873949579832,0.17647058823529413,0.17647058823529413,1,0.8088999999999998,0.44929229766924134,FN,LogisticRegression_B_undersampled
da09c98d9f02128ca273e1ffb1a9ad34,82346,0,0.011869436201780416,20,302,2,-1.4,24,3.9166666666666665,8.0,0.16666666666666666,0.3333333333333333,0.125,0,-0.40136666666666665,0.43476018697639135,TN,LogisticRegression_B_undersampled
4887dddf8b0ae5795029a53d8697f5bd,21413663,0,0.013333333333333334,20,1244,5,1.31,1047,4.350525310410697,25.536585365853657,0.166189111747851,0.2731614135625597,0.13944603629417382,1,0.22536097560975607,0.9294877695518731,FP,LogisticRegression_B_undersampled
fb08e756f179bfd0b08d9d11d0289edc,1434,1,0.06611570247933884,20,1647,5,0.9900000000000002,243,4.991769547325103,20.25,0.14814814814814814,0.30864197530864196,0.12757201646090535,1,0.4458,0.6978524417335865,TP,LogisticRegression_B_undersampled
970b6e048bd2218a885c62d35f9595b4,406373,0,0.0024449877750611247,2,57,5,1.0299999999999998,32,3.75,16.0,0.1875,0.1875,0.1875,0,0.11485000000000001,0.3368623823422293,TN,LogisticRegression_B_undersampled
26d86c1a2c10787b505255ab1c67438d,27822,0,0.006289308176100629,2,3665,4,-0.08999999999999986,68,4.132352941176471,17.0,0.22058823529411764,0.25,0.16176470588235295,0,-0.05289999999999999,0.5295142684590483,FP,LogisticRegression_B_undersampled
96a1e02b1b41185342d21357b83aa265,35606560,0,0.001597444089456869,2,16,2,-2.21,132,4.333333333333333,18.857142857142858,0.19696969696969696,0.20454545454545456,0.1893939393939394,1,0.0802857142857143,0.5034306442512849,FP,LogisticRegression_B_undersampled
5face65315040ae33d641c722aea3861,394424,0,0.014492753623188406,1,1715,5,0.7699999999999996,16,4.0,16.0,0.125,0.25,0.0625,0,0.1511,0.4599912535134108,TN,LogisticRegression_B_undersampled
d05c5fcb294b0024048f6dbde4066de1,30312512,0,0.01282051282051282,3,379,3,-0.8599999999999999,30,4.2,30.0,0.26666666666666666,0.16666666666666666,0.16666666666666666,1,-0.6527,0.5474819017814712,FP,LogisticRegression_B_undersampled
b07fbc6d4b8793f2f7e5a909b21780c1,430788,0,0.018867924528301886,1,160,5,0.9199999999999999,37,4.1891891891891895,12.333333333333334,0.24324324324324326,0.24324324324324326,0.21621621621621623,0,0.5443333333333333,0.26747879160130905,TN,LogisticRegression_B_undersampled
f12ced9fcde0ad24d6495dbe380f3f25,82346,0,0.002967359050445104,1,303,4,0.6000000000000001,125,4.36,12.5,0.184,0.224,0.224,0,0.5338700000000001,0.32377061940429497,TN,LogisticRegression_B_undersampled
61553acabf202d4f18d2739001bb7d48,45974,1,0.05398110661268556,14,2328,5,0.5,514,4.426070038910506,22.347826086956523,0.15953307392996108,0.22178988326848248,0.18093385214007782,0,0.018900000000000004,0.7729624510087721,TP,LogisticRegression_B_undersampled
01499cd30a4147cce8c5823c4867cc34,78249,1,0.10526315789473684,53,1447,5,1.21,263,4.5399239543726235,21.916666666666668,0.18631178707224336,0.2585551330798479,0.19011406844106463,1,0.24190833333333336,0.7830404412949707,TP,LogisticRegression_B_undersampled
b244f49f1bcd2cc459ab1f3802d407d0,25334576,0,0.002103049421661409,1,570,5,1.1,56,4.232142857142857,9.333333333333334,0.16071428571428573,0.2857142857142857,0.125,1,0.01416666666666666,0.474245432156697,TN,LogisticRegression_B_undersampled
0cb8fab7d91343c51520ed2db3779bb6,14706,0,0.015384615384615385,11,2642,1,-2.93,421,4.513064133016627,26.3125,0.18527315914489312,0.24465558194774348,0.19002375296912113,0,0.211625,0.7131892871834224,FP,LogisticRegression_B_undersampled
0b4655252d131e2e876e7a5d834c2977,2547,0,0.001594896331738437,1,305,3,-1.2300000000000004,103,4.242718446601942,12.875,0.2524271844660194,0.1553398058252427,0.11650485436893204,1,0.0915875,0.4722426433081007,TN,LogisticRegression_B_undersampled
728eded2063cbcca59173f4fb28d89d1,25334576,0,0.0010515247108307045,5,381,4,0.10000000000000009,33,3.6363636363636362,11.0,0.15151515151515152,0.18181818181818182,0.2727272727272727,0,0.005500000000000005,0.3445303439835843,TN,LogisticRegression_B_undersampled
79a3351d8fcef5b4e42cc9a912031154,430788,0,0.012578616352201259,3,308,5,0.9199999999999999,59,4.0508474576271185,14.75,0.15254237288135594,0.23728813559322035,0.2033898305084746,0,0.0853,0.37514477161933957,TN,LogisticRegression_B_undersampled
5003d03169d7f282e3ca6a9bfbb6c8d0,34023590,0,0.002207505518763797,1,31,5,1.4700000000000002,52,4.115384615384615,17.333333333333332,0.28846153846153844,0.17307692307692307,0.1346153846153846,0,0.2863,0.2997393409910754,TN,LogisticRegression_B_undersampled
fb48136c83dd44c7089082fbd2a47c29,9583799,0,0.007936507936507936,1,1492,4,0.1200000000000001,125,4.328,17.857142857142858,0.16,0.288,0.128,0,0.32881428571428567,0.45596581869733294,TN,LogisticRegression_B_undersampled
0bf96aa89043ae596b0bfa3173969d3a,34023590,0,0.002207505518763797,1,121,1,-2.53,63,4.174603174603175,12.6,0.19047619047619047,0.30158730158730157,0.09523809523809523,0,-0.5471,0.4131917641320358,TN,LogisticRegression_B_undersampled
0b493b9a8c113158e58872060b1f167c,48987,1,0.040160642570281124,7,476,3,-0.6699999999999999,104,4.384615384615385,14.857142857142858,0.22115384615384615,0.22115384615384615,0.15384615384615385,0,0.3118285714285714,0.3793263199061088,FN,LogisticRegression_B_undersampled
ecbb33a0d9928d6b945529b2157c7120,61049,1,0.09345794392523364,8,2257,5,0.6799999999999997,49,3.979591836734694,8.166666666666666,0.22448979591836735,0.2857142857142857,0.10204081632653061,0,0.0804,0.44963998527159926,FN,LogisticRegression_B_undersampled
75c9dc89f5dd95bf4601767f4488c2ab,158005,0,0.011494252873563218,4,3185,5,0.9299999999999997,18,5.333333333333333,18.0,0.2222222222222222,0.2222222222222222,0.1111111111111111,0,0.6705,0.4487486055817697,TN,LogisticRegression_B_undersampled
95b314ada90dfb3af8607f9cdacbdebe,406373,0,0.004889975550122249,2,327,4,0.029999999999999805,25,3.8,12.5,0.28,0.24,0.24,0,0.40855,0.25902715362064915,TN,LogisticRegression_B_undersampled
8298464aada99f2cfcd96e57cf681579,29376835,1,0.10666666666666667,2,385,2,-1.9,416,4.415865384615385,15.407407407407407,0.16826923076923078,0.27403846153846156,0.15384615384615385,1,0.00039259259259259667,0.6738271465886236,TP,LogisticRegression_B_undersampled
12eec206597535dae14ee33aefa46e90,223394,1,0.03,8,3651,5,0.9500000000000002,10,4.2,3.3333333333333335,0.2,0.2,0.1,0,0.0,0.4949923353044688,FN,LogisticRegression_B_undersampled
9e5540f85fe6b4cfcea43ffd28ed5624,394424,0,0.007246376811594203,1,318,2,-2.2300000000000004,33,4.03030303030303,8.25,0.15151515151515152,0.30303030303030304,0.15151515151515152,0,0.20165,0.33836581436700636,TN,LogisticRegression_B_undersampled
d2e24308230b4ac7e90d7c98a7d45d6a,394424,1,0.050724637681159424,3,3381,2,-2.2300000000000004,5,2.4,5.0,0.4,0.2,0.2,0,0.0,0.33990981846169754,FN,LogisticRegression_B_undersampled
c57594094b64af117e1490183135f2bb,25334576,0,0.002103049421661409,6,761,5,1.1,109,4.522935779816514,21.8,0.12844036697247707,0.3119266055045872,0.13761467889908258,1,-0.10565999999999998,0.5992792539555235,FP,LogisticRegression_B_undersampled
e0148d2576cde678db81d18e3146e19b,18674286,1,0.3627450980392157,28,162,5,1.1600000000000001,186,3.9516129032258065,18.6,0.1881720430107527,0.21505376344086022,0.15591397849462366,1,-0.05291999999999998,0.6448690904522618,TP,LogisticRegression_B_undersampled
489c1ff07ad46c177bda2ccbfb3219e2,292,1,0.02702702702702703,28,690,5,0.9100000000000001,230,3.9695652173913043,14.375,0.21304347826086956,0.2217391304347826,0.11304347826086956,1,0.15495,0.6621674826861574,TP,LogisticRegression_B_undersampled
fdd43c4cb244929b40cd97d33f303be7,2547,0,0.001594896331738437,28,965,5,0.7699999999999996,443,4.099322799097066,19.26086956521739,0.1580135440180587,0.21670428893905191,0.13769751693002258,1,0.0612478260869565,0.7999988936188419,FP,LogisticRegression_B_undersampled
a44086b7b107f72c63660dfa3474fdb8,82346,0,0.002967359050445104,6,2081,4,0.6000000000000001,169,4.0828402366863905,8.894736842105264,0.21301775147928995,0.21301775147928995,0.15976331360946747,1,-0.0137736842105263,0.5813459249145723,FP,LogisticRegression_B_undersampled
3634b9e670e3af9a3c36f61764649857,45974,0,0.001349527665317139,34,2290,4,-0.5,124,5.209677419354839,24.8,0.1774193548387097,0.24193548387096775,0.1935483870967742,0,-0.16024,0.682258537905201,FP,LogisticRegression_B_undersampled
d6b82b18315aa5fcd91b954260ede967,752868,1,0.15053763440860216,44,164,4,0.52,1122,4.388591800356506,30.324324324324323,0.19073083778966132,0.22638146167557932,0.14884135472370766,0,0.2912891891891892,0.9243128523906632,TP,LogisticRegression_B_undersampled
c3842efe701d6e79dcca8e9dd83d8b39,82356,0,0.012552301255230125,44,1293,4,0.27,864,4.361111111111111,45.473684210526315,0.1875,0.21296296296296297,0.16898148148148148,0,0.13960526315789476,0.9197767058341382,FP,LogisticRegression_B_undersampled
e04df96206260a9b95d7524f3c58f112,82346,1,0.026706231454005934,1,1710,3,-0.3999999999999999,488,4.297131147540983,27.11111111111111,0.1864754098360656,0.22336065573770492,0.16393442622950818,1,0.4568277777777777,0.73388434200078,TP,LogisticRegression_B_undersampled
7dc709be3dad93bdce97c3166bc54f12,48987,0,0.01606425702811245,1,1816,2,-1.67,36,4.972222222222222,18.0,0.1388888888888889,0.3055555555555556,0.16666666666666666,0,0.659,0.39202410889754996,TN,LogisticRegression_B_undersampled
87c8d76c3e5c7ea3e97b177f1e088aea,18295863,0,0.013157894736842105,1,937,4,0.22999999999999998,823,4.563791008505468,26.548387096774192,0.14580801944106925,0.2709599027946537,0.14094775212636695,1,0.06347419354838708,0.8675325902971966,FP,LogisticRegression_B_undersampled
a885a4fd87fb271a35f62acabf42c72d,34023590,0,0.008830022075055188,1,162,1,-2.53,78,4.076923076923077,9.75,0.21794871794871795,0.3076923076923077,0.11538461538461539,1,0.1447875,0.4239405553025554,TN,LogisticRegression_B_undersampled
55147663a02a41fcf5f13ab3a993e6de,2547,0,0.001594896331738437,4,1368,3,-1.2300000000000004,132,4.295454545454546,26.4,0.20454545454545456,0.20454545454545456,0.1893939393939394,0,0.26406,0.4795426854029703,TN,LogisticRegression_B_undersampled
4fd6fcdc4eab8087871e856d589a6d0f,25334576,0,0.0010515247108307045,1,698,3,-0.8999999999999999,130,4.446153846153846,18.571428571428573,0.18461538461538463,0.26153846153846155,0.16153846153846155,0,0.05908571428571428,0.4347880828411507,TN,LogisticRegression_B_undersampled
5b949abda84d58cd87b481eee399556a,32075857,1,0.31343283582089554,65,30,5,1.42,50,4.38,50.0,0.18,0.26,0.12,0,0.2263,0.6981573403907758,TP,LogisticRegression_B_undersampled
5f23dba163b4d7fa2294e59337900e36,12384,1,0.33766233766233766,65,248,5,1.0899999999999999,25,3.68,12.5,0.24,0.12,0.28,0,-0.2439,0.549567731442399,TP,LogisticRegression_B_undersampled
5d33c150ba24cce42459d4f3eea06438,394424,1,0.07971014492753623,65,387,5,0.7699999999999996,54,3.8518518518518516,27.0,0.14814814814814814,0.25925925925925924,0.09259259259259259,0,0.7638499999999999,0.6217443101614,TP,LogisticRegression_B_undersampled
82a97493233a68ed3891c6ccbced49ec,535734,1,0.1,65,402,5,1.06,12,3.3333333333333335,12.0,0.25,0.25,0.16666666666666666,0,0.4019,0.501862166221757,TP,LogisticRegression_B_undersampled
34015aa89ba14c83daeee6cee53fe0f5,45974,0,0.001349527665317139,1,1452,5,0.5,71,4.169014084507042,14.2,0.22535211267605634,0.16901408450704225,0.23943661971830985,0,0.19716,0.3847339817732881,TN,LogisticRegression_B_undersampled
36d893c4c31c6a7ccef938d4117458b5,25334576,0,0.002103049421661409,12,342,5,1.1,95,4.168421052631579,15.833333333333334,0.15789473684210525,0.24210526315789474,0.08421052631578947,0,-0.43134999999999996,0.5112750431755584,FP,LogisticRegression_B_undersampled
1b69f0f165b4d02e6075a9eb77269b1f,30312512,0,0.01282051282051282,4,150,4,0.14000000000000012,134,3.6791044776119404,26.8,0.19402985074626866,0.21641791044776118,0.19402985074626866,1,0.19754,0.5188079504976029,FP,LogisticRegression_B_undersampled
9d3f9fddb3178c3e58d069133b1dec1e,34023590,1,0.02869757174392936,12,703,5,1.4700000000000002,274,3.795620437956204,16.11764705882353,0.20437956204379562,0.23722627737226276,0.19708029197080293,0,0.1068764705882353,0.5064319488315748,TP,LogisticRegression_B_undersampled
48b88db9652bbf6ee827e8edc5c7e5ee,383288,0,0.01639344262295082,2,3744,0,-3.58,10,4.3,10.0,0.3,0.2,0.2,0,0.8357,0.34234094972344253,TN,LogisticRegression_B_undersampled
d02444710b267e52be291a43776c5f6c,2262521,0,0.005208333333333333,1,2280,4,0.43999999999999995,21,4.142857142857143,10.5,0.23809523809523808,0.23809523809523808,0.19047619047619047,0,0.5566,0.332190536910682,TN,LogisticRegression_B_undersampled
ab183528d89d6689cf3909aabe115885,21413663,0,0.013333333333333334,4,1088,4,0.31000000000000005,360,4.8,25.714285714285715,0.15555555555555556,0.26666666666666666,0.18888888888888888,1,0.24523571428571428,0.6884418562162705,FP,LogisticRegression_B_undersampled
5a1547d46eac2c2d6b1cf603eecc810e,35606560,0,0.001597444089456869,1,36,3,-1.21,101,4.316831683168317,25.25,0.15841584158415842,0.24752475247524752,0.21782178217821782,0,0.19305,0.40414858252050756,TN,LogisticRegression_B_undersampled
49a335fd4a7cf68a055acb8b9dbbf298,2547,0,0.009569377990430622,2,2158,5,0.7699999999999996,13,3.6923076923076925,4.333333333333333,0.15384615384615385,0.15384615384615385,0.3076923076923077,0,0.4164333333333334,0.33770857691180683,TN,LogisticRegression_B_undersampled
4769c52400fe56de17520d9946da3784,27822,0,0.006289308176100629,3,2275,4,-0.08999999999999986,36,4.666666666666667,36.0,0.1388888888888889,0.2222222222222222,0.19444444444444445,0,0.8977,0.4655908482400768,TN,LogisticRegression_B_undersampled
ac8b2c88f4a991a3f4cafbd02542227d,25334576,0,0.0010515247108307045,1,481,5,1.1,108,4.518518518518518,27.0,0.12962962962962962,0.25,0.14814814814814814,0,-0.170825,0.4955202153756838,TN,LogisticRegression_B_undersampled
ea40476e4b273e5ea957b38f936cacbd,21413663,1,0.24,12,1260,5,1.31,288,4.677083333333333,16.0,0.1423611111111111,0.2361111111111111,0.19444444444444445,1,0.2669888888888889,0.6586088713792401,TP,LogisticRegression_B_undersampled
f48e963be1bb27c653611f05e7ab1718,430788,0,0.006289308176100629,5,2134,5,0.9199999999999999,7,4.0,7.0,0.0,0.42857142857142855,0.14285714285714285,0,0.4588,0.44399380255117815,TN,LogisticRegression_B_undersampled
addd715c1f745bc5af406bac6240c76f,35606560,0,0.001597444089456869,1,27,3,-1.21,17,3.411764705882353,17.0,0.4117647058823529,0.11764705882352941,0.11764705882352941,1,0.7351,0.29800625779836415,TN,LogisticRegression_B_undersampled
e8c8d30e4dc7f3e76ff08ebbad3aeb90,2547,0,0.003189792663476874,3,1913,5,0.7699999999999996,1132,4.15017667844523,18.557377049180328,0.19081272084805653,0.21908127208480566,0.11307420494699646,1,0.3776409836065574,0.9247415716314377,FP,LogisticRegression_B_undersampled
e67e7f66821342e262636ec0cc484d45,17726051,0,0.011764705882352941,1,1671,4,0.8300000000000001,223,4.493273542600897,18.583333333333332,0.21076233183856502,0.23766816143497757,0.1210762331838565,1,0.13449166666666668,0.6026298432859095,FP,LogisticRegression_B_undersampled
e9a9cf074f3aa3476c479fad80203bc6,61049,0,0.018691588785046728,1,3251,5,0.6799999999999997,136,3.963235294117647,19.428571428571427,0.18382352941176472,0.20588235294117646,0.15441176470588236,0,0.20657142857142857,0.552741247964812,FP,LogisticRegression_B_undersampled
7605c2e071c62507e6c26883f512cd4a,34023590,0,0.013245033112582781,1,353,2,-1.5299999999999998,1894,4.300422386483633,17.21818181818182,0.19746568109820486,0.21647307286166842,0.1562829989440338,1,-0.0008081818181818169,0.979350080678203,FP,LogisticRegression_B_undersampled
8c3e91a0168c02527917f6f5849297d9,82356,0,0.012552301255230125,2,2385,2,-1.73,39,3.717948717948718,7.8,0.38461538461538464,0.15384615384615385,0.20512820512820512,0,-0.15066000000000002,0.34364837831539696,TN,LogisticRegression_B_undersampled
c6dba36c57d3e9c734c952f9d4b56c87,45974,0,0.004048582995951417,9,1613,5,0.5,41,3.975609756097561,13.666666666666666,0.14634146341463414,0.21951219512195122,0.14634146341463414,0,-0.04766666666666667,0.4842689715796474,TN,LogisticRegression_B_undersampled
07722ae361b41e19b33f2289cf1cbb57,21413663,0,0.006666666666666667,7,1239,3,-0.69,37,4.648648648648648,18.5,0.2702702702702703,0.08108108108108109,0.2702702702702703,0,0.58515,0.32575427874165874,TN,LogisticRegression_B_undersampled
9a38672d5278bb8c600da1d72cd76329,25334576,0,0.0010515247108307045,1,359,4,0.10000000000000009,60,4.266666666666667,10.0,0.3,0.2,0.11666666666666667,0,0.37138333333333334,0.2941233861800568,TN,LogisticRegression_B_undersampled
131bc3a337b535f312b162a1184b59ab,34023590,1,0.04415011037527594,6,163,0,-3.53,410,4.131707317073171,9.534883720930232,0.1975609756097561,0.21707317073170732,0.16829268292682928,1,0.058572093023255806,0.6286448801145162,TP,LogisticRegression_B_undersampled
3f74704a076f4e8efd5f4761a73d58e1,25334576,0,0.0010515247108307045,1,349,5,1.1,68,4.25,6.8,0.22058823529411764,0.3382352941176471,0.058823529411764705,0,-0.27404,0.38139562938402866,TN,LogisticRegression_B_undersampled
dfd41fe79bae96b34fcd0c74f17646a9,24874364,0,0.00684931506849315,2,709,2,-1.9300000000000002,11,3.4545454545454546,11.0,0.18181818181818182,0.18181818181818182,0.45454545454545453,0,-0.2411,0.2994297169386865,TN,LogisticRegression_B_undersampled
33abff0800fd6d9ec7f9da614815f037,768496,1,0.09848484848484848,3,2449,4,-0.09999999999999964,499,4.054108216432866,18.48148148148148,0.17835671342685372,0.23446893787575152,0.15030060120240482,0,0.2482851851851852,0.6997324244467099,TP,LogisticRegression_B_undersampled
377ebfb527a1c5e54c8ab4dbcb2df11c,150253,0,0.014084507042253521,4,253,5,0.6299999999999999,42,4.0476190476190474,21.0,0.11904761904761904,0.23809523809523808,0.23809523809523808,0,0.6899500000000001,0.3460610881694834,TN,LogisticRegression_B_undersampled
20af137b420eda63a2def92ca66522b0,16128045,1,0.109375,14,1815,5,0.5800000000000001,67,4.626865671641791,16.75,0.22388059701492538,0.23880597014925373,0.07462686567164178,0,0.5539499999999999,0.4682763072079461,FN,LogisticRegression_B_undersampled
5a6b3435130c3b673354280ba273ba23,35606560,0,0.001597444089456869,2,23,3,-1.21,119,4.201680672268908,17.0,0.17647058823529413,0.25210084033613445,0.14285714285714285,0,0.2815571428571429,0.39097920397616803,TN,LogisticRegression_B_undersampled
26dcc5735c40cc9a4e26d4e58f8f22f1,2547,0,0.006379585326953748,1,270,5,0.7699999999999996,38,4.2894736842105265,9.5,0.18421052631578946,0.23684210526315788,0.2894736842105263,0,0.0,0.3159720013517265,TN,LogisticRegression_B_undersampled
518f594976b5f1da156c57f2692b0f62,35606560,0,0.001597444089456869,1,28,5,0.79,19,4.105263157894737,4.75,0.21052631578947367,0.2631578947368421,0.10526315789473684,0,0.0,0.3152014045703404,TN,LogisticRegression_B_undersampled
89cbc3c6b25aa0e3ee506ad65c690216,35606560,0,0.001597444089456869,1,32,5,0.79,25,4.44,8.333333333333334,0.0,0.28,0.44,0,0.37000000000000005,0.2989647646574365,TN,LogisticRegression_B_undersampled
9b16b47bf8889151a286d93c8dc4253b,792712,0,0.008130081300813009,9,2103,3,-1.3200000000000003,29,4.482758620689655,29.0,0.13793103448275862,0.3103448275862069,0.10344827586206896,0,0.0,0.5636318818906777,FP,LogisticRegression_B_undersampled
01c49ea9aa374dfebecc82f4c8a1e4f1,35606560,0,0.003194888178913738,1,27,5,0.79,172,4.058139534883721,17.2,0.20930232558139536,0.22093023255813954,0.1686046511627907,0,0.18397000000000002,0.40266835204638,TN,LogisticRegression_B_undersampled
1db30671a6dcc61f37f92e9d0ab01cec,32810456,1,0.11764705882352941,27,293,3,-0.9900000000000002,155,4.296774193548387,17.22222222222222,0.2,0.33548387096774196,0.0967741935483871,0,0.3263777777777778,0.5055583528879658,TP,LogisticRegression_B_undersampled
306e3ddec8e560c3b9e69f8e6d96b66e,34023590,0,0.002207505518763797,2,38,3,-0.5299999999999998,40,3.775,8.0,0.35,0.15,0.175,0,0.13252000000000003,0.25003167524811526,TN,LogisticRegression_B_undersampled
2a05627898350122aef287ba8ee4b13f,16241798,1,0.5142857142857142,64,1693,5,0.8600000000000003,1944,4.818930041152264,25.246753246753247,0.14300411522633744,0.25205761316872427,0.17849794238683128,1,0.12695064935064934,0.9954162890505942,TP,LogisticRegression_B_undersampled
615ea09d0f0fa1f535350a6d947442f3,45974,0,0.006747638326585695,64,3630,5,0.5,118,5.245762711864407,23.6,0.17796610169491525,0.2457627118644068,0.1694915254237288,1,-0.01961999999999999,0.8583390469410513,FP,LogisticRegression_B_undersampled
fbf5cdd895cdf36db1f8b1041afce342,9583799,1,0.03968253968253968,9,1648,2,-1.88,418,4.186602870813397,17.416666666666668,0.18660287081339713,0.21770334928229665,0.1507177033492823,1,0.14234166666666664,0.734042651239039,TP,LogisticRegression_B_undersampled
b125fb70391f50ea39a20ea1ed94bd62,24874364,1,0.02054794520547945,1,96,4,0.06999999999999984,51,4.196078431372549,10.2,0.23529411764705882,0.1568627450980392,0.2549019607843137,0,0.30389999999999995,0.27982835640583525,FN,LogisticRegression_B_undersampled
4b0cedd9cbc80047446eb2bb7d027577,768496,0,0.007575757575757576,1,182,5,0.9000000000000004,357,4.563025210084033,18.789473684210527,0.14565826330532214,0.2857142857142857,0.1484593837535014,1,0.014052631578947369,0.6575702689925117,FP,LogisticRegression_B_undersampled
e90fe347d7d362f970f93d2cdcc09253,35606560,0,0.003194888178913738,1,23,4,-0.20999999999999996,158,4.139240506329114,22.571428571428573,0.22784810126582278,0.15822784810126583,0.1518987341772152,0,0.08342857142857144,0.42599296131659525,TN,LogisticRegression_B_undersampled
da4d76f27840858c448f204b0a50734a,16128045,1,0.046875,2,1713,5,0.5800000000000001,345,4.231884057971015,15.0,0.2,0.2492753623188406,0.17101449275362318,1,0.18134347826086958,0.668368163470593,TP,LogisticRegression_B_undersampled
85aea755269ea94b30d7f5a268a13abe,75504,0,0.01639344262295082,9,974,4,-0.28000000000000025,112,3.9107142857142856,112.0,0.15178571428571427,0.25892857142857145,0.09821428571428571,0,-0.5719,0.8380108507415852,FP,LogisticRegression_B_undersampled
a5d8b2c951259dc8d541525816a471bb,16128045,1,0.28125,15,1822,0,-4.42,22,3.4545454545454546,11.0,0.3181818181818182,0.18181818181818182,0.045454545454545456,0,0.4221,0.40151039185145215,FN,LogisticRegression_B_undersampled
5b4011540a55a1f52263ae2ed82f691d,34023590,0,0.002207505518763797,5,123,1,-2.53,385,4.54025974025974,20.263157894736842,0.18701298701298702,0.21818181818181817,0.19220779220779222,0,-0.034384210526315774,0.5630204004478155,FP,LogisticRegression_B_undersampled
3860f5358919652de6a10f2baba4c4f8,30312512,0,0.01282051282051282,1,250,5,1.1400000000000001,28,3.75,9.333333333333334,0.25,0.17857142857142858,0.14285714285714285,0,0.2618,0.2906431489224562,TN,LogisticRegression_B_undersampled
f786a5800ddbf3c0ebe4b2bd648b3e94,34023590,0,0.004415011037527594,1,258,5,1.4700000000000002,501,4.3532934131736525,11.133333333333333,0.15768463073852296,0.2315369261477046,0.21956087824351297,0,-0.12717333333333336,0.5915693148974861,FP,LogisticRegression_B_undersampled
4ad12e9dffd303b9730e497ba98d85af,394424,0,0.007246376811594203,11,550,3,-1.2300000000000004,14,4.428571428571429,7.0,0.21428571428571427,0.14285714285714285,0.21428571428571427,0,0.53735,0.3107201167657161,TN,LogisticRegression_B_undersampled
918140682792070e31df43240f0948c6,75504,0,0.01639344262295082,2,3620,4,-0.28000000000000025,8,4.125,8.0,0.125,0.25,0.375,0,-0.802,0.5204213147404957,FP,LogisticRegression_B_undersampled
89a15d99dd829f86b64cadf213ece2fd,406373,0,0.004889975550122249,14,2932,4,0.029999999999999805,206,4.975728155339806,29.428571428571427,0.15048543689320387,0.2669902912621359,0.1553398058252427,1,0.009257142857142856,0.7642981133280545,FP,LogisticRegression_B_undersampled
3e188cbc4e7d56235004c37262fbf98e,2547,0,0.001594896331738437,3,1863,4,-0.23000000000000043,208,4.394230769230769,20.8,0.19230769230769232,0.20673076923076922,0.17307692307692307,1,0.24183,0.627564041963039,FP,LogisticRegression_B_undersampled
eaf690c536b8a4a79d142a63ae6b8b53,25334576,0,0.002103049421661409,2,291,4,0.10000000000000009,27,4.296296296296297,13.5,0.1111111111111111,0.2962962962962963,0.1111111111111111,0,-0.008599999999999997,0.39720758389783883,TN,LogisticRegression_B_undersampled
51b98e6d167c22f0987f6b666a65f795,7044365,1,0.9264705882352942,1,2073,4,0.3900000000000001,54,4.166666666666667,13.5,0.14814814814814814,0.25925925925925924,0.2222222222222222,0,0.7077,0.3655786143959696,FN,LogisticRegression_B_undersampled
fb1de3ea339362ccd1dfa2216a3bd77c,45974,0,0.001349527665317139,1,3199,5,0.5,43,4.27906976744186,14.333333333333334,0.20930232558139536,0.2558139534883721,0.16279069767441862,0,0.14049999999999999,0.4777453295046193,TN,LogisticRegression_B_undersampled
0c43fe69e826a2e94bfd8256887fb261,17333426,0,0.0037174721189591076,1,1324,1,-3.12,23,3.9130434782608696,7.666666666666667,0.2608695652173913,0.21739130434782608,0.21739130434782608,0,-0.23286666666666664,0.350652443103187,TN,LogisticRegression_B_undersampled
4a07af288c691048d8530bee2eb93561,9639765,1,0.02564102564102564,18,1825,5,0.9500000000000002,418,4.356459330143541,16.076923076923077,0.16267942583732056,0.2799043062200957,0.1339712918660287,1,0.04773461538461538,0.7797908241844144,TP,LogisticRegression_B_undersampled
df2fe8ff4c7e63cf2dbe01dee35fdfa5,2547,0,0.001594896331738437,1,1795,4,-0.23000000000000043,19,3.8421052631578947,6.333333333333333,0.15789473684210525,0.3157894736842105,0.21052631578947367,0,0.3178,0.35354419804053494,TN,LogisticRegression_B_undersampled
81e92d9155bca093b4e2514227e3f280,18295863,1,0.17105263157894737,177,381,4,0.22999999999999998,223,3.991031390134529,15.928571428571429,0.2062780269058296,0.23318385650224216,0.16143497757847533,1,0.13209999999999997,0.9446285057302621,TP,LogisticRegression_B_undersampled
0f4eca62766d63fa112bcf6e58b1610c,25334576,1,0.028391167192429023,177,751,4,0.10000000000000009,308,4.340909090909091,19.25,0.21428571428571427,0.21428571428571427,0.1590909090909091,1,-0.06819374999999998,0.96215678888868,TP,LogisticRegression_B_undersampled
897fc6400dd3f266acaa681ad56b9f88,25176023,1,0.1276595744680851,177,777,5,0.7199999999999998,56,4.982142857142857,28.0,0.14285714285714285,0.26785714285714285,0.19642857142857142,0,0.6308499999999999,0.9078363275175704,TP,LogisticRegression_B_undersampled
6187d918e0f1d0d2f453f6101e66aab6,48987,1,0.13253012048192772,177,2344,4,0.33000000000000007,255,4.286274509803921,23.181818181818183,0.2,0.20392156862745098,0.1411764705882353,1,0.23649999999999996,0.9669021361069591,TP,LogisticRegression_B_undersampled
4f0706b5177eac4f987cfa908391bdbd,2547,0,0.001594896331738437,4,137,5,0.7699999999999996,226,4.168141592920354,17.384615384615383,0.1902654867256637,0.20353982300884957,0.1415929203539823,0,0.2366076923076923,0.46229963998500273,TN,LogisticRegression_B_undersampled
d2c0a29e43798c74802471346365ed91,29425278,1,0.043010752688172046,2,559,5,0.6399999999999997,23,5.130434782608695,11.5,0.13043478260869565,0.2608695652173913,0.17391304347826086,0,0.6649,0.3335759146922567,FN,LogisticRegression_B_undersampled
be1cb2e8f0d5d7605e8256854651f184,24874364,0,0.00684931506849315,2,700,4,0.06999999999999984,82,4.987804878048781,20.5,0.2073170731707317,0.15853658536585366,0.32926829268292684,0,0.201925,0.36214496547989106,TN,LogisticRegression_B_undersampled
641055c965e9500f533f4ba266c44c6d,367802,0,0.009852216748768473,16,1646,4,-0.20000000000000018,366,4.180327868852459,40.666666666666664,0.15027322404371585,0.27595628415300544,0.15027322404371585,1,0.35152222222222224,0.7937354509497346,FP,LogisticRegression_B_undersampled
b9f5a711f54a60d0e3ec8ae816288ccd,25334576,0,0.0010515247108307045,3,438,4,0.10000000000000009,11,4.090909090909091,3.6666666666666665,0.09090909090909091,0.2727272727272727,0.2727272727272727,0,0.1635,0.315031527542824,TN,LogisticRegression_B_undersampled
e11a132179144a7fe3fec72790ce248d,78249,1,0.031578947368421054,16,2048,4,0.20999999999999996,313,4.204472843450479,14.904761904761905,0.17891373801916932,0.26198083067092653,0.16613418530351437,0,0.11902857142857146,0.6257571286092015,TP,LogisticRegression_B_undersampled
423eecf909f10301488b94e0e140d64c,11248257,0,0.004405286343612335,3,1113,5,1.42,13,3.5384615384615383,13.0,0.07692307692307693,0.23076923076923078,0.3076923076923077,0,-0.4019,0.41292251171322053,TN,LogisticRegression_B_undersampled
ee608cc956f02427be0c3d7ce1230ed2,25334576,0,0.0010515247108307045,1,750,3,-0.8999999999999999,159,4.433962264150943,17.666666666666668,0.2138364779874214,0.18867924528301888,0.23270440251572327,0,0.13304444444444444,0.41347973339447436,TN,LogisticRegression_B_undersampled
1e232a2e0c1999adb5da1994780838b2,7428663,0,0.016666666666666666,4,1232,4,-0.2999999999999998,67,5.0,33.5,0.13432835820895522,0.31343283582089554,0.05970149253731343,0,0.0,0.5606250716337797,FP,LogisticRegression_B_undersampled
b5c4ca1f2a6acdc0acd10f45d8ab8429,35606560,0,0.01757188498402556,1,63,5,0.79,31,4.483870967741935,10.333333333333334,0.1935483870967742,0.2903225806451613,0.16129032258064516,0,0.5878666666666666,0.28552292793859163,TN,LogisticRegression_B_undersampled
e2b46d94a9e009d9cd92d9dd17590156,17726051,1,0.03529411764705882,2,1235,3,-0.16999999999999993,161,3.7763975155279503,14.636363636363637,0.21739130434782608,0.19875776397515527,0.22981366459627328,0,0.2914454545454545,0.3887620055143497,FN,LogisticRegression_B_undersampled
446ac5af6591e5c8332fee97011df77c,17333426,0,0.007434944237918215,1,1493,0,-4.12,36,3.638888888888889,7.2,0.19444444444444445,0.19444444444444445,0.2222222222222222,0,0.33336,0.33833801382743856,TN,LogisticRegression_B_undersampled
f248a80570606a326011f57edf77034a,61049,0,0.009345794392523364,10,1339,5,0.6799999999999997,81,4.728395061728395,11.571428571428571,0.2222222222222222,0.2222222222222222,0.16049382716049382,0,0.24661428571428573,0.425545698240756,TN,LogisticRegression_B_undersampled
362bc36f6772dfcb9d06115add56eaa2,394424,0,0.014492753623188406,2,1943,3,-1.2300000000000004,134,4.440298507462686,12.181818181818182,0.23880597014925373,0.22388059701492538,0.22388059701492538,1,0.33706363636363634,0.5126669186867852,FP,LogisticRegression_B_undersampled
ff4cae120156750aea4591ccb4388c77,34023590,0,0.002207505518763797,1,230,2,-1.5299999999999998,112,4.241071428571429,14.0,0.21428571428571427,0.21428571428571427,0.16964285714285715,0,-0.15726250000000003,0.3863874569729276,TN,LogisticRegression_B_undersampled
0451966e37122fc1d042d75cac56c873,2547,0,0.001594896331738437,28,127,4,-0.23000000000000043,38,3.8684210526315788,19.0,0.2894736842105263,0.15789473684210525,0.10526315789473684,0,-0.0616,0.4526171089582092,TN,LogisticRegression_B_undersampled
3ab9b8279fa3ab417f69e5b209abb670,394424,0,0.007246376811594203,2,2146,4,-0.23000000000000043,73,4.164383561643835,14.6,0.2876712328767123,0.2328767123287671,0.1506849315068493,1,0.29652,0.4967237861183024,TN,LogisticRegression_B_undersampled
1778e5b28dc44601bfb27c8f05b496ae,25334576,0,0.0010515247108307045,1,253,3,-0.8999999999999999,5,4.6,5.0,0.0,0.4,0.4,0,-0.4939,0.3604213535740022,TN,LogisticRegression_B_undersampled
aa49fd34eb75f7658062ef3885e1cd0f,768496,1,0.022727272727272728,1,1596,5,0.9000000000000004,80,3.75,13.333333333333334,0.2125,0.2125,0.125,0,0.19374999999999998,0.41449163198338324,FN,LogisticRegression_B_undersampled
3784e068a9da2c9f30ab6e478476640d,394424,1,0.043478260869565216,2,3498,4,-0.23000000000000043,119,4.38655462184874,14.875,0.226890756302521,0.21008403361344538,0.20168067226890757,0,0.1407375,0.5171045906657689,TP,LogisticRegression_B_undersampled
473c1991d2cd763df221f146b480583e,2262521,0,0.005208333333333333,9,1141,3,-0.56,46,4.543478260869565,15.333333333333334,0.13043478260869565,0.1956521739130435,0.21739130434782608,0,0.1494,0.4249927361087018,TN,LogisticRegression_B_undersampled
67cf55c5ab43fec77a9be06d79cf89b4,82356,1,0.03765690376569038,3,600,4,0.27,731,4.218878248974009,17.829268292682926,0.17373461012311903,0.2558139534883721,0.13953488372093023,0,0.06494878048780488,0.742908514379029,TP,LogisticRegression_B_undersampled
552b7b5f0ab784c4acfb322fd0ccc9b9,82346,1,0.020771513353115726,3,636,4,0.6000000000000001,388,4.332474226804123,17.636363636363637,0.19329896907216496,0.24484536082474226,0.16494845360824742,0,0.3395272727272727,0.530599290735006,TP,LogisticRegression_B_undersampled
e656e39775d854cd132908a3f1933da2,82356,0,0.0041841004184100415,2,1923,5,1.27,35,4.485714285714286,11.666666666666666,0.14285714285714285,0.2,0.2,0,0.6043,0.3736305623507521,TN,LogisticRegression_B_undersampled
d9818cfad253b03108c8d314d5497437,75504,0,0.01639344262295082,1,2131,5,0.7199999999999998,6,3.8333333333333335,6.0,0.0,0.3333333333333333,0.16666666666666666,0,0.4588,0.4274793286216695,TN,LogisticRegression_B_undersampled
630c8a57a5837c8f7d0e862c9bc9cacf,34023590,0,0.002207505518763797,1,113,2,-1.5299999999999998,94,4.425531914893617,11.75,0.20212765957446807,0.2127659574468085,0.2127659574468085,0,-0.062287499999999996,0.3512383215399992,TN,LogisticRegression_B_undersampled
62471f7091cb6688f098a0baf27527d7,158005,1,0.022988505747126436,4,2107,5,0.9299999999999997,12,3.4166666666666665,12.0,0.08333333333333333,0.3333333333333333,0.0,0,0.0,0.5088410039996972,TP,LogisticRegression_B_undersampled
3a4031923532a7cce2efd2fb6e178273,61049,0,0.009345794392523364,8,303,0,-4.32,227,4.0176211453744495,18.916666666666668,0.23348017621145375,0.19823788546255505,0.19383259911894274,0,0.24726666666666666,0.4593227496216413,TN,LogisticRegression_B_undersampled
34f036c95f82410262ccf7d228e7c5fd,34023590,0,0.006622516556291391,3,123,0,-3.53,75,4.44,15.0,0.25333333333333335,0.26666666666666666,0.18666666666666668,0,0.07454,0.33171014402781435,TN,LogisticRegression_B_undersampled
9e0eac27c5e2d46b3548fd9583112d50,63114,1,0.04081632653061224,92,475,4,-0.5300000000000002,507,4.325443786982248,22.043478260869566,0.16962524654832348,0.2485207100591716,0.16962524654832348,1,0.2366913043478261,0.9138266884385027,TP,LogisticRegression_B_undersampled
6c6d3f02fba8372bb89911d29f84694a,45974,0,0.006747638326585695,92,475,4,-0.5,249,4.289156626506024,9.576923076923077,0.24096385542168675,0.2248995983935743,0.14056224899598393,1,0.11651153846153847,0.8277223347746864,FP,LogisticRegression_B_undersampled
6e87e83b04edaec5d2bd5e40c8e07de7,9639765,0,0.008547008547008548,25,1747,4,-0.04999999999999982,105,4.571428571428571,21.0,0.12380952380952381,0.2761904761904762,0.17142857142857143,0,0.002860000000000007,0.6015330418762086,FP,LogisticRegression_B_undersampled
f2b94fce585061b91b3671c7cd8fc7af,367802,0,0.009852216748768473,25,2127,3,-1.2000000000000002,429,4.226107226107226,20.428571428571427,0.1888111888111888,0.2703962703962704,0.1794871794871795,1,-0.13029999999999997,0.8174958265822369,FP,LogisticRegression_B_undersampled
553138adb72899b61c030d1b9e39509e,28645638,0,0.01680672268907563,12,411,5,0.8399999999999999,21,4.238095238095238,10.5,0.2857142857142857,0.2857142857142857,0.09523809523809523,1,0.3498,0.4202529942333746,TN,LogisticRegression_B_undersampled
eafd6eef8aa3fccd12e38b5f45dbbc7d,215686,1,0.21311475409836064,2,3347,1,-3.0599999999999996,1580,4.659493670886076,38.53658536585366,0.189873417721519,0.2272151898734177,0.14873417721518986,1,-0.02285853658536586,0.9844569407104976,TP,LogisticRegression_B_undersampled
b1faa664b687c5a7266886887c5f597f,45974,1,0.06072874493927125,2,3379,4,-0.5,1597,4.552285535378835,32.59183673469388,0.18159048215403883,0.23544145272385722,0.14965560425798372,1,0.14140204081632654,0.9834191907643308,TP,LogisticRegression_B_undersampled
3738cd413e08c9c375b15fd5bef9ac60,82356,1,0.2719665271966527,18,141,3,-0.73,372,4.0,11.272727272727273,0.18548387096774194,0.22043010752688172,0.11827956989247312,1,0.08197575757575756,0.6741162041995389,TP,LogisticRegression_B_undersampled
01044138f6fa7bc2535c59c9899a2e32,14706,1,0.37948717948717947,18,434,4,0.06999999999999984,945,4.132275132275132,17.181818181818183,0.20846560846560847,0.2275132275132275,0.15555555555555556,1,0.06101090909090909,0.8863517334149629,TP,LogisticRegression_B_undersampled
513b5ca00e70c62b98295763f3745b61,17788340,1,0.05825242718446602,4,1666,5,0.29000000000000004,117,3.58974358974359,7.8,0.24786324786324787,0.20512820512820512,0.1282051282051282,0,0.041113333333333335,0.43987158766803536,FN,LogisticRegression_B_undersampled
faffb2485acca4c5d742c5d9775d2f9d,9583799,0,0.015873015873015872,2,1916,4,0.1200000000000001,282,4.287234042553192,20.142857142857142,0.1702127659574468,0.23049645390070922,0.13829787234042554,1,0.15167142857142854,0.6766212012652962,FP,LogisticRegression_B_undersampled
a12538d1c5315fc3fa14f2721f425999,48987,0,0.004016064257028112,2,598,4,0.33000000000000007,9,4.555555555555555,9.0,0.0,0.2222222222222222,0.3333333333333333,0,0.2023,0.3547816834143173,TN,LogisticRegression_B_undersampled
c52514678bd178b0b13be87172c6ad05,18295863,0,0.013157894736842105,23,1298,4,0.22999999999999998,187,4.588235294117647,14.384615384615385,0.17647058823529413,0.24598930481283424,0.18716577540106952,1,0.20850769230769234,0.6369061404627461,FP,LogisticRegression_B_undersampled
9a6e0b262a7111c6e248cfa2cfb34acc,9639765,1,0.042735042735042736,13,1410,4,-0.04999999999999982,28,5.035714285714286,28.0,0.10714285714285714,0.35714285714285715,0.25,0,-0.2023,0.5293149254721907,TP,LogisticRegression_B_undersampled
3c436c96f46b2b359bd8107deafa46dc,14706,0,0.005128205128205128,4,1968,0,-3.93,93,3.7204301075268815,31.0,0.15053763440860216,0.16129032258064516,0.21505376344086022,0,-0.052700000000000004,0.5422541582826189,FP,LogisticRegression_B_undersampled
11a7a6625b6f02b4e33e788ee9b15470,18674286,1,0.029411764705882353,1,986,4,0.16000000000000014,80,4.0375,26.666666666666668,0.175,0.225,0.2,1,-0.28136666666666665,0.571154078467424,TP,LogisticRegression_B_undersampled
d1eb903155f4079fae801aa635a62082,17333426,1,0.02973977695167286,4,850,5,0.8799999999999999,28,4.285714285714286,9.333333333333334,0.25,0.32142857142857145,0.14285714285714285,0,0.1998,0.3305151850077938,FN,LogisticRegression_B_undersampled
626f9d81e53b095431f8357a2363bd74,45974,0,0.01349527665317139,24,1576,3,-1.5,216,4.185185185185185,30.857142857142858,0.18518518518518517,0.22685185185185186,0.18981481481481483,1,0.43224285714285715,0.7090519084883355,FP,LogisticRegression_B_undersampled
00eb43a16ceee932f966e62d069c8b82,768496,0,0.007575757575757576,1,215,4,-0.09999999999999964,245,4.375510204081633,18.846153846153847,0.20408163265306123,0.2571428571428571,0.13877551020408163,0,0.3429923076923077,0.4500861924066869,TN,LogisticRegression_B_undersampled
0ee562bc233888395e9eeae517e2c394,25784766,0,0.014492753623188406,1,682,4,0.3700000000000001,69,4.144927536231884,17.25,0.21739130434782608,0.2318840579710145,0.11594202898550725,0,0.253125,0.3700025301205652,TN,LogisticRegression_B_undersampled
bc539f9b5c7ff42d895cf8d52b431eb5,25334576,0,0.0010515247108307045,1,493,4,0.10000000000000009,25,4.76,6.25,0.24,0.2,0.32,0,-0.018000000000000002,0.28091176399814416,TN,LogisticRegression_B_undersampled
96776ed5b5551dc6fef8503eb686e010,25334576,0,0.0010515247108307045,7,543,5,1.1,2,8.0,2.0,0.0,0.0,1.0,0,0.5719,0.20467978655623414,TN,LogisticRegression_B_undersampled
d2dc613030ea9b2e2a344a83a334ad28,75504,0,0.01639344262295082,1,2091,5,0.7199999999999998,17,3.6470588235294117,8.5,0.17647058823529413,0.4117647058823529,0.058823529411764705,0,0.1806,0.4118111723269483,TN,LogisticRegression_B_undersampled
e312aa672c539102ab217a95248dff33,158005,0,0.011494252873563218,5,2078,4,-0.07000000000000028,48,3.75,12.0,0.14583333333333334,0.25,0.14583333333333334,0,-0.025099999999999997,0.4716073642442068,TN,LogisticRegression_B_undersampled
88f57e85ab52491903966cf0a37e7d08,45974,0,0.001349527665317139,1,3571,0,-4.5,8,4.5,8.0,0.125,0.25,0.5,0,0.4902,0.36676785908638104,TN,LogisticRegression_B_undersampled
ac0c3f68c0fe89f4bb1e27aab96a2645,34023590,0,0.004415011037527594,1,141,4,0.4700000000000002,296,3.972972972972973,15.578947368421053,0.20945945945945946,0.21283783783783783,0.15878378378378377,0,0.07976315789473683,0.4645505037050108,TN,LogisticRegression_B_undersampled
8d6daba2b1d109ba410e58c5b24ce4f0,430788,0,0.006289308176100629,5,1680,5,0.9199999999999999,7,4.428571428571429,3.5,0.14285714285714285,0.42857142857142855,0.0,0,0.0,0.4360934817935903,TN,LogisticRegression_B_undersampled
a9cee86113532076ecf0a238b7b6c52b,27822,0,0.006289308176100629,3,1145,5,0.9100000000000001,1241,4.472199838839646,26.97826086956522,0.1845286059629331,0.20064464141821112,0.1651893634165995,0,0.13622173913043478,0.9155304385697133,FP,LogisticRegression_B_undersampled
3898b9ef37d15c3e608f7dcf8e40393a,9583799,0,0.015873015873015872,1,1676,5,1.12,20,4.3,6.666666666666667,0.25,0.15,0.3,0,0.6779000000000001,0.26800116247482214,TN,LogisticRegression_B_undersampled
c60f4c64ccb677e8aadaa61fdc07e55d,7882218,0,0.0035335689045936395,75,1503,4,-0.5,52,3.9615384615384617,52.0,0.09615384615384616,0.21153846153846154,0.17307692307692307,1,0.9305,0.8313178311080973,FP,LogisticRegression_B_undersampled
5fe319ed27c865831803dd3c7dedddf5,2262521,1,0.3541666666666667,69,1972,3,-0.56,1234,4.188816855753647,20.566666666666666,0.15559157212317667,0.33144246353322526,0.1353322528363047,1,0.07072333333333333,0.9791079596081002,TP,LogisticRegression_B_undersampled
01ea13cd14aca4be86fa011820391304,75504,0,0.01639344262295082,1,2071,5,0.7199999999999998,120,4.125,20.0,0.15833333333333333,0.275,0.11666666666666667,1,0.18145,0.6108392424160636,FP,LogisticRegression_B_undersampled
a765a5bc96ef3958fc6223e8761a470b,17788340,1,0.34951456310679613,21,1683,5,0.29000000000000004,159,4.150943396226415,26.5,0.15723270440251572,0.2641509433962264,0.18238993710691823,0,0.0496,0.621002540699736,TP,LogisticRegression_B_undersampled
19a910ca2f9c5df607f9c252c1f40faf,2262521,0,0.010416666666666666,1,1384,5,1.44,85,4.447058823529412,14.166666666666666,0.17647058823529413,0.18823529411764706,0.25882352941176473,1,0.7061000000000001,0.4318015104153975,TN,LogisticRegression_B_undersampled
633b40d44ef89b1750eebc8ac12e97f2,28645638,0,0.008403361344537815,2,333,4,-0.16000000000000014,75,4.253333333333333,15.0,0.16,0.26666666666666666,0.16,0,0.69692,0.3378073769134471,TN,LogisticRegression_B_undersampled
787b53cf7c46bc85ef45ed3aece174b6,2547,0,0.001594896331738437,1,1650,4,-0.23000000000000043,36,3.8333333333333335,12.0,0.16666666666666666,0.19444444444444445,0.1388888888888889,0,0.32516666666666666,0.398770370726185,TN,LogisticRegression_B_undersampled
f38ab0fe2d0e34bd72ebd9e72669e7ce,45974,1,0.02699055330634278,4,937,2,-2.5,665,4.073684210526316,15.465116279069768,0.2,0.21654135338345865,0.162406015037594,1,0.11065116279069767,0.793783555036121,TP,LogisticRegression_B_undersampled
87f7b3a127934f2c6a6402136c4108c7,14706,0,0.005128205128205128,1,1295,5,1.0699999999999998,25,4.08,25.0,0.16,0.2,0.12,0,0.1406,0.4441109014951344,TN,LogisticRegression_B_undersampled
f994cdf5e923e314f22c0b6b7d1cc150,2262521,0,0.005208333333333333,1,210,2,-1.56,112,3.8392857142857144,22.4,0.16964285714285715,0.2857142857142857,0.10714285714285714,0,-0.05810000000000002,0.4356975432642383,TN,LogisticRegression_B_undersampled
ae29af25393dd272bffff2fbb387b57d,17788340,0,0.009708737864077669,2,1497,5,0.29000000000000004,8,4.375,8.0,0.375,0.125,0.25,0,0.0,0.3008711904917661,TN,LogisticRegression_B_undersampled
3ac36de07b39d72fdebe11f8b414b7af,2262521,0,0.005208333333333333,1,1855,3,-0.56,86,4.453488372093023,10.75,0.1744186046511628,0.3023255813953488,0.13953488372093023,0,0.06705,0.4338653671418048,TN,LogisticRegression_B_undersampled
6e684cddb64ad3213d029e2d2a75c523,25334576,1,0.02103049421661409,3,504,5,1.1,15,4.8,7.5,0.2,0.2,0.3333333333333333,0,-0.17975,0.3119917747611075,FN,LogisticRegression_B_undersampled
a356958ab5201f703197dc3c563db1fa,2547,0,0.012759170653907496,3,1744,5,0.7699999999999996,1168,4.016267123287672,19.147540983606557,0.1703767123287671,0.2131849315068493,0.11815068493150685,1,0.16709016393442624,0.9355071672967369,FP,LogisticRegression_B_undersampled
8045a76dc9845dcfbd43b2fb244e38c0,34023590,1,0.02207505518763797,2,209,5,1.4700000000000002,193,4.217616580310881,12.0625,0.23316062176165803,0.19170984455958548,0.17098445595854922,0,0.11390625000000001,0.3898924839873331,FN,LogisticRegression_B_undersampled
a1d1c313993861637e4fa48c8d8c4a49,12384,1,0.03896103896103896,1,2046,4,0.08999999999999986,142,5.091549295774648,28.4,0.14788732394366197,0.24647887323943662,0.19718309859154928,1,0.053880000000000004,0.6468299256751597,TP,LogisticRegression_B_undersampled
c40e6887668f4669279efce6c93198ba,25334576,0,0.0010515247108307045,1,650,4,0.10000000000000009,28,5.107142857142857,14.0,0.14285714285714285,0.17857142857142858,0.2857142857142857,0,0.69185,0.3039302313106017,TN,LogisticRegression_B_undersampled
2a0d27bd5b84ff00fe37cae2721076f7,17575120,1,0.927536231884058,73,181,5,0.8799999999999999,715,4.489510489510489,28.6,0.17342657342657342,0.25594405594405595,0.16923076923076924,1,-0.16429199999999994,0.9356541447052493,TP,LogisticRegression_B_undersampled
0574b85511a5e6cbeec2706d48cb871c,82346,1,0.2878338278931751,73,2880,3,-0.3999999999999999,358,4.472067039106145,19.88888888888889,0.14804469273743018,0.24860335195530725,0.16759776536312848,1,0.2044888888888889,0.8912888814006683,TP,LogisticRegression_B_undersampled
fe853b35a23b4e95f5e82aecc1c02d9d,197698,1,0.47058823529411764,73,3187,4,-0.3200000000000003,111,4.594594594594595,37.0,0.14414414414414414,0.22522522522522523,0.1981981981981982,1,0.47153333333333336,0.8632305182674781,TP,LogisticRegression_B_undersampled
52d7ceacf47f63e49acc201bdf1fea27,82356,1,0.37656903765690375,73,3824,3,-0.73,69,4.681159420289855,23.0,0.10144927536231885,0.2608695652173913,0.2028985507246377,0,0.6989333333333333,0.7662409144987764,TP,LogisticRegression_B_undersampled
8db83739b7c943100c4d81ab52e11067,25784766,0,0.014492753623188406,2,755,5,1.37,235,3.893617021276596,9.791666666666666,0.2170212765957447,0.14893617021276595,0.1829787234042553,0,0.2283666666666667,0.4227971239290799,TN,LogisticRegression_B_undersampled
d75a6dedb1d7e41e278714085dd60f8a,158005,1,0.04597701149425287,48,343,3,-1.0700000000000003,109,3.688073394495413,18.166666666666668,0.26605504587155965,0.2018348623853211,0.1559633027522936,0,0.32155,0.5245357024960646,TP,LogisticRegression_B_undersampled
26eaa62d91c96e0f8a9c38f8d2fe7f60,2262521,1,0.11458333333333333,19,2732,5,1.44,440,4.695454545454545,29.333333333333332,0.13636363636363635,0.25,0.18181818181818182,1,0.007646666666666668,0.8414652141032671,TP,LogisticRegression_B_undersampled
01cfb3a69e5ebb69dc5c8169e5fa2392,430788,1,0.20125786163522014,19,3724,5,0.9199999999999999,40,5.25,20.0,0.15,0.2,0.275,0,0.53385,0.5487470741461228,TP,LogisticRegression_B_undersampled
665b0ccf1f23fb6f76f7e3414dbf3642,78249,0,0.010526315789473684,3,1614,3,-0.79,23,4.782608695652174,11.5,0.17391304347826086,0.43478260869565216,0.13043478260869565,0,-0.06275,0.4148848422740066,TN,LogisticRegression_B_undersampled
46e8b9d7835e4481effd6e6a1a572f8b,27822,0,0.012578616352201259,3,1678,5,0.9100000000000001,9,4.666666666666667,9.0,0.1111111111111111,0.4444444444444444,0.0,0,0.8666,0.3832619489540493,TN,LogisticRegression_B_undersampled
0e785150027e14155439596425095c2b,82346,0,0.002967359050445104,1,1164,2,-1.4,8,4.25,8.0,0.125,0.375,0.125,0,0.6059,0.3218311316146314,TN,LogisticRegression_B_undersampled
58726076e1003c9f6f0b1b192788246d,17333426,0,0.0037174721189591076,2,950,5,0.8799999999999999,14,3.357142857142857,4.666666666666667,0.21428571428571427,0.35714285714285715,0.14285714285714285,0,0.4164333333333334,0.29239393181264267,TN,LogisticRegression_B_undersampled
e4eef907b14215981c6dca6f0b9305b1,7044365,1,0.029411764705882353,8,579,5,1.3900000000000001,44,4.136363636363637,14.666666666666666,0.22727272727272727,0.18181818181818182,0.2727272727272727,0,0.5009,0.3044541753207347,FN,LogisticRegression_B_undersampled
033e1d045d6150d4e70243d663ec80af,35606560,0,0.003194888178913738,16,20,3,-1.21,73,4.178082191780822,14.6,0.1780821917808219,0.2328767123287671,0.1917808219178082,0,0.36241999999999996,0.3887722472606152,TN,LogisticRegression_B_undersampled
9dbb0b149b562bc5a1c7f37820e0c197,25334576,0,0.0010515247108307045,1,279,4,0.10000000000000009,19,4.526315789473684,6.333333333333333,0.21052631578947367,0.10526315789473684,0.21052631578947367,0,0.09303333333333332,0.30278777580140126,TN,LogisticRegression_B_undersampled
f9cdd277d63ba4c3456d19e6df3fc16a,34023590,0,0.019867549668874173,18,133,2,-1.5299999999999998,202,4.475247524752476,22.444444444444443,0.19801980198019803,0.2079207920792079,0.17326732673267325,0,0.31555555555555553,0.48811055913054024,TN,LogisticRegression_B_undersampled
cac9b585ef1bfe5e1df5878278b4b9d4,158005,1,0.022988505747126436,18,852,0,-4.07,26,4.269230769230769,8.666666666666666,0.11538461538461539,0.38461538461538464,0.15384615384615385,0,0.4106,0.4099194682067954,FN,LogisticRegression_B_undersampled
ff2b5c2e03cb2ea52da73aeec86a28cd,150253,1,0.09859154929577464,12,546,5,0.6299999999999999,22,3.909090909090909,22.0,0.2727272727272727,0.09090909090909091,0.13636363636363635,0,0.0,0.4139834998778985,FN,LogisticRegression_B_undersampled
19cd05d6216b0de93a73953acee2a1c2,9639765,0,0.017094017094017096,16,671,3,-1.0499999999999998,77,4.35064935064935,15.4,0.22077922077922077,0.23376623376623376,0.14285714285714285,1,0.3879,0.5104940866465587,FP,LogisticRegression_B_undersampled
61c279f031e53dab1417b603c7cb8de4,21413663,1,0.03333333333333333,17,1258,5,1.31,171,4.4678362573099415,34.2,0.10526315789473684,0.26900584795321636,0.17543859649122806,0,0.50222,0.5825675545755085,TP,LogisticRegression_B_undersampled
e8ba50cfaf0fda21829bc1f726247f3b,16128045,1,0.046875,1,1821,5,0.5800000000000001,200,4.625,14.285714285714286,0.18,0.25,0.15,1,0.2552785714285714,0.6054047000419914,TP,LogisticRegression_B_undersampled
aec4febc5372e24d641c5a3a2b395dbb,61049,0,0.009345794392523364,22,484,3,-1.3200000000000003,77,4.805194805194805,12.833333333333334,0.16883116883116883,0.2077922077922078,0.23376623376623376,0,0.33768333333333334,0.43205407334787266,TN,LogisticRegression_B_undersampled
d9806d0a4d227bd1ac2abcf210bc921d,45974,0,0.008097165991902834,22,1096,5,0.5,184,4.668478260869565,18.4,0.13043478260869565,0.24456521739130435,0.20652173913043478,0,-0.046810000000000004,0.5989996239003109,FP,LogisticRegression_B_undersampled
c925322f4754e0d980753a4957f32f7a,406373,0,0.0024449877750611247,22,1663,4,0.029999999999999805,72,4.375,24.0,0.1527777777777778,0.25,0.2361111111111111,0,0.23983333333333334,0.5233009910215257,FP,LogisticRegression_B_undersampled
2fc0af53ee643e2ee1184dbb1e9e323d,9639765,0,0.017094017094017096,6,212,4,-0.04999999999999982,17,4.294117647058823,8.5,0.0,0.5294117647058824,0.17647058823529413,0,0.0386,0.39952013512847484,TN,LogisticRegression_B_undersampled
0eac36acb80bca9f2095c5d6315c1078,25334576,0,0.0010515247108307045,5,476,4,0.10000000000000009,55,4.4,18.333333333333332,0.21818181818181817,0.2,0.2727272727272727,1,0.13843333333333338,0.444508675083981,TN,LogisticRegression_B_undersampled
572493bda66d77fbd4f873706894091e,27822,0,0.006289308176100629,5,1757,2,-2.09,90,4.155555555555556,11.25,0.2111111111111111,0.15555555555555556,0.2777777777777778,1,0.30086250000000003,0.48782596106173687,TN,LogisticRegression_B_undersampled
302aecaa78619fbede1b503bf8c9ec02,2547,1,0.022328548644338118,4,570,5,0.7699999999999996,341,4.249266862170088,17.94736842105263,0.19941348973607037,0.21407624633431085,0.14076246334310852,1,0.27615789473684216,0.6341640602120935,TP,LogisticRegression_B_undersampled
9a028b337ea1ea3220600aa8a4e0412c,25334576,0,0.002103049421661409,5,256,4,0.10000000000000009,115,4.3130434782608695,23.0,0.19130434782608696,0.21739130434782608,0.09565217391304348,0,-0.0028200000000000005,0.46134678178722544,TN,LogisticRegression_B_undersampled
8dd7f787a9228c3f23fa3620662fa0c0,17333426,0,0.007434944237918215,1,1489,3,-1.12,61,4.229508196721311,12.2,0.18032786885245902,0.19672131147540983,0.32786885245901637,0,0.47517999999999994,0.33595391052468937,TN,LogisticRegression_B_undersampled
4345ff6133632d6033670567cc44aba6,2547,0,0.001594896331738437,1,883,5,0.7699999999999996,22,4.818181818181818,7.333333333333333,0.2727272727272727,0.22727272727272727,0.22727272727272727,0,0.3337666666666667,0.2843619136634781,TN,LogisticRegression_B_undersampled
67937c844193f37cc9bf76941a73714e,27822,1,0.025157232704402517,1,2024,5,0.9100000000000001,272,4.419117647058823,20.923076923076923,0.1801470588235294,0.22058823529411764,0.17647058823529413,0,0.39826153846153844,0.5508221126306115,TP,LogisticRegression_B_undersampled
1ab4a16f2c7c428c21388fb149020986,9639765,0,0.008547008547008548,8,103,5,0.9500000000000002,25,5.12,6.25,0.16,0.32,0.16,1,0.0,0.4533921873569922,TN,LogisticRegression_B_undersampled
57fb5c01d9cc48b3f10773f6b2dc8dba,2547,0,0.001594896331738437,2,183,4,-0.23000000000000043,46,4.673913043478261,11.5,0.10869565217391304,0.1956521739130435,0.32608695652173914,0,0.28445000000000004,0.3291874641915664,TN,LogisticRegression_B_undersampled
3a611c6c03f6409b867485fdad977f47,35606560,0,0.006389776357827476,1,15,3,-1.21,10,5.4,10.0,0.1,0.2,0.4,0,0.7783,0.2511052118699759,TN,LogisticRegression_B_undersampled
2748159a3921e89823316d923d1848ec,25334576,0,0.004206098843322818,41,529,4,0.10000000000000009,679,4.562592047128129,30.863636363636363,0.14432989690721648,0.28276877761413843,0.16200294550810015,1,0.15016363636363636,0.8929902319412723,FP,LogisticRegression_B_undersampled
e2d37db2a314642f595e8152278aeedd,82356,0,0.008368200836820083,3,456,4,0.27,315,4.276190476190476,11.25,0.20317460317460317,0.21904761904761905,0.18095238095238095,1,0.11488928571428571,0.5794628870614512,FP,LogisticRegression_B_undersampled
046971d126e3146a04630558c32ba628,2547,0,0.001594896331738437,2,2018,5,0.7699999999999996,20,4.15,20.0,0.15,0.2,0.3,0,0.8356,0.3556528378708226,TN,LogisticRegression_B_undersampled
5cba5afe1157975e0c995929414bf9c4,35606560,0,0.001597444089456869,1,28,5,0.79,34,4.647058823529412,8.5,0.2647058823529412,0.2647058823529412,0.14705882352941177,0,0.17872500000000002,0.29218581025469065,TN,LogisticRegression_B_undersampled
ba9ec5d78d3e5cd80e163f908c2aa43e,25334576,0,0.0010515247108307045,1,491,4,0.10000000000000009,20,3.65,20.0,0.15,0.2,0.2,1,0.4672,0.43034163591619884,TN,LogisticRegression_B_undersampled
d6b9583726b3b297aa236dff23d0c990,25334576,0,0.002103049421661409,6,458,5,1.1,47,4.276595744680851,11.75,0.23404255319148937,0.2765957446808511,0.14893617021276595,0,0.17174999999999999,0.34388174635725055,TN,LogisticRegression_B_undersampled
e83213877b22bccbbc6b2254757b71cb,2547,0,0.003189792663476874,12,2974,5,0.7699999999999996,52,4.038461538461538,17.333333333333332,0.17307692307692307,0.19230769230769232,0.17307692307692307,1,0.2568666666666667,0.6196328553289305,FP,LogisticRegression_B_undersampled
cb56984450b28dfecfc31d1f846e9887,45974,0,0.005398110661268556,10,169,5,0.5,29,4.241379310344827,14.5,0.1724137931034483,0.20689655172413793,0.10344827586206896,0,0.2202,0.3986289831442172,TN,LogisticRegression_B_undersampled
5af724e0adeeba3aca0bcf678887b229,430788,0,0.018867924528301886,4,1930,5,0.9199999999999999,1610,4.6645962732919255,15.48076923076923,0.17515527950310558,0.2701863354037267,0.14720496894409937,1,0.004999038461538464,0.9745414006050975,FP,LogisticRegression_B_undersampled
0468b2096cc6023c0e72b5291f5de0bc,1760997,1,0.02564102564102564,28,1826,5,0.9900000000000002,151,4.19205298013245,21.571428571428573,0.17880794701986755,0.19205298013245034,0.11258278145695365,0,0.0873,0.6265713539826951,TP,LogisticRegression_B_undersampled
3398b149686dc04286716043c59cec8c,7428663,1,0.05,3,942,2,-2.3,255,4.486274509803922,28.333333333333332,0.16862745098039217,0.25098039215686274,0.13725490196078433,1,0.10055555555555556,0.6707406327976662,TP,LogisticRegression_B_undersampled
7b41295c2caeafaa5831214132cd10b9,45974,0,0.010796221322537112,47,1601,5,0.5,163,4.484662576687117,23.285714285714285,0.24539877300613497,0.20245398773006135,0.15950920245398773,1,0.06414285714285714,0.7507935895295856,FP,LogisticRegression_B_undersampled
f57b08c716d73db2d3019834dbbcb5a5,35606560,0,0.001597444089456869,2,17,4,-0.20999999999999996,61,4.114754098360656,30.5,0.19672131147540983,0.19672131147540983,0.21311475409836064,0,0.2288,0.3867626070003474,TN,LogisticRegression_B_undersampled
a2cfbcb15e5042317984eb25ef69a214,16241798,0,0.014285714285714285,4,202,4,-0.13999999999999968,219,4.415525114155251,13.6875,0.1689497716894977,0.2374429223744292,0.182648401826484,1,0.07920625,0.5579271239538365,FP,LogisticRegression_B_undersampled
0c39f35f68076b9a240807c950ebe3c0,34023590,1,0.026490066225165563,9,261,4,0.4700000000000002,88,3.6363636363636362,12.571428571428571,0.22727272727272727,0.18181818181818182,0.19318181818181818,0,0.0977857142857143,0.35917914614325275,FN,LogisticRegression_B_undersampled
f848ab14df3869d4382b34037b47edbe,2262521,0,0.015625,6,897,5,1.44,20,3.7,10.0,0.25,0.2,0.15,0,-0.2187,0.36250327734513565,TN,LogisticRegression_B_undersampled
e4b06095b1d34482efcbeaa7c1f3c029,535734,1,0.03636363636363636,1,1194,5,1.06,82,4.353658536585366,11.714285714285714,0.18292682926829268,0.2682926829268293,0.24390243902439024,0,0.3059428571428571,0.36025809343885423,FN,LogisticRegression_B_undersampled
9e9d7c74913d0813b8cff4c274ef0b75,82356,1,0.02092050209205021,12,3052,3,-0.73,241,4.2946058091286305,24.1,0.15352697095435686,0.21161825726141079,0.15767634854771784,1,0.010819999999999974,0.7545292470206223,TP,LogisticRegression_B_undersampled
ebda1fae58e3673fb603546ee68b8b07,82346,1,0.07418397626112759,12,3086,2,-1.4,361,4.4515235457063715,16.40909090909091,0.18559556786703602,0.22160664819944598,0.18282548476454294,1,0.22420454545454546,0.7461654617291947,TP,LogisticRegression_B_undersampled
367c27dff838a2f63ebaf036452e6c03,2547,0,0.001594896331738437,1,1988,3,-1.2300000000000004,14,5.214285714285714,7.0,0.14285714285714285,0.2857142857142857,0.35714285714285715,0,0.0,0.37184207679647624,TN,LogisticRegression_B_undersampled
ffeea5a69a5a530682971b1cb33d8b4f,25334576,0,0.0010515247108307045,1,329,5,1.1,36,5.777777777777778,12.0,0.08333333333333333,0.19444444444444445,0.3333333333333333,0,0.4988333333333333,0.3206898086895523,TN,LogisticRegression_B_undersampled
2509474aa6d534fd2db506cc9a537e3f,9583799,0,0.007936507936507936,8,2062,5,1.12,454,4.497797356828194,20.636363636363637,0.20704845814977973,0.2511013215859031,0.14537444933920704,1,-0.009036363636363641,0.7728125164937245,FP,LogisticRegression_B_undersampled
b498b1da9ce65aaa6e63b370e0e705e6,25334576,0,0.0010515247108307045,1,292,1,-2.9,28,4.178571428571429,9.333333333333334,0.10714285714285714,0.32142857142857145,0.14285714285714285,0,-0.3644333333333334,0.40439533276212913,TN,LogisticRegression_B_undersampled
a62382d3322080acc5a09a483b21e2f0,61049,1,0.028037383177570093,2,292,5,0.6799999999999997,360,4.538888888888889,20.0,0.16111111111111112,0.23333333333333334,0.19444444444444445,1,0.07347777777777778,0.6551595663574157,TP,LogisticRegression_B_undersampled
26d13efb9a5b24aa554a075c4a91cdfe,158005,1,0.022988505747126436,1,3493,3,-1.0700000000000003,137,3.591240875912409,11.416666666666666,0.2116788321167883,0.16058394160583941,0.18248175182481752,0,0.24111666666666665,0.5050457170848638,TP,LogisticRegression_B_undersampled
b0473ae9b7f0538a5b9a3da2fb125b63,25334576,0,0.0031545741324921135,3,60,5,1.1,142,4.225352112676056,17.75,0.20422535211267606,0.18309859154929578,0.176056338028169,0,0.06618750000000001,0.4057466149248186,TN,LogisticRegression_B_undersampled
e32ed1bbf773a5f8df9dcaf251a27c09,9639765,0,0.008547008547008548,3,724,4,-0.04999999999999982,18,4.666666666666667,18.0,0.1111111111111111,0.2222222222222222,0.3333333333333333,0,0.2912,0.35338003699910187,TN,LogisticRegression_B_undersampled
7e78a25421a1b55431b14459d7af63c5,61049,0,0.009345794392523364,6,2738,5,0.6799999999999997,54,4.111111111111111,18.0,0.2222222222222222,0.16666666666666666,0.16666666666666666,0,0.5662666666666666,0.44716322865097224,TN,LogisticRegression_B_undersampled
b31b8d5cd55c692995647ebc646ef123,367802,1,0.06403940886699508,36,3323,5,0.7999999999999998,426,4.669014084507042,14.689655172413794,0.22065727699530516,0.24413145539906103,0.20187793427230047,1,0.21104827586206898,0.8314932888563987,TP,LogisticRegression_B_undersampled
fc342d60b30f8af5b10fffb8ed92dffb,35606560,1,0.025559105431309903,1,15,5,0.79,70,4.571428571428571,10.0,0.2,0.3,0.17142857142857143,0,-0.01284285714285714,0.34635520133564157,FN,LogisticRegression_B_undersampled
493cbd76e33577a77d14f1f6a351e100,35606560,0,0.012779552715654952,7,23,0,-4.21,2928,4.339139344262295,19.263157894736842,0.2062841530054645,0.20935792349726776,0.1711065573770492,1,0.17324473684210526,0.9978501342352422,FP,LogisticRegression_B_undersampled
680182a1a45334ce37f7204f0ab442f7,2262521,0,0.005208333333333333,2,2454,4,0.43999999999999995,24,3.5416666666666665,8.0,0.2916666666666667,0.20833333333333334,0.125,0,0.31026666666666664,0.3491018137889711,TN,LogisticRegression_B_undersampled
b4bc7dc34588f08ee6c08aff866b110b,45974,0,0.002699055330634278,1,1573,5,0.5,142,4.401408450704225,20.285714285714285,0.19014084507042253,0.2323943661971831,0.14084507042253522,0,0.05877142857142858,0.5056436534969497,FP,LogisticRegression_B_undersampled
a7bb357251c7b2dec6c040f1c458f2fa,16128045,0,0.015625,4,1082,5,0.5800000000000001,224,4.084821428571429,14.0,0.21875,0.16517857142857142,0.20089285714285715,0,0.128725,0.47809760952771013,TN,LogisticRegression_B_undersampled
0ea0532fc1add36e1223d44f343adf03,45974,0,0.001349527665317139,6,1768,2,-2.5,27,4.518518518518518,9.0,0.18518518518518517,0.07407407407407407,0.4074074074074074,0,0.015599999999999984,0.37449771064645476,TN,LogisticRegression_B_undersampled
e9bb21e0144579e2b69e49fd9b05d155,394424,1,0.07246376811594203,22,1743,4,-0.23000000000000043,207,4.27536231884058,20.7,0.16908212560386474,0.20772946859903382,0.2028985507246377,0,-0.03168,0.6225783981027632,TP,LogisticRegression_B_undersampled
665573cdc997f8d11f54e5fb19bd5f32,35606560,0,0.001597444089456869,2,16,5,0.79,39,3.8205128205128207,7.8,0.23076923076923078,0.2564102564102564,0.1794871794871795,0,0.38196,0.2774317892842258,TN,LogisticRegression_B_undersampled
14df8585604cc34a85127981b460c216,9639765,0,0.017094017094017096,5,950,2,-2.05,36,4.5,12.0,0.05555555555555555,0.25,0.4166666666666667,0,0.1922,0.36610018487173823,TN,LogisticRegression_B_undersampled
adc96904b5d12b6f0bb6f84ba1b46174,2547,0,0.003189792663476874,1,1957,5,0.7699999999999996,91,4.373626373626373,15.166666666666666,0.15384615384615385,0.26373626373626374,0.13186813186813187,0,0.3549833333333334,0.45795714582789326,TN,LogisticRegression_B_undersampled
9d4ca88e9bcd9e5753385b8846172223,35606560,0,0.003194888178913738,29,26,3,-1.21,285,3.92280701754386,8.382352941176471,0.21403508771929824,0.21052631578947367,0.1543859649122807,0,0.10387941176470587,0.5475404682863505,FP,LogisticRegression_B_undersampled
8f44b3515485cc9d5cc8aa579ed5a561,35606560,0,0.003194888178913738,8,25,5,0.79,127,4.480314960629921,15.875,0.25196850393700787,0.25196850393700787,0.10236220472440945,0,0.23663749999999997,0.39714562623083055,TN,LogisticRegression_B_undersampled
1c41e0e475860e4570a5ed7b48044405,82346,0,0.002967359050445104,1,1958,0,-3.4,17,4.117647058823529,17.0,0.23529411764705882,0.11764705882352941,0.17647058823529413,0,0.7003,0.3368988578329983,TN,LogisticRegression_B_undersampled
228141996ae9d41bb295e3bc860d5dcc,25334576,0,0.002103049421661409,1,291,3,-0.8999999999999999,70,4.057142857142857,17.5,0.2,0.14285714285714285,0.2,0,-0.108525,0.3838738268044437,TN,LogisticRegression_B_undersampled
3721604e95ba864112d415f3de73a06b,2547,0,0.004784688995215311,1,298,5,0.7699999999999996,59,4.220338983050848,11.8,0.1864406779661017,0.2711864406779661,0.13559322033898305,0,0.28656,0.3464212783076329,TN,LogisticRegression_B_undersampled
db13ccf09c449828ae8831c3764afee5,45974,0,0.001349527665317139,1,1777,5,0.5,8,5.25,4.0,0.125,0.25,0.25,0,0.5418499999999999,0.34541017763683163,TN,LogisticRegression_B_undersampled
c42a6e425abed844b32d4aa480574cce,78249,1,0.05263157894736842,2,1784,5,1.21,59,4.1525423728813555,19.666666666666668,0.23728813559322035,0.2711864406779661,0.11864406779661017,0,0.7493666666666666,0.36976652310000735,FN,LogisticRegression_B_undersampled
ebb9b57b478742bd62748e1e42d73bdd,394424,0,0.007246376811594203,1,1799,5,0.7699999999999996,20,4.45,20.0,0.2,0.2,0.1,0,-0.4574,0.5024990686533684,FP,LogisticRegression_B_undersampled
f912a7c77ce1b80838bb5c51c8cb2ddf,45974,0,0.001349527665317139,1,464,5,0.5,32,4.65625,10.666666666666666,0.125,0.4375,0.09375,1,0.0,0.4967058763699222,TN,LogisticRegression_B_undersampled
ae06141c0a03043aa9ea26a39c49955f,535734,0,0.01818181818181818,1,1327,4,0.06000000000000005,255,4.666666666666667,25.5,0.18823529411764706,0.24313725490196078,0.13725490196078433,1,0.34302,0.6336026472732337,FP,LogisticRegression_B_undersampled
9f8e6a502f12b8224e7b6644cffdf59a,16128045,1,0.03125,2,1632,5,0.5800000000000001,104,3.9134615384615383,17.333333333333332,0.25,0.15384615384615385,0.11538461538461539,1,0.12171666666666665,0.5518017323956732,TP,LogisticRegression_B_undersampled
3f6d3a74bc23525e5229425f37d48e39,2547,0,0.001594896331738437,1,3046,5,0.7699999999999996,147,4.210884353741497,13.363636363636363,0.1292517006802721,0.25170068027210885,0.14285714285714285,1,0.09892727272727274,0.6566506703573525,FP,LogisticRegression_B_undersampled
aac2988471c345408620619747a02422,61049,1,0.056074766355140186,1,3746,5,0.6799999999999997,113,4.292035398230088,18.833333333333332,0.20353982300884957,0.2743362831858407,0.09734513274336283,1,0.15825,0.6642690961277528,TP,LogisticRegression_B_undersampled
2a6cd0f5530f07a998869c567c56224a,2262521,0,0.005208333333333333,1,1188,5,1.44,33,4.090909090909091,11.0,0.18181818181818182,0.3333333333333333,0.12121212121212122,1,0.43839999999999996,0.433363748412696,TN,LogisticRegression_B_undersampled
68017ce28d36162a44fbe11d0fcc2ac1,2547,0,0.001594896331738437,1,1338,5,0.7699999999999996,28,4.607142857142857,28.0,0.17857142857142858,0.32142857142857145,0.10714285714285714,0,0.5719,0.41679553588044216,TN,LogisticRegression_B_undersampled
35d7336431c17be9bf47baf24b38047c,30312512,0,0.01282051282051282,1,236,2,-1.8599999999999999,64,4.09375,64.0,0.203125,0.21875,0.21875,0,0.2263,0.5025801681076001,FP,LogisticRegression_B_undersampled
4478d70847a3384b4d89f7b25f488818,25334576,0,0.0010515247108307045,1,367,2,-1.9,41,3.3658536585365852,20.5,0.24390243902439024,0.17073170731707318,0.0975609756097561,1,-0.39175000000000004,0.5086401416212368,FP,LogisticRegression_B_undersampled
90661117909a9fdcbcf7906b6e120dcb,158005,0,0.011494252873563218,2,161,5,0.9299999999999997,176,4.1875,25.142857142857142,0.1534090909090909,0.2556818181818182,0.10227272727272728,1,0.43847142857142857,0.5571814660525692,FP,LogisticRegression_B_undersampled
f32190971c943c5441f73238bde48b1d,45974,0,0.001349527665317139,1,1256,4,-0.5,88,4.579545454545454,17.6,0.125,0.23863636363636365,0.1590909090909091,0,-0.14964,0.49882752615946324,TN,LogisticRegression_B_undersampled
7beecdee532f90cef244be3dfed3f799,367802,0,0.0049261083743842365,3,3652,5,0.7999999999999998,9,4.444444444444445,9.0,0.0,0.2222222222222222,0.2222222222222222,0,0.7783,0.4808566967289117,TN,LogisticRegression_B_undersampled
33ca7195d3dcc97209ec868f63a6b741,21413663,0,0.013333333333333334,1,1185,5,1.31,204,4.642156862745098,29.142857142857142,0.14705882352941177,0.23529411764705882,0.17647058823529413,0,0.19287142857142855,0.5328143856065257,FP,LogisticRegression_B_undersampled
ef16816cdc07653f8bef6e90ae8e9647,27822,0,0.012578616352201259,1,1135,5,0.9100000000000001,361,4.448753462603878,20.055555555555557,0.20498614958448755,0.23545706371191136,0.16897506925207756,0,0.29202222222222224,0.5559282811464832,FP,LogisticRegression_B_undersampled
f99655ee1ea59a9a1dbf7fff2d42b67a,535734,0,0.00909090909090909,1,1018,4,0.06000000000000005,36,4.277777777777778,12.0,0.16666666666666666,0.25,0.1388888888888889,1,-0.014999999999999994,0.49412642315591204,TN,LogisticRegression_B_undersampled
0f3cff20195a0bf0304f4ea11cff8015,2262521,0,0.005208333333333333,1,923,5,1.44,44,4.340909090909091,14.666666666666666,0.11363636363636363,0.22727272727272727,0.22727272727272727,0,0.09573333333333334,0.3869043598564711,TN,LogisticRegression_B_undersampled
305250685bf1538948b31ee306805327,2547,0,0.004784688995215311,2,1612,5,0.7699999999999996,132,4.333333333333333,26.4,0.16666666666666666,0.23484848484848486,0.11363636363636363,0,0.54,0.492757696893559,TN,LogisticRegression_B_undersampled
7a13da414117be5be47efec086c1d26e,14706,1,0.020512820512820513,1,3201,5,1.0699999999999998,49,3.9183673469387754,9.8,0.2653061224489796,0.2653061224489796,0.1836734693877551,0,0.16296,0.41293430571430556,FN,LogisticRegression_B_undersampled
80c7e26d8f4b39f7fbc720543b6998da,75504,1,0.39344262295081966,1,2344,5,0.7199999999999998,282,4.198581560283688,12.818181818181818,0.19148936170212766,0.2375886524822695,0.1347517730496454,1,0.12638181818181818,0.6679635901644206,TP,LogisticRegression_B_undersampled
059ddd814e919de595c674fa21f54ddb,34023590,0,0.002207505518763797,1,148,2,-1.5299999999999998,84,4.071428571428571,28.0,0.20238095238095238,0.2976190476190476,0.09523809523809523,0,0.1424,0.4087425707690906,TN,LogisticRegression_B_undersampled
ea21de8b812076ef58d4d2689bd1db25,158005,1,0.034482758620689655,1,242,5,0.9299999999999997,71,3.6619718309859155,23.666666666666668,0.2112676056338028,0.36619718309859156,0.07042253521126761,0,-0.14049999999999999,0.4228341169067012,FN,LogisticRegression_B_undersampled
ec2384476d3eb30b1a65155af1a91b84,25334576,0,0.002103049421661409,2,289,3,-0.8999999999999999,274,4.492700729927007,16.11764705882353,0.20072992700729927,0.20072992700729927,0.17518248175182483,0,0.002188235294117641,0.48762708240319574,TN,LogisticRegression_B_undersampled
7b6265ff10129e75c711c24c338d7be1,34023590,0,0.008830022075055188,1,111,4,0.4700000000000002,111,4.333333333333333,22.2,0.21621621621621623,0.24324324324324326,0.15315315315315314,1,0.41908,0.4531515801876561,TN,LogisticRegression_B_undersampled
491489672f9df07e80f9e08951a80199,82356,0,0.008368200836820083,1,294,3,-0.73,26,3.6153846153846154,13.0,0.19230769230769232,0.2692307692307692,0.23076923076923078,0,0.4078,0.2834404533804948,TN,LogisticRegression_B_undersampled
02d601d9156c969313ec125e5399a5de,45974,0,0.002699055330634278,1,230,5,0.5,632,4.805379746835443,15.8,0.20253164556962025,0.24525316455696203,0.13924050632911392,0,-0.016065,0.6894142494084634,FP,LogisticRegression_B_undersampled
1e8d24301ed9a3a76d0ea949f2c39a06,394424,0,0.014492753623188406,1,1849,5,0.7699999999999996,23,3.8260869565217392,5.75,0.21739130434782608,0.2608695652173913,0.17391304347826086,0,0.22712499999999997,0.3515570463340686,TN,LogisticRegression_B_undersampled
9c47a90f58f0856918a1c499e3921234,16128045,0,0.015625,3,1064,0,-4.42,49,3.938775510204082,12.25,0.24489795918367346,0.16326530612244897,0.16326530612244897,0,0.185175,0.37039709403075066,TN,LogisticRegression_B_undersampled
424c54e7dad8b8cf82df794af2cf7672,35606560,0,0.001597444089456869,1,70,5,0.79,27,4.481481481481482,13.5,0.18518518518518517,0.25925925925925924,0.2222222222222222,0,0.7456,0.2714724927925495,TN,LogisticRegression_B_undersampled
658cfc9b330661f5aaf36875fb6dd47f,35606560,0,0.001597444089456869,1,8,4,-0.20999999999999996,7,5.571428571428571,7.0,0.2857142857142857,0.42857142857142855,0.14285714285714285,0,0.25,0.26184737268454017,TN,LogisticRegression_B_undersampled
f992e6c3980bf96c0cc297957c78ad6e,34023590,0,0.004415011037527594,1,146,4,0.4700000000000002,50,4.16,7.142857142857143,0.26,0.16,0.18,1,0.1798571428571429,0.36851341902283535,TN,LogisticRegression_B_undersampled
3cc573587e4ae5f48a07edd5bd80808a,25334576,0,0.0010515247108307045,1,202,5,1.1,47,3.978723404255319,9.4,0.19148936170212766,0.2765957446808511,0.1276595744680851,0,0.13028,0.3325989750906401,TN,LogisticRegression_B_undersampled
c2f50d1edf328491eda40f0899bee97f,2547,0,0.006379585326953748,2,277,5,0.7699999999999996,66,3.727272727272727,11.0,0.25757575757575757,0.2727272727272727,0.10606060606060606,1,0.12040000000000001,0.43148257882850294,TN,LogisticRegression_B_undersampled
e027395b82b1daf442bdf5df46b28658,34023590,0,0.002207505518763797,1,121,2,-1.5299999999999998,6,4.666666666666667,3.0,0.16666666666666666,0.3333333333333333,0.0,0,-0.2553,0.3622531208751357,TN,LogisticRegression_B_undersampled
1b0cf685f85251819e29bbe2807f732e,35606560,0,0.001597444089456869,1,0,5,0.79,295,4.522033898305085,22.692307692307693,0.2271186440677966,0.23728813559322035,0.16271186440677965,1,-0.04876923076923078,0.6042760675853016,FP,LogisticRegression_B_undersampled
d321c7549e6ae2d4b4ce7a01d7e04e8c,34023590,0,0.002207505518763797,1,119,2,-1.5299999999999998,42,3.857142857142857,14.0,0.2619047619047619,0.21428571428571427,0.23809523809523808,0,0.19806666666666664,0.27759048646890905,TN,LogisticRegression_B_undersampled
816e00e452d4618667b7f238d6686b69,27822,0,0.006289308176100629,1,3249,5,0.9100000000000001,34,3.7941176470588234,34.0,0.14705882352941177,0.17647058823529413,0.20588235294117646,0,-0.4215,0.6071013025983556,FP,LogisticRegression_B_undersampled
06d0e9db4dfb9a6c43bd1ac8d73517c9,2547,0,0.003189792663476874,1,2044,4,-0.23000000000000043,173,3.9190751445086707,21.625,0.19653179190751446,0.23699421965317918,0.10404624277456648,0,0.4208125,0.5102301762294938,FP,LogisticRegression_B_undersampled
c12d37ede1304f14d3d130500385c523,45974,0,0.001349527665317139,4,3832,5,0.5,64,4.09375,12.8,0.234375,0.125,0.25,1,0.18908,0.5870251336676069,FP,LogisticRegression_B_undersampled
1a01ab75da5a55ac58c30a6a15b89d5b,17788340,1,0.038834951456310676,2,1637,5,0.29000000000000004,9,4.555555555555555,9.0,0.0,0.2222222222222222,0.4444444444444444,0,0.6369,0.3521547071498289,FN,LogisticRegression_B_undersampled
b8b530f789707657e7938164fd315b36,394424,0,0.014492753623188406,1,1121,2,-2.2300000000000004,41,4.097560975609756,13.666666666666666,0.21951219512195122,0.2926829268292683,0.12195121951219512,0,0.10189999999999999,0.38391290565406355,TN,LogisticRegression_B_undersampled
2dc7b94326e0fea6fc3f9a452bfa4f6f,45974,0,0.001349527665317139,1,1510,5,0.5,82,4.036585365853658,13.666666666666666,0.1951219512195122,0.24390243902439024,0.17073170731707318,1,0.029983333333333334,0.53188044437974,FP,LogisticRegression_B_undersampled
c6554308c88eccfc20b937823e0c8aea,16128045,1,0.0625,1,1804,5,0.5800000000000001,190,4.2368421052631575,19.0,0.18947368421052632,0.23157894736842105,0.14736842105263157,0,0.3369,0.5051776178046676,TP,LogisticRegression_B_undersampled
bd3dc370e6ee8c37fc0cef4f44962cc1,35606560,0,0.003194888178913738,2,26,5,0.79,145,4.558620689655172,13.181818181818182,0.1724137931034483,0.25517241379310346,0.1793103448275862,0,0.4834454545454545,0.28057584166526794,TN,XGBoost_B_full
d117619f1d7156addde4226dfc4db0b4,394424,1,0.07246376811594203,12,3256,5,0.7699999999999996,90,4.122222222222222,18.0,0.14444444444444443,0.2777777777777778,0.12222222222222222,0,0.51632,0.4678765833377838,FN,XGBoost_B_full
8c0de4f4298159c5c4b84353bb3edc6f,394424,0,0.007246376811594203,1,617,5,0.7699999999999996,74,5.04054054054054,37.0,0.13513513513513514,0.24324324324324326,0.21621621621621623,0,0.90375,0.06380904465913773,TN,XGBoost_B_full
1299d51eb6ced950c852805d9ade73cb,394424,0,0.007246376811594203,2,3796,3,-1.2300000000000004,28,3.607142857142857,9.333333333333334,0.21428571428571427,0.21428571428571427,0.2857142857142857,1,-0.026666666666666655,0.15407928824424744,TN,XGBoost_B_full
542f063ec9cb594f68d4db3ba974cab4,27822,0,0.006289308176100629,1,81,4,-0.08999999999999986,16,4.6875,16.0,0.1875,0.3125,0.1875,0,-0.296,0.16433197259902954,TN,XGBoost_B_full
0ef9094e02c488210f74e1554a882703,394424,0,0.014492753623188406,1,1927,3,-1.2300000000000004,64,3.71875,10.666666666666666,0.171875,0.25,0.125,1,-0.009016666666666668,0.15077811479568481,TN,XGBoost_B_full
f12a041e7e9439983472a313c14ddc14,29376835,0,0.013333333333333334,1,107,5,1.1,175,4.011428571428572,12.5,0.21714285714285714,0.18857142857142858,0.14857142857142858,1,0.04475714285714285,0.13385257124900818,TN,XGBoost_B_full
e1458105bb0847f08c412faf59919430,2547,0,0.001594896331738437,1,2106,4,-0.23000000000000043,24,3.7916666666666665,8.0,0.125,0.2916666666666667,0.125,0,0.4560333333333333,0.0725599154829979,TN,XGBoost_B_full
f25d85fe343db69fe33f6004216f9bc3,25334576,0,0.002103049421661409,1,337,4,0.10000000000000009,26,3.8076923076923075,8.666666666666666,0.07692307692307693,0.2692307692307692,0.15384615384615385,0,0.2472,0.12835751473903656,TN,XGBoost_B_full
3e24b3d7f557bd18eb14bcd843ed7cb9,2262521,0,0.005208333333333333,1,1339,2,-1.56,31,4.225806451612903,15.5,0.1935483870967742,0.25806451612903225,0.0967741935483871,0,-0.35875,0.07387391477823257,TN,XGBoost_B_full
c6d408d06c3b54e38d2e1506c7543ebb,27822,1,0.06918238993710692,4,2192,5,0.9100000000000001,15,3.933333333333333,15.0,0.2,0.3333333333333333,0.2,0,0.8995,0.17614327371120453,FN,XGBoost_B_full
2a2d81bcf6fcbff3c6d4dcf545f986d1,2262521,0,0.005208333333333333,8,1417,5,1.44,388,4.471649484536083,22.823529411764707,0.15721649484536082,0.2654639175257732,0.20103092783505155,1,-0.03935882352941176,0.619385302066803,FP,XGBoost_B_full
45032de25874d9c084bbe19d571b8eb5,25334576,0,0.0010515247108307045,2,453,4,0.10000000000000009,62,4.758064516129032,15.5,0.20967741935483872,0.24193548387096775,0.12903225806451613,0,-0.16949999999999998,0.16868913173675537,TN,XGBoost_B_full
bfe8ebc385b467b56d7bd53cafb46614,16128045,0,0.015625,2,1038,3,-1.42,63,4.190476190476191,9.0,0.20634920634920634,0.30158730158730157,0.1111111111111111,0,0.14144285714285715,0.14736227691173553,TN,XGBoost_B_full
0691a0523476eab581f3971d6f37d1eb,2262521,0,0.010416666666666666,7,2996,3,-0.56,58,4.327586206896552,14.5,0.10344827586206896,0.3103448275862069,0.15517241379310345,0,-0.135625,0.4272401034832001,TN,XGBoost_B_full
22c0e0d22c765ca95fd2adbcf5d116b6,25334576,0,0.005257623554153523,3,523,5,1.1,81,4.0246913580246915,9.0,0.20987654320987653,0.2716049382716049,0.13580246913580246,1,-0.1255777777777778,0.15403199195861816,TN,XGBoost_B_full
a476038f52fbcccd6fec09140bb5c10c,25334576,0,0.005257623554153523,1,156,5,1.1,98,4.377551020408164,12.25,0.17346938775510204,0.23469387755102042,0.17346938775510204,0,-0.2573125,0.1318906545639038,TN,XGBoost_B_full
3485a8154ae4714f4e4459a311c170d4,25784766,0,0.014492753623188406,1,700,1,-2.63,103,4.398058252427185,12.875,0.1553398058252427,0.2524271844660194,0.21359223300970873,0,0.18937500000000002,0.12775515019893646,TN,XGBoost_B_full
441413deb734f015d01c3290f2d81fac,25334576,0,0.006309148264984227,4,729,3,-0.8999999999999999,151,4.430463576158941,21.571428571428573,0.2052980132450331,0.16556291390728478,0.2052980132450331,0,0.05549999999999999,0.2977953851222992,TN,XGBoost_B_full
d3ff7c1f3b8eae03e8f4b8c74a4bc6cf,2262521,0,0.005208333333333333,30,1210,4,0.43999999999999995,28,5.0,9.333333333333334,0.14285714285714285,0.2857142857142857,0.14285714285714285,0,0.3723666666666667,0.197726309299469,TN,XGBoost_B_full
5423fb6e15f4350cecbb538cf5ce9469,430788,0,0.006289308176100629,30,1211,3,-1.08,186,3.8763440860215055,14.307692307692308,0.23655913978494625,0.1827956989247312,0.14516129032258066,0,0.032115384615384615,0.35681235790252686,TN,XGBoost_B_full
de0a076597e5f753cc66e7d9d0498a1e,2547,0,0.001594896331738437,30,1392,2,-2.2300000000000004,28,3.9285714285714284,9.333333333333334,0.17857142857142858,0.21428571428571427,0.21428571428571427,0,0.34833333333333333,0.1964850127696991,TN,XGBoost_B_full
9dfe3d9706c1487d863d653064a8cf78,34023590,0,0.008830022075055188,46,146,2,-1.5299999999999998,3,4.666666666666667,3.0,0.3333333333333333,0.3333333333333333,0.0,0,0.0,0.48296108841896057,TN,XGBoost_B_full
c5366046db642054b9a892f1172498ee,394424,1,0.021739130434782608,23,3042,5,0.7699999999999996,89,3.9101123595505616,29.666666666666668,0.1797752808988764,0.1348314606741573,0.2247191011235955,0,0.3753666666666667,0.48686274886131287,FN,XGBoost_B_full
e1afd14eef574aec7477330606c67c19,18674286,1,0.0392156862745098,4,1381,4,0.16000000000000014,11,3.909090909090909,5.5,0.18181818181818182,0.18181818181818182,0.36363636363636365,0,0.6282,0.10132423043251038,FN,XGBoost_B_full
9ca4cb7c4fa022bd458567db0453afec,45974,0,0.005398110661268556,2,75,5,0.5,165,4.666666666666667,15.0,0.19393939393939394,0.22424242424242424,0.18181818181818182,1,0.0076727272727272755,0.5272276997566223,FP,XGBoost_B_full
d4399b4f6a6b71219d9e09709632a16b,25334576,0,0.0010515247108307045,6,244,4,0.10000000000000009,18,3.5,18.0,0.2222222222222222,0.2222222222222222,0.16666666666666666,0,0.6486,0.17758403718471527,TN,XGBoost_B_full
deaad5b762293978209dd5002cd58687,12052640,0,0.013422818791946308,6,1640,2,-1.2599999999999998,1,3.0,1.0,0.0,1.0,0.0,0,0.4588,0.16313141584396362,TN,XGBoost_B_full
d06e5becc07131f6c5cd4b00f6db527d,61049,1,0.04672897196261682,1,336,5,0.6799999999999997,20,3.15,20.0,0.25,0.2,0.1,0,0.0772,0.0791214257478714,FN,XGBoost_B_full
1e15293d2eb1a452d3e83f7b285dae33,25334576,0,0.0031545741324921135,1,619,5,1.1,32,3.8125,16.0,0.21875,0.28125,0.1875,0,0.2396,0.09220687299966812,TN,XGBoost_B_full
b2236c1c5edafb6fe20a337bf1fe1d8b,35606560,0,0.001597444089456869,1,25,5,0.79,38,3.8947368421052633,9.5,0.2631578947368421,0.21052631578947367,0.15789473684210525,0,0.3113,0.1357893943786621,TN,XGBoost_B_full
369aecae68a7deb3b53d046c93f3e229,25334576,0,0.0031545741324921135,2,470,5,1.1,9,3.3333333333333335,9.0,0.2222222222222222,0.2222222222222222,0.1111111111111111,0,0.6369,0.06380454450845718,TN,XGBoost_B_full
e59df84e1edcd3c3fa89213d9dcc8859,2547,0,0.004784688995215311,1,1829,5,0.7699999999999996,253,4.363636363636363,25.3,0.15810276679841898,0.25691699604743085,0.13438735177865613,1,0.38523,0.34169337153434753,TN,XGBoost_B_full
3296c7206ae2799c8a71e9a3f52c6257,25784766,0,0.014492753623188406,2,519,1,-2.63,12,3.75,12.0,0.25,0.16666666666666666,0.16666666666666666,0,0.0,0.06234210357069969,TN,XGBoost_B_full
cec1c83ae78d5e82611510e558eb7b57,34023590,0,0.002207505518763797,1,264,5,1.4700000000000002,9,4.555555555555555,9.0,0.2222222222222222,0.2222222222222222,0.2222222222222222,1,0.3167,0.20172545313835144,TN,XGBoost_B_full
e574311e1642e5c665436e53c15d81b9,2547,0,0.003189792663476874,1,311,5,0.7699999999999996,28,4.321428571428571,14.0,0.10714285714285714,0.25,0.21428571428571427,0,0.58305,0.06518518924713135,TN,XGBoost_B_full
b2ee20cf0c3aefecce70586fadb94ed7,29376835,0,0.0044444444444444444,1,227,4,0.10000000000000009,22,4.045454545454546,7.333333333333333,0.13636363636363635,0.2727272727272727,0.09090909090909091,0,0.11236666666666667,0.17565929889678955,TN,XGBoost_B_full
f1ba310e47cdbdc110f4b495a605bc1b,61049,0,0.009345794392523364,22,2938,5,0.6799999999999997,230,4.613043478260869,23.0,0.16956521739130434,0.2217391304347826,0.14782608695652175,0,-0.02956000000000001,0.6304703950881958,FP,XGBoost_B_full
85d47c19c9d34ba9191a2c6bbd587751,61049,0,0.009345794392523364,2,3456,5,0.6799999999999997,110,4.218181818181818,22.0,0.2,0.24545454545454545,0.17272727272727273,0,0.27121999999999996,0.46993663907051086,TN,XGBoost_B_full
834b6fea2cc2f48911b58ef149edd57f,2547,0,0.011164274322169059,3,1220,5,0.7699999999999996,93,4.290322580645161,13.285714285714286,0.15053763440860216,0.24731182795698925,0.15053763440860216,1,0.22104285714285712,0.16662250459194183,TN,XGBoost_B_full
14251d260d19f376e185e5fbd2b9132d,25334576,0,0.0010515247108307045,2,388,5,1.1,24,4.208333333333333,24.0,0.125,0.16666666666666666,0.25,1,0.7227,0.10650476813316345,TN,XGBoost_B_full
d6e137e5386f952482d65ff715226235,18295863,0,0.013157894736842105,25,1377,4,0.22999999999999998,560,4.107142857142857,23.333333333333332,0.19107142857142856,0.24107142857142858,0.1392857142857143,1,-0.1918041666666667,0.7243172526359558,FP,XGBoost_B_full
7bc51621962d460364cd2eb4ac0d49d4,2547,0,0.006379585326953748,1,1142,5,0.7699999999999996,25,3.48,12.5,0.2,0.24,0.2,0,0.29295,0.05861958488821983,TN,XGBoost_B_full
f9daceafafdc2f1f1ca1167b3caab977,16128045,0,0.015625,1,1734,5,0.5800000000000001,93,4.387096774193548,23.25,0.12903225806451613,0.22580645161290322,0.17204301075268819,0,0.5409999999999999,0.32526567578315735,TN,XGBoost_B_full
332785318bfaf4884c0430b502cfd65e,82356,0,0.008368200836820083,1,346,3,-0.73,53,3.547169811320755,17.666666666666668,0.20754716981132076,0.1320754716981132,0.18867924528301888,0,0.4091666666666667,0.10223384946584702,TN,XGBoost_B_full
2a6957e8a9f022248d029f8bf4c5f7b7,768496,1,0.030303030303030304,10,3792,3,-1.0999999999999996,75,4.08,18.75,0.10666666666666667,0.22666666666666666,0.24,0,0.602575,0.32707250118255615,FN,XGBoost_B_full
ca20ef443af79165d033e423af18f862,2547,0,0.001594896331738437,4,2976,3,-1.2300000000000004,8,6.25,8.0,0.0,0.375,0.25,0,0.4404,0.05128805711865425,TN,XGBoost_B_full
ecefcc61892aa52bc8f6c0a3667d5644,2547,0,0.001594896331738437,1,2974,5,0.7699999999999996,143,4.146853146853147,10.214285714285714,0.1888111888111888,0.2097902097902098,0.18181818181818182,1,0.3712357142857142,0.35643476247787476,TN,XGBoost_B_full
b7163939752b48d88ea65b63fd80da26,2547,0,0.001594896331738437,3,1718,4,-0.23000000000000043,110,4.327272727272727,22.0,0.16363636363636364,0.18181818181818182,0.17272727272727273,0,0.49356,0.19804130494594574,TN,XGBoost_B_full
47c3102fe5557f84bddbc7da85c83ae9,82356,0,0.008368200836820083,4,3428,3,-0.73,183,4.51912568306011,30.5,0.21311475409836064,0.1912568306010929,0.18579234972677597,0,0.5276166666666667,0.5566442608833313,FP,XGBoost_B_full
5ff3c0dbd534fc69e58a3ae779651e30,31944691,1,0.8360655737704918,40,24,4,-0.2999999999999998,9,5.888888888888889,4.5,0.2222222222222222,0.3333333333333333,0.1111111111111111,0,0.4766,0.3401411175727844,FN,XGBoost_B_full
c6245ba4da788e2da4457682d76fbaa8,29425278,1,0.5376344086021505,40,560,5,0.6399999999999997,56,4.821428571428571,14.0,0.14285714285714285,0.21428571428571427,0.26785714285714285,0,0.49355000000000004,0.5346255302429199,TP,XGBoost_B_full
80f2c315247afcbfcd7539cf6f95e093,25176023,1,0.648936170212766,40,767,5,0.7199999999999998,75,4.373333333333333,7.5,0.21333333333333335,0.22666666666666666,0.25333333333333335,0,0.28514,0.6486824154853821,TP,XGBoost_B_full
3b3720e2c7a5f5be42375293dea7f931,9639765,1,0.18803418803418803,40,1907,5,0.9500000000000002,93,4.688172043010753,13.285714285714286,0.16129032258064516,0.21505376344086022,0.20430107526881722,0,0.6141285714285714,0.46312257647514343,FN,XGBoost_B_full
2569f04f30c4ea83dadceb21a8ad476b,7428663,0,0.016666666666666666,2,2421,2,-2.3,104,4.384615384615385,10.4,0.19230769230769232,0.25,0.09615384615384616,1,0.18715,0.21878570318222046,TN,XGBoost_B_full
ac5432dec7b794bca923d736a93b1580,17726051,1,0.058823529411764705,16,357,4,0.8300000000000001,14,3.5,14.0,0.14285714285714285,0.21428571428571427,0.07142857142857142,0,-0.4767,0.3200811445713043,FN,XGBoost_B_full
df6cb4359b8aec941f0ad3b3e9611de1,45974,0,0.001349527665317139,1,1670,3,-1.5,15,3.6,15.0,0.13333333333333333,0.2,0.06666666666666667,0,-0.5674,0.06638547033071518,TN,XGBoost_B_full
4b1585f41d26179388257c313c177e80,27822,1,0.025157232704402517,1,1910,5,0.9100000000000001,279,4.415770609318996,19.928571428571427,0.17921146953405018,0.23655913978494625,0.21863799283154123,0,0.22174285714285716,0.3140319883823395,FN,XGBoost_B_full
2b5530603e3319cc9a81e9e5d0c17103,45974,1,0.08502024291497975,7,1908,5,0.5,624,4.761217948717949,17.82857142857143,0.1987179487179487,0.26282051282051283,0.11217948717948718,1,-0.0004914285714285744,0.7550587058067322,TP,XGBoost_B_full
55268a5fd474e4eb646010350c47f996,9639765,0,0.017094017094017096,3,959,4,-0.04999999999999982,42,4.690476190476191,14.0,0.11904761904761904,0.2857142857142857,0.16666666666666666,0,0.6621333333333334,0.15325041115283966,TN,XGBoost_B_full
05076c4fa9fd385338122d5238f25c7d,7428663,1,0.05,4,384,3,-1.2999999999999998,273,4.344322344322344,18.2,0.22344322344322345,0.19413919413919414,0.1684981684981685,0,0.321,0.20676621794700623,FN,XGBoost_B_full
73327f49eb2847f13d13591a369648d9,768496,0,0.015151515151515152,1,1727,5,0.9000000000000004,439,4.323462414578588,17.56,0.19134396355353075,0.26651480637813213,0.15261958997722094,0,0.13678800000000002,0.40835466980934143,TN,XGBoost_B_full
40594f5c7286fe9a893137cd4844322a,78249,1,0.021052631578947368,2,1198,4,0.20999999999999996,130,4.1461538461538465,43.333333333333336,0.16923076923076924,0.23076923076923078,0.16923076923076924,0,0.7189666666666668,0.18606306612491608,FN,XGBoost_B_full
578c309bd595109a55346edec27c917a,2547,0,0.001594896331738437,12,1432,1,-3.2300000000000004,40,4.75,10.0,0.2,0.275,0.175,1,0.26644999999999996,0.2518922984600067,TN,XGBoost_B_full
7c6d0ebd94b21df57e90c8cb73a440ef,17575120,1,0.043478260869565216,4,1303,5,0.8799999999999999,137,4.262773722627737,34.25,0.1678832116788321,0.24817518248175183,0.1386861313868613,1,-0.337425,0.40299496054649353,FN,XGBoost_B_full
50df5485c20b9bd4ecf0185e7d0e60c9,150253,0,0.014084507042253521,1,1037,5,0.6299999999999999,56,5.125,18.666666666666668,0.17857142857142858,0.30357142857142855,0.16071428571428573,0,0.34390000000000004,0.13742713630199432,TN,XGBoost_B_full
6caa538267a421b81afa6a7f4d7b8311,11049749,1,0.06837606837606838,75,760,3,-1.3200000000000003,3,2.3333333333333335,3.0,0.0,1.0,0.0,0,0.0,0.5786250233650208,TP,XGBoost_B_full
38e5da8c590c8a935def80fe49378651,16128045,1,0.0625,1,1734,5,0.5800000000000001,72,4.472222222222222,14.4,0.16666666666666666,0.25,0.20833333333333334,0,0.33487999999999996,0.2952045500278473,FN,XGBoost_B_full
3beedf7f2056452becb0263489f5d672,61049,0,0.009345794392523364,4,2226,4,-0.3200000000000003,45,3.933333333333333,9.0,0.2,0.2,0.17777777777777778,0,0.04886,0.1433466076850891,TN,XGBoost_B_full
b14de3c371d78d5726b5b828ea9dc694,16170625,0,0.001488095238095238,1,1677,5,0.79,2,3.5,2.0,0.5,0.0,0.0,0,0.636,0.05756640434265137,TN,XGBoost_B_full
a1e1252b5518ab5e986df6a6174660de,2547,0,0.012759170653907496,1,565,5,0.7699999999999996,12,3.5833333333333335,6.0,0.16666666666666666,0.25,0.08333333333333333,0,0.6309,0.049800045788288116,TN,XGBoost_B_full
d63bf03b4d5e74e9ef00da1dd58b0f19,16128045,1,0.03125,1,1822,5,0.5800000000000001,37,4.8108108108108105,12.333333333333334,0.16216216216216217,0.24324324324324326,0.32432432432432434,0,0.30516666666666664,0.1616855263710022,FN,XGBoost_B_full
295df86c47b217c2fbca6e75c05c1e18,7044365,0,0.014705882352941176,1,2595,4,0.3900000000000001,203,4.428571428571429,20.3,0.16748768472906403,0.2955665024630542,0.11822660098522167,0,0.06949000000000001,0.39337652921676636,TN,XGBoost_B_full
f55760b0fb669afb57d82bdafcfe234c,2262521,0,0.005208333333333333,2,1894,2,-1.56,17,4.0588235294117645,17.0,0.29411764705882354,0.23529411764705882,0.17647058823529413,0,-0.4033,0.09854401648044586,TN,XGBoost_B_full
9755b12e5e11269bf4932e79d96b8440,45974,1,0.0931174089068826,29,597,5,0.5,826,4.253026634382566,17.208333333333332,0.18765133171912832,0.25181598062953997,0.13196125907990314,1,-0.015479166666666664,0.7411965727806091,TP,XGBoost_B_full
8a189e10b047c6d9cfbdf65400c55a5c,9583799,0,0.007936507936507936,1,2483,3,-0.8799999999999999,284,4.654929577464789,20.285714285714285,0.16549295774647887,0.2852112676056338,0.18309859154929578,1,0.26763571428571425,0.2688535153865814,TN,XGBoost_B_full
852abeca6166388ec33f91d71988f4a8,150253,0,0.007042253521126761,1,977,5,0.6299999999999999,48,4.5,16.0,0.16666666666666666,0.25,0.20833333333333334,0,0.28363333333333335,0.15165388584136963,TN,XGBoost_B_full
bb4ae8d9258e12e37e6fc4b9195395a7,25334576,0,0.004206098843322818,4,232,5,1.1,580,4.246551724137931,17.575757575757574,0.19827586206896552,0.2603448275862069,0.13275862068965516,1,-0.09985454545454546,0.3255435824394226,TN,XGBoost_B_full
a493b0879421d1d1ad56831010b50408,768496,0,0.007575757575757576,6,2812,3,-1.0999999999999996,150,4.62,16.666666666666668,0.16,0.26,0.17333333333333334,0,0.05293333333333334,0.3284173607826233,TN,XGBoost_B_full
eebb1af304814d7c60ad810e2d0a44b7,768496,0,0.015151515151515152,1,171,5,0.9000000000000004,28,4.928571428571429,14.0,0.07142857142857142,0.39285714285714285,0.21428571428571427,0,0.7405999999999999,0.16709771752357483,TN,XGBoost_B_full
469c55a80765f64425a04786a4878512,12384,1,0.06493506493506493,4,3060,3,-0.9100000000000001,23,4.173913043478261,11.5,0.21739130434782608,0.34782608695652173,0.043478260869565216,1,0.38155,0.1626916527748108,FN,XGBoost_B_full
6e9fc6e5edd89a5fb084037bc4e0bbc3,223394,0,0.01,8,3797,5,0.9500000000000002,230,5.178260869565217,13.529411764705882,0.13478260869565217,0.26521739130434785,0.24347826086956523,0,0.4183117647058823,0.28921931982040405,TN,XGBoost_B_full
673b0ec788f0fe55289c775a4c624308,14706,0,0.005128205128205128,2,2771,3,-0.9300000000000002,168,4.505952380952381,15.272727272727273,0.20238095238095238,0.25595238095238093,0.11904761904761904,1,-0.11839090909090909,0.3541634678840637,TN,XGBoost_B_full
cc25dc2ed05b1a34d6dae8916a58a2bb,2547,0,0.003189792663476874,2,1873,4,-0.23000000000000043,97,4.309278350515464,13.857142857142858,0.17525773195876287,0.2268041237113402,0.14432989690721648,0,0.3551428571428571,0.19803333282470703,TN,XGBoost_B_full
0826546d2743e4261e4de59cdc40f63a,75504,0,0.01639344262295082,5,1877,4,-0.28000000000000025,11,4.545454545454546,11.0,0.09090909090909091,0.2727272727272727,0.09090909090909091,0,0.0,0.18176056444644928,TN,XGBoost_B_full
d6065cf7352dfceb5ef20d4915de0f14,9583799,0,0.007936507936507936,1,2116,3,-0.8799999999999999,55,3.8545454545454545,27.5,0.14545454545454545,0.21818181818181817,0.21818181818181817,0,0.4231,0.10238426178693771,TN,XGBoost_B_full
b4aaceebf8c91fa2a80c900e255dfaaf,21413663,0,0.02,5,1243,5,1.31,547,4.6654478976234,17.09375,0.13893967093235832,0.26508226691042047,0.170018281535649,1,0.142246875,0.5353770852088928,FP,XGBoost_B_full
eddb5be79e177689337ae16c02d0cf41,7428663,1,0.11666666666666667,8,1637,5,0.7000000000000002,214,4.373831775700935,21.4,0.16355140186915887,0.2523364485981308,0.1542056074766355,1,0.006769999999999998,0.43821701407432556,FN,XGBoost_B_full
a32b70cc49dcad1457e313c3e6e0728c,21413663,1,0.14666666666666667,6,1321,4,0.31000000000000005,1123,4.636687444345503,38.724137931034484,0.1371326803205699,0.24487978628673196,0.16918967052537845,1,0.20182068965517241,0.5148276090621948,TP,XGBoost_B_full
630bec971118348475906daea1945384,430788,0,0.018867924528301886,5,127,3,-1.08,310,4.741935483870968,25.833333333333332,0.18387096774193548,0.25483870967741934,0.16774193548387098,1,0.11138333333333332,0.34752336144447327,TN,XGBoost_B_full
95f8432a480d1a13d799970106dba2f9,28645638,1,0.04201680672268908,5,416,5,0.8399999999999999,89,4.292134831460674,29.666666666666668,0.15730337078651685,0.15730337078651685,0.2696629213483146,1,0.7481333333333332,0.26061514019966125,FN,XGBoost_B_full
a17668adacba979df02190dd0d25236c,25334576,0,0.0031545741324921135,4,337,4,0.10000000000000009,115,4.208695652173913,19.166666666666668,0.1565217391304348,0.26956521739130435,0.14782608695652175,1,-0.14416666666666664,0.29773545265197754,TN,XGBoost_B_full
ca37bafdc560ba843bd960358241a693,25334576,0,0.0010515247108307045,1,248,3,-0.8999999999999999,26,3.4615384615384617,13.0,0.23076923076923078,0.19230769230769232,0.15384615384615385,0,-0.37929999999999997,0.057350825518369675,TN,XGBoost_B_full
edb19c0946e387f01de3bca883dc59b2,25334576,0,0.0010515247108307045,4,267,3,-0.8999999999999999,355,4.2873239436619714,19.72222222222222,0.19718309859154928,0.23098591549295774,0.14366197183098592,0,-0.1962388888888889,0.2979268729686737,TN,XGBoost_B_full
b9368c5e5fb36cae44bef7e0ca804d44,35606560,0,0.001597444089456869,4,22,4,-0.20999999999999996,110,3.890909090909091,6.875,0.24545454545454545,0.21818181818181817,0.17272727272727273,1,0.05004375,0.40224549174308777,TN,XGBoost_B_full
ec73b8612d74a6161d4acd8d42fc7a3a,150253,0,0.007042253521126761,34,439,4,-0.3700000000000001,34,3.7058823529411766,11.333333333333334,0.14705882352941177,0.2647058823529412,0.14705882352941177,0,-0.17386666666666664,0.2792092263698578,TN,XGBoost_B_full
99f62a58cfabdc9a668bbbd4254a0106,30312512,1,0.2948717948717949,209,471,4,0.14000000000000012,535,4.414953271028037,17.833333333333332,0.21121495327102804,0.2336448598130841,0.14205607476635515,1,-0.08438666666666665,0.9288765788078308,TP,XGBoost_B_full
60182b372b6fcd06665ac6b0f19ce7a0,535734,1,0.14545454545454545,209,730,4,0.06000000000000005,220,3.9863636363636363,15.714285714285714,0.20454545454545456,0.23636363636363636,0.15,1,0.05683571428571429,0.9014171957969666,TP,XGBoost_B_full
c531c73fdc7cf564c8d19330271429f6,78249,1,0.2631578947368421,209,1445,5,1.21,35,4.2,8.75,0.11428571428571428,0.34285714285714286,0.17142857142857143,0,0.4076,0.5411924123764038,TP,XGBoost_B_full
20f94e33c276a45a24f88f39660101d3,12384,1,0.24675324675324675,209,3410,4,0.08999999999999986,455,4.391208791208792,14.67741935483871,0.17582417582417584,0.2681318681318681,0.14945054945054945,0,0.06290967741935484,0.9328135848045349,TP,XGBoost_B_full
882002098df5b2d9f14ebbd7033cfb21,25334576,0,0.0010515247108307045,19,302,2,-1.9,14,3.2857142857142856,7.0,0.21428571428571427,0.2857142857142857,0.21428571428571427,0,0.3568,0.21814483404159546,TN,XGBoost_B_full
084dc389a6905d33f39b0df7bad62ff1,25784766,0,0.014492753623188406,10,697,3,-0.6299999999999999,70,4.257142857142857,17.5,0.18571428571428572,0.18571428571428572,0.17142857142857143,0,0.008675000000000002,0.3546646237373352,TN,XGBoost_B_full
7d010bed94ff6d330ac47cc500cf279d,21413663,0,0.013333333333333334,1,1254,4,0.31000000000000005,253,4.58498023715415,15.8125,0.16600790513833993,0.2648221343873518,0.16205533596837945,1,0.1903625,0.3210853040218353,TN,XGBoost_B_full
cf5bac6bde9055fcc4cc2b668aabc63b,2547,0,0.001594896331738437,1,1043,5,0.7699999999999996,95,3.789473684210526,13.571428571428571,0.14736842105263157,0.2,0.2,0,0.11881428571428575,0.09681788086891174,TN,XGBoost_B_full
15990dacd33fdbddfa18d3d98e86f3f6,25334576,0,0.0010515247108307045,1,317,2,-1.9,113,4.061946902654867,12.555555555555555,0.20353982300884957,0.17699115044247787,0.18584070796460178,0,-0.05794444444444444,0.08889109641313553,TN,XGBoost_B_full
059ae4a666f2e2105b0c6bd3a8727b61,35606560,0,0.001597444089456869,2,16,2,-2.21,5,7.0,2.5,0.2,0.2,0.4,0,-0.24695,0.1283673346042633,TN,XGBoost_B_full
60744a133cf693229f97481e98797d63,2262521,0,0.010416666666666666,2,2975,2,-1.56,32,4.25,8.0,0.15625,0.28125,0.25,0,0.43965,0.1343262493610382,TN,XGBoost_B_full
a201b51b03ae84448a940f9666c4b9a1,7428663,0,0.016666666666666666,63,1936,5,0.7000000000000002,3,4.333333333333333,3.0,0.3333333333333333,0.6666666666666666,0.0,0,0.0,0.40709343552589417,TN,XGBoost_B_full
0223da8fde5bbed04e99d7c4b84c6521,25334576,0,0.0010515247108307045,2,308,0,-3.9,13,4.615384615384615,13.0,0.07692307692307693,0.38461538461538464,0.0,0,0.3182,0.13663609325885773,TN,XGBoost_B_full
9b819086277239482a603168dbbd2ff0,792712,1,0.04065040650406504,31,2616,3,-1.3200000000000003,660,4.346969696969697,13.75,0.2196969696969697,0.20909090909090908,0.17727272727272728,1,0.07058125,0.6262329816818237,TP,XGBoost_B_full
54b9deda0e7ef60977bcff054019ecd8,2547,0,0.001594896331738437,1,1818,0,-4.23,4,4.25,4.0,0.0,0.25,0.25,0,0.5267,0.0477849505841732,TN,XGBoost_B_full
daa2e16312dee98f79484b98c15995bb,25334576,0,0.0010515247108307045,2,735,4,0.10000000000000009,38,4.7368421052631575,9.5,0.18421052631578946,0.21052631578947367,0.2894736842105263,0,-0.00645,0.14474621415138245,TN,XGBoost_B_full
ba221da5245f94f9f8742c7ad4551a89,48987,0,0.008032128514056224,77,1186,3,-0.6699999999999999,80,3.7875,16.0,0.1,0.2625,0.2375,0,0.46912000000000004,0.5125555396080017,FP,XGBoost_B_full
1d646f780e01b41abf67ccafa091aeaa,792712,1,0.07317073170731707,77,3592,4,-0.3200000000000003,126,4.0396825396825395,15.75,0.15079365079365079,0.25396825396825395,0.09523809523809523,0,-0.13630000000000003,0.7201269268989563,TP,XGBoost_B_full
ec8705f223fdb3815ac3e1bb8e2b2d3f,75504,0,0.01639344262295082,90,1542,3,-1.2800000000000002,26,4.0,13.0,0.19230769230769232,0.23076923076923078,0.15384615384615385,0,0.3345,0.5163595676422119,FP,XGBoost_B_full
511cb119a1b19a11cef8b6b5cca91724,7428663,1,0.03333333333333333,13,1567,5,0.7000000000000002,145,5.255172413793104,20.714285714285715,0.1724137931034483,0.2896551724137931,0.1310344827586207,1,0.19577142857142857,0.4795724153518677,FN,XGBoost_B_full
0a30bd9dbe76bb3d2a2022ec6e099e0a,25334576,0,0.002103049421661409,1,555,5,1.1,54,4.87037037037037,18.0,0.18518518518518517,0.2037037037037037,0.2222222222222222,0,0.4458,0.06624343246221542,TN,XGBoost_B_full
46dcea3fef9c0e01c1ab7e9b7d547f1c,150253,0,0.014084507042253521,1,2685,4,-0.3700000000000001,35,4.428571428571429,8.75,0.22857142857142856,0.2,0.34285714285714286,0,0.5827,0.10579457134008408,TN,XGBoost_B_full
d5979402482cf955aed3df4e5724aa9f,34023590,0,0.004415011037527594,3,265,0,-3.53,19,3.0526315789473686,19.0,0.21052631578947367,0.21052631578947367,0.2631578947368421,0,0.7445,0.1418091058731079,TN,XGBoost_B_full
0c443eebf51e0245fd77d8a786b234a0,9639765,1,0.03418803418803419,52,1910,5,0.9500000000000002,163,4.319018404907975,27.166666666666668,0.08588957055214724,0.3312883435582822,0.09815950920245399,1,0.40886666666666666,0.6743295192718506,TP,XGBoost_B_full
b35765504247f6c323e71ddbd7eb2fd1,82356,1,0.06276150627615062,21,11,5,1.27,42,4.642857142857143,6.0,0.23809523809523808,0.21428571428571427,0.23809523809523808,0,0.3840571428571429,0.2238880693912506,FN,XGBoost_B_full
009ffc28da65fb7efd6f13a02cd21c6d,430788,1,0.03773584905660377,14,3415,5,0.9199999999999999,19,4.7894736842105265,6.333333333333333,0.21052631578947367,0.3157894736842105,0.15789473684210525,0,0.0,0.21075280010700226,FN,XGBoost_B_full
8237e9b9964c2731bfb43c6a27e8bef5,82346,1,0.020771513353115726,6,1342,2,-1.4,99,3.888888888888889,14.142857142857142,0.15151515151515152,0.23232323232323232,0.20202020202020202,0,-0.18482857142857143,0.2458438128232956,FN,XGBoost_B_full
e71980125156014270fa76ceb94ad8be,2262521,0,0.005208333333333333,1,1020,3,-0.56,164,4.085365853658536,27.333333333333332,0.22560975609756098,0.18292682926829268,0.14634146341463414,0,0.5024833333333333,0.23539426922798157,TN,XGBoost_B_full
8c8b0e3d9605c73d517d953ba95d3920,752868,0,0.010752688172043012,1,1309,3,-0.48,10,4.8,5.0,0.2,0.2,0.3,0,0.1909,0.06916975229978561,TN,XGBoost_B_full
2676c31904f1ec61df69e515884db1ec,45974,0,0.004048582995951417,1,1663,5,0.5,32,4.09375,10.666666666666666,0.1875,0.28125,0.1875,0,0.38656666666666667,0.2393091470003128,TN,XGBoost_B_full
fc78851de497ad8ec1912cced5e0cd70,17788340,1,0.10679611650485436,1,1645,5,0.29000000000000004,315,4.2,21.0,0.17777777777777778,0.2698412698412698,0.1492063492063492,1,0.1879866666666667,0.68899005651474,TP,XGBoost_B_full
14f7b16a4cf884b4c1cdd8e010e6e8d4,35606560,1,0.025559105431309903,6,110,4,-0.20999999999999996,143,4.335664335664336,13.0,0.2097902097902098,0.27972027972027974,0.14685314685314685,0,0.38322727272727275,0.38736218214035034,FN,XGBoost_B_full
b0ac3106a4f6927fe4db08b127dc4424,2547,0,0.003189792663476874,1,1404,1,-3.2300000000000004,272,4.352941176470588,13.6,0.23529411764705882,0.23529411764705882,0.16544117647058823,1,0.09583,0.27999716997146606,TN,XGBoost_B_full
bb64300481218452f82e0d51a5339516,768496,1,0.03787878787878788,4,2603,5,0.9000000000000004,74,4.797297297297297,24.666666666666668,0.24324324324324326,0.2702702702702703,0.21621621621621623,0,0.5648333333333334,0.25118348002433777,FN,XGBoost_B_full
b00087f73c13d375c430207a2f2a2a38,197698,1,0.029411764705882353,904,836,4,-0.3200000000000003,1415,4.099646643109541,12.747747747747749,0.20706713780918728,0.2332155477031802,0.14770318021201415,1,0.026726126126126126,0.9330414533615112,TP,XGBoost_B_full
162cb955f91fb36cbd0507bf242bc9c8,9639765,1,0.06837606837606838,904,930,4,-0.04999999999999982,1190,4.190756302521009,14.512195121951219,0.17394957983193277,0.26218487394957984,0.12857142857142856,1,0.10454146341463415,0.9419835209846497,TP,XGBoost_B_full
8f6b0511182dcafda8571dd5b110bcd8,7428663,1,0.26666666666666666,904,1067,5,0.7000000000000002,323,4.572755417956657,24.846153846153847,0.1826625386996904,0.2631578947368421,0.11145510835913312,1,0.02679999999999999,0.6585385799407959,TP,XGBoost_B_full
19614855328ff8f35d87e0954706e55f,61049,1,0.09345794392523364,904,1407,5,0.6799999999999997,427,4.662763466042154,17.791666666666668,0.17330210772833723,0.2716627634660422,0.1451990632318501,1,0.08709166666666664,0.9104204177856445,TP,XGBoost_B_full
395d8a82b6f90e1f3befeeb3b5de6f83,61049,0,0.009345794392523364,1,1387,5,0.6799999999999997,35,4.114285714285714,8.75,0.08571428571428572,0.2571428571428571,0.3142857142857143,0,0.7076250000000001,0.14195144176483154,TN,XGBoost_B_full
cdf3c9f2d34367338e87ddc80978757c,215686,1,0.03278688524590164,1,3368,3,-1.0599999999999996,116,3.9913793103448274,38.666666666666664,0.20689655172413793,0.1896551724137931,0.16379310344827586,0,0.46713333333333334,0.3057280480861664,FN,XGBoost_B_full
ce414293a3c31ac37626232e0d3f1523,752868,1,0.1935483870967742,24,1064,4,0.52,107,4.728971962616822,15.285714285714286,0.19626168224299065,0.19626168224299065,0.27102803738317754,0,0.29781428571428575,0.472814679145813,FN,XGBoost_B_full
eec7d0b5fa865ccf8bab14b580044b5a,2262521,1,0.11979166666666667,24,1384,4,0.43999999999999995,367,4.228882833787466,13.592592592592593,0.1989100817438692,0.20708446866485014,0.16621253405994552,0,0.27572962962962966,0.7824898958206177,TP,XGBoost_B_full
2f5f8922c64dcd86518c2ce094c841b6,406373,1,0.7652811735941321,24,1597,4,0.029999999999999805,659,4.373292867981791,12.673076923076923,0.2109256449165402,0.21851289833080426,0.1638846737481032,1,0.11012884615384616,0.7216960191726685,TP,XGBoost_B_full
8318cecd624c411d6785d9bc14c20e6a,34023590,0,0.013245033112582781,4,38,2,-1.5299999999999998,12,5.25,3.0,0.25,0.3333333333333333,0.25,0,0.11947499999999998,0.21213407814502716,TN,XGBoost_B_full
044799d3872009142a8c4e6dd9132be5,82346,1,0.03560830860534125,24,131,3,-0.3999999999999999,82,4.487804878048781,13.666666666666666,0.18292682926829268,0.13414634146341464,0.2926829268292683,0,0.3572666666666666,0.685943067073822,TP,XGBoost_B_full
41d5dd894551a032a3a42f0e23c4c940,25334576,0,0.0031545741324921135,24,509,4,0.10000000000000009,79,4.012658227848101,13.166666666666666,0.20253164556962025,0.17721518987341772,0.20253164556962025,0,0.11981666666666668,0.5412163138389587,FP,XGBoost_B_full
a490574bdb45519e35d6b3ac2dd84c7a,2262521,1,0.041666666666666664,24,1161,2,-1.56,32,3.5625,8.0,0.15625,0.21875,0.1875,0,-0.1753,0.26830509305000305,FN,XGBoost_B_full
21664e87327013b5fe9d0c3e029925fc,27822,0,0.018867924528301886,2,1359,5,0.9100000000000001,74,4.472972972972973,12.333333333333334,0.20270270270270271,0.1891891891891892,0.22972972972972974,0,0.3177333333333333,0.15645253658294678,TN,XGBoost_B_full
7eddf60e6bfd63820136d3ed10c52367,2547,0,0.003189792663476874,1,3045,5,0.7699999999999996,85,4.294117647058823,14.166666666666666,0.17647058823529413,0.18823529411764706,0.2,0,0.2954666666666667,0.1919492930173874,TN,XGBoost_B_full
65a0015ea2f8ab6d1ab72d53156f4092,16128045,1,0.03125,1,1526,5,0.5800000000000001,99,4.0,16.5,0.26262626262626265,0.21212121212121213,0.16161616161616163,1,0.19971666666666668,0.3337755501270294,FN,XGBoost_B_full
1f21af31bd905b87a22d03b60dfe8959,61049,1,0.04672897196261682,21,1611,5,0.6799999999999997,396,4.73989898989899,23.294117647058822,0.14393939393939395,0.2878787878787879,0.13383838383838384,1,0.06930000000000001,0.7310847043991089,TP,XGBoost_B_full
2cbd179090d80ed2d24727e5be477da7,7428663,1,0.03333333333333333,52,2109,5,0.7000000000000002,326,4.404907975460123,25.076923076923077,0.147239263803681,0.2361963190184049,0.17484662576687116,0,0.019384615384615392,0.5741559863090515,TP,XGBoost_B_full
5662ec3fc03f28118a07127bab7b67ee,14706,1,0.1076923076923077,6,767,5,1.0699999999999998,1610,4.394409937888199,32.2,0.19006211180124225,0.246583850931677,0.15217391304347827,1,0.16658999999999996,0.4325127899646759,FN,XGBoost_B_full
1760ba8f640e694fb40da94a854a411a,24874364,1,0.0273972602739726,1,547,4,0.06999999999999984,389,4.5501285347043705,17.681818181818183,0.1953727506426735,0.2365038560411311,0.15681233933161953,0,0.14693636363636367,0.13619935512542725,FN,XGBoost_B_full
7329c97974816fced453aeff414e7b9c,34023590,1,0.026490066225165563,2,179,1,-2.53,751,4.089214380825566,12.516666666666667,0.19840213049267644,0.20639147802929428,0.18242343541944075,1,-0.12199833333333333,0.26783737540245056,FN,XGBoost_B_full
33bad77918eda11d29faae24fe2c98ff,45974,1,0.04183535762483131,4,2390,4,-0.5,1179,4.638676844783715,18.714285714285715,0.1645462256149279,0.24003392705682783,0.16878710771840544,1,0.11796507936507938,0.5911071300506592,TP,XGBoost_B_full
7ba756092939d6495e6e229e9b34b90b,35606560,1,0.14057507987220447,25,59,4,-0.20999999999999996,462,4.140692640692641,17.76923076923077,0.19480519480519481,0.23376623376623376,0.17965367965367965,1,0.15520769230769235,0.8491363525390625,TP,XGBoost_B_full
6d0cfefa59c95ed5d498c07598a71651,17333426,1,0.2342007434944238,25,614,4,-0.1200000000000001,133,3.917293233082707,14.777777777777779,0.15037593984962405,0.24060150375939848,0.24812030075187969,1,0.09580000000000001,0.6467902064323425,TP,XGBoost_B_full
2514a6da21d72b713ba923192a473f9c,17788340,1,0.0970873786407767,25,1424,5,0.29000000000000004,88,3.8636363636363638,12.571428571428571,0.2727272727272727,0.17045454545454544,0.1590909090909091,0,0.3622142857142857,0.5362017750740051,TP,XGBoost_B_full
032f68c7e4a0a6657654df64972e297b,16128045,1,0.03125,2,1761,4,-0.41999999999999993,76,4.421052631578948,15.2,0.14473684210526316,0.32894736842105265,0.10526315789473684,0,0.39905999999999997,0.2434253841638565,FN,XGBoost_B_full
7b8a4a59b861729a5c50337d2cccd920,63114,1,0.17346938775510204,11,682,5,0.46999999999999975,178,4.219101123595506,13.692307692307692,0.21910112359550563,0.21910112359550563,0.12359550561797752,1,0.09043846153846154,0.5815423727035522,TP,XGBoost_B_full
5a1f785ed677cca289581803c14382e7,2262521,1,0.046875,11,1136,4,0.43999999999999995,9,4.777777777777778,9.0,0.1111111111111111,0.3333333333333333,0.1111111111111111,0,0.6249,0.13451029360294342,FN,XGBoost_B_full
93b3db3191636b392964a6a958556210,9639765,0,0.008547008547008548,4,923,3,-1.0499999999999998,99,4.474747474747475,11.0,0.1919191919191919,0.25252525252525254,0.12121212121212122,0,0.03004444444444443,0.19839055836200714,TN,XGBoost_B_full
0745cc74020a00bb77fa8843a1b3557a,61049,0,0.018691588785046728,5,3780,5,0.6799999999999997,32,4.15625,16.0,0.125,0.1875,0.25,0,0.4637,0.22831247746944427,TN,XGBoost_B_full
907006a38f23ccd4ee2c7b8a575c9feb,146467,1,0.2459016393442623,1,1812,5,0.8499999999999996,75,3.88,9.375,0.17333333333333334,0.3333333333333333,0.08,0,0.2470125,0.21008703112602234,FN,XGBoost_B_full
1890b08c1fe0d23abbd2f27e5c936fb5,394424,1,0.050724637681159424,2,3196,5,0.7699999999999996,45,4.222222222222222,11.25,0.2,0.35555555555555557,0.08888888888888889,0,0.07755000000000001,0.18436071276664734,FN,XGBoost_B_full
ebbbc41aa6fc5c0cf3755e56ee522a63,27822,1,0.16981132075471697,11,3282,5,0.9100000000000001,433,4.302540415704388,10.069767441860465,0.20785219399538107,0.20323325635103925,0.16397228637413394,1,0.06829302325581396,0.7242482304573059,TP,XGBoost_B_full
e9ea7f8d9271c8fea4c372ec6a92f1c2,150253,1,0.02112676056338028,3,3711,5,0.6299999999999999,311,4.601286173633441,17.27777777777778,0.18006430868167203,0.22186495176848875,0.15434083601286175,0,0.20949444444444446,0.6029068827629089,TP,XGBoost_B_full
c02e40effd4450b802e2b963d1b26acc,25334576,0,0.0010515247108307045,1,487,1,-2.9,144,3.8055555555555554,18.0,0.22916666666666666,0.1875,0.16666666666666666,0,-0.19215,0.10715138167142868,TN,XGBoost_B_full
7d52f18667bcbfd65e40b560e65e7d10,45974,0,0.014844804318488529,6,1465,5,0.5,19,4.368421052631579,9.5,0.0,0.21052631578947367,0.3157894736842105,0,0.44115000000000004,0.31354498863220215,TN,XGBoost_B_full
a6790a92580a2fe534af88a6693a8d1c,27822,0,0.018867924528301886,2,125,5,0.9100000000000001,111,4.216216216216216,10.090909090909092,0.2072072072072072,0.1891891891891892,0.2702702702702703,1,0.06064545454545455,0.1738404482603073,TN,XGBoost_B_full
168eed72b5c6a3974883483c0ce6bc0d,2547,0,0.003189792663476874,1,1583,4,-0.23000000000000043,91,4.384615384615385,13.0,0.18681318681318682,0.2087912087912088,0.12087912087912088,0,0.14350000000000002,0.11421475559473038,TN,XGBoost_B_full
a9fbe1471eba544aea7b2cd9d701c90f,2547,0,0.001594896331738437,2,1777,4,-0.23000000000000043,267,4.059925093632959,19.071428571428573,0.18352059925093633,0.26217228464419473,0.13108614232209737,1,0.09502857142857143,0.3836498558521271,TN,XGBoost_B_full
3a2686e0a29ae36757f9e98e33d6f71b,1434,1,0.08264462809917356,1,1797,4,-0.009999999999999787,238,3.9453781512605044,12.526315789473685,0.19327731092436976,0.21008403361344538,0.18487394957983194,0,-0.28357368421052626,0.20763280987739563,FN,XGBoost_B_full
1433f817c9489e3b20d405d3a2a6938b,2547,0,0.003189792663476874,1,1797,5,0.7699999999999996,38,3.9473684210526314,38.0,0.2631578947368421,0.10526315789473684,0.2894736842105263,0,-0.242,0.12270218133926392,TN,XGBoost_B_full
66f4f39742ba238b7d3596b32d97a5e1,25334576,0,0.0010515247108307045,1,489,4,0.10000000000000009,115,4.104347826086957,12.777777777777779,0.1826086956521739,0.2,0.1565217391304348,0,0.16812222222222223,0.14998862147331238,TN,XGBoost_B_full
4b752bbb3e0b24df57a9969b273ed4ff,9639765,0,0.017094017094017096,7,81,5,0.9500000000000002,55,4.109090909090909,13.75,0.21818181818181817,0.23636363636363636,0.14545454545454545,0,0.42987499999999995,0.296514093875885,TN,XGBoost_B_full
7d3b2292d5bfa5d856d3bc3cfdf9b4c2,25334576,0,0.002103049421661409,1,286,4,0.10000000000000009,29,4.655172413793103,7.25,0.13793103448275862,0.27586206896551724,0.2413793103448276,0,0.394075,0.1290588527917862,TN,XGBoost_B_full
d58ac18c612cb14799dad9f6f97ad68b,17726051,1,0.03529411764705882,4,1245,5,1.83,100,4.06,10.0,0.23,0.2,0.17,1,0.11718000000000002,0.374258816242218,FN,XGBoost_B_full
47d4b921aed202a856209198e8cd0acd,24407,1,0.8095238095238095,91,3437,1,-3.09,226,4.221238938053097,15.066666666666666,0.1902654867256637,0.23893805309734514,0.1504424778761062,1,-0.21076666666666669,0.7860147356987,TP,XGBoost_B_full
7282f2212ec9357e57546afbed14c45a,16241798,1,0.02857142857142857,12,1572,4,-0.13999999999999968,445,4.683146067415731,34.23076923076923,0.16853932584269662,0.25617977528089886,0.16179775280898875,0,0.3427692307692307,0.6506889462471008,TP,XGBoost_B_full
6e674730513124e16e599c40ea9ede0f,25334576,0,0.0031545741324921135,3,238,2,-1.9,221,4.239819004524887,18.416666666666668,0.2081447963800905,0.20361990950226244,0.19457013574660634,0,0.05027499999999999,0.19832968711853027,TN,XGBoost_B_full
b740efaba35aa026eda6b6ec42eb192c,2547,0,0.004784688995215311,3,586,5,0.7699999999999996,79,3.9240506329113924,13.166666666666666,0.20253164556962025,0.20253164556962025,0.17721518987341772,0,0.5830333333333333,0.08265230059623718,TN,XGBoost_B_full
68e7bd53012c2ae3bb28edf4211ada75,7428663,0,0.016666666666666666,64,2482,5,0.7000000000000002,24,4.208333333333333,8.0,0.20833333333333334,0.20833333333333334,0.08333333333333333,0,-0.22430000000000003,0.6118856072425842,FP,XGBoost_B_full
dd95cc0bd231274e40b163b70d2d5caa,7044365,0,0.014705882352941176,9,2779,5,1.3900000000000001,321,4.230529595015576,26.75,0.17445482866043613,0.26791277258566976,0.12461059190031153,1,0.2999583333333333,0.5966567397117615,FP,XGBoost_B_full
b394bc657c2da052b9481a3640c38386,34023590,0,0.002207505518763797,1,125,3,-0.5299999999999998,37,4.0,18.5,0.2702702702702703,0.1891891891891892,0.16216216216216217,0,0.49274999999999997,0.09975029528141022,TN,XGBoost_B_full
c591232f9b77da0a95a11d22aa3c5b8e,34023590,0,0.002207505518763797,1,126,3,-0.5299999999999998,96,3.9791666666666665,48.0,0.22916666666666666,0.23958333333333334,0.125,0,0.09585,0.14797189831733704,TN,XGBoost_B_full
1b197af12ff2bd68517ac110f64022e1,35606560,0,0.001597444089456869,1,26,5,0.79,11,4.363636363636363,3.6666666666666665,0.18181818181818182,0.2727272727272727,0.0,0,0.13996666666666666,0.18144822120666504,TN,XGBoost_B_full
9200988610aa04f6fc862ddc3941b36d,752868,1,0.021505376344086023,1,248,2,-1.48,44,4.659090909090909,44.0,0.11363636363636363,0.25,0.2727272727272727,1,0.25,0.1313626766204834,FN,XGBoost_B_full
9e97c9f43495d930bd063863ded2425d,2547,1,0.03987240829346093,4,1761,5,0.7699999999999996,68,4.352941176470588,22.666666666666668,0.11764705882352941,0.29411764705882354,0.14705882352941177,0,0.5048666666666667,0.19294917583465576,FN,XGBoost_B_full
b8b29c27d5a32e8cb60ae33edad59467,35606560,0,0.001597444089456869,4,10,4,-0.20999999999999996,42,4.142857142857143,10.5,0.21428571428571427,0.21428571428571427,0.19047619047619047,0,0.353975,0.2593221962451935,TN,XGBoost_B_full
2558f75fb5fc68757aad68dd64829047,9639765,1,0.15384615384615385,42,2180,2,-2.05,42,3.4285714285714284,5.25,0.30952380952380953,0.07142857142857142,0.16666666666666666,0,0.059425,0.5512351393699646,TP,XGBoost_B_full
1ee58bc26bceb4919b9c41a1f5d546e9,150253,0,0.01056338028169014,4,3016,3,-1.37,57,5.12280701754386,14.25,0.15789473684210525,0.19298245614035087,0.21052631578947367,0,0.26465,0.16059178113937378,TN,XGBoost_B_full
9ac36b7eae7c37570fb7155f3c9bd186,29376835,0,0.008888888888888889,3,451,5,1.1,78,4.423076923076923,11.142857142857142,0.2692307692307692,0.24358974358974358,0.11538461538461539,0,0.0082,0.1743297278881073,TN,XGBoost_B_full
06f59f81c91a12de66d69ca9e650a6dd,25334576,0,0.0031545741324921135,1,753,4,0.10000000000000009,414,4.545893719806763,17.25,0.18357487922705315,0.2753623188405797,0.15942028985507245,1,0.07347916666666666,0.4489216208457947,TN,XGBoost_B_full
7d277633a12c6b9ae3e10d0569f00e6a,61049,0,0.018691588785046728,1,1671,5,0.6799999999999997,66,4.833333333333333,13.2,0.16666666666666666,0.2727272727272727,0.22727272727272727,0,0.15816,0.21193459630012512,TN,XGBoost_B_full
e4f7e9c167a32e142331145f92a5bd6f,752868,0,0.010752688172043012,1,705,1,-2.48,17,3.588235294117647,17.0,0.17647058823529413,0.11764705882352941,0.35294117647058826,0,-0.5588,0.05344301089644432,TN,XGBoost_B_full
f3c2af493efc5ab1952d10cf0df7b580,9583799,0,0.015873015873015872,2,2161,5,1.12,107,4.672897196261682,10.7,0.14018691588785046,0.3177570093457944,0.18691588785046728,1,0.31834,0.24794356524944305,TN,XGBoost_B_full
fc0654855ff952093b701b0550516211,35606560,0,0.001597444089456869,3,10,4,-0.20999999999999996,27,4.925925925925926,13.5,0.18518518518518517,0.25925925925925924,0.18518518518518517,0,0.84875,0.20440708100795746,TN,XGBoost_B_full
3dea1b708d464d1500095a3a134ef4ad,25334576,0,0.005257623554153523,1,266,4,0.10000000000000009,38,4.2894736842105265,38.0,0.18421052631578946,0.15789473684210525,0.21052631578947367,0,0.0972,0.135588139295578,TN,XGBoost_B_full
a505b8148fc402d0100fbbb71e8c8fc4,24874339,1,0.07207207207207207,63,517,5,1.3900000000000001,28,4.714285714285714,9.333333333333334,0.17857142857142858,0.25,0.14285714285714285,0,0.12613333333333335,0.7034572958946228,TP,XGBoost_B_full
c654a73aa3b31f02f292972f900eb4d4,29376835,0,0.0044444444444444444,1,80,5,1.1,4,4.0,4.0,0.25,0.25,0.25,0,0.0,0.16186358034610748,TN,XGBoost_B_full
af17be8504371199ba626ec1f59cc38e,78249,0,0.010526315789473684,1,1683,5,1.21,103,4.067961165048544,25.75,0.1262135922330097,0.23300970873786409,0.13592233009708737,0,0.58745,0.13231191039085388,TN,XGBoost_B_full
66ec458370e57937a89402cb28d27176,9583799,1,0.3253968253968254,6,2525,4,0.1200000000000001,468,4.467948717948718,20.347826086956523,0.1858974358974359,0.2222222222222222,0.18162393162393162,1,0.04601304347826087,0.6042075753211975,TP,XGBoost_B_full
d722de41473b9337c667b053d2061853,406373,0,0.012224938875305624,3,866,5,1.0299999999999998,11,4.0,2.75,0.2727272727272727,0.36363636363636365,0.18181818181818182,0,0.31410000000000005,0.055198606103658676,TN,XGBoost_B_full
7881a3f05f9fbfe8a91add412d3ba648,35606560,0,0.003194888178913738,4,20,4,-0.20999999999999996,132,4.659090909090909,18.857142857142858,0.2196969696969697,0.22727272727272727,0.14393939393939395,1,0.06808571428571428,0.4064313471317291,TN,XGBoost_B_full
12ffd975e348023857e607eae2f2d12a,18674286,1,0.058823529411764705,134,426,4,0.16000000000000014,97,3.8762886597938144,19.4,0.17525773195876287,0.27835051546391754,0.09278350515463918,0,-0.09688000000000001,0.8182904720306396,TP,XGBoost_B_full
eb0bf08409bae8a8228ac6e0400a1dad,45974,0,0.001349527665317139,134,954,5,0.5,36,3.5,18.0,0.2777777777777778,0.1388888888888889,0.1111111111111111,0,-0.25115,0.7924057245254517,FP,XGBoost_B_full
a1afaa4df4b67e7ade5769f0d65be1ef,14706,0,0.005128205128205128,134,1322,4,0.06999999999999984,38,4.0,12.666666666666666,0.15789473684210525,0.23684210526315788,0.18421052631578946,0,0.4004666666666667,0.4064968228340149,TN,XGBoost_B_full
5111299ddd5adf45bdaf6fc9b427ab86,34023590,0,0.006622516556291391,3,141,1,-2.53,103,4.349514563106796,14.714285714285714,0.18446601941747573,0.2815533980582524,0.17475728155339806,0,-0.3551285714285714,0.18618325889110565,TN,XGBoost_B_full
15cb11a7745ed9a9302a7a1979fcd496,45974,0,0.004048582995951417,2,848,5,0.5,140,3.757142857142857,15.555555555555555,0.20714285714285716,0.22857142857142856,0.12857142857142856,0,-0.060033333333333334,0.4992580711841583,TN,XGBoost_B_full
40cea370a42c4d1864a5dc7c5f863d21,2547,0,0.001594896331738437,2,1047,5,0.7699999999999996,48,3.5208333333333335,24.0,0.22916666666666666,0.08333333333333333,0.25,0,-0.4929,0.12252382189035416,TN,XGBoost_B_full
53bfaa8728d07402c3de2ece10685781,2547,0,0.001594896331738437,1,3768,4,-0.23000000000000043,14,5.214285714285714,14.0,0.21428571428571427,0.2857142857142857,0.21428571428571427,0,0.5709,0.08891557902097702,TN,XGBoost_B_full
8a5b567a59e0c39d4b5d9967d1b6d9d8,394424,0,0.007246376811594203,2,1285,1,-3.2300000000000004,163,4.398773006134969,12.538461538461538,0.17791411042944785,0.26380368098159507,0.1411042944785276,1,-0.021992307692307683,0.2807886600494385,TN,XGBoost_B_full
f44e3600ca3dde2ea823d2d59b30cc68,34023590,0,0.002207505518763797,1,97,0,-3.53,4,2.25,4.0,0.0,0.5,0.0,0,-0.296,0.12981554865837097,TN,XGBoost_B_full
d1ee5287bab1f50a4f3635d5bc39ce6e,394424,1,0.2391304347826087,1,3760,3,-1.2300000000000004,156,4.5,19.5,0.21153846153846154,0.1794871794871795,0.21794871794871795,0,0.4466375,0.4260612726211548,FN,XGBoost_B_full
e9f494a27219a4853d6c1e4ca1368c4b,61049,1,0.028037383177570093,14,1117,2,-2.3200000000000003,173,4.289017341040463,14.416666666666666,0.1791907514450867,0.23121387283236994,0.23121387283236994,0,-0.06657500000000001,0.42749282717704773,FN,XGBoost_B_full
db7d02f1396b81bcf2556c21042f53b7,3018111,0,0.016,37,339,5,0.8399999999999999,108,4.296296296296297,21.6,0.1574074074074074,0.25925925925925924,0.12037037037037036,0,-0.018440000000000005,0.7030832171440125,FP,XGBoost_B_full
477301e4dfaf5ebaf21835d6ec49160f,78249,1,0.031578947368421054,37,547,4,0.20999999999999996,18,6.166666666666667,9.0,0.1111111111111111,0.2222222222222222,0.2777777777777778,0,0.698,0.31766366958618164,FN,XGBoost_B_full
b0b114d6ba28a141f75c05074cb8fe2c,9639765,0,0.008547008547008548,3,965,5,0.9500000000000002,21,4.571428571428571,7.0,0.14285714285714285,0.3333333333333333,0.19047619047619047,1,0.20383333333333334,0.13927441835403442,TN,XGBoost_B_full
2ee11a65aad26de200abee9faf75246b,17726051,0,0.011764705882352941,15,855,3,-0.16999999999999993,93,4.032258064516129,13.285714285714286,0.12903225806451613,0.21505376344086022,0.24731182795698925,0,0.33342857142857135,0.4203074872493744,TN,XGBoost_B_full
74796a88b3fa4f5020ff62c312113c2e,48987,0,0.004016064257028112,2,2486,4,0.33000000000000007,46,4.413043478260869,23.0,0.2391304347826087,0.21739130434782608,0.15217391304347827,0,0.7464,0.20011848211288452,TN,XGBoost_B_full
0c948c040917f058239f1ac8b0aea76c,792712,1,0.06504065040650407,19,2511,5,0.6799999999999997,149,4.5369127516778525,24.833333333333332,0.1610738255033557,0.2550335570469799,0.18791946308724833,0,-0.16319999999999998,0.6082186102867126,TP,XGBoost_B_full
fb4c0f484ad81b84b4e4274f4fbf88dd,78249,1,0.17894736842105263,63,3260,4,0.20999999999999996,99,4.232323232323233,19.8,0.1717171717171717,0.1919191919191919,0.15151515151515152,0,0.19368000000000002,0.6791200041770935,TP,XGBoost_B_full
6167e3dcd2abacefb6d8d932ca8c99b6,768496,1,0.6212121212121212,63,3266,5,0.9000000000000004,296,4.52027027027027,18.5,0.16554054054054054,0.28040540540540543,0.19256756756756757,1,0.3006375,0.6820540428161621,TP,XGBoost_B_full
bf8f05e75a00fe5c8194fed50ced66dd,2547,0,0.004784688995215311,1,1723,5,0.7699999999999996,237,4.282700421940929,21.545454545454547,0.17721518987341772,0.189873417721519,0.19831223628691982,1,0.3684454545454546,0.3687632977962494,TN,XGBoost_B_full
a9f995bdac68c7df673c030d81087398,27822,1,0.1069182389937107,35,2829,5,0.9100000000000001,150,4.3533333333333335,10.0,0.2,0.18,0.26,0,0.20996,0.5659159421920776,TP,XGBoost_B_full
fb4d16953e7f0aaf973b24e632722958,35606560,0,0.019169329073482427,13,28,4,-0.20999999999999996,322,4.540372670807454,18.941176470588236,0.2111801242236025,0.2236024844720497,0.16149068322981366,1,0.028494117647058812,0.7548754215240479,FP,XGBoost_B_full
f2e2caf16870257ca3e05d16ba3a4d34,34023590,1,0.04856512141280353,13,265,2,-1.5299999999999998,361,4.0609418282548475,18.05,0.21052631578947367,0.1772853185595568,0.16620498614958448,0,-0.03230500000000001,0.6783190369606018,TP,XGBoost_B_full
6b54a48e2e1dd7b934480875192be3a4,14706,0,0.005128205128205128,4,2945,5,1.0699999999999998,30,4.5,10.0,0.16666666666666666,0.23333333333333334,0.13333333333333333,0,0.054266666666666664,0.12840238213539124,TN,XGBoost_B_full
17e563d665e41f4279eaab22ece5699d,9583799,0,0.015873015873015872,1,2403,3,-0.8799999999999999,232,4.413793103448276,25.77777777777778,0.16810344827586207,0.23706896551724138,0.19827586206896552,1,0.16773333333333335,0.288615882396698,TN,XGBoost_B_full
a2662e2e311362640ebda60563d1917b,29376835,0,0.013333333333333334,1,143,5,1.1,137,4.62043795620438,27.4,0.21897810218978103,0.25547445255474455,0.10218978102189781,0,-0.042059999999999986,0.19175861775875092,TN,XGBoost_B_full
810df25c97d5a2f246d64b817942f7c0,25334576,0,0.01892744479495268,3,246,4,0.10000000000000009,280,4.292857142857143,16.470588235294116,0.21428571428571427,0.21785714285714286,0.16785714285714284,0,0.07068823529411764,0.2897903323173523,TN,XGBoost_B_full
d14808c4efef8219254b38bff051ce15,2262521,1,0.020833333333333332,8,2539,2,-1.56,70,3.742857142857143,14.0,0.21428571428571427,0.24285714285714285,0.12857142857142856,0,0.1572,0.26751720905303955,FN,XGBoost_B_full
ea540bc465af52a949ad3745d92ad0c8,25334576,0,0.0010515247108307045,2,725,4,0.10000000000000009,40,3.325,20.0,0.15,0.225,0.15,0,0.29675,0.16131997108459473,TN,XGBoost_B_full
8a996333a40ff3746bfe011fc352ea40,82346,0,0.002967359050445104,1,3005,1,-2.4,331,4.652567975830816,27.583333333333332,0.1661631419939577,0.2628398791540785,0.1510574018126888,1,0.233425,0.3352944850921631,TN,XGBoost_B_full
32d86c2f42e29726aa68f539e9ac6f08,2547,1,0.05422647527910686,9,619,3,-1.2300000000000004,325,4.366153846153846,14.130434782608695,0.18769230769230769,0.20307692307692307,0.1753846153846154,1,0.2103130434782609,0.3394991159439087,FN,XGBoost_B_full
76958151508987d7a03db076aaa84e0f,535734,1,0.23636363636363636,9,1202,3,-0.94,494,4.419028340080971,16.466666666666665,0.17408906882591094,0.2591093117408907,0.14979757085020243,1,0.04763,0.4597215950489044,FN,XGBoost_B_full
aa3c1309e32c50ef5153ea5bf64efe34,63114,0,0.01020408163265306,55,1713,3,-1.5300000000000002,81,5.0,20.25,0.19753086419753085,0.2222222222222222,0.2716049382716049,0,0.19965,0.5038387775421143,FP,XGBoost_B_full
b66f38fb88d9c8c7b1319b9db0ddcaf3,61049,0,0.009345794392523364,6,2639,4,-0.3200000000000003,32,4.8125,10.666666666666666,0.21875,0.375,0.15625,0,0.44573333333333337,0.16854484379291534,TN,XGBoost_B_full
97a980c87e1929aca7f5ab449bbec77f,82346,1,0.03857566765578635,9,57,2,-1.4,68,4.117647058823529,13.6,0.23529411764705882,0.19117647058823528,0.1323529411764706,0,0.11668,0.36775386333465576,FN,XGBoost_B_full
f8fa4d472a0ae6270dfb6a00fcdc6825,430788,1,0.025157232704402517,1,2706,5,0.9199999999999999,208,4.639423076923077,18.90909090909091,0.1971153846153846,0.2403846153846154,0.16346153846153846,1,0.24637272727272724,0.37533465027809143,FN,XGBoost_B_full
72aedb3946cccf9bd9714ce2ad459dd1,29376835,0,0.008888888888888889,1,349,4,0.10000000000000009,29,3.4482758620689653,9.666666666666666,0.1724137931034483,0.1724137931034483,0.13793103448275862,0,0.19063333333333332,0.09440558403730392,TN,XGBoost_B_full
f391fd433565265d01fae96761cf51c8,25334576,0,0.0010515247108307045,1,208,3,-0.8999999999999999,78,4.217948717948718,19.5,0.1794871794871795,0.24358974358974358,0.21794871794871795,1,-0.2624,0.09770303964614868,TN,XGBoost_B_full
f0f8e2227d3b4364bac87fd993f383d8,34023590,0,0.002207505518763797,1,657,1,-2.53,698,4.2793696275071635,12.690909090909091,0.20630372492836677,0.2177650429799427,0.18051575931232092,1,-0.12109818181818181,0.34524884819984436,TN,XGBoost_B_full
5f0a57e38978a9efa3f4d20ada709860,75504,0,0.01639344262295082,3,1803,5,0.7199999999999998,72,4.083333333333333,24.0,0.125,0.20833333333333334,0.20833333333333334,1,0.5015,0.27068230509757996,TN,XGBoost_B_full
cf66739c149c3961e61b046626ba29f1,75504,1,0.04918032786885246,9,3035,4,-0.28000000000000025,101,4.227722772277228,25.25,0.21782178217821782,0.22772277227722773,0.15841584158415842,0,0.42190000000000005,0.32010963559150696,FN,XGBoost_B_full
2ffbef3356bf9bfa24079084572ee855,17333426,0,0.01486988847583643,13,665,5,0.8799999999999999,39,4.051282051282051,9.75,0.1794871794871795,0.20512820512820512,0.3333333333333333,0,0.476325,0.2740890681743622,TN,XGBoost_B_full
7045d6e4a34cbf40e3f9ffa4871ab4ac,430788,0,0.018867924528301886,11,102,0,-4.08,57,4.087719298245614,8.142857142857142,0.22807017543859648,0.22807017543859648,0.14035087719298245,1,0.21818571428571426,0.4548608660697937,TN,XGBoost_B_full
c196705e79697c85035a51d0c8a6cc14,2547,0,0.001594896331738437,2,1667,4,-0.23000000000000043,27,3.2962962962962963,27.0,0.2222222222222222,0.18518518518518517,0.1111111111111111,0,0.8402,0.08514589071273804,TN,XGBoost_B_full
d9c13d6676ee055a7986f1d5c59a1f22,7044365,0,0.014705882352941176,4,2537,3,-0.6099999999999999,215,4.641860465116279,21.5,0.18604651162790697,0.33488372093023255,0.11162790697674418,0,0.06179999999999998,0.4765954613685608,TN,XGBoost_B_full
63ea460174ac20a1f6072c82aefb3a75,18295863,1,0.2894736842105263,27,1309,4,0.22999999999999998,733,4.433833560709413,17.878048780487806,0.2073669849931787,0.2605729877216917,0.12551159618008187,1,-0.006756097560975613,0.7498348951339722,TP,XGBoost_B_full
5314e553d1e15a013e65c6020c5da93a,35606560,0,0.001597444089456869,1,21,4,-0.20999999999999996,1,6.0,1.0,0.0,0.0,1.0,0,0.5859,0.10634052753448486,TN,XGBoost_B_full
28bb4044f34a67474da2cc68bad2283d,430788,0,0.018867924528301886,3,667,5,0.9199999999999999,23,4.695652173913044,7.666666666666667,0.13043478260869565,0.13043478260869565,0.30434782608695654,0,0.40313333333333334,0.12255165725946426,TN,XGBoost_B_full
ac49462b0abc60aec70068aeae8291b3,406373,0,0.0024449877750611247,2,1115,3,-0.9700000000000002,5,5.2,5.0,0.4,0.2,0.0,0,0.0,0.05796069651842117,TN,XGBoost_B_full
b912c973beb465bd7e36dc5708412ff1,197698,1,0.22058823529411764,4,955,5,0.6799999999999997,90,4.4,18.0,0.14444444444444443,0.28888888888888886,0.18888888888888888,1,-0.09520000000000003,0.31846120953559875,FN,XGBoost_B_full
a56ba6b59eed8e3d7efb75a9ebba20ae,394424,0,0.014492753623188406,4,2070,4,-0.23000000000000043,54,4.2407407407407405,27.0,0.14814814814814814,0.2222222222222222,0.16666666666666666,0,0.42955,0.14385420083999634,TN,XGBoost_B_full
58fa440c83a1490fed3c7b0b0fa67a3e,150253,0,0.0035211267605633804,6,596,5,0.6299999999999999,109,4.26605504587156,36.333333333333336,0.2018348623853211,0.23853211009174313,0.14678899082568808,0,-0.2593333333333333,0.30649206042289734,TN,XGBoost_B_full
51773bbd7daaabe6956c68675c2bd400,21413663,0,0.006666666666666667,6,918,0,-3.69,93,4.0,46.5,0.1827956989247312,0.21505376344086022,0.15053763440860216,0,0.51475,0.22386494278907776,TN,XGBoost_B_full
45884df9fceffc6451534ffdc5feed94,75504,0,0.01639344262295082,3,41,5,0.7199999999999998,92,4.195652173913044,15.333333333333334,0.17391304347826086,0.2391304347826087,0.20652173913043478,0,0.2429333333333333,0.243271142244339,TN,XGBoost_B_full
6bf64dc9cf8368fa2a922d9d95f51120,158005,0,0.011494252873563218,28,348,5,0.9299999999999997,390,4.2846153846153845,17.727272727272727,0.17692307692307693,0.26153846153846155,0.1641025641025641,0,0.2298818181818182,0.6066199541091919,FP,XGBoost_B_full
1d4cc20381b6dcfc1eac16be64fac09c,2262521,0,0.005208333333333333,8,1526,1,-2.56,68,4.220588235294118,22.666666666666668,0.16176470588235295,0.25,0.16176470588235295,1,-0.5605666666666667,0.31790903210639954,TN,XGBoost_B_full
c1540e4e94ec947a1b6d6ba4a8b15b7f,25334576,0,0.005257623554153523,1,322,5,1.1,140,4.3428571428571425,14.0,0.17857142857142858,0.2571428571428571,0.17857142857142858,0,-0.12843,0.1410752832889557,TN,XGBoost_B_full
1a9ee8bfcb96dffc0a78bfa62fad7b9c,8665327,1,0.039603960396039604,3,74,5,0.41999999999999993,49,4.428571428571429,9.8,0.22448979591836735,0.3673469387755102,0.10204081632653061,0,0.23442,0.37282824516296387,FN,XGBoost_B_full
71c6a56b2d43e83b95a165dd3e9c667b,17726051,1,0.03529411764705882,2,1245,3,-0.16999999999999993,60,4.066666666666666,15.0,0.13333333333333333,0.25,0.31666666666666665,0,0.2572,0.2585769295692444,FN,XGBoost_B_full
dae78a7305a3a97fe79e229e5f63aebe,9639765,1,0.02564102564102564,11,1996,0,-4.05,1061,4.651272384542884,27.92105263157895,0.16211121583411875,0.2695570216776626,0.14891611687087652,1,0.028671052631578944,0.842769205570221,TP,XGBoost_B_full
9a611cc71655af79ed0dea20bf4b0d86,768496,0,0.007575757575757576,1,1611,5,0.9000000000000004,49,4.204081632653061,9.8,0.1836734693877551,0.1836734693877551,0.16326530612244897,0,0.18942,0.1130654364824295,TN,XGBoost_B_full
835cffb858bdef9de3cc3215ddd18415,25334576,0,0.002103049421661409,22,571,5,1.1,17,4.117647058823529,17.0,0.058823529411764705,0.35294117647058826,0.11764705882352941,0,0.5719,0.2558048367500305,TN,XGBoost_B_full
dbf0be6a5e4f9a796a9ba2ff5c314fa5,25334576,0,0.011566771819137749,2,575,2,-1.9,136,4.220588235294118,17.0,0.19852941176470587,0.23529411764705882,0.16911764705882354,1,0.261075,0.15943044424057007,TN,XGBoost_B_full
2765725c4f615ef30bf57356ca1dc5b7,752868,0,0.010752688172043012,6,2554,2,-1.48,24,4.041666666666667,8.0,0.20833333333333334,0.125,0.125,0,0.1831,0.17826347053050995,TN,XGBoost_B_full
f07dd3786d46ccff7412fa01d5a2164c,16241798,1,0.12857142857142856,16,1683,5,0.8600000000000003,501,4.544910179640719,25.05,0.17365269461077845,0.249500998003992,0.20758483033932135,1,0.30863,0.6787749528884888,TP,XGBoost_B_full
82e3615105184f553672abe1efd6ab94,21413663,0,0.013333333333333334,3,1218,1,-2.69,131,4.534351145038168,13.1,0.16793893129770993,0.2748091603053435,0.17557251908396945,0,0.06798,0.23869256675243378,TN,XGBoost_B_full
0d0c62cf5d8ce73ee15a1f1162b16d9a,2262521,1,0.041666666666666664,5,1236,4,0.43999999999999995,508,4.765748031496063,26.736842105263158,0.1437007874015748,0.297244094488189,0.17125984251968504,0,0.3071315789473685,0.42895182967185974,FN,XGBoost_B_full
43de5e2e2ec0a94462ef0268a461bcba,45974,1,0.029689608636977057,33,2568,5,0.5,754,4.334217506631299,23.5625,0.1896551724137931,0.23607427055702918,0.14058355437665782,1,0.015199999999999998,0.6975013017654419,TP,XGBoost_B_full
45c02fc807b412cbb375517ec37a9352,34023590,0,0.002207505518763797,1,147,2,-1.5299999999999998,147,4.156462585034014,13.363636363636363,0.21768707482993196,0.19047619047619047,0.1564625850340136,0,-0.11969090909090911,0.14704081416130066,TN,XGBoost_B_full
db5e8a004cad081858e814fc68302ab4,17333426,0,0.01858736059479554,7,610,4,-0.1200000000000001,57,4.0,19.0,0.2631578947368421,0.22807017543859648,0.15789473684210525,0,0.37756666666666666,0.2579410970211029,TN,XGBoost_B_full
7a1014ae7e4550ac2b96dd26432996f6,2547,0,0.004784688995215311,5,1098,4,-0.23000000000000043,263,4.61596958174905,26.3,0.19011406844106463,0.21673003802281368,0.17490494296577946,1,0.23459,0.24972210824489594,TN,XGBoost_B_full
82e3900ad9b46be2f0c63618002df526,29376835,1,0.37333333333333335,1,401,4,0.10000000000000009,522,4.222222222222222,16.3125,0.18199233716475097,0.24329501915708812,0.12835249042145594,1,-0.04820937500000001,0.3138151466846466,FN,XGBoost_B_full
a508d310d60ec62f7d18ee36d03c719e,2547,0,0.001594896331738437,1,650,4,-0.23000000000000043,26,4.346153846153846,26.0,0.11538461538461539,0.15384615384615385,0.23076923076923078,0,0.7769,0.06142149493098259,TN,XGBoost_B_full
6912388623fb18c5b62b70dfc7e5c1a1,292,0,0.013513513513513514,3,1155,4,-0.08999999999999986,31,4.290322580645161,7.75,0.22580645161290322,0.22580645161290322,0.16129032258064516,0,0.3538,0.0991494283080101,TN,XGBoost_B_full
fae0105d830d902704ca00eb4840ac93,394424,0,0.007246376811594203,1,3762,5,0.7699999999999996,20,4.05,20.0,0.2,0.3,0.15,0,0.0,0.10349676012992859,TN,XGBoost_B_full
684b974bbdfd7f6fe7d0e2474f313fc5,215686,1,0.5737704918032787,10,149,5,0.9400000000000004,237,4.6118143459915615,26.333333333333332,0.18565400843881857,0.2320675105485232,0.16455696202531644,1,-0.19403333333333336,0.4417943060398102,FN,XGBoost_B_full
4c84abc831a909c82a80db4a2f314359,45974,1,0.07017543859649122,10,1076,5,0.5,235,4.421276595744681,29.375,0.19148936170212766,0.23829787234042554,0.1148936170212766,1,-0.1247125,0.5564018487930298,TP,XGBoost_B_full
69e04006dda8fa84a7d5f9d076cbd32f,18674286,1,0.5098039215686274,23,1379,4,0.16000000000000014,739,4.571041948579161,18.024390243902438,0.18403247631935046,0.2219215155615697,0.15696887686062247,1,0.19002926829268293,0.6958094835281372,TP,XGBoost_B_full
0aeee99c0caacc1dd1b6d756ecbacbd5,61049,0,0.009345794392523364,2,346,4,-0.3200000000000003,204,4.294117647058823,13.6,0.1715686274509804,0.21568627450980393,0.19117647058823528,0,0.20655333333333334,0.18384167551994324,TN,XGBoost_B_full
c023ce760868d41838ea871d88daa258,14706,0,0.010256410256410256,7,1299,4,0.06999999999999984,491,4.564154786150713,24.55,0.164969450101833,0.2240325865580448,0.18533604887983707,1,0.38964,0.389067143201828,TN,XGBoost_B_full
320e4860a4524361cd673d7ce55e09ac,24407,0,0.015873015873015872,8,2865,5,0.9100000000000001,76,4.421052631578948,19.0,0.13157894736842105,0.3157894736842105,0.14473684210526316,0,0.36315,0.38687899708747864,TN,XGBoost_B_full
ee28e9765ba2d8a8b98efa35b140c676,12384,1,0.09090909090909091,28,1571,4,0.08999999999999986,37,4.837837837837838,18.5,0.21621621621621623,0.21621621621621623,0.16216216216216217,0,0.35015,0.23333749175071716,FN,XGBoost_B_full
11471decb66d6cb9fd2ba1fc32e48a2a,9639765,0,0.008547008547008548,6,2135,5,0.9500000000000002,4,4.5,4.0,0.5,0.25,0.25,0,0.0,0.1261376440525055,TN,XGBoost_B_full
315731fd0275ec8bb7fe701c2b66364e,24874364,1,0.0273972602739726,4,865,4,0.06999999999999984,15,3.3333333333333335,7.5,0.13333333333333333,0.26666666666666666,0.26666666666666666,0,-0.34505,0.11378195136785507,FN,XGBoost_B_full
9ec7c66bc214188f5034084cc03f3b44,150253,1,0.06690140845070422,8,709,5,0.6299999999999999,56,4.785714285714286,14.0,0.125,0.23214285714285715,0.23214285714285715,1,0.0,0.4063302278518677,FN,XGBoost_B_full
2484f097052e0d4719c3199b70e57cd1,2547,0,0.003189792663476874,6,237,2,-2.2300000000000004,54,4.481481481481482,18.0,0.18518518518518517,0.2037037037037037,0.18518518518518517,1,-0.05473333333333333,0.17891265451908112,TN,XGBoost_B_full
59e720b06fbb5a1e8ccfcca9c833e90a,16241798,0,0.014285714285714285,6,720,5,0.8600000000000003,243,3.9917695473251027,17.357142857142858,0.17695473251028807,0.20164609053497942,0.18106995884773663,0,0.05339285714285714,0.35625943541526794,TN,XGBoost_B_full
39f1687f1f4871817b195d8f86635905,78249,1,0.021052631578947368,13,3060,4,0.20999999999999996,148,4.175675675675675,8.705882352941176,0.16891891891891891,0.27702702702702703,0.16891891891891891,0,0.07869411764705883,0.5674819350242615,TP,XGBoost_B_full
4858e0ab9c5ca81067f367eb6ea95127,2547,0,0.003189792663476874,1,905,4,-0.23000000000000043,14,4.714285714285714,4.666666666666667,0.21428571428571427,0.07142857142857142,0.35714285714285715,0,0.0,0.04652005806565285,TN,XGBoost_B_full
e686ed233dc9aea0c1b3c545f1bfa1b2,29376835,0,0.0044444444444444444,9,95,1,-2.9,19,2.6842105263157894,6.333333333333333,0.2631578947368421,0.15789473684210525,0.21052631578947367,0,0.0,0.17102716863155365,TN,XGBoost_B_full
ee31def006e856bf2fe300d59c42219c,35606560,0,0.001597444089456869,10,16,2,-2.21,49,3.7755102040816326,16.333333333333332,0.14285714285714285,0.1836734693877551,0.20408163265306123,0,0.15086666666666668,0.34976324439048767,TN,XGBoost_B_full
501a61f270388fbbc8095b7a9843a6f3,29425278,1,0.3870967741935484,15,560,4,-0.3600000000000003,210,4.90952380952381,21.0,0.1523809523809524,0.29523809523809524,0.1619047619047619,1,0.26963,0.40513598918914795,FN,XGBoost_B_full
5f044ec72c3f7b8c83a77206b9162eaa,430788,0,0.018867924528301886,15,1281,4,-0.08000000000000007,111,4.54054054054054,22.2,0.11711711711711711,0.25225225225225223,0.1981981981981982,1,0.23234,0.4983503520488739,TN,XGBoost_B_full
b3775dea2a4036dff72713847b43f810,2262521,0,0.010416666666666666,15,1371,3,-0.56,78,4.730769230769231,26.0,0.16666666666666666,0.2948717948717949,0.15384615384615385,0,0.21963333333333335,0.3823244571685791,TN,XGBoost_B_full
8a11715e24008b1504eba5c48f1062f0,34023590,0,0.002207505518763797,1,152,2,-1.5299999999999998,17,3.588235294117647,5.666666666666667,0.29411764705882354,0.29411764705882354,0.23529411764705882,0,-0.03793333333333332,0.07952752709388733,TN,XGBoost_B_full
71154b49c91d20727749453bcab105fb,48987,0,0.01606425702811245,1,641,1,-2.67,104,4.221153846153846,8.0,0.18269230769230768,0.20192307692307693,0.18269230769230768,1,0.15845384615384614,0.1393362581729889,TN,XGBoost_B_full
2c2a090de176ea3771b1b818d3409c5b,158005,0,0.011494252873563218,1,443,4,-0.07000000000000028,208,4.375,23.11111111111111,0.19230769230769232,0.23076923076923078,0.21153846153846154,0,0.3056444444444445,0.15417277812957764,TN,XGBoost_B_full
fc66895f0d41e523280302b2fc50da00,24407,1,0.031746031746031744,1,3133,2,-2.09,118,4.0423728813559325,29.5,0.211864406779661,0.1694915254237288,0.2033898305084746,1,0.36545,0.2696591913700104,FN,XGBoost_B_full
908d162daf7d2c0d343bf57c34565ba7,2547,0,0.001594896331738437,3,302,5,0.7699999999999996,9,3.6666666666666665,9.0,0.2222222222222222,0.1111111111111111,0.3333333333333333,0,0.4019,0.057548511773347855,TN,XGBoost_B_full
1d4ea92ec0b2f220b398fe46a3d76529,16128045,1,0.046875,1,1548,4,-0.41999999999999993,293,4.064846416382252,20.928571428571427,0.22525597269624573,0.23890784982935154,0.09556313993174062,0,0.44749999999999995,0.35001885890960693,FN,XGBoost_B_full
91aeb0b06645d31c375c87ba8dccb118,752868,0,0.010752688172043012,33,1669,3,-0.48,17,4.529411764705882,8.5,0.23529411764705882,0.23529411764705882,0.23529411764705882,0,-0.023399999999999976,0.2289290577173233,TN,XGBoost_B_full
b79fea4381e316cafc2c80977f98fb29,34023590,0,0.008830022075055188,1,210,5,1.4700000000000002,142,4.28169014084507,28.4,0.1619718309859155,0.2323943661971831,0.1619718309859155,1,0.07051999999999999,0.10895784944295883,TN,XGBoost_B_full
d623e12355c0598fc20389d23bd35eab,9639765,0,0.008547008547008548,3,1721,5,0.9500000000000002,35,4.4,8.75,0.17142857142857143,0.34285714285714286,0.17142857142857143,0,0.20025,0.15249700844287872,TN,XGBoost_B_full
2961ca0bcb48bdbffff05a2641d5233d,45974,0,0.001349527665317139,1,327,0,-4.5,138,5.1231884057971016,17.25,0.10144927536231885,0.30434782608695654,0.15942028985507245,0,0.0777,0.2829158306121826,TN,XGBoost_B_full
a268ce4dd02313bc0f9ba81b54edd47b,25334576,0,0.0010515247108307045,3,709,5,1.1,41,4.2439024390243905,10.25,0.21951219512195122,0.2682926829268293,0.14634146341463414,0,0.186525,0.13291223347187042,TN,XGBoost_B_full
a86e3870640ba9a0c4c8763af9f8d118,2262521,0,0.015625,5,1043,3,-0.56,69,4.144927536231884,13.8,0.2753623188405797,0.13043478260869565,0.2753623188405797,0,0.4863799999999999,0.3227412700653076,TN,XGBoost_B_full
aa3b31037051203947652f4b12b73190,35606560,0,0.01597444089456869,21,26,4,-0.20999999999999996,87,3.5172413793103448,43.5,0.26436781609195403,0.22988505747126436,0.08045977011494253,0,-0.06375,0.5667829513549805,FP,XGBoost_B_full
3936982fd6962f05547bca65518d0932,61049,1,0.04672897196261682,21,468,0,-4.32,52,4.423076923076923,13.0,0.15384615384615385,0.2692307692307692,0.19230769230769232,0,0.37644999999999995,0.5736683011054993,TP,XGBoost_B_full
4f203df50d06c9b2fdadff3947daaa7c,394424,0,0.007246376811594203,1,861,4,-0.23000000000000043,43,4.046511627906977,14.333333333333334,0.23255813953488372,0.16279069767441862,0.23255813953488372,0,0.41536666666666666,0.05837836116552353,TN,XGBoost_B_full
fe7d7c46f6fba3a2cad6113491fe298b,24407,0,0.015873015873015872,8,3756,5,0.9100000000000001,42,5.119047619047619,14.0,0.21428571428571427,0.2619047619047619,0.21428571428571427,0,0.4075333333333333,0.15953737497329712,TN,XGBoost_B_full
7e9dd9321a960569feaba31e48484b15,24874364,0,0.0136986301369863,2,900,4,0.06999999999999984,102,4.46078431372549,17.0,0.22549019607843138,0.2549019607843137,0.13725490196078433,0,-0.3191833333333333,0.16197365522384644,TN,XGBoost_B_full
d2d49c9c8124cdb671ea53d399372efc,9583799,0,0.007936507936507936,1,885,4,0.1200000000000001,31,4.451612903225806,7.75,0.1935483870967742,0.1935483870967742,0.2903225806451613,0,0.4101,0.0851641520857811,TN,XGBoost_B_full
23c1880a37efb843c4cc78b067abb81a,9583799,0,0.007936507936507936,2,1031,5,1.12,185,4.351351351351352,13.214285714285714,0.16756756756756758,0.1945945945945946,0.21081081081081082,1,0.30988571428571426,0.21874065697193146,TN,XGBoost_B_full
b2e3d867126867aba2b147acc54a8cb5,14706,0,0.015384615384615385,30,3350,4,0.06999999999999984,52,4.096153846153846,17.333333333333332,0.21153846153846154,0.19230769230769232,0.15384615384615385,0,0.03779999999999998,0.21189191937446594,TN,XGBoost_B_full
bdd61f6d2afa8519f477c6d6d2fd5ea1,61049,0,0.009345794392523364,30,3701,5,0.6799999999999997,30,4.266666666666667,15.0,0.13333333333333333,0.3,0.2,0,0.31195,0.22715212404727936,TN,XGBoost_B_full
d53d88262cd263a074f4b376c4d19752,9639765,1,0.09401709401709402,52,139,5,0.9500000000000002,63,4.142857142857143,15.75,0.2222222222222222,0.20634920634920634,0.12698412698412698,1,0.45765,0.5848162174224854,TP,XGBoost_B_full
93276ca526e916f8ee9d935067cdc57e,78249,0,0.010526315789473684,1,3085,0,-3.79,119,4.142857142857143,14.875,0.14285714285714285,0.2184873949579832,0.24369747899159663,0,0.3290625,0.22616226971149445,TN,XGBoost_B_full
1cfe768e885839250b162a926f97f935,35606560,0,0.004792332268370607,3,112,3,-1.21,83,4.349397590361446,20.75,0.2289156626506024,0.1686746987951807,0.18072289156626506,1,-0.07977500000000001,0.13061024248600006,TN,XGBoost_B_full
c8af267a7ca647523bf6114a18407592,9583799,0,0.007936507936507936,1,300,4,0.1200000000000001,269,4.5427509293680295,19.214285714285715,0.13011152416356878,0.31226765799256506,0.13011152416356878,1,0.054828571428571435,0.21842730045318604,TN,XGBoost_B_full
71c4e966633a2ef2b127f493244f9e55,35606560,0,0.001597444089456869,2,28,5,0.79,28,3.607142857142857,14.0,0.2857142857142857,0.10714285714285714,0.2857142857142857,0,0.28435,0.1607864946126938,TN,XGBoost_B_full
7ef5c1f1de5130c20c30fd068ad7dcbf,34023590,0,0.01545253863134658,1,148,1,-2.53,97,3.9587628865979383,9.7,0.21649484536082475,0.21649484536082475,0.16494845360824742,1,0.04978,0.11683248728513718,TN,XGBoost_B_full
01835a2c41424e6e7d614cc30a5edb47,30312512,1,0.48717948717948717,7,130,3,-0.8599999999999999,26,3.076923076923077,13.0,0.23076923076923078,0.15384615384615385,0.19230769230769232,0,0.18765,0.17960189282894135,FN,XGBoost_B_full
00c233d9f74e08ef646a4178fef8cfbd,17333426,1,0.1412639405204461,7,635,4,-0.1200000000000001,75,4.173333333333333,25.0,0.13333333333333333,0.29333333333333333,0.17333333333333334,0,0.5427,0.3504389822483063,FN,XGBoost_B_full
0e102ecb20bd9be0a93546716de6ca15,2547,0,0.001594896331738437,1,3909,5,0.7699999999999996,30,4.7,15.0,0.16666666666666666,0.26666666666666666,0.06666666666666667,0,0.3753,0.13190323114395142,TN,XGBoost_B_full
72ccfc0dadd4e74683b6287ef3baa729,367802,1,0.4876847290640394,43,1513,4,-0.20000000000000018,181,3.9005524861878453,20.11111111111111,0.10497237569060773,0.3370165745856354,0.08839779005524862,0,-0.2866222222222222,0.811376690864563,TP,XGBoost_B_full
825939bbfc08504eecddda25a4bc4822,406373,0,0.0024449877750611247,28,3244,5,1.0299999999999998,455,4.881318681318682,28.4375,0.1912087912087912,0.2703296703296703,0.14505494505494507,1,0.008499999999999994,0.47480499744415283,TN,XGBoost_B_full
6967130394b01e6baad698c6a3bc2d0b,45974,0,0.005398110661268556,4,1575,0,-4.5,243,4.962962962962963,20.25,0.20164609053497942,0.2139917695473251,0.2345679012345679,0,-0.07734166666666666,0.49174246191978455,TN,XGBoost_B_full
db507f5155ee064fd22cc5a0fb60173d,25334576,0,0.010515247108307046,5,762,5,1.1,611,4.356792144026187,18.515151515151516,0.1718494271685761,0.24222585924713586,0.176759410801964,1,-0.026142424242424248,0.4699375033378601,TN,XGBoost_B_full
f137250be17d77058a13f3f6ddbf8eda,158005,1,0.39080459770114945,1,2546,4,-0.07000000000000028,205,4.697560975609756,17.083333333333332,0.11219512195121951,0.2926829268292683,0.2146341463414634,0,0.3543416666666667,0.31038910150527954,FN,XGBoost_B_full
a0ff484e9df9f8478b3a2cbbde89bd4b,406373,0,0.012224938875305624,4,1329,4,0.029999999999999805,274,4.2153284671532845,18.266666666666666,0.1897810218978102,0.22992700729927007,0.19708029197080293,0,0.09909333333333334,0.3439098000526428,TN,XGBoost_B_full
4ba5de83298c84d139a3cfb0fd48c2bf,48987,0,0.004016064257028112,1,250,1,-2.67,200,4.44,18.181818181818183,0.21,0.24,0.165,1,0.05142727272727272,0.15723609924316406,TN,XGBoost_B_full
583cc301cd92178bfdfb403139a79c76,9639765,0,0.008547008547008548,2,440,4,-0.04999999999999982,24,3.75,12.0,0.16666666666666666,0.20833333333333334,0.125,1,0.42955,0.09363467246294022,TN,XGBoost_B_full
f83bcbdb2d5612fb71c9af50029d4bf6,25334576,0,0.008412197686645636,1,488,4,0.10000000000000009,16,4.3125,16.0,0.125,0.25,0.125,0,-0.5606,0.1199057474732399,TN,XGBoost_B_full
46ca61db85db926d0d3ef4d5d114d2e9,2262521,0,0.005208333333333333,2,1067,1,-2.56,49,3.63265306122449,16.333333333333332,0.2653061224489796,0.12244897959183673,0.24489795918367346,0,0.13303333333333334,0.1265074461698532,TN,XGBoost_B_full
1a70220c603e50e7cdabfcf1ac16c8e1,752868,1,0.053763440860215055,7,405,2,-1.48,129,4.837209302325581,21.5,0.16279069767441862,0.17054263565891473,0.2558139534883721,0,-0.19856666666666659,0.37139445543289185,FN,XGBoost_B_full
688ce81996d9386465fc984e66fd1a6e,78249,1,0.05263157894736842,7,575,4,0.20999999999999996,541,4.251386321626617,23.52173913043478,0.1866913123844732,0.22365988909426987,0.18114602587800369,1,0.10264347826086957,0.582228422164917,TP,XGBoost_B_full
2799531b4137a3967e7e84a8e9a8c3b5,25334576,0,0.0010515247108307045,3,615,4,0.10000000000000009,23,4.565217391304348,4.6,0.21739130434782608,0.13043478260869565,0.21739130434782608,0,-0.16576,0.15002065896987915,TN,XGBoost_B_full
75a2e3c0eb122ff89707218578adce6f,17333426,0,0.007434944237918215,1,837,2,-2.12,40,3.875,10.0,0.275,0.25,0.225,0,0.35272499999999996,0.07777943462133408,TN,XGBoost_B_full
c00ee1ea3cc065febfa1f8c3282756a5,21413663,1,0.13333333333333333,95,1257,5,1.31,411,4.576642335766423,27.4,0.13138686131386862,0.22141119221411193,0.2360097323600973,0,0.3518733333333334,0.6622945666313171,TP,XGBoost_B_full
9bd6efaf023fc480843e0f1670d9940e,17333426,0,0.007434944237918215,1,1098,4,-0.1200000000000001,80,3.925,13.333333333333334,0.2125,0.2,0.2,0,0.54805,0.12841656804084778,TN,XGBoost_B_full
c7ce311472a802b18949b3612b491e17,48987,1,0.0321285140562249,5,1457,2,-1.67,49,3.816326530612245,12.25,0.1836734693877551,0.30612244897959184,0.12244897959183673,0,-0.028675000000000006,0.23755067586898804,FN,XGBoost_B_full
2eab9973ea726cf9d297541149b14820,2547,0,0.004784688995215311,9,406,1,-3.2300000000000004,127,4.6299212598425195,25.4,0.1732283464566929,0.1889763779527559,0.2125984251968504,0,-0.00023999999999999578,0.37341901659965515,TN,XGBoost_B_full
b8f8ec9a572e25cf1827b035eb5cbef9,82346,0,0.01483679525222552,5,91,3,-0.3999999999999999,273,4.476190476190476,22.75,0.12087912087912088,0.23443223443223443,0.1978021978021978,1,0.33821666666666667,0.3779008388519287,TN,XGBoost_B_full
60739f443e417aa98697cd921e7ba6d2,82356,0,0.0041841004184100415,5,91,3,-0.73,212,4.65566037735849,21.2,0.18867924528301888,0.24056603773584906,0.16981132075471697,1,0.15872999999999998,0.4208340644836426,TN,XGBoost_B_full
0ba06bb867e191494e5958a67d49ab22,2547,0,0.006379585326953748,5,358,4,-0.23000000000000043,275,4.294545454545455,19.642857142857142,0.18545454545454546,0.23272727272727273,0.13090909090909092,1,0.1432642857142857,0.22463761270046234,TN,XGBoost_B_full
986c1906e5f9e552a81de1266cf28563,29376835,0,0.017777777777777778,27,324,5,1.1,3,4.0,3.0,0.3333333333333333,0.3333333333333333,0.0,0,0.0,0.2230520099401474,TN,XGBoost_B_full
9b891879d1f2d17861934ce2e0597a66,25334576,0,0.002103049421661409,2,805,5,1.1,21,4.0476190476190474,4.2,0.23809523809523808,0.23809523809523808,0.23809523809523808,0,0.015599999999999992,0.10157852619886398,TN,XGBoost_B_full
37a76f65f4fbe20b34a6604534343dd1,61049,0,0.018691588785046728,16,1250,3,-1.3200000000000003,87,4.206896551724138,10.875,0.14942528735632185,0.28735632183908044,0.19540229885057472,1,0.005687499999999998,0.401090145111084,TN,XGBoost_B_full
f36de9397ee5960b908e73b7be7fd991,2547,0,0.003189792663476874,1,1255,5,0.7699999999999996,36,3.861111111111111,12.0,0.19444444444444445,0.2777777777777778,0.2222222222222222,0,0.2698,0.06630425900220871,TN,XGBoost_B_full
ab235f0c69b00137485e0375d1ef2b23,25334576,1,0.17139852786540483,3,727,3,-0.8999999999999999,828,4.734299516908212,24.352941176470587,0.16666666666666666,0.28140096618357485,0.16183574879227053,1,-0.12230882352941175,0.3902420103549957,FN,XGBoost_B_full
f8add6765583e988e05ff256549a66e0,9639765,0,0.008547008547008548,8,2084,4,-0.04999999999999982,58,4.5344827586206895,9.666666666666666,0.1724137931034483,0.3103448275862069,0.1896551724137931,0,-0.055999999999999994,0.29911911487579346,TN,XGBoost_B_full
056e3333159ddd275410239119e1070d,17333426,0,0.007434944237918215,1,511,4,-0.1200000000000001,49,4.551020408163265,8.166666666666666,0.22448979591836735,0.30612244897959184,0.16326530612244897,1,0.3416666666666666,0.10602285712957382,TN,XGBoost_B_full
91399a4bdc2ab58084ae3ed35da60668,45974,0,0.002699055330634278,1,1035,5,0.5,30,4.533333333333333,10.0,0.2,0.2,0.13333333333333333,0,0.3736,0.18759074807167053,TN,XGBoost_B_full
9bde68bf12975187b3cc02dbba54b7c4,29376835,0,0.017777777777777778,1,280,5,1.1,36,3.8055555555555554,12.0,0.1111111111111111,0.25,0.05555555555555555,0,0.1628333333333333,0.07965095341205597,TN,XGBoost_B_full
03a4d738e1586b329b7a8ec032a6fea7,158005,0,0.011494252873563218,1,3280,4,-0.07000000000000028,32,3.40625,10.666666666666666,0.25,0.1875,0.125,0,-0.15956666666666666,0.1573091298341751,TN,XGBoost_B_full
a6b805c645ff6cabbd7fa3fbb73ea014,406373,0,0.017114914425427872,3,572,0,-3.97,6,4.833333333333333,6.0,0.16666666666666666,0.16666666666666666,0.16666666666666666,1,0.0,0.14113439619541168,TN,XGBoost_B_full
8b7623baac64b4002dfeaeae740e868f,16241798,1,0.21428571428571427,57,287,4,-0.13999999999999968,113,4.814159292035399,14.125,0.19469026548672566,0.30973451327433627,0.12389380530973451,0,0.2177125,0.7429829835891724,TP,XGBoost_B_full
1cdfc469ec6c2f44a63a9d41ddcfdfc9,2547,0,0.003189792663476874,5,1419,5,0.7699999999999996,58,4.741379310344827,19.333333333333332,0.1724137931034483,0.3793103448275862,0.06896551724137931,0,0.5565666666666668,0.19829851388931274,TN,XGBoost_B_full
6af28dc44c1c0416396240bfef083884,35606560,1,0.1645367412140575,25,102,4,-0.20999999999999996,211,4.4454976303317535,13.1875,0.2037914691943128,0.24644549763033174,0.16587677725118483,0,0.338625,0.6876980662345886,TP,XGBoost_B_full
2fa733a7dff0dd9930e184f46737f5b4,17333426,1,0.2899628252788104,25,437,4,-0.1200000000000001,1324,4.111782477341389,9.664233576642335,0.19486404833836857,0.23791540785498488,0.16012084592145015,1,0.0633007299270073,0.8840388059616089,TP,XGBoost_B_full
6accf4494b4ea1519175974d733d956b,792712,1,0.6097560975609756,13,1331,5,0.6799999999999997,757,4.67107001321004,20.45945945945946,0.15587846763540292,0.27344782034346105,0.16512549537648613,1,-0.06335945945945946,0.7926977276802063,TP,XGBoost_B_full
78f709454d88bbd02b0f7f89af07ef42,30312512,0,0.01282051282051282,1,361,5,1.1400000000000001,43,4.162790697674419,10.75,0.20930232558139536,0.20930232558139536,0.18604651162790697,0,0.3295,0.06938584893941879,TN,XGBoost_B_full
7b5337fea3d90641303fb23c893e777a,48987,0,0.01606425702811245,5,70,5,1.33,168,4.571428571428571,18.666666666666668,0.18452380952380953,0.24404761904761904,0.16071428571428573,1,0.24280000000000002,0.21371328830718994,TN,XGBoost_B_full
55fb657758065feb27cf96f34de1d4cb,34023590,0,0.002207505518763797,1,100,2,-1.5299999999999998,339,4.209439528023599,18.833333333333332,0.1976401179941003,0.23893805309734514,0.17404129793510326,1,0.3160833333333333,0.15770640969276428,TN,XGBoost_B_full
8cf3daeac0b7264af64fc09170089bde,150253,0,0.007042253521126761,1,2505,5,0.6299999999999999,69,3.9855072463768115,23.0,0.17391304347826086,0.2028985507246377,0.17391304347826086,1,0.4937666666666667,0.3706968426704407,TN,XGBoost_B_full
ea298c3428158fb686820f28423eb320,35606560,0,0.007987220447284345,1,28,5,0.79,21,3.619047619047619,21.0,0.2857142857142857,0.23809523809523808,0.047619047619047616,1,0.3182,0.15437494218349457,TN,XGBoost_B_full
5063c754127af7c03c110b092d0fb37d,2547,0,0.001594896331738437,1,3076,5,0.7699999999999996,15,4.266666666666667,5.0,0.2,0.26666666666666666,0.26666666666666666,0,0.311,0.07801206409931183,TN,XGBoost_B_full
c2da8b78d1e79b4e176ea62ab927e9a6,45974,1,0.06072874493927125,5,3164,5,0.5,434,4.56221198156682,16.074074074074073,0.20506912442396313,0.2534562211981567,0.12442396313364056,1,0.05441851851851852,0.8146200776100159,TP,XGBoost_B_full
c80bdf21dda830459c9cabc66ca2f1b2,34023590,0,0.002207505518763797,1,165,1,-2.53,26,3.8076923076923075,6.5,0.2692307692307692,0.15384615384615385,0.19230769230769232,0,0.0,0.05055747926235199,TN,XGBoost_B_full
ca423195649748372a239dd284b292d2,25334576,0,0.002103049421661409,35,352,2,-1.9,18,4.166666666666667,9.0,0.2777777777777778,0.1111111111111111,0.1111111111111111,0,-0.22455,0.35692083835601807,TN,XGBoost_B_full
d4b8933bc526227f3808962f4c62280c,27822,0,0.012578616352201259,1,1883,3,-1.0899999999999999,13,4.076923076923077,13.0,0.0,0.15384615384615385,0.46153846153846156,0,-0.1154,0.06274297833442688,TN,XGBoost_B_full
b8e4c5c26705f220e80da3ce5db9f8f7,2547,0,0.001594896331738437,1,1424,5,0.7699999999999996,168,4.869047619047619,18.666666666666668,0.19047619047619047,0.27976190476190477,0.18452380952380953,0,0.3331666666666667,0.24267587065696716,TN,XGBoost_B_full
35bf5c2f79f4c1f3447dfe23b955dc13,25334576,0,0.0010515247108307045,4,728,5,1.1,330,4.163636363636364,30.0,0.23939393939393938,0.2,0.14242424242424243,0,0.24010909090909094,0.34647610783576965,TN,XGBoost_B_full
1b1fdf2f112137632e38c8d3e8ec0d99,61049,0,0.018691588785046728,8,3707,5,0.6799999999999997,25,4.16,12.5,0.16,0.24,0.04,0,0.62995,0.3654504716396332,TN,XGBoost_B_full
03c3d4c4840e6d90f9dbbb135267d574,17333426,0,0.0037174721189591076,1,897,4,-0.1200000000000001,112,4.098214285714286,18.666666666666668,0.20535714285714285,0.21428571428571427,0.20535714285714285,1,0.2040666666666667,0.16048963367938995,TN,XGBoost_B_full
912bada15c08be211c5cda3beeb9960f,45974,1,0.024291497975708502,3,62,5,0.5,311,4.62379421221865,19.4375,0.1639871382636656,0.2540192926045016,0.17684887459807075,1,0.352425,0.49698877334594727,FN,XGBoost_B_full
c577362d9b0bb53296bef2b0ba1bb4c5,82356,0,0.0041841004184100415,3,397,4,0.27,181,4.066298342541437,25.857142857142858,0.18232044198895028,0.2265193370165746,0.17679558011049723,0,0.2582285714285714,0.23418082296848297,TN,XGBoost_B_full
3429284ce25ac0b52501f0f7f6f63b29,2262521,1,0.020833333333333332,1,2194,1,-2.56,20,4.65,20.0,0.05,0.25,0.35,0,-0.5574,0.07597342133522034,FN,XGBoost_B_full
a4d40b8a87b2ced1b3f3e8d1c3309365,24874339,0,0.018018018018018018,7,123,3,-0.6099999999999999,48,4.145833333333333,12.0,0.2708333333333333,0.1875,0.20833333333333334,0,0.3116,0.2723751664161682,TN,XGBoost_B_full
62becd8e095f1fa0d302bba8a3105c9e,406373,0,0.0024449877750611247,1,1031,3,-0.9700000000000002,39,3.923076923076923,9.75,0.23076923076923078,0.20512820512820512,0.1794871794871795,0,0.1127,0.06250517815351486,TN,XGBoost_B_full
d1ed4f510b2ad8249edd134aae331c5f,35606560,1,0.06549520766773163,6,75,5,0.79,119,4.647058823529412,23.8,0.20168067226890757,0.23529411764705882,0.17647058823529413,0,0.63626,0.2981315851211548,FN,XGBoost_B_full
96c825e91d2699592f5cca949a767be1,45974,0,0.009446693657219974,4,3458,5,0.5,45,3.4,15.0,0.17777777777777778,0.2222222222222222,0.15555555555555556,0,0.20376666666666668,0.4169817566871643,TN,XGBoost_B_full
2fcb7f131f34b79c60542accdb80faa2,2547,0,0.001594896331738437,2,410,5,0.7699999999999996,73,4.602739726027397,8.11111111111111,0.1917808219178082,0.3698630136986301,0.0684931506849315,0,0.2722111111111112,0.10565480589866638,TN,XGBoost_B_full
198161170055558a6c3c7dab10fc6e1e,394424,0,0.007246376811594203,1,3741,5,0.7699999999999996,52,4.384615384615385,13.0,0.17307692307692307,0.28846153846153844,0.1346153846153846,0,0.181725,0.16251806914806366,TN,XGBoost_B_full
30a8adeeb634cefeae58d9a9e20322d8,82346,0,0.011869436201780416,1,271,3,-0.3999999999999999,165,3.896969696969697,15.0,0.24242424242424243,0.16363636363636364,0.2787878787878788,0,0.3260363636363636,0.1548604667186737,TN,XGBoost_B_full
ff70c9dd66adcccc900edf80e6a3ed33,150253,0,0.0035211267605633804,14,2256,4,-0.3700000000000001,22,3.3636363636363638,11.0,0.22727272727272727,0.18181818181818182,0.09090909090909091,0,0.39135,0.1687925010919571,TN,XGBoost_B_full
75c28d14267705bf0ea3b5457cd28945,45974,0,0.002699055330634278,1,484,4,-0.5,41,4.365853658536586,13.666666666666666,0.21951219512195122,0.2682926829268293,0.12195121951219512,0,-0.036666666666666674,0.13275118172168732,TN,XGBoost_B_full
bedb9782001cd3155c4c49b5e4703f23,2547,0,0.004784688995215311,15,2911,2,-2.2300000000000004,14,3.2857142857142856,14.0,0.35714285714285715,0.07142857142857142,0.2857142857142857,0,0.0,0.180287703871727,TN,XGBoost_B_full
e4c257260243232446266408231a8f3b,2547,0,0.009569377990430622,3,3414,0,-4.23,24,3.5833333333333335,12.0,0.16666666666666666,0.25,0.125,0,0.0,0.30960753560066223,TN,XGBoost_B_full
f07993c329dbcc4f34687ec3a6299757,25334576,0,0.002103049421661409,3,408,4,0.10000000000000009,34,4.676470588235294,11.333333333333334,0.20588235294117646,0.20588235294117646,0.23529411764705882,0,0.4727333333333334,0.13064691424369812,TN,XGBoost_B_full
bece43800640d77b44369f364d5e3d98,35606560,0,0.001597444089456869,4,30,5,0.79,31,5.064516129032258,10.333333333333334,0.22580645161290322,0.25806451612903225,0.06451612903225806,0,0.6426,0.1697818487882614,TN,XGBoost_B_full
6a8f87fc758d61990c2b3361a60d834f,25176023,1,0.0425531914893617,4,651,4,-0.28000000000000025,445,4.251685393258427,34.23076923076923,0.2,0.21348314606741572,0.17303370786516853,1,0.07817692307692305,0.42516055703163147,FN,XGBoost_B_full
022674f7dd4f324643e410083eac747e,34023590,0,0.002207505518763797,2,110,3,-0.5299999999999998,70,4.142857142857143,17.5,0.2714285714285714,0.18571428571428572,0.17142857142857143,0,0.17405,0.15411458909511566,TN,XGBoost_B_full
7ba5493bb6f389870d03c1bdc57467e7,28645638,0,0.01680672268907563,15,554,5,0.8399999999999999,25,5.36,6.25,0.12,0.24,0.4,0,0.458575,0.14420516788959503,TN,XGBoost_B_full
bece65d8f01bd6a69682c6fe14b65024,2547,1,0.022328548644338118,12,1444,5,0.7699999999999996,59,5.237288135593221,14.75,0.15254237288135594,0.4406779661016949,0.15254237288135594,0,0.3352,0.25954732298851013,FN,XGBoost_B_full
6c061bd3afb0d9f6ca4849429363261f,2262521,0,0.005208333333333333,5,1419,4,0.43999999999999995,23,4.391304347826087,11.5,0.17391304347826086,0.30434782608695654,0.2608695652173913,0,0.20095,0.2546943128108978,TN,XGBoost_B_full
8f47e0ecc17e958c3cb685704f4f3a97,35606560,0,0.001597444089456869,1,11,4,-0.20999999999999996,81,4.320987654320987,16.2,0.16049382716049382,0.2716049382716049,0.13580246913580246,0,0.66156,0.20046815276145935,TN,XGBoost_B_full
27ccf7e762a8150bf0e63ac2a14f48f8,25334576,0,0.004206098843322818,2,773,5,1.1,134,4.7611940298507465,19.142857142857142,0.15671641791044777,0.2835820895522388,0.1417910447761194,0,0.17391428571428572,0.1997479945421219,TN,XGBoost_B_full
677b7174a0b5e5cca722be728aefdff1,25334576,0,0.0010515247108307045,3,685,2,-1.9,73,3.9315068493150687,24.333333333333332,0.2054794520547945,0.1780821917808219,0.2191780821917808,0,-0.0198,0.15275521576404572,TN,XGBoost_B_full
3165ff38102f6e508082c8948bce6bb9,34023590,1,0.039735099337748346,9,184,2,-1.5299999999999998,43,4.0,10.75,0.16279069767441862,0.23255813953488372,0.20930232558139536,0,-0.15065,0.30091696977615356,FN,XGBoost_B_full
ea650872296c5ed3a426c1d7f69fafb9,25334576,0,0.011566771819137749,57,285,5,1.1,496,4.211693548387097,16.533333333333335,0.19556451612903225,0.25201612903225806,0.13709677419354838,1,-0.11741000000000001,0.8575636744499207,FP,XGBoost_B_full
67996b51c42dfa58ae546ef896117bbf,25334576,0,0.0010515247108307045,3,407,3,-0.8999999999999999,159,4.3584905660377355,14.454545454545455,0.13836477987421383,0.27672955974842767,0.13836477987421383,1,-0.1698090909090909,0.20764896273612976,TN,XGBoost_B_full
d793295635fa1158174daed4f84620d9,17333426,0,0.01858736059479554,2,1439,2,-2.12,307,3.9153094462540716,19.1875,0.20195439739413681,0.20195439739413681,0.16612377850162866,1,0.0848375,0.38139471411705017,TN,XGBoost_B_full
4a11063cf37573df513744903032f558,29376835,0,0.0044444444444444444,1,148,2,-1.9,42,3.9761904761904763,10.5,0.3333333333333333,0.09523809523809523,0.21428571428571427,0,0.179525,0.08816909790039062,TN,XGBoost_B_full
9cfdf9da35005ba76bab0d6ec0a9c08b,1434,0,0.01652892561983471,1,403,5,0.9900000000000002,150,4.093333333333334,13.636363636363637,0.23333333333333334,0.17333333333333334,0.19333333333333333,1,0.1416090909090909,0.08881624042987823,TN,XGBoost_B_full
bfcae604e5b35c4d636a3050c0f24bf9,25176023,1,0.02127659574468085,11,744,4,-0.28000000000000025,404,4.653465346534653,22.444444444444443,0.12128712871287128,0.2995049504950495,0.1782178217821782,1,0.5802944444444446,0.45093536376953125,FN,XGBoost_B_full
255170c885abe8e716fca409c42a37b8,75504,1,0.22950819672131148,17,2769,4,-0.28000000000000025,1075,4.549767441860465,19.196428571428573,0.1386046511627907,0.293953488372093,0.12930232558139534,1,0.10893392857142858,0.7681965231895447,TP,XGBoost_B_full
e3db5f524f962baa04ff27019d0d63ea,768496,0,0.015151515151515152,17,2950,5,0.9000000000000004,31,3.774193548387097,7.75,0.3548387096774194,0.25806451612903225,0.12903225806451613,0,-0.08810000000000001,0.1956171989440918,TN,XGBoost_B_full
881be217ac4bf2a76120a9d0e590006a,16128045,1,0.03125,3,1410,4,-0.41999999999999993,284,3.9049295774647885,28.4,0.22887323943661972,0.2112676056338028,0.11971830985915492,0,0.3847900000000001,0.35504305362701416,FN,XGBoost_B_full
b1696333f800420e50df0dd9d9196795,45974,0,0.001349527665317139,14,3715,5,0.5,57,3.9473684210526314,19.0,0.22807017543859648,0.19298245614035087,0.17543859649122806,0,0.0172,0.46775808930397034,TN,XGBoost_B_full
4c9581901faddcf5a282c27bfa5438d8,9583799,0,0.007936507936507936,4,2317,4,0.1200000000000001,80,4.15,13.333333333333334,0.15,0.225,0.175,1,0.23203333333333334,0.24930737912654877,TN,XGBoost_B_full
e452a939bd5bbbde05986b4df851a505,78249,0,0.010526315789473684,2,1993,4,0.20999999999999996,3,5.0,3.0,0.0,0.0,1.0,0,0.5379,0.08803620934486389,TN,XGBoost_B_full
5b0db8b5bb67d151d44361928372b592,16128045,1,0.03125,1,1743,5,0.5800000000000001,183,4.229508196721311,14.076923076923077,0.24043715846994534,0.21311475409836064,0.15846994535519127,0,0.14009230769230768,0.5635997653007507,TP,XGBoost_B_full
427b009aca2c0409c6d08ef318323561,35606560,0,0.001597444089456869,4,112,4,-0.20999999999999996,4,4.5,4.0,0.25,0.25,0.25,0,0.4215,0.17176038026809692,TN,XGBoost_B_full
922e438675de8c956fc5ca78bed3f5fa,35606560,1,0.020766773162939296,17,22,4,-0.20999999999999996,175,3.8057142857142856,25.0,0.16,0.24,0.2057142857142857,0,0.25917142857142855,0.6156024932861328,TP,XGBoost_B_full
cb28ffb5d825e766257b024fa57b10f8,31944691,1,0.13114754098360656,17,189,5,0.7000000000000002,254,4.090551181102362,21.166666666666668,0.2047244094488189,0.20078740157480315,0.12992125984251968,1,0.09176666666666668,0.5972954630851746,TP,XGBoost_B_full
03ebeec0db9ebae1297165f00fa70266,32075857,1,0.5522388059701493,112,111,3,-0.5800000000000001,656,4.175304878048781,22.620689655172413,0.16615853658536586,0.25609756097560976,0.14329268292682926,1,0.19491724137931035,0.7626347541809082,TP,XGBoost_B_full
7a0eed110b2133e5bc1aefe9fb36280c,9583799,1,0.3333333333333333,112,442,4,0.1200000000000001,896,4.099330357142857,16.29090909090909,0.17857142857142858,0.24441964285714285,0.14955357142857142,1,0.11900545454545455,0.8804117441177368,TP,XGBoost_B_full
87ac7bc37d8ecfc3e119b6e9de5b0e21,7428663,1,0.2833333333333333,112,940,4,-0.2999999999999998,612,4.382352941176471,13.304347826086957,0.14705882352941177,0.2581699346405229,0.16830065359477125,1,-0.009310869565217386,0.8361449837684631,TP,XGBoost_B_full
c13dce128e83cb7e601f254b52e592c9,17333426,0,0.007434944237918215,2,1024,5,0.8799999999999999,95,4.389473684210526,11.875,0.14736842105263157,0.24210526315789474,0.17894736842105263,0,0.1721875,0.15861639380455017,TN,XGBoost_B_full
8f5afcc8418eaf68dd047ecd20c1514a,9639765,1,0.042735042735042736,35,725,2,-2.05,36,4.527777777777778,18.0,0.2777777777777778,0.25,0.1388888888888889,0,0.68985,0.3578919470310211,FN,XGBoost_B_full
b97e49fddac15e09cd3334f829301286,25334576,0,0.0031545741324921135,4,296,4,0.10000000000000009,5,3.0,5.0,0.2,0.2,0.2,0,-0.4767,0.14907707273960114,TN,XGBoost_B_full
5439cfb400df77e0feec353dbe29eefa,792712,0,0.008130081300813009,3,3651,5,0.6799999999999997,25,3.76,12.5,0.16,0.2,0.2,0,0.24635,0.19431477785110474,TN,XGBoost_B_full
47b31da869576d921e7034e9538cb289,9639765,0,0.017094017094017096,1,1337,2,-2.05,59,3.9491525423728815,14.75,0.1864406779661017,0.2033898305084746,0.2542372881355932,0,0.479525,0.09123364090919495,TN,XGBoost_B_full
dbcbc8e890b0af9c44c208433cc350a9,34023590,0,0.002207505518763797,1,267,2,-1.5299999999999998,49,4.081632653061225,16.333333333333332,0.22448979591836735,0.20408163265306123,0.16326530612244897,0,-0.13396666666666665,0.08104488253593445,TN,XGBoost_B_full
7e8c0a446feef08cccdcf466cce641af,25334576,0,0.0010515247108307045,1,383,4,0.10000000000000009,40,4.325,20.0,0.275,0.2,0.25,0,0.18255,0.14155863225460052,TN,XGBoost_B_full
a6db05778464bf13275fbb4c2764c923,17333426,0,0.011152416356877323,3,993,5,0.8799999999999999,49,4.571428571428571,12.25,0.20408163265306123,0.22448979591836735,0.24489795918367346,1,0.731075,0.14619404077529907,TN,XGBoost_B_full
dcdd194f5d02b32692e0295dd65e2103,29376835,1,0.035555555555555556,2,164,4,0.10000000000000009,238,4.34453781512605,17.0,0.18487394957983194,0.25630252100840334,0.1638655462184874,0,-0.01742142857142857,0.35535943508148193,FN,XGBoost_B_full
25698a522e837a99a307d3a571bb9253,25784766,1,0.043478260869565216,2,828,5,1.37,268,4.41044776119403,22.333333333333332,0.16791044776119404,0.26119402985074625,0.14925373134328357,0,0.2755166666666667,0.3176206946372986,FN,XGBoost_B_full
b4eb30d0b3593aae549cf9c6ff35dcbf,31944691,1,0.03278688524590164,15,117,5,0.7000000000000002,734,4.584468664850136,23.677419354838708,0.18256130790190736,0.2574931880108992,0.12397820163487738,1,-0.04649354838709677,0.7399252653121948,TP,XGBoost_B_full
c4c80935e4e0a8fcb5670bbb30cd46c1,2547,0,0.001594896331738437,2,2959,1,-3.2300000000000004,17,4.352941176470588,17.0,0.23529411764705882,0.17647058823529413,0.23529411764705882,0,-0.1967,0.09633296728134155,TN,XGBoost_B_full
fa5d49f485b168ad6e537024a70388dc,75504,1,0.04918032786885246,11,1030,3,-1.2800000000000002,585,4.5777777777777775,23.4,0.15042735042735042,0.27008547008547007,0.13333333333333333,1,0.30011200000000005,0.4765818119049072,FN,XGBoost_B_full
36c958995fcdc5dbbd33d2af394bbff8,367802,0,0.014778325123152709,11,1964,2,-2.2,219,3.91324200913242,16.846153846153847,0.228310502283105,0.1735159817351598,0.182648401826484,1,0.2127307692307692,0.42805641889572144,TN,XGBoost_B_full
fb867b0e6d46dda3de893469ddb3be0c,25784766,0,0.014492753623188406,5,650,4,0.3700000000000001,93,4.548387096774194,18.6,0.1935483870967742,0.25806451612903225,0.1827956989247312,1,0.22736,0.3324197232723236,TN,XGBoost_B_full
317c4fb4721297c32ef7956d6170465f,25176023,1,0.02127659574468085,1,557,3,-1.2800000000000002,79,4.493670886075949,15.8,0.189873417721519,0.25316455696202533,0.06329113924050633,0,0.53156,0.11438959091901779,FN,XGBoost_B_full
1cf2038de599add3888160d85d2c26d2,35606560,0,0.006389776357827476,3,112,4,-0.20999999999999996,91,4.032967032967033,13.0,0.26373626373626374,0.21978021978021978,0.15384615384615385,0,0.20164285714285718,0.21293066442012787,TN,XGBoost_B_full
0bd775b7121e8f07ebd397315e22bf00,25784766,0,0.014492753623188406,3,694,4,0.3700000000000001,75,4.48,15.0,0.24,0.21333333333333335,0.21333333333333335,0,0.14938,0.20836105942726135,TN,XGBoost_B_full
1b0f4bf2e3488d57d8c25596944bf167,32810456,1,0.7647058823529411,66,286,4,0.009999999999999787,475,4.0463157894736845,16.964285714285715,0.16210526315789472,0.22736842105263158,0.14947368421052631,1,0.024578571428571422,0.8347360491752625,TP,XGBoost_B_full
df6989e30757d2369545e43e10b9ee8d,223394,1,0.96,66,456,5,0.9500000000000002,149,4.100671140939597,8.764705882352942,0.21476510067114093,0.22818791946308725,0.12080536912751678,0,0.18156470588235293,0.7669305205345154,TP,XGBoost_B_full
7cf16eef2d0dab453f439bcde11fb79e,24874339,1,0.6126126126126126,66,499,3,-0.6099999999999999,587,4.321976149914821,17.78787878787879,0.21465076660988075,0.21465076660988075,0.15332197614991483,1,0.08211212121212122,0.8823464512825012,TP,XGBoost_B_full
691e0e4f3a188d76e9189be71f1f4229,21413663,1,0.04,66,1188,3,-0.69,140,4.75,20.0,0.17857142857142858,0.22142857142857142,0.16428571428571428,0,0.22715714285714286,0.6041563153266907,TP,XGBoost_B_full
eec46082632f0ea698e5edf77dd9ba2d,35606560,0,0.001597444089456869,2,14,4,-0.20999999999999996,74,4.256756756756757,14.8,0.17567567567567569,0.22972972972972974,0.17567567567567569,0,0.40902000000000005,0.22851838171482086,TN,XGBoost_B_full
0e5f6f6179c90728d95b4578d2ff817b,29425278,0,0.010752688172043012,4,326,5,0.6399999999999997,30,4.8,30.0,0.16666666666666666,0.3,0.13333333333333333,0,0.6808,0.16793207824230194,TN,XGBoost_B_full
6bca2586cc60e863c6afea3dcc25c216,25334576,0,0.0010515247108307045,1,658,4,0.10000000000000009,98,3.979591836734694,16.333333333333332,0.17346938775510204,0.20408163265306123,0.16326530612244897,0,0.010883333333333337,0.19898895919322968,TN,XGBoost_B_full
e34e8514406c2843951ec0d5f1fcc1c0,34023590,0,0.006622516556291391,1,127,2,-1.5299999999999998,75,4.386666666666667,15.0,0.22666666666666666,0.21333333333333335,0.21333333333333335,0,0.02764000000000002,0.11302550137042999,TN,XGBoost_B_full
d898a1f38dc303ef5e1f22dfe3fefe03,29376835,0,0.017777777777777778,1,304,4,0.10000000000000009,17,5.117647058823529,8.5,0.29411764705882354,0.11764705882352941,0.23529411764705882,0,0.4596,0.08159535378217697,TN,XGBoost_B_full
c346daa002e01bf26ec6450a5bfcbe3a,158005,1,0.05747126436781609,6,1369,5,0.9299999999999997,176,4.471590909090909,17.6,0.16477272727272727,0.2784090909090909,0.14772727272727273,1,0.25849,0.4014434218406677,FN,XGBoost_B_full
c669b52dddad76473e7eae6d164bdbaa,35606560,0,0.004792332268370607,1,111,5,0.79,78,3.717948717948718,15.6,0.24358974358974358,0.15384615384615385,0.10256410256410256,0,0.12992000000000004,0.11317193508148193,TN,XGBoost_B_full
2de1cd88f063c34be4eeb88a113cd022,34023590,0,0.002207505518763797,1,128,2,-1.5299999999999998,54,4.074074074074074,7.714285714285714,0.16666666666666666,0.24074074074074073,0.2222222222222222,0,-0.10518571428571429,0.09518792480230331,TN,XGBoost_B_full
6638a0545a3d41f37186de3a3ddae7a1,9583799,0,0.007936507936507936,6,2056,5,1.12,43,3.9069767441860463,14.333333333333334,0.11627906976744186,0.27906976744186046,0.13953488372093023,0,0.19063333333333332,0.25415360927581787,TN,XGBoost_B_full
6e4a0b9cfe8afae8302c33a4b1ca0d66,61049,0,0.009345794392523364,1,1060,3,-1.3200000000000003,34,5.588235294117647,8.5,0.2647058823529412,0.23529411764705882,0.08823529411764706,0,-0.056575,0.03842208907008171,TN,XGBoost_B_full
600db8caba6ff88e0db6450533a76ed8,29376835,1,0.08,1,137,4,0.10000000000000009,80,4.2,20.0,0.1,0.2125,0.2,1,-0.17235,0.26359719038009644,FN,XGBoost_B_full
b756c16f447ddc3fc1612f39b57e2cea,29376835,0,0.013333333333333334,1,226,2,-1.9,19,4.0,19.0,0.2631578947368421,0.10526315789473684,0.15789473684210525,0,-0.2716,0.06946715712547302,TN,XGBoost_B_full
5fcb0ed173ef337346591ff7842346a5,82356,0,0.012552301255230125,18,583,4,0.27,40,5.625,13.333333333333334,0.15,0.325,0.2,0,0.6425333333333333,0.17788821458816528,TN,XGBoost_B_full
3131a80d7f7c4cab122b2cdac6fad6d9,45974,0,0.006747638326585695,3,1840,5,0.5,294,4.190476190476191,16.333333333333332,0.19387755102040816,0.1870748299319728,0.1870748299319728,0,0.288888888888889,0.6279543042182922,FP,XGBoost_B_full
cebd3b6a1e03207358fd348d25a6606e,25334576,0,0.0010515247108307045,3,443,5,1.1,14,3.7857142857142856,7.0,0.14285714285714285,0.42857142857142855,0.07142857142857142,0,-0.2787,0.11228848993778229,TN,XGBoost_B_full
1fcfb3ee9018b7c43dd21620f478d8de,2547,0,0.001594896331738437,3,2526,3,-1.2300000000000004,58,5.310344827586207,58.0,0.1724137931034483,0.25862068965517243,0.20689655172413793,0,0.9392,0.15687189996242523,TN,XGBoost_B_full
dbdb033f1de11c7683ab4a66bf8068de,82356,0,0.0041841004184100415,1,425,4,0.27,9,3.7777777777777777,9.0,0.1111111111111111,0.3333333333333333,0.3333333333333333,0,0.7823,0.09519420564174652,TN,XGBoost_B_full
4ad616136e0c1af8afb39f702056e5fe,430788,0,0.006289308176100629,1,257,4,-0.08000000000000007,13,4.153846153846154,13.0,0.15384615384615385,0.23076923076923078,0.23076923076923078,0,0.1007,0.09744410961866379,TN,XGBoost_B_full
4c7d0d19435fb35609050ddc5d9a761e,35606560,0,0.003194888178913738,2,21,4,-0.20999999999999996,32,4.21875,16.0,0.25,0.1875,0.1875,0,0.38225,0.17127369344234467,TN,XGBoost_B_full
ca0e7386af2a296d8280d7063d07c0be,45974,0,0.005398110661268556,1,1071,5,0.5,83,4.457831325301205,13.833333333333334,0.18072289156626506,0.24096385542168675,0.18072289156626506,0,0.30996666666666667,0.32010045647621155,TN,XGBoost_B_full
7862d401f7aff2cb81c593a1a6a9348b,45974,0,0.001349527665317139,2,1606,5,0.5,136,4.426470588235294,17.0,0.16176470588235295,0.16911764705882354,0.21323529411764705,1,0.38911250000000003,0.6361644864082336,FP,XGBoost_B_full
ce65e160ea3afb113bca4553f9292012,2547,0,0.006379585326953748,2,653,3,-1.2300000000000004,80,5.1375,16.0,0.1375,0.225,0.2125,0,-0.025759999999999995,0.1344911754131317,TN,XGBoost_B_full
0e1dbd49ace4395135b26581800f10bf,29376835,0,0.0044444444444444444,5,234,5,1.1,54,4.018518518518518,18.0,0.12962962962962962,0.2777777777777778,0.16666666666666666,0,0.3693666666666667,0.34180116653442383,TN,XGBoost_B_full
51af9205ebe8a035b1da9530f18c0815,25334576,0,0.002103049421661409,2,782,4,0.10000000000000009,11,4.2727272727272725,11.0,0.2727272727272727,0.0,0.2727272727272727,0,0.8689,0.1110023483633995,TN,XGBoost_B_full
33b7bbf3d7aa7591cd685575d2389fd3,24874364,0,0.00684931506849315,5,818,4,0.06999999999999984,64,4.234375,16.0,0.125,0.21875,0.203125,0,0.283475,0.21103455126285553,TN,XGBoost_B_full
1b52fdccc462b4fdbcc48231b8b78d5b,78249,0,0.010526315789473684,1,1292,5,1.21,103,4.621359223300971,12.875,0.21359223300970873,0.22330097087378642,0.23300970873786409,0,-0.02545,0.11580128222703934,TN,XGBoost_B_full
b4f8c28581e573b72249185e52edabf8,29376835,1,0.09777777777777778,6,423,5,1.1,192,4.072916666666667,19.2,0.15625,0.21354166666666666,0.13020833333333334,1,-0.05331000000000001,0.22986826300621033,FN,XGBoost_B_full
c9cefa909f35f3f5d7474d85b340dd84,35606560,0,0.003194888178913738,6,44,4,-0.20999999999999996,20,4.8,10.0,0.2,0.1,0.4,0,0.37345,0.294493168592453,TN,XGBoost_B_full
fe914599f059e0ab8f263ff23c1bdf5d,29376835,1,0.022222222222222223,2,390,3,-0.8999999999999999,587,4.080068143100511,18.93548387096774,0.21465076660988075,0.19420783645655879,0.13969335604770017,0,0.06844838709677419,0.1997280716896057,FN,XGBoost_B_full
1ddffef311477a9abb7ef10815186d17,18295863,1,0.4868421052631579,18,1350,4,0.22999999999999998,1265,4.178656126482213,18.333333333333332,0.19288537549407114,0.2482213438735178,0.13201581027667983,1,0.09422463768115942,0.8050611019134521,TP,XGBoost_B_full
e37e31f2900f70f574c158ff494fbb5c,7428663,0,0.016666666666666666,4,301,5,0.7000000000000002,154,4.1103896103896105,19.25,0.14935064935064934,0.2727272727272727,0.12337662337662338,0,0.34397500000000003,0.2435844987630844,TN,XGBoost_B_full
9adb93fea3ee81bf7da43997693c3691,29376835,0,0.0044444444444444444,1,153,2,-1.9,45,4.511111111111111,9.0,0.13333333333333333,0.2222222222222222,0.24444444444444444,0,0.017220000000000013,0.09399208426475525,TN,XGBoost_B_full
129f81a6bc969107a949577ae0c95ee1,27822,0,0.012578616352201259,2,1349,3,-1.0899999999999999,40,4.15,8.0,0.25,0.175,0.225,1,-0.06628,0.11787967383861542,TN,XGBoost_B_full
367eed3c936b1125c4317593b051b635,17333426,0,0.011152416356877323,3,938,3,-1.12,146,3.835616438356164,16.22222222222222,0.2465753424657534,0.2054794520547945,0.1506849315068493,1,0.13766666666666666,0.23617161810398102,TN,XGBoost_B_full
9b732eff79a916003eb35b197d709f94,25784766,0,0.014492753623188406,5,669,5,1.37,149,4.174496644295302,16.555555555555557,0.24161073825503357,0.21476510067114093,0.12080536912751678,0,-0.15782222222222222,0.36779677867889404,TN,XGBoost_B_full
e4cd8fbd7d1357e008f2eb5e6ec7a25c,2547,0,0.001594896331738437,1,2865,5,0.7699999999999996,70,3.6142857142857143,17.5,0.2571428571428571,0.2,0.15714285714285714,1,-0.021574999999999983,0.20863139629364014,TN,XGBoost_B_full
002ed8c9348b2d5a62c1b17d1428dcbd,768496,1,0.03787878787878788,1,2451,5,0.9000000000000004,236,4.309322033898305,18.153846153846153,0.18220338983050846,0.2076271186440678,0.17796610169491525,0,0.06885384615384615,0.3451387882232666,FN,XGBoost_B_full
d9f441452f0c27ffa2f7bec0074b26b8,9639765,0,0.008547008547008548,76,1373,3,-1.0499999999999998,216,4.356481481481482,14.4,0.1527777777777778,0.27314814814814814,0.16666666666666666,1,0.22758666666666666,0.61893630027771,FP,XGBoost_B_full
c1c028d3ada3f3f9f71fc290846d8a13,150253,1,0.29225352112676056,14,3735,5,0.6299999999999999,123,4.146341463414634,30.75,0.18699186991869918,0.21951219512195122,0.21951219512195122,1,0.5064,0.5579334497451782,TP,XGBoost_B_full
cdb455610385d6979f8cd6dc8ec358c3,394424,1,0.021739130434782608,1,223,5,0.7699999999999996,53,3.9622641509433962,26.5,0.1320754716981132,0.20754716981132076,0.1320754716981132,1,0.6683,0.11762423068284988,FN,XGBoost_B_full
26a891d2c6333c4c4e0cff3e38b369c0,9583799,0,0.007936507936507936,3,1845,3,-0.8799999999999999,117,4.512820512820513,19.5,0.15384615384615385,0.2564102564102564,0.15384615384615385,0,0.3419666666666667,0.18330691754817963,TN,XGBoost_B_full
640e3c0b20761e91989869c684b0afdb,34023590,0,0.011037527593818985,2,119,1,-2.53,64,3.875,10.666666666666666,0.234375,0.234375,0.15625,0,-0.035399999999999994,0.15722870826721191,TN,XGBoost_B_full
623495357c57b63dfaeab19645205503,34023590,0,0.002207505518763797,1,162,2,-1.5299999999999998,35,4.457142857142857,11.666666666666666,0.17142857142857143,0.2857142857142857,0.2857142857142857,0,-0.21586666666666668,0.06864307820796967,TN,XGBoost_B_full
88acadaaf2cdcf9eba2e47918aecb0e0,9583799,0,0.015873015873015872,13,2215,5,1.12,20,4.7,10.0,0.2,0.2,0.25,0,0.39695,0.14711152017116547,TN,XGBoost_B_full
3f6eaa2fc891a5dbab97cedc7072f903,35606560,0,0.001597444089456869,4,49,5,0.79,51,4.568627450980392,10.2,0.11764705882352941,0.2549019607843137,0.17647058823529413,1,0.05990000000000001,0.4061817228794098,TN,XGBoost_B_full
63b564b69067edc8d228d5f474b1be21,82346,0,0.002967359050445104,3,271,2,-1.4,242,4.574380165289257,18.615384615384617,0.17355371900826447,0.2396694214876033,0.15289256198347106,0,0.16862307692307693,0.2268851399421692,TN,XGBoost_B_full
e023e87fa37c564ac790795462f50d13,2547,0,0.004784688995215311,16,32,5,0.7699999999999996,260,4.296153846153846,23.636363636363637,0.18076923076923077,0.2846153846153846,0.18846153846153846,0,0.40552727272727274,0.5101752877235413,FP,XGBoost_B_full
ef85693f7eff968fc3e9a79aa3437ec7,27822,0,0.006289308176100629,16,483,4,-0.08999999999999986,272,4.930147058823529,24.727272727272727,0.1948529411764706,0.24632352941176472,0.19117647058823528,0,0.2873636363636364,0.40405482053756714,TN,XGBoost_B_full
defbc3ff6584fa8d16c0684799d3b14d,25334576,0,0.0010515247108307045,4,548,3,-0.8999999999999999,98,4.13265306122449,16.333333333333332,0.19387755102040816,0.15306122448979592,0.2857142857142857,0,0.3113,0.1666519194841385,TN,XGBoost_B_full
46ac4f5e7dd9e6f09dc6f9c0a8aed2bc,150253,1,0.09859154929577464,39,2191,5,0.6299999999999999,249,4.248995983935743,22.636363636363637,0.1606425702811245,0.24497991967871485,0.1686746987951807,0,0.12495454545454544,0.7202040553092957,TP,XGBoost_B_full
e8ac16989600c2fcc9630c0fa81deae4,2262521,0,0.005208333333333333,39,2196,0,-3.56,6,4.166666666666667,6.0,0.16666666666666666,0.3333333333333333,0.16666666666666666,0,0.0,0.43665748834609985,TN,XGBoost_B_full
7310dd510d22249da1d5337850f1d89f,430788,1,0.20754716981132076,39,2420,5,0.9199999999999999,127,4.062992125984252,7.470588235294118,0.1732283464566929,0.2283464566929134,0.18110236220472442,1,-0.012594117647058822,0.7154263257980347,TP,XGBoost_B_full
41f30c5f9ff358342f9990bcc6058a41,34023590,1,0.06622516556291391,10,323,0,-3.53,21,3.857142857142857,7.0,0.14285714285714285,0.19047619047619047,0.23809523809523808,0,0.28023333333333333,0.21026301383972168,FN,XGBoost_B_full
124cca6921876a457b2c8a014e9d5376,9639765,0,0.008547008547008548,2,1136,5,0.9500000000000002,152,4.197368421052632,10.857142857142858,0.20394736842105263,0.21710526315789475,0.19078947368421054,1,0.03937857142857143,0.22328850626945496,TN,XGBoost_B_full
ca81f424b2eaac2eb425d208bac5848f,34023590,0,0.004415011037527594,2,154,5,1.4700000000000002,843,4.065243179122183,12.042857142857143,0.22419928825622776,0.21352313167259787,0.1423487544483986,1,0.007841428571428556,0.16404080390930176,TN,XGBoost_B_full
af4c80f4d80bd6ab722462e2566c301d,7428663,1,0.03333333333333333,50,2744,5,0.7000000000000002,12,3.5833333333333335,4.0,0.3333333333333333,0.08333333333333333,0.3333333333333333,0,-0.31126666666666664,0.2549855411052704,FN,XGBoost_B_full
ecba9553157ec31cc0b0a02b7b958e8c,75504,0,0.01639344262295082,14,2272,4,-0.28000000000000025,41,3.926829268292683,13.666666666666666,0.17073170731707318,0.24390243902439024,0.14634146341463414,0,0.0,0.27270209789276123,TN,XGBoost_B_full
cf5748bef66c426723149502fe49e961,34023590,0,0.013245033112582781,1,615,2,-1.5299999999999998,29,3.7241379310344827,14.5,0.27586206896551724,0.27586206896551724,0.13793103448275862,0,0.5730500000000001,0.06594172865152359,TN,XGBoost_B_full
5ecc68e727673f94fb15b6a22b725b60,25334576,0,0.007360672975814932,2,431,5,1.1,676,4.2174556213017755,12.754716981132075,0.1819526627218935,0.21449704142011836,0.1952662721893491,1,0.1348981132075472,0.19689534604549408,TN,XGBoost_B_full
746ee71ce7100ab9d9798477a4bd3429,25334576,0,0.002103049421661409,1,647,1,-2.9,138,3.710144927536232,11.5,0.2028985507246377,0.18115942028985507,0.2028985507246377,1,0.073775,0.23781633377075195,TN,XGBoost_B_full
b1a5828b78cc364b78043cb79330cee5,25784766,0,0.014492753623188406,1,555,4,0.3700000000000001,283,4.590106007067138,18.866666666666667,0.19434628975265017,0.21908127208480566,0.14487632508833923,0,0.25648666666666664,0.19831648468971252,TN,XGBoost_B_full
4ce4264ec4f58c3dc26cb1a65864eb97,2547,1,0.03508771929824561,1,906,3,-1.2300000000000004,296,4.158783783783784,14.8,0.1891891891891892,0.22972972972972974,0.10135135135135136,1,0.023945,0.23829203844070435,FN,XGBoost_B_full
3c2c60002e25fd7606315a4a5b9e0b0f,35606560,0,0.001597444089456869,8,25,3,-1.21,33,3.8181818181818183,33.0,0.2727272727272727,0.18181818181818182,0.18181818181818182,1,0.34,0.2572709321975708,TN,XGBoost_B_full
07f8571d36060fbb81ff7b4699650404,2547,0,0.001594896331738437,3,619,4,-0.23000000000000043,75,4.76,25.0,0.21333333333333335,0.29333333333333333,0.17333333333333334,0,-0.4808333333333333,0.12393946945667267,TN,XGBoost_B_full
b75acdaf97769eeba7ee85c3ab665a82,25334576,0,0.002103049421661409,5,145,5,1.1,70,4.1,23.333333333333332,0.14285714285714285,0.2857142857142857,0.15714285714285714,0,0.5004333333333333,0.3286527991294861,TN,XGBoost_B_full
6b7bace8edc405ecfbf31a0f8b71a0ac,3018111,1,0.032,1,1318,3,-1.1600000000000001,20,4.45,10.0,0.3,0.1,0.15,0,-0.18065,0.07136289775371552,FN,XGBoost_B_full
96dd9148ef3846b29af05caf72f96a83,24407,1,0.06349206349206349,1,1833,5,0.9100000000000001,150,4.253333333333333,16.666666666666668,0.22666666666666666,0.23333333333333334,0.12666666666666668,1,0.12702222222222226,0.36581194400787354,FN,XGBoost_B_full
1155af6e3f524a0331a09d43963a508b,2547,0,0.003189792663476874,4,1101,4,-0.23000000000000043,123,4.2682926829268295,41.0,0.17886178861788618,0.25203252032520324,0.14634146341463414,0,0.6174333333333334,0.1335718333721161,TN,XGBoost_B_full
584087f5891e8fc06999b28a66ef468c,25334576,0,0.005257623554153523,3,731,4,0.10000000000000009,925,4.44,16.517857142857142,0.1772972972972973,0.28864864864864864,0.14810810810810812,1,-0.03321607142857142,0.47364750504493713,TN,XGBoost_B_full
fe26fb17a32dc576508399f85f8d9b7e,25784766,0,0.014492753623188406,1,690,5,1.37,25,4.24,12.5,0.2,0.28,0.24,0,0.3902,0.14992451667785645,TN,XGBoost_B_full
9e4586c8688ff53a5a9605983c634ce1,406373,0,0.0024449877750611247,1,897,5,1.0299999999999998,63,3.8095238095238093,31.5,0.19047619047619047,0.19047619047619047,0.3333333333333333,0,0.3978,0.08945121616125107,TN,XGBoost_B_full
529818fc2b45ee505cb745c20dd8b227,14706,0,0.005128205128205128,2,914,5,1.0699999999999998,121,4.1735537190082646,24.2,0.11570247933884298,0.24793388429752067,0.23140495867768596,0,0.35,0.1371610164642334,TN,XGBoost_B_full
5612279fdddb36e10d9d1071d54fbda5,28645638,1,0.1092436974789916,2,133,5,0.8399999999999999,60,3.6,10.0,0.2,0.2,0.08333333333333333,0,0.2427,0.17814698815345764,FN,XGBoost_B_full
893d0b80bad2bd49722eaf608b215fcb,2547,0,0.006379585326953748,6,534,2,-2.2300000000000004,110,4.672727272727273,18.333333333333332,0.16363636363636364,0.20909090909090908,0.2,0,0.014250000000000004,0.20714381337165833,TN,XGBoost_B_full
e972ac40a466107e793468b9b4a64cea,25334576,0,0.016824395373291272,5,423,4,0.10000000000000009,384,4.372395833333333,22.58823529411765,0.19010416666666666,0.2421875,0.1484375,1,-0.008411764705882356,0.4525783360004425,TN,XGBoost_B_full
13acb0d340e042fbc8628c5df909da50,25334576,0,0.002103049421661409,1,289,2,-1.9,42,3.6904761904761907,21.0,0.19047619047619047,0.14285714285714285,0.19047619047619047,0,0.63895,0.05781828612089157,TN,XGBoost_B_full
b68fd51ee76170ac307f5f8de2fa28a4,35606560,0,0.001597444089456869,1,22,5,0.79,7,4.285714285714286,3.5,0.42857142857142855,0.2857142857142857,0.2857142857142857,0,0.6819,0.14114321768283844,TN,XGBoost_B_full
68131c77099554865601105f3e14efba,25334576,1,0.022082018927444796,3,284,5,1.1,300,4.376666666666667,20.0,0.15,0.27666666666666667,0.14666666666666667,0,0.02847999999999999,0.24564753472805023,FN,XGBoost_B_full
871c223368cc879d5374dff4e6873dbe,25334576,0,0.0010515247108307045,1,301,4,0.10000000000000009,11,4.090909090909091,5.5,0.18181818181818182,0.18181818181818182,0.36363636363636365,0,0.2997,0.08966309577226639,TN,XGBoost_B_full
081eee357e799cd561f25853326fb39a,78249,0,0.010526315789473684,2,776,0,-3.79,12,5.25,12.0,0.08333333333333333,0.25,0.3333333333333333,0,-0.2263,0.07009654492139816,TN,XGBoost_B_full
dfed4f01e21ea9ab9f54c5f91d0d1aa5,75504,0,0.01639344262295082,104,2536,5,0.7199999999999998,26,3.8076923076923075,8.666666666666666,0.2692307692307692,0.11538461538461539,0.15384615384615385,0,0.07336666666666668,0.5997673869132996,FP,XGBoost_B_full
33baf2a20ad6a4d0bfe06a39cf3a5614,25334576,0,0.002103049421661409,2,665,4,0.10000000000000009,114,4.017543859649122,38.0,0.20175438596491227,0.18421052631578946,0.15789473684210525,0,0.10539999999999998,0.2016526460647583,TN,XGBoost_B_full
b4f9c4f56f6bf115218f203db2511ada,2547,0,0.003189792663476874,20,1907,4,-0.23000000000000043,170,4.2176470588235295,18.88888888888889,0.17647058823529413,0.23529411764705882,0.13529411764705881,0,0.07536666666666667,0.49000829458236694,TN,XGBoost_B_full
e224d259036c083ecc7179ca77d87f5a,32075857,1,0.029850746268656716,2,78,4,0.41999999999999993,90,4.011111111111111,18.0,0.13333333333333333,0.28888888888888886,0.14444444444444443,1,0.44314,0.3336826264858246,FN,XGBoost_B_full
02a8268553e017e630ce8fcab433ed8e,24874364,0,0.0136986301369863,9,957,4,0.06999999999999984,21,3.4761904761904763,10.5,0.19047619047619047,0.19047619047619047,0.23809523809523808,0,0.1644,0.1812106817960739,TN,XGBoost_B_full
5cb83c67af0bc9fbbdb9a8be25157886,2547,0,0.001594896331738437,1,426,5,0.7699999999999996,58,4.344827586206897,19.333333333333332,0.15517241379310345,0.20689655172413793,0.2413793103448276,0,0.09106666666666667,0.0647575631737709,TN,XGBoost_B_full
d745fcf98f7fe03ad17fc49aaa543297,17333426,0,0.011152416356877323,1,1110,4,-0.1200000000000001,107,4.08411214953271,11.88888888888889,0.18691588785046728,0.2523364485981308,0.18691588785046728,0,0.5187111111111111,0.1321980506181717,TN,XGBoost_B_full
6da38ed4477253ba24cd6626447a22f2,430788,1,0.3018867924528302,1,160,0,-4.08,58,3.810344827586207,11.6,0.22413793103448276,0.20689655172413793,0.15517241379310345,0,0.35986,0.10494076460599899,FN,XGBoost_B_full
98cf9357f6dc17e4d084073e1f873bcb,82356,0,0.0041841004184100415,1,2516,5,1.27,36,3.888888888888889,6.0,0.16666666666666666,0.3055555555555556,0.25,0,0.2771166666666666,0.09255949407815933,TN,XGBoost_B_full
f4c1bd0a933c4f427d0cc3e5db53e4cb,35606560,0,0.006389776357827476,18,49,5,0.79,78,4.0256410256410255,15.6,0.2692307692307692,0.1794871794871795,0.14102564102564102,1,0.51036,0.4893522262573242,TN,XGBoost_B_full
f7aa6e9d055382fb4a884c550a9829ad,34023590,0,0.017660044150110375,18,742,0,-3.53,12,4.583333333333333,12.0,0.08333333333333333,0.4166666666666667,0.16666666666666666,0,0.6901,0.3176257014274597,TN,XGBoost_B_full
c8026958c766106fe548311bea00795c,25784766,1,0.028985507246376812,5,469,2,-1.63,119,4.050420168067227,14.875,0.226890756302521,0.12605042016806722,0.2689075630252101,1,0.1291875,0.22985762357711792,FN,XGBoost_B_full
b1a61842e4d0d28c213a2bea4a507465,34023590,0,0.011037527593818985,3,185,1,-2.53,79,4.3544303797468356,15.8,0.22784810126582278,0.25316455696202533,0.13924050632911392,1,-0.26234,0.18289482593536377,TN,XGBoost_B_full
c5dbb091aa5e9b93539d68b31270e589,14706,1,0.020512820512820513,8,2378,5,1.0699999999999998,67,4.059701492537314,13.4,0.208955223880597,0.19402985074626866,0.16417910447761194,0,0.44376,0.20898336172103882,FN,XGBoost_B_full
ad48e1989acbdd412416468139b346f4,34023590,0,0.002207505518763797,4,171,4,0.4700000000000002,51,4.03921568627451,8.5,0.19607843137254902,0.27450980392156865,0.1568627450980392,0,0.033366666666666676,0.2802852392196655,TN,XGBoost_B_full
8a0b3b158929adfae99c91f1401a648f,25784766,0,0.014492753623188406,1,301,1,-2.63,7,4.285714285714286,3.5,0.2857142857142857,0.2857142857142857,0.14285714285714285,0,0.51415,0.05385926365852356,TN,XGBoost_B_full
228828d03a5de2088795b8656db2feb8,45974,0,0.001349527665317139,1,1010,5,0.5,426,4.147887323943662,21.3,0.2136150234741784,0.19014084507042253,0.19248826291079812,1,-0.014505000000000007,0.6225610375404358,FP,XGBoost_B_full
4b6c602582faad66add972bc81160bda,17333426,1,0.07063197026022305,5,1481,4,-0.1200000000000001,162,3.9691358024691357,12.461538461538462,0.19753086419753085,0.21604938271604937,0.2037037037037037,1,0.3895692307692307,0.41766154766082764,FN,XGBoost_B_full
6ebf0077bffb9e45db62ef8876110752,25334576,1,0.11041009463722397,15,749,4,0.10000000000000009,303,4.409240924092409,15.947368421052632,0.17491749174917492,0.22772277227722773,0.17491749174917492,1,0.13921052631578948,0.5456928610801697,TP,XGBoost_B_full
e1a054d1af496fb577c567f2f73352a6,394424,1,0.021739130434782608,7,1055,1,-3.2300000000000004,44,3.5454545454545454,8.8,0.22727272727272727,0.20454545454545456,0.22727272727272727,0,-0.11849999999999997,0.22918066382408142,FN,XGBoost_B_full
dd7f131640d84407916ce914690f5556,792712,0,0.016260162601626018,1,1888,5,0.6799999999999997,202,4.8316831683168315,6.733333333333333,0.20297029702970298,0.297029702970297,0.18811881188118812,0,0.08109333333333334,0.44339069724082947,TN,XGBoost_B_full
90302fa14ec743c8b70b0ab87d41184f,35606560,0,0.011182108626198083,5,28,5,0.79,19,3.8421052631578947,19.0,0.21052631578947367,0.2631578947368421,0.15789473684210525,0,0.0772,0.35449254512786865,TN,XGBoost_B_full
29edb12ab832741ad07f5cb376a7358c,14706,0,0.005128205128205128,2,3478,4,0.06999999999999984,19,4.105263157894737,9.5,0.2631578947368421,0.21052631578947367,0.21052631578947367,0,0.28175,0.10604139417409897,TN,XGBoost_B_full
86112a483b16339d6c96796e608139d0,2547,0,0.003189792663476874,2,3705,5,0.7699999999999996,32,3.65625,10.666666666666666,0.15625,0.21875,0.15625,0,0.22036666666666668,0.18044602870941162,TN,XGBoost_B_full
294cdcf49149e86081dfcd82824b179e,25334576,0,0.002103049421661409,20,441,5,1.1,11,3.8181818181818183,5.5,0.36363636363636365,0.0,0.18181818181818182,0,0.6217,0.20427490770816803,TN,XGBoost_B_full
44cf083c253bb19c8ae56c8c9616130c,25176023,0,0.010638297872340425,20,772,4,-0.28000000000000025,68,4.132352941176471,11.333333333333334,0.22058823529411764,0.20588235294117646,0.23529411764705882,0,0.38526666666666665,0.372718870639801,TN,XGBoost_B_full
a0dc4027e6b266f9d51883671bf16dc9,17575120,1,0.028985507246376812,6,767,3,-1.12,140,4.414285714285715,23.333333333333332,0.17142857142857143,0.2,0.21428571428571427,0,-0.01948333333333334,0.31105488538742065,FN,XGBoost_B_full
78bdb85e9765b6dec822bc01e6ec8a50,17333426,0,0.007434944237918215,2,1476,4,-0.1200000000000001,31,3.6774193548387095,15.5,0.1935483870967742,0.22580645161290322,0.06451612903225806,0,0.4467,0.10602354258298874,TN,XGBoost_B_full
615a27b88df098cfa6c99b03457527cd,292,1,0.14864864864864866,4,462,5,0.9100000000000001,544,3.8253676470588234,21.76,0.19301470588235295,0.23345588235294118,0.09926470588235294,1,0.08788400000000002,0.38678205013275146,FN,XGBoost_B_full
d0adfe75b74e496ef2355d26a88d0ab3,2547,0,0.003189792663476874,4,981,4,-0.23000000000000043,221,4.298642533936651,15.785714285714286,0.167420814479638,0.23529411764705882,0.13574660633484162,0,0.24272142857142856,0.23280493915081024,TN,XGBoost_B_full
8f73dec5d446b754b6c1e40ec2e3038c,25334576,1,0.022082018927444796,1,581,5,1.1,202,4.044554455445544,18.363636363636363,0.2376237623762376,0.2376237623762376,0.1188118811881188,1,0.13387272727272725,0.15100179612636566,FN,XGBoost_B_full
784600cd1f2aa59dc696a4c4335ab46d,25784766,0,0.014492753623188406,3,677,4,0.3700000000000001,22,3.5,11.0,0.22727272727272727,0.09090909090909091,0.36363636363636365,0,0.58845,0.10969941318035126,TN,XGBoost_B_full
9da49ac816c29a2360853d760f4003f9,35606560,0,0.004792332268370607,5,16,4,-0.20999999999999996,34,4.088235294117647,11.333333333333334,0.2647058823529412,0.14705882352941177,0.2647058823529412,1,0.4164333333333334,0.35874760150909424,TN,XGBoost_B_full
06806db673d891b1ea7020d4f86e1ce8,535734,1,0.045454545454545456,5,1855,5,1.06,54,4.666666666666667,27.0,0.14814814814814814,0.2962962962962963,0.18518518518518517,0,0.6733,0.21656551957130432,FN,XGBoost_B_full
bc3caa55dd2f47c722866d9445c6e9d1,27822,0,0.012578616352201259,1,1794,5,0.9100000000000001,3,4.0,3.0,0.0,0.0,0.3333333333333333,0,0.0,0.07260464131832123,TN,XGBoost_B_full
78a08ddcc4ce2de27774e1596f09a0fa,768496,0,0.007575757575757576,1,1022,5,0.9000000000000004,25,3.92,6.25,0.12,0.32,0.08,0,0.398825,0.10749851912260056,TN,XGBoost_B_full
dacdf3fc8997f31cead5445a749c0643,34023590,0,0.006622516556291391,1,93,3,-0.5299999999999998,73,4.273972602739726,7.3,0.2602739726027397,0.2602739726027397,0.136986301369863,0,-0.16827,0.15306825935840607,TN,XGBoost_B_full
73410182d972bf7651e4fa06ee0481b5,24874364,1,0.06164383561643835,7,678,5,1.0699999999999998,98,4.408163265306122,10.88888888888889,0.19387755102040816,0.22448979591836735,0.2755102040816326,0,0.2543777777777778,0.23118822276592255,FN,XGBoost_B_full
47954c9fa7e9f6e4dc429b0096cdb615,2547,0,0.003189792663476874,1,1114,0,-4.23,46,4.260869565217392,11.5,0.21739130434782608,0.1956521739130435,0.1956521739130435,0,0.139075,0.09000089764595032,TN,XGBoost_B_full
73f876d9ce6dd647ec81b1d111434974,25334576,0,0.002103049421661409,3,728,3,-0.8999999999999999,74,4.0675675675675675,14.8,0.20270270270270271,0.17567567567567569,0.1891891891891892,0,0.11501999999999998,0.11912669241428375,TN,XGBoost_B_full
699a67ff1c947a9c60c7fcf530297961,34023590,0,0.004415011037527594,2,155,5,1.4700000000000002,23,3.782608695652174,3.2857142857142856,0.2608695652173913,0.30434782608695654,0.043478260869565216,0,0.03544285714285713,0.08826800435781479,TN,XGBoost_B_full
94b819f45a8a9ce0987241e8379babbc,17333426,0,0.007434944237918215,1,614,4,-0.1200000000000001,26,4.0,26.0,0.23076923076923078,0.34615384615384615,0.07692307692307693,0,0.8591,0.07427065074443817,TN,XGBoost_B_full
092f4fc60830344d7721d1e72d66b816,21413663,1,0.07333333333333333,1,648,4,0.31000000000000005,178,4.443820224719101,17.8,0.17415730337078653,0.2696629213483146,0.14606741573033707,0,-0.03362999999999999,0.299360066652298,FN,XGBoost_B_full
a9e660c562110eac776c06fb25afd80f,25334576,0,0.013669821240799159,1,661,4,0.10000000000000009,140,4.664285714285715,17.5,0.17857142857142858,0.2642857142857143,0.20714285714285716,0,0.0406625,0.3366125822067261,TN,XGBoost_B_full
1cd039162be5b37e97864abe6e54304a,27822,0,0.006289308176100629,10,1092,5,0.9100000000000001,55,4.036363636363636,7.857142857142857,0.21818181818181817,0.23636363636363636,0.23636363636363636,0,0.24034285714285714,0.2335645705461502,TN,XGBoost_B_full
73d79b9c29341748d1aa145582e097e4,24407,0,0.015873015873015872,13,2740,4,-0.08999999999999986,74,4.716216216216216,12.333333333333334,0.14864864864864866,0.2702702702702703,0.22972972972972974,1,0.48353333333333337,0.383272260427475,TN,XGBoost_B_full
1bd92f62a30ed8252525a66597041caf,24874339,0,0.018018018018018018,4,715,5,1.3900000000000001,124,4.709677419354839,12.4,0.12903225806451613,0.25806451612903225,0.22580645161290322,1,0.43809000000000003,0.3192095458507538,TN,XGBoost_B_full
3f713c8630f91ce3341bcb8fede6f6a3,27822,0,0.012578616352201259,1,2741,5,0.9100000000000001,40,3.85,10.0,0.2,0.225,0.175,0,0.370475,0.14421497285366058,TN,XGBoost_B_full
71e2a9c7bd247523f06e852df9048233,394424,0,0.007246376811594203,3,285,0,-4.23,98,4.040816326530612,24.5,0.14285714285714285,0.25510204081632654,0.11224489795918367,0,-0.04144999999999999,0.22934146225452423,TN,XGBoost_B_full
77a58fc9001275c50e69685c2cf69d95,158005,1,0.06896551724137931,1,1983,1,-3.0700000000000003,275,4.156363636363636,17.1875,0.20363636363636364,0.19272727272727272,0.1781818181818182,0,0.16645625,0.325782835483551,FN,XGBoost_B_full
1ff2a206d3a40ace8c46bfac8c603ae1,17333426,0,0.011152416356877323,1,1453,5,0.8799999999999999,24,4.0,12.0,0.20833333333333334,0.20833333333333334,0.2916666666666667,1,-0.1706,0.10052551329135895,TN,XGBoost_B_full
b6c3583cb50b4c4a1e6c48d8eda86df9,25334576,0,0.016824395373291272,27,486,5,1.1,92,4.4021739130434785,30.666666666666668,0.15217391304347827,0.1956521739130435,0.18478260869565216,1,-0.032866666666666676,0.40643543004989624,TN,XGBoost_B_full
772107d1c9f93a6ee0891528a46db225,2547,0,0.004784688995215311,1,352,5,0.7699999999999996,17,4.0,17.0,0.11764705882352941,0.17647058823529413,0.23529411764705882,0,0.4019,0.04651368409395218,TN,XGBoost_B_full
377ee8eebf30731d9962524276b1212e,25334576,0,0.0010515247108307045,6,395,4,0.10000000000000009,112,4.303571428571429,16.0,0.19642857142857142,0.23214285714285715,0.14285714285714285,0,0.24982857142857143,0.2944962680339813,TN,XGBoost_B_full
0c279c09b99d4ef47278831cb1b4c74b,2262521,0,0.005208333333333333,8,1448,4,0.43999999999999995,5,3.4,5.0,0.4,0.0,0.2,0,0.7624,0.22332146763801575,TN,XGBoost_B_full
7dede1a216a2e060b0b475fa265cab8d,35606560,1,0.020766773162939296,3,25,2,-2.21,27,3.4444444444444446,13.5,0.2222222222222222,0.25925925925925924,0.18518518518518517,0,0.2427,0.16840684413909912,FN,XGBoost_B_full
5c4662005680b4f065c69b5b574715af,35606560,0,0.004792332268370607,26,27,4,-0.20999999999999996,13,3.3076923076923075,13.0,0.23076923076923078,0.3076923076923077,0.0,0,0.0,0.5514949560165405,FP,XGBoost_B_full
714f2eabb0d7d62f458ce1be1531048b,2547,0,0.004784688995215311,1,605,5,0.7699999999999996,336,4.348214285714286,24.0,0.16666666666666666,0.31845238095238093,0.10119047619047619,0,0.29610000000000003,0.10329870134592056,TN,XGBoost_B_full
a70ed4b105f42240aa07526e31b390e4,35606560,0,0.001597444089456869,18,110,4,-0.20999999999999996,3,4.666666666666667,3.0,0.3333333333333333,0.0,0.3333333333333333,0,0.0772,0.3309319019317627,TN,XGBoost_B_full
2442a46a60905544024256af77d6afed,25784766,0,0.014492753623188406,18,259,2,-1.63,368,4.334239130434782,16.727272727272727,0.1956521739130435,0.2391304347826087,0.17119565217391305,1,0.2325363636363636,0.648884654045105,FP,XGBoost_B_full
69de0aa95213c82d06d314d1836fe75c,35606560,0,0.004792332268370607,2,108,0,-4.21,14,3.9285714285714284,14.0,0.21428571428571427,0.14285714285714285,0.21428571428571427,0,0.0,0.1140342578291893,TN,XGBoost_B_full
e8014e09f1f96987ecfa950c99037872,2547,0,0.006379585326953748,7,2147,5,0.7699999999999996,203,4.093596059113301,22.555555555555557,0.18719211822660098,0.23645320197044334,0.08866995073891626,0,0.31766666666666665,0.442405104637146,TN,XGBoost_B_full
a655dd626bf2999c41757e8493d25ffb,2547,0,0.001594896331738437,1,1973,3,-1.2300000000000004,83,3.9759036144578315,16.6,0.1927710843373494,0.1927710843373494,0.1686746987951807,0,0.35784000000000005,0.1335366666316986,TN,XGBoost_B_full
cc43d8d20fd7668d87cdc417f9cf43f0,21413663,1,0.05333333333333334,3,1177,5,1.31,283,4.69964664310954,21.76923076923077,0.1625441696113074,0.2508833922261484,0.18021201413427562,1,0.29381538461538464,0.43031907081604004,FN,XGBoost_B_full
209d8211c3ce4fd041a56c7cb108467a,430788,1,0.031446540880503145,3,1374,4,-0.08000000000000007,65,4.2153846153846155,16.25,0.2153846153846154,0.2153846153846154,0.18461538461538463,1,0.19037500000000002,0.22122561931610107,FN,XGBoost_B_full
4c0f0f5bb0d49aca281d42e6dc670001,25334576,1,0.029442691903259727,1,762,5,1.1,98,4.112244897959184,12.25,0.15306122448979592,0.17346938775510204,0.17346938775510204,0,0.2215875,0.10670433938503265,FN,XGBoost_B_full
b119d0e9054567017ce1e6ef3b8ab6fa,2547,0,0.006379585326953748,1,1737,3,-1.2300000000000004,59,4.728813559322034,11.8,0.11864406779661017,0.23728813559322035,0.2542372881355932,0,0.08882,0.09293754398822784,TN,XGBoost_B_full
5a2ad6babc1dc0a37ea3db00e2062682,2547,0,0.009569377990430622,13,406,2,-2.2300000000000004,100,4.49,25.0,0.21,0.26,0.12,0,-0.223675,0.47347599267959595,TN,XGBoost_B_full
5e13bdf832c8ec61d7001cf5d7e50090,25176023,1,0.07446808510638298,5,745,5,0.7199999999999998,95,4.873684210526315,11.875,0.18947368421052632,0.29473684210526313,0.12631578947368421,1,-0.011674999999999991,0.28229862451553345,FN,XGBoost_B_full
b259e5c0df6f67406a8962a7188e0b17,35606560,0,0.006389776357827476,12,26,5,0.79,120,4.341666666666667,20.0,0.18333333333333332,0.2833333333333333,0.18333333333333332,0,-0.08271666666666666,0.5386180281639099,FP,XGBoost_B_full
1f33d59e2320fdcb9fa41d12750d324e,535734,0,0.00909090909090909,1,1028,3,-0.94,192,4.229166666666667,16.0,0.17708333333333334,0.2864583333333333,0.13541666666666666,1,0.11359999999999999,0.2043267786502838,TN,XGBoost_B_full
623ab958c74a4152e4d49749b383deae,78249,0,0.010526315789473684,4,234,3,-0.79,29,4.586206896551724,29.0,0.1724137931034483,0.20689655172413793,0.20689655172413793,0,0.4404,0.1576155722141266,TN,XGBoost_B_full
a17770b2b02da0237fb5565bcac4f177,82356,1,0.02092050209205021,2,615,4,0.27,31,4.32258064516129,31.0,0.12903225806451613,0.2903225806451613,0.12903225806451613,1,-0.1531,0.15159308910369873,FN,XGBoost_B_full
5b7930299664247bc92053480f596851,2262521,0,0.010416666666666666,2,2046,5,1.44,183,4.524590163934426,26.142857142857142,0.13114754098360656,0.2568306010928962,0.17486338797814208,0,0.060314285714285716,0.3862999975681305,TN,XGBoost_B_full
c8280e4c89677e7e0810d999257bb9ab,35606560,0,0.001597444089456869,1,35,4,-0.20999999999999996,14,4.071428571428571,7.0,0.0,0.21428571428571427,0.42857142857142855,0,0.65215,0.15006054937839508,TN,XGBoost_B_full
86540010e5dc9b770752b2f3b6ed582e,29425278,0,0.010752688172043012,25,214,5,0.6399999999999997,29,4.620689655172414,9.666666666666666,0.1724137931034483,0.3448275862068966,0.1724137931034483,0,0.3208666666666667,0.535600483417511,FP,XGBoost_B_full
5d3e499daf49694a7a682a0e52836747,158005,1,0.034482758620689655,5,3304,5,0.9299999999999997,71,4.197183098591549,35.5,0.29577464788732394,0.18309859154929578,0.11267605633802817,1,0.7963,0.4009029269218445,FN,XGBoost_B_full
5ba7d40df36fdd833140601dbf2b494d,82346,0,0.002967359050445104,8,568,4,0.6000000000000001,785,4.185987261146497,22.428571428571427,0.1859872611464968,0.21146496815286625,0.11847133757961784,1,0.21526857142857142,0.5325462818145752,FP,XGBoost_B_full
913d8bacf0c9271ac07d15590694c765,82356,0,0.008368200836820083,8,576,3,-0.73,150,4.213333333333333,50.0,0.20666666666666667,0.12,0.23333333333333334,0,0.6244666666666666,0.4357742965221405,TN,XGBoost_B_full
39010812cd839155b871fce784dcd3e3,25334576,0,0.002103049421661409,1,220,4,0.10000000000000009,40,4.975,6.666666666666667,0.15,0.275,0.2,1,0.2183833333333333,0.25215408205986023,TN,XGBoost_B_full
d1864671ddad864dd852f4cfbec5d4cb,35606560,1,0.025559105431309903,33,24,4,-0.20999999999999996,37,4.72972972972973,7.4,0.1891891891891892,0.32432432432432434,0.05405405405405406,0,0.04188000000000003,0.5521144270896912,TP,XGBoost_B_full
21679a75d97bf146e47e23d113453425,30312512,1,0.0641025641025641,33,126,3,-0.8599999999999999,14,3.7857142857142856,14.0,0.42857142857142855,0.2857142857142857,0.07142857142857142,0,0.3681,0.2702530324459076,FN,XGBoost_B_full
6ad251257b7374a3f4290b44c4ba97e0,61049,1,0.037383177570093455,3,1059,5,0.6799999999999997,6,3.3333333333333335,6.0,0.6666666666666666,0.0,0.0,0,0.0,0.10778294503688812,FN,XGBoost_B_full
3b8c1ed9ff5c4ed2c397083206970569,35606560,0,0.006389776357827476,3,21,5,0.79,126,3.9523809523809526,12.6,0.19047619047619047,0.2619047619047619,0.1111111111111111,0,0.38654,0.24553917348384857,TN,XGBoost_B_full
c51dafad9d058969eba9edbabb307b31,34023590,1,0.0640176600441501,3,584,1,-2.53,415,4.098795180722892,10.921052631578947,0.2216867469879518,0.2,0.1710843373493976,1,-0.14092105263157895,0.28693827986717224,FN,XGBoost_B_full
8ceeac4626949c2462d7132db91c3b77,34023590,0,0.002207505518763797,1,130,1,-2.53,42,4.357142857142857,10.5,0.21428571428571427,0.3333333333333333,0.047619047619047616,0,0.067325,0.12724532186985016,TN,XGBoost_B_full
8d4f1a5435c74d1c28a4d920b5691986,2547,0,0.001594896331738437,1,2667,5,0.7699999999999996,201,4.17910447761194,18.272727272727273,0.21890547263681592,0.14427860696517414,0.15422885572139303,1,0.29504545454545456,0.32829663157463074,TN,XGBoost_B_full
478842b04b15e4624782ce8b7bd6e4df,2547,0,0.001594896331738437,28,1775,4,-0.23000000000000043,502,4.03386454183267,16.193548387096776,0.17330677290836655,0.19721115537848605,0.10159362549800798,1,0.40024193548387094,0.6906730532646179,FP,XGBoost_B_full
7b05c8c0d48d83407a3f27c0b0865706,25334576,0,0.0010515247108307045,3,370,4,0.10000000000000009,155,3.9290322580645163,17.22222222222222,0.1870967741935484,0.17419354838709677,0.21935483870967742,0,0.2838888888888889,0.21815359592437744,TN,XGBoost_B_full
b61d8768438e63ffdb69d272c6feb773,25334576,0,0.0010515247108307045,1,430,4,0.10000000000000009,158,3.8797468354430378,22.571428571428573,0.21518987341772153,0.21518987341772153,0.1518987341772152,1,0.01335714285714287,0.2093845009803772,TN,XGBoost_B_full
227bea1a205d753c9d4fe579d85e254c,215686,1,0.18032786885245902,36,1904,4,-0.05999999999999961,398,4.6457286432160805,33.166666666666664,0.12060301507537688,0.23618090452261306,0.19597989949748743,0,0.1718833333333333,0.618494987487793,TP,XGBoost_B_full
c4602848923dbcd145cf47fab22c4690,792712,1,0.06504065040650407,36,2458,3,-1.3200000000000003,495,4.8545454545454545,24.75,0.1696969696969697,0.2383838383838384,0.20404040404040405,1,-0.018795000000000023,0.639154851436615,TP,XGBoost_B_full
e374c829aa1b4c56d40341b9dd160238,1434,1,0.8016528925619835,2,835,5,0.9900000000000002,342,4.628654970760234,28.5,0.17251461988304093,0.25146198830409355,0.18421052631578946,0,0.22195,0.1675056666135788,FN,XGBoost_B_full
73c1d2ef64cbb7bf1035d3db9d8620b8,25334576,0,0.0010515247108307045,3,241,1,-2.9,130,3.8,21.666666666666668,0.2153846153846154,0.19230769230769232,0.13846153846153847,0,0.0726,0.17603455483913422,TN,XGBoost_B_full
465ddc513b5a1d504f54d376a7d8c4be,25334576,0,0.0010515247108307045,1,453,2,-1.9,83,4.240963855421687,10.375,0.26506024096385544,0.27710843373493976,0.08433734939759036,0,-0.07009999999999998,0.10360386222600937,TN,XGBoost_B_full
c79b2a28eb3b89b2a90f44192adac0d8,150253,1,0.29577464788732394,42,705,5,0.6299999999999999,47,4.638297872340425,11.75,0.19148936170212766,0.2127659574468085,0.19148936170212766,0,0.407575,0.6712280511856079,TP,XGBoost_B_full
28b49fb4f28f15599fddb3a3fec493a7,752868,1,0.07526881720430108,42,2262,4,0.52,17,4.352941176470588,8.5,0.11764705882352941,0.4117647058823529,0.11764705882352941,0,-0.05569999999999997,0.4981171786785126,FN,XGBoost_B_full
79a8c821dc46b1bd3f747f7bcddf3320,45974,1,0.06612685560053981,42,2374,5,0.5,59,4.576271186440678,8.428571428571429,0.22033898305084745,0.22033898305084745,0.1864406779661017,0,0.10505714285714285,0.7384974956512451,TP,XGBoost_B_full
92dab1624e08065710649d6dd7b1552c,27822,1,0.0440251572327044,42,2631,5,0.9100000000000001,9,5.222222222222222,4.5,0.0,0.1111111111111111,0.6666666666666666,0,0.27985,0.31173306703567505,FN,XGBoost_B_full
1325e691a83001f52b6b297d605252d2,9639765,0,0.008547008547008548,11,70,3,-1.0499999999999998,170,4.864705882352941,17.0,0.16470588235294117,0.29411764705882354,0.1411764705882353,0,0.23365999999999998,0.46432963013648987,TN,XGBoost_B_full
c654e8c858f1eab2346bd2390650f0f9,21413663,1,0.02666666666666667,11,1115,5,1.31,70,4.514285714285714,23.333333333333332,0.14285714285714285,0.24285714285714285,0.17142857142857143,0,0.054900000000000004,0.4824676513671875,FN,XGBoost_B_full
a732e261fdcc2faa17facd7db038eea7,2547,0,0.001594896331738437,1,873,5,0.7699999999999996,25,4.56,8.333333333333334,0.12,0.28,0.24,0,0.32020000000000004,0.06779816746711731,TN,XGBoost_B_full
abc96ca545894b9dfbb3d38edf73f7bf,34023590,1,0.03090507726269316,8,130,5,1.4700000000000002,68,3.6911764705882355,9.714285714285714,0.20588235294117646,0.19117647058823528,0.23529411764705882,0,-0.03904285714285712,0.18349075317382812,FN,XGBoost_B_full
e86786e87966071bb4d99fc5ca24f3af,25784766,1,0.2463768115942029,8,130,5,1.37,7,4.714285714285714,7.0,0.2857142857142857,0.2857142857142857,0.0,0,0.0,0.10626279562711716,FN,XGBoost_B_full
215e4143de367ffa7d63920ee98b7a23,7428663,0,0.016666666666666666,15,1020,5,0.7000000000000002,510,4.192156862745098,15.9375,0.19019607843137254,0.2235294117647059,0.12549019607843137,1,-0.00039374999999999827,0.7186778783798218,FP,XGBoost_B_full
21d0c2488e91dbba1bbde0f0b1c1902f,82356,1,0.10460251046025104,21,2552,2,-1.73,383,3.5561357702349867,11.96875,0.2506527415143603,0.2584856396866841,0.10182767624020887,1,0.0574125,0.6820133924484253,TP,XGBoost_B_full
e267925c16e777089f464192f8e98dfb,367802,1,0.3645320197044335,21,3617,3,-1.2000000000000002,265,4.479245283018868,17.666666666666668,0.2,0.24150943396226415,0.1169811320754717,1,0.021980000000000003,0.5306732058525085,TP,XGBoost_B_full
cea856fcd3a21887239ef1f673fa803a,158005,0,0.011494252873563218,1,518,5,0.9299999999999997,66,4.7727272727272725,11.0,0.10606060606060606,0.3484848484848485,0.21212121212121213,0,0.5511166666666667,0.10555169731378555,TN,XGBoost_B_full
b754631e571f58d45f6c63b4366bfad5,25334576,0,0.006309148264984227,2,367,4,0.10000000000000009,198,4.08080808080808,15.23076923076923,0.19696969696969696,0.25252525252525254,0.14646464646464646,1,-0.12159230769230771,0.29535743594169617,TN,XGBoost_B_full
3f9837dd86be19604ef6b866c3a2441f,2547,0,0.001594896331738437,5,563,0,-4.23,11,5.090909090909091,11.0,0.09090909090909091,0.18181818181818182,0.36363636363636365,0,0.5106,0.11689087003469467,TN,XGBoost_B_full
ad09ce7ff83e3ed14baf1e810a33d230,32810456,0,0.011764705882352941,4,343,3,-0.9900000000000002,81,3.753086419753086,13.5,0.20987654320987653,0.14814814814814814,0.18518518518518517,0,0.05028333333333334,0.13080255687236786,TN,XGBoost_B_full
57f00cb9df7af67f64278f2305fea053,21413663,0,0.006666666666666667,1,488,3,-0.69,21,4.380952380952381,21.0,0.23809523809523808,0.09523809523809523,0.23809523809523808,0,0.9081,0.10881371796131134,TN,XGBoost_B_full
3b62933387aebdc41a1ab8b52523b05d,34023590,0,0.002207505518763797,1,132,1,-2.53,508,4.5137795275590555,23.09090909090909,0.2106299212598425,0.20275590551181102,0.17716535433070865,1,-0.01016818181818182,0.1557646244764328,TN,XGBoost_B_full
2be57e602e31b924167d97dfa05ae0a9,29376835,1,0.022222222222222223,1,198,4,0.10000000000000009,16,4.0,16.0,0.1875,0.375,0.0,0,-0.8625,0.1890925168991089,FN,XGBoost_B_full
a54d300570e0a823321b38de2e108cb5,25334576,0,0.0031545741324921135,3,294,4,0.10000000000000009,45,4.533333333333333,11.25,0.13333333333333333,0.2222222222222222,0.2,0,-0.15360000000000001,0.164315328001976,TN,XGBoost_B_full
2930a09cff47c1fd867667f9b426c1e4,78249,1,0.05263157894736842,15,520,5,1.21,760,4.480263157894737,28.14814814814815,0.16710526315789473,0.24473684210526317,0.1618421052631579,1,0.2234222222222222,0.6099125742912292,TP,XGBoost_B_full
aed33ddd72972fd338a2043014e4c83e,2547,1,0.26953748006379585,3,3674,5,0.7699999999999996,108,4.212962962962963,18.0,0.17592592592592593,0.24074074074074073,0.2037037037037037,0,0.2578,0.26672229170799255,FN,XGBoost_B_full
cfc1e55f4c21741c5434d1eef500d262,25334576,0,0.002103049421661409,1,353,3,-0.8999999999999999,36,4.527777777777778,18.0,0.25,0.08333333333333333,0.3055555555555556,0,0.34750000000000003,0.09420844167470932,TN,XGBoost_B_full
7b29c9bb67684b361b96f02aa951133e,35606560,0,0.001597444089456869,4,91,5,0.79,43,4.325581395348837,14.333333333333334,0.13953488372093023,0.2558139534883721,0.18604651162790697,0,0.28099999999999997,0.27525466680526733,TN,XGBoost_B_full
257589782a88f8bab5a68cebd9c66be9,35606560,0,0.003194888178913738,2,28,4,-0.20999999999999996,131,4.427480916030534,21.833333333333332,0.1450381679389313,0.2748091603053435,0.22900763358778625,0,0.0032000000000000084,0.3594490587711334,TN,XGBoost_B_full
f83eace0bba244d72f3c3867a9e1c419,25784766,1,0.043478260869565216,8,333,2,-1.63,36,4.083333333333333,12.0,0.16666666666666666,0.3333333333333333,0.08333333333333333,0,0.05930000000000002,0.2735258638858795,FN,XGBoost_B_full
6c74024d3567a376c2ec537370dc6a4a,32810456,1,0.058823529411764705,9,286,5,1.0099999999999998,139,4.129496402877698,11.583333333333334,0.20863309352517986,0.28776978417266186,0.14388489208633093,1,0.06745,0.2646428942680359,FN,XGBoost_B_full
74f78d71ed1740fc3ea19e136f7781f1,150253,0,0.01056338028169014,5,3620,4,-0.3700000000000001,9,5.777777777777778,4.5,0.0,0.3333333333333333,0.3333333333333333,0,0.1806,0.08643154799938202,TN,XGBoost_B_full
be6f7996e9409f975700e1350e26ac1b,48987,0,0.008032128514056224,1,641,1,-2.67,157,4.292993630573249,19.625,0.21019108280254778,0.1910828025477707,0.17834394904458598,0,-0.014275000000000003,0.20445092022418976,TN,XGBoost_B_full
776bf0f0015a5f29a950dace75dc84a8,25334576,0,0.0010515247108307045,1,691,5,1.1,16,4.75,5.333333333333333,0.1875,0.25,0.1875,0,0.21203333333333332,0.07387961447238922,TN,XGBoost_B_full
f59d79a353782c5e40799f772598ca6f,82346,0,0.002967359050445104,1,31,4,0.6000000000000001,7,5.285714285714286,7.0,0.2857142857142857,0.2857142857142857,0.14285714285714285,0,0.4199,0.0614808164536953,TN,XGBoost_B_full
e325b067861a35b4ed296652b822d31a,2547,0,0.001594896331738437,3,2765,4,-0.23000000000000043,77,4.7272727272727275,15.4,0.16883116883116883,0.2857142857142857,0.19480519480519481,1,0.47528000000000004,0.2826038897037506,TN,XGBoost_B_full
cf6ffd42b127a74141ce251b3dd2f40b,21413663,0,0.006666666666666667,1,692,5,1.31,771,4.54863813229572,22.02857142857143,0.12710765239948119,0.3009079118028534,0.13618677042801555,1,0.27856000000000003,0.4376944303512573,TN,XGBoost_B_full
10b188ec06e8df1d3d20a6e2dc01869a,2547,0,0.009569377990430622,7,703,4,-0.23000000000000043,67,4.940298507462686,13.4,0.2537313432835821,0.19402985074626866,0.26865671641791045,0,0.43086,0.17581839859485626,TN,XGBoost_B_full
3b719ac1acba70ea7f05706101629b2e,197698,1,0.029411764705882353,23,845,4,-0.3200000000000003,377,4.641909814323608,23.5625,0.15384615384615385,0.2572944297082228,0.129973474801061,1,0.3335,0.6657652854919434,TP,XGBoost_B_full
2f65167cd636beee592f4a9ecbcd47d5,25334576,0,0.00946372239747634,2,419,4,0.10000000000000009,33,4.0606060606060606,33.0,0.12121212121212122,0.2727272727272727,0.12121212121212122,0,0.7841,0.15599818527698517,TN,XGBoost_B_full
a558a7121b2a640a412d0c88429fa3bf,32075857,1,0.07462686567164178,99,38,4,0.41999999999999993,34,4.117647058823529,34.0,0.14705882352941177,0.3235294117647059,0.058823529411764705,0,0.2808,0.8322817087173462,TP,XGBoost_B_full
08d40f61faef81f4580a8e3115b0b8e7,158005,1,0.16091954022988506,99,1013,2,-2.0700000000000003,62,3.8548387096774195,31.0,0.22580645161290322,0.20967741935483872,0.0967741935483871,0,-0.04074999999999998,0.6402938961982727,TP,XGBoost_B_full
e5f42062d653498128bb60f558dd9116,30312512,1,0.05128205128205128,4,361,1,-2.86,69,4.043478260869565,13.8,0.2028985507246377,0.21739130434782608,0.21739130434782608,0,-0.17058,0.1567981243133545,FN,XGBoost_B_full
06faaf3ae03f87c9cb465c0641f71b88,25334576,1,0.0683491062039958,12,347,5,1.1,58,4.379310344827586,14.5,0.06896551724137931,0.29310344827586204,0.13793103448275862,0,-0.01577500000000001,0.35807082056999207,FN,XGBoost_B_full
b589e758c52a7cad213571b0e15b12b4,406373,0,0.0024449877750611247,2,827,3,-0.9700000000000002,574,4.20383275261324,20.5,0.17247386759581881,0.22822299651567945,0.1480836236933798,1,0.048046428571428566,0.3376774787902832,TN,XGBoost_B_full
3875144a991dbcd1e818dbe7618b6cd9,45974,0,0.001349527665317139,1,286,5,0.5,37,4.45945945945946,9.25,0.1891891891891892,0.21621621621621623,0.16216216216216217,0,0.0,0.20257462561130524,TN,XGBoost_B_full
c88ee802965a27736e3b8d7e6beddc61,25784766,1,0.028985507246376812,1,370,1,-2.63,43,5.069767441860465,10.75,0.13953488372093023,0.2558139534883721,0.3488372093023256,0,0.17762499999999998,0.12101727724075317,FN,XGBoost_B_full
398e7ff0de4134abd255abf2e6175c4b,12384,1,0.07792207792207792,1,323,5,1.0899999999999999,46,4.978260869565218,15.333333333333334,0.21739130434782608,0.2391304347826087,0.2391304347826087,0,0.12050000000000001,0.09737107902765274,FN,XGBoost_B_full
abb5a47397a56bc24052646fbe62c4f6,25334576,0,0.0010515247108307045,1,759,4,0.10000000000000009,138,4.260869565217392,19.714285714285715,0.2028985507246377,0.2463768115942029,0.10869565217391304,0,-0.13458571428571428,0.3346075713634491,TN,XGBoost_B_full
d26ea0d7c5bb71df742ac6f753abf839,24874364,1,0.07534246575342465,26,47,4,0.06999999999999984,445,4.341573033707865,18.541666666666668,0.18876404494382024,0.24269662921348314,0.1707865168539326,0,0.224275,0.7777369022369385,TP,XGBoost_B_full
335427c54f910e8bfac5e58bad2bd62f,17333426,0,0.0037174721189591076,3,1112,5,0.8799999999999999,189,4.232804232804233,21.0,0.19047619047619047,0.20105820105820105,0.20634920634920634,0,0.46726666666666666,0.22100110352039337,TN,XGBoost_B_full
a61ad4a4825ac4c92ed6064184d5f626,34023590,0,0.013245033112582781,3,203,5,1.4700000000000002,200,4.035,15.384615384615385,0.23,0.215,0.185,0,0.22823846153846156,0.14788293838500977,TN,XGBoost_B_full
b28b67f2c1dca482a6d4be70a1a8ae9c,2262521,0,0.015625,5,1533,4,0.43999999999999995,76,4.565789473684211,15.2,0.18421052631578946,0.18421052631578946,0.19736842105263158,1,0.31623999999999997,0.3209264874458313,TN,XGBoost_B_full
10575b0809ac8a5cc24822041704df54,27822,1,0.03773584905660377,2,1075,4,-0.08999999999999986,111,4.396396396396397,18.5,0.18018018018018017,0.25225225225225223,0.15315315315315314,0,-0.07543333333333335,0.2031819224357605,FN,XGBoost_B_full
7a7c7c34f515a7a22704848161e968a1,16241798,1,0.08571428571428572,11,1613,5,0.8600000000000003,383,4.3054830287206265,38.3,0.16971279373368145,0.22193211488250653,0.1462140992167102,0,-0.041519999999999994,0.6478450894355774,TP,XGBoost_B_full
d4e815e230a2385e38b38b165c4d1b47,28645638,1,0.8067226890756303,38,459,4,-0.16000000000000014,854,3.889929742388759,37.130434782608695,0.20725995316159251,0.23653395784543327,0.13700234192037472,1,-0.0016130434782608706,0.7976646423339844,TP,XGBoost_B_full
eb8fa485c02926c28d26b3618f2ae3a3,17726051,1,0.8,38,1246,3,-0.16999999999999993,214,4.070093457943925,15.285714285714286,0.17757009345794392,0.2102803738317757,0.22897196261682243,0,0.10492857142857145,0.8382280468940735,TP,XGBoost_B_full
0ebd0de0da4c23782a510a1b7f5060c4,9251506,1,1.0,38,2303,4,-0.09999999999999964,344,4.1395348837209305,13.23076923076923,0.2063953488372093,0.2005813953488372,0.1744186046511628,1,0.2179,0.7648626565933228,TP,XGBoost_B_full
68ec35aad543503e56285e4aa017d794,48987,1,0.7068273092369478,38,2406,2,-1.67,607,4.00823723228995,14.116279069767442,0.19769357495881384,0.23887973640856672,0.14991762767710048,1,-0.02814883720930233,0.8310751914978027,TP,XGBoost_B_full
5596976a78a434bf6c65bdeab4407121,82346,0,0.002967359050445104,2,1034,2,-1.4,22,5.136363636363637,22.0,0.22727272727272727,0.22727272727272727,0.13636363636363635,0,0.3182,0.07408305257558823,TN,XGBoost_B_full
14ce9b6befbce9f1aaace9405b5c3f07,150253,0,0.007042253521126761,1,964,5,0.6299999999999999,431,4.345707656612529,23.944444444444443,0.18097447795823665,0.20649651972157773,0.14385150812064965,1,0.08274444444444445,0.4895842969417572,TN,XGBoost_B_full
caacd1e862c625d65ee9a823f39aac50,150253,0,0.0035211267605633804,6,416,5,0.6299999999999999,24,3.7083333333333335,24.0,0.16666666666666666,0.125,0.20833333333333334,0,0.3612,0.2154240608215332,TN,XGBoost_B_full
b0a983c28d1ced4636e121db5e1e7c2e,25334576,0,0.002103049421661409,6,418,5,1.1,8,4.125,8.0,0.125,0.125,0.125,0,-0.1779,0.11839615553617477,TN,XGBoost_B_full
f732fe6d8773f7eaeab2c626039917ec,35606560,1,0.07348242811501597,23,20,4,-0.20999999999999996,218,4.348623853211009,14.533333333333333,0.2018348623853211,0.21100917431192662,0.1559633027522936,0,0.18782666666666667,0.7279603481292725,TP,XGBoost_B_full
52f0937c468f96686ba597060262fb55,82346,1,0.4035608308605341,5,660,3,-0.3999999999999999,17,4.764705882352941,17.0,0.17647058823529413,0.23529411764705882,0.11764705882352941,0,-0.6486,0.18974725902080536,FN,XGBoost_B_full
2f75d9cb4894ac47ce6f888b0b8a6fba,2547,0,0.011164274322169059,5,75,3,-1.2300000000000004,71,4.577464788732394,14.2,0.19718309859154928,0.23943661971830985,0.18309859154929578,0,-0.3657,0.2202983796596527,TN,XGBoost_B_full
d561dcaa13dad1b563bbc1b60ab929ef,430788,0,0.006289308176100629,1,2190,4,-0.08000000000000007,69,3.898550724637681,13.8,0.18840579710144928,0.21739130434782608,0.18840579710144928,0,0.40342,0.19828534126281738,TN,XGBoost_B_full
64be35bffecc962bc872ebed09450863,61049,0,0.018691588785046728,2,1936,4,-0.3200000000000003,22,4.136363636363637,11.0,0.18181818181818182,0.36363636363636365,0.045454545454545456,1,-0.28575,0.10179121047258377,TN,XGBoost_B_full
3994ce6240f2ae7045ab3844607afcc4,35606560,0,0.003194888178913738,1,111,3,-1.21,71,3.6619718309859155,23.666666666666668,0.14084507042253522,0.19718309859154928,0.22535211267605634,0,0.6039333333333333,0.08543587476015091,TN,XGBoost_B_full
140200575a7ec859c6693e267a14f309,2547,0,0.001594896331738437,4,2518,5,0.7699999999999996,125,3.632,17.857142857142858,0.24,0.184,0.176,0,0.2583142857142858,0.2744509279727936,TN,XGBoost_B_full
c39a719056c2015f56bbfb7da135e083,29376835,1,0.07555555555555556,2,263,4,0.10000000000000009,131,4.374045801526718,16.375,0.1984732824427481,0.2900763358778626,0.10687022900763359,0,0.37165,0.24045047163963318,FN,XGBoost_B_full
cb62cd641d61d3ae620b50586d39a5e2,1434,0,0.01652892561983471,42,401,5,0.9900000000000002,241,4.269709543568465,16.066666666666666,0.14937759336099585,0.3112033195020747,0.14107883817427386,1,0.23752,0.6198806762695312,FP,XGBoost_B_full
91a96059144c5ef840b01bacd6ffa5b0,9583799,0,0.007936507936507936,1,2519,4,0.1200000000000001,41,4.585365853658536,13.666666666666666,0.1951219512195122,0.21951219512195122,0.14634146341463414,1,0.5957,0.24983006715774536,TN,XGBoost_B_full
976d7178a50a86d85e9d68ca1c7cc4f5,24874364,1,0.02054794520547945,48,857,3,-0.9300000000000002,66,4.5606060606060606,16.5,0.18181818181818182,0.19696969696969696,0.22727272727272727,0,0.11000000000000001,0.5894176363945007,TP,XGBoost_B_full
0eb4679c5a73091b70064636ca10824d,24874339,1,0.23423423423423423,48,887,4,0.3900000000000001,292,4.428082191780822,22.46153846153846,0.1917808219178082,0.2602739726027397,0.11643835616438356,1,0.24027692307692308,0.6966394782066345,TP,XGBoost_B_full
d97f503fffb6f695b48adce59cdcdb36,21413663,0,0.013333333333333334,48,932,0,-3.69,2,6.0,2.0,0.0,1.0,0.0,0,0.4019,0.2662593126296997,TN,XGBoost_B_full
98d325734c5880f24d599f2b24ef15bd,21413663,0,0.006666666666666667,1,1020,5,1.31,373,4.777479892761394,18.65,0.14745308310991956,0.2761394101876676,0.2064343163538874,0,0.26689999999999997,0.560375988483429,FP,XGBoost_B_full
9de018017ca0b82c5f2427a304b12ec4,45287,1,0.9514563106796117,14,2116,5,0.71,688,4.582848837209302,15.28888888888889,0.14825581395348839,0.24854651162790697,0.17151162790697674,1,-0.005677777777777779,0.6496454477310181,TP,XGBoost_B_full
74d604027f4ccffdf3f7ffa079cb1742,197698,1,0.25,37,353,4,-0.3200000000000003,65,4.369230769230769,16.25,0.18461538461538463,0.27692307692307694,0.18461538461538463,0,0.34115,0.6299219131469727,TP,XGBoost_B_full
9cdb49c57a8b748456030eac3d690ba5,2547,0,0.001594896331738437,1,768,5,0.7699999999999996,32,4.28125,16.0,0.125,0.25,0.25,0,0.4221,0.06541301310062408,TN,XGBoost_B_full
d34ae28186029d9af53b27fee5cd3569,27822,1,0.025157232704402517,2,1276,3,-1.0899999999999999,117,4.0256410256410255,16.714285714285715,0.19658119658119658,0.2222222222222222,0.18803418803418803,0,-0.020442857142857145,0.1591307371854782,FN,XGBoost_B_full
2e67a0f66f7f921832d009d58afc452d,32810456,1,0.023529411764705882,1,305,5,1.0099999999999998,11,3.5454545454545454,5.5,0.18181818181818182,0.2727272727272727,0.18181818181818182,0,0.0,0.04908544197678566,FN,XGBoost_B_full
cbeba98b284b8f3466340e489123e089,25784766,0,0.014492753623188406,1,580,2,-1.63,78,4.461538461538462,15.6,0.08974358974358974,0.2948717948717949,0.16666666666666666,0,-0.13368,0.18932922184467316,TN,XGBoost_B_full
6434dfa3f10af49bb9c382a2b15f5fdd,78249,0,0.010526315789473684,7,134,5,1.21,160,4.625,22.857142857142858,0.14375,0.2375,0.23125,1,0.5894571428571428,0.35121673345565796,TN,XGBoost_B_full
09cd33f676eb6904bb05420af783ad2d,45287,0,0.009708737864077669,7,392,5,0.71,593,4.463743676222597,21.962962962962962,0.1399662731871838,0.2563237774030354,0.19224283305227655,1,0.2541555555555555,0.4219711720943451,TN,XGBoost_B_full
462882e44236cd3dd67b2819f8e57cf7,768496,0,0.015151515151515152,1,373,4,-0.09999999999999964,468,4.367521367521367,16.714285714285715,0.19658119658119658,0.24572649572649571,0.15598290598290598,1,0.09022500000000001,0.19536052644252777,TN,XGBoost_B_full
59d85f6af78989af48a0687e8972b708,27822,0,0.006289308176100629,1,1392,3,-1.0899999999999999,33,4.363636363636363,8.25,0.15151515151515152,0.18181818181818182,0.24242424242424243,0,0.3814000000000001,0.0634029284119606,TN,XGBoost_B_full
6c884c569d31a79a4ded463081ae9992,2547,0,0.001594896331738437,3,2012,4,-0.23000000000000043,12,4.333333333333333,12.0,0.3333333333333333,0.08333333333333333,0.3333333333333333,0,0.4939,0.11281413584947586,TN,XGBoost_B_full
0bac5ed1ac72c4ed6d904fa7ee31d85d,25784766,1,0.2753623188405797,13,700,4,0.3700000000000001,247,3.8785425101214575,14.529411764705882,0.21052631578947367,0.21862348178137653,0.14979757085020243,1,0.2177235294117647,0.5365465879440308,TP,XGBoost_B_full
ce2e62f80857be9f96fcaaa00cec2998,2547,0,0.001594896331738437,13,759,4,-0.23000000000000043,430,4.21860465116279,25.294117647058822,0.1883720930232558,0.20930232558139536,0.13023255813953488,1,0.3001058823529412,0.5834844708442688,FP,XGBoost_B_full
7592f1c0ab9f74e5aa154f7e600adfd0,2262521,0,0.005208333333333333,1,2232,3,-0.56,41,3.975609756097561,20.5,0.21951219512195122,0.0975609756097561,0.21951219512195122,0,0.82395,0.13477346301078796,TN,XGBoost_B_full
095403972121cce64cf328d36a62335d,17788340,0,0.019417475728155338,85,1638,5,0.29000000000000004,105,4.314285714285714,10.5,0.17142857142857143,0.37142857142857144,0.12380952380952381,1,-0.13661,0.8189769983291626,FP,XGBoost_B_full
7a11aff57e1d3e5a7dd8ded52eef8707,34023590,0,0.004415011037527594,1,21,3,-0.5299999999999998,308,4.308441558441558,14.666666666666666,0.17857142857142858,0.2532467532467532,0.21428571428571427,1,0.20786666666666664,0.2414955347776413,TN,XGBoost_B_full
71fe2a0fbaca62a24ceff14e44a2ac09,35606560,0,0.01757188498402556,9,17,5,0.79,41,4.560975609756097,13.666666666666666,0.2926829268292683,0.14634146341463414,0.1951219512195122,0,0.5216666666666666,0.29190337657928467,TN,XGBoost_B_full
23f9d4a23ab6dabb6687b31998c6dacd,25334576,0,0.002103049421661409,4,652,4,0.10000000000000009,18,3.2777777777777777,9.0,0.2222222222222222,0.16666666666666666,0.16666666666666666,0,-0.3389,0.13138198852539062,TN,XGBoost_B_full
ae4bfa17b6bc9778f9a39df349651ecc,45974,0,0.006747638326585695,1,1967,5,0.5,73,3.780821917808219,14.6,0.2876712328767123,0.136986301369863,0.1917808219178082,0,0.5283800000000001,0.346299409866333,TN,XGBoost_B_full
c301b4d118832c4eb7a06884a50760f9,21413663,0,0.006666666666666667,8,690,4,0.31000000000000005,238,4.277310924369748,14.0,0.1722689075630252,0.25210084033613445,0.16806722689075632,1,0.11851176470588234,0.46613460779190063,TN,XGBoost_B_full
0d87dd4bf2df1a8692fc2a473c2c5793,17333426,0,0.011152416356877323,2,730,4,-0.1200000000000001,109,4.110091743119266,8.384615384615385,0.1834862385321101,0.24770642201834864,0.2018348623853211,1,0.22217692307692308,0.16792726516723633,TN,XGBoost_B_full
86e2570dbba96d1153d45e753b524ddb,34023590,0,0.004415011037527594,5,136,0,-3.53,62,4.129032258064516,8.857142857142858,0.1774193548387097,0.22580645161290322,0.1774193548387097,1,0.050871428571428554,0.2972548007965088,TN,XGBoost_B_full
a7c10866a032b5a28965f3296ec99097,45974,0,0.004048582995951417,5,119,3,-1.5,304,3.9473684210526314,13.217391304347826,0.19736842105263158,0.1875,0.1611842105263158,1,0.0975217391304348,0.34495705366134644,TN,XGBoost_B_full
b43efe244c37297731c7b0335b54e313,30312512,1,0.02564102564102564,2,110,4,0.14000000000000012,11,4.2727272727272725,11.0,0.2727272727272727,0.09090909090909091,0.18181818181818182,0,0.2716,0.11762966215610504,FN,XGBoost_B_full
118ed87a87aa681d8e93df651c03c592,17333426,0,0.007434944237918215,1,533,4,-0.1200000000000001,67,4.074626865671642,22.333333333333332,0.19402985074626866,0.22388059701492538,0.1791044776119403,0,0.7648666666666667,0.1017412543296814,TN,XGBoost_B_full
0da138ecaf7c53675d5f92ce8715b23d,670257,1,1.0,20,388,5,0.9900000000000002,248,4.641129032258065,27.555555555555557,0.1975806451612903,0.24193548387096775,0.1532258064516129,0,0.43526666666666664,0.38931041955947876,FN,XGBoost_B_full
163e903998dc78115199c96cc6e7d71c,14706,1,0.03076923076923077,20,415,5,1.0699999999999998,62,5.096774193548387,12.4,0.12903225806451613,0.2903225806451613,0.1935483870967742,0,-0.05673999999999999,0.32842370867729187,FN,XGBoost_B_full
3690fe8213fd9ca5ba127cfd06e632e5,535734,1,0.38181818181818183,20,416,4,0.06000000000000005,55,4.4,18.333333333333332,0.18181818181818182,0.21818181818181817,0.14545454545454545,0,0.23823333333333332,0.3610512912273407,FN,XGBoost_B_full
b116c346e9fae6b1c4a78578c643a43d,25334576,0,0.0010515247108307045,8,306,5,1.1,124,4.395161290322581,20.666666666666668,0.18548387096774194,0.23387096774193547,0.1935483870967742,0,0.29945,0.28897276520729065,TN,XGBoost_B_full
d95294443f2565cae5b4f98558e6d34d,48987,0,0.012048192771084338,8,973,3,-0.6699999999999999,185,4.410810810810811,20.555555555555557,0.1891891891891892,0.21081081081081082,0.17297297297297298,0,0.35353333333333337,0.41623491048812866,TN,XGBoost_B_full
0570c620d8b462acc94b97845648373e,29376835,0,0.013333333333333334,1,201,5,1.1,58,4.517241379310345,7.25,0.1896551724137931,0.3275862068965517,0.15517241379310345,0,0.19619999999999999,0.17089414596557617,TN,XGBoost_B_full
04446eb003bdbcb06e932fcd41b552af,34023590,1,0.2847682119205298,5,193,3,-0.5299999999999998,243,4.05761316872428,17.357142857142858,0.26337448559670784,0.18518518518518517,0.15637860082304528,0,-0.17723571428571425,0.34326446056365967,FN,XGBoost_B_full
2b4af1471b9e87e8baeb2f6c736c5a53,45287,0,0.009708737864077669,20,2018,3,-1.29,384,4.3359375,14.222222222222221,0.18229166666666666,0.23697916666666666,0.18229166666666666,0,0.2286,0.698379397392273,FP,XGBoost_B_full
c3d049f67a0bd974e92539a9b46f64d6,35606560,0,0.007987220447284345,10,24,4,-0.20999999999999996,138,4.268115942028985,11.5,0.18840579710144928,0.2463768115942029,0.13768115942028986,0,0.25538333333333335,0.5314615368843079,FP,XGBoost_B_full
3a5d521457ddc71b98da84bed99a0489,35606560,0,0.001597444089456869,3,85,4,-0.20999999999999996,14,4.428571428571429,7.0,0.21428571428571427,0.21428571428571427,0.21428571428571427,0,0.1703,0.19637878239154816,TN,XGBoost_B_full
d7816a1453c2135944bab1515876a870,24874364,1,0.03424657534246575,2,921,5,1.0699999999999998,45,3.8,11.25,0.24444444444444444,0.13333333333333333,0.2,0,0.5054,0.10911057889461517,FN,XGBoost_B_full
eeec4d6c06266dce62e4e51259f75a99,9639765,0,0.008547008547008548,12,177,5,0.9500000000000002,76,3.5921052631578947,19.0,0.14473684210526316,0.32894736842105265,0.14473684210526316,1,0.33682500000000004,0.5033547878265381,FP,XGBoost_B_full
7f9292c351ed96b10f8a3fced28a29f1,2547,0,0.001594896331738437,1,441,4,-0.23000000000000043,78,3.9743589743589745,8.666666666666666,0.23076923076923078,0.15384615384615385,0.2948717948717949,0,0.07006666666666667,0.07425614446401596,TN,XGBoost_B_full
3a85e3e9eadfdeae0646f6ddd743f893,2547,0,0.004784688995215311,3,1860,5,0.7699999999999996,16,5.0625,8.0,0.125,0.3125,0.125,0,0.26335,0.07961025834083557,TN,XGBoost_B_full
4dbdfe84228b97bb56252c5ea8fc078d,2547,0,0.001594896331738437,2,224,5,0.7699999999999996,28,5.214285714285714,9.333333333333334,0.10714285714285714,0.21428571428571427,0.25,0,0.4927333333333334,0.07004697620868683,TN,XGBoost_B_full
5bc8a24d238b337ce0ade82e25bfba34,35606560,0,0.001597444089456869,1,7,2,-2.21,244,4.188524590163935,14.352941176470589,0.1598360655737705,0.26229508196721313,0.1598360655737705,1,0.1579176470588235,0.18625430762767792,TN,XGBoost_B_full
35024afddde7a8fc7157d88b61736a05,35606560,0,0.001597444089456869,54,112,4,-0.20999999999999996,90,4.111111111111111,18.0,0.2111111111111111,0.18888888888888888,0.2,0,0.14085999999999999,0.7597097158432007,FP,XGBoost_B_full
9dafb8631024489fc13d68e104f8cfc0,25334576,0,0.002103049421661409,4,657,4,0.10000000000000009,26,4.0,13.0,0.3076923076923077,0.23076923076923078,0.07692307692307693,0,0.0,0.1503283530473709,TN,XGBoost_B_full
6787c43c0ab02ce1f4f3d21d75583410,2262521,0,0.005208333333333333,13,2080,3,-0.56,43,5.395348837209302,14.333333333333334,0.11627906976744186,0.27906976744186046,0.23255813953488372,1,0.13396666666666665,0.3028673827648163,TN,XGBoost_B_full
e8e21e98fc1b04f6286ce55879d32c62,7428663,0,0.016666666666666666,13,2084,2,-2.3,397,4.586901763224182,19.85,0.16624685138539042,0.25692695214105793,0.14609571788413098,1,0.113245,0.6193963289260864,FP,XGBoost_B_full
a084dedfa8122bd3f10a82241b2695d6,25334576,0,0.004206098843322818,3,765,4,0.10000000000000009,47,4.553191489361702,7.833333333333333,0.1702127659574468,0.23404255319148937,0.2553191489361702,0,0.07128333333333334,0.17309798300266266,TN,XGBoost_B_full
3ddf0a203f51c1f81535ffcb2d65de98,25334576,0,0.005257623554153523,1,829,3,-0.8999999999999999,194,4.489690721649485,24.25,0.13402061855670103,0.33505154639175255,0.13917525773195877,0,0.13244999999999996,0.1963019222021103,TN,XGBoost_B_full
d057821b85d051455410e5ea475ea9d0,394424,0,0.014492753623188406,1,1622,3,-1.2300000000000004,262,4.0458015267175576,13.789473684210526,0.1984732824427481,0.2099236641221374,0.10305343511450382,1,0.13514210526315792,0.2814417779445648,TN,XGBoost_B_full
d0186e5d3f96a423f466fdc3f572e32a,367802,0,0.014778325123152709,2,1919,5,0.7999999999999998,467,4.117773019271948,16.103448275862068,0.21199143468950749,0.22055674518201285,0.13062098501070663,1,0.194148275862069,0.5357262492179871,FP,XGBoost_B_full
bac20273e6198394ea77c16672efb564,158005,1,0.034482758620689655,5,2707,0,-4.07,3,5.333333333333333,3.0,0.3333333333333333,0.3333333333333333,0.0,0,-0.1027,0.10739242285490036,FN,XGBoost_B_full
924139730454568dca5ecbc2077f3cd0,25334576,0,0.004206098843322818,16,447,4,0.10000000000000009,205,4.034146341463415,14.642857142857142,0.24878048780487805,0.2634146341463415,0.1024390243902439,1,0.004078571428571399,0.5763277411460876,FP,XGBoost_B_full
e79036c43922a017553602387a171ac7,2547,0,0.003189792663476874,1,491,5,0.7699999999999996,18,5.0,6.0,0.2777777777777778,0.2222222222222222,0.2222222222222222,0,0.4543,0.03139772638678551,TN,XGBoost_B_full
9b77a874e7940e06c9d7748fc48e623e,2547,0,0.006379585326953748,5,1775,5,0.7699999999999996,14,3.4285714285714284,7.0,0.21428571428571427,0.14285714285714285,0.14285714285714285,0,0.329,0.13856595754623413,TN,XGBoost_B_full
a1afb015a5e59843bfa9e61eec10f230,2547,0,0.001594896331738437,1,677,3,-1.2300000000000004,127,4.267716535433071,14.11111111111111,0.18110236220472442,0.2204724409448819,0.13385826771653545,1,0.27588888888888885,0.14239725470542908,TN,XGBoost_B_full
8a0550740c0a97984daa7ae4f756788f,2547,0,0.001594896331738437,2,2386,4,-0.23000000000000043,63,4.0,12.6,0.19047619047619047,0.2222222222222222,0.15873015873015872,0,0.11054000000000001,0.15488338470458984,TN,XGBoost_B_full
edc59b852b3bd32b7e8b280968329e34,35606560,0,0.001597444089456869,1,45,5,0.79,55,3.581818181818182,18.333333333333332,0.18181818181818182,0.2545454545454545,0.10909090909090909,0,0.3060333333333334,0.17504900693893433,TN,XGBoost_B_full
513133104cc4ffd007268898e7aef3af,2262521,0,0.005208333333333333,2,2131,4,0.43999999999999995,3,4.0,3.0,0.3333333333333333,0.3333333333333333,0.0,0,0.0,0.0977427288889885,TN,XGBoost_B_full
56c4071ecc0cb5e5a9be9532541c2297,75504,0,0.01639344262295082,1,630,5,0.7199999999999998,116,4.456896551724138,14.5,0.16379310344827586,0.31896551724137934,0.1206896551724138,1,0.12272500000000001,0.2270703762769699,TN,XGBoost_B_full
884f4a3397b6aeb651e91a42b19a1abc,45974,1,0.1106612685560054,1,1601,5,0.5,2005,4.462344139650873,15.542635658914728,0.1885286783042394,0.21795511221945138,0.15012468827930175,0,-0.02815736434108527,0.7675296664237976,TP,XGBoost_B_full
8d39912031a70ac63ad2f0310e5241a2,35606560,0,0.003194888178913738,3,17,3,-1.21,70,3.8142857142857145,17.5,0.15714285714285714,0.14285714285714285,0.3,0,0.27275,0.2042963057756424,TN,XGBoost_B_full
98a13be98c8d9faf383f0ee8a3d376dc,45974,0,0.001349527665317139,1,1347,5,0.5,84,4.726190476190476,16.8,0.19047619047619047,0.2261904761904762,0.13095238095238096,1,0.04556000000000001,0.35758861899375916,TN,XGBoost_B_full
b477c3e62a4b320c6e2d39964022a9bf,2262521,0,0.005208333333333333,6,667,3,-0.56,201,5.0497512437810945,50.25,0.10945273631840796,0.263681592039801,0.23383084577114427,1,0.25782499999999997,0.3768562078475952,TN,XGBoost_B_full
186bae36802802860e93575fd62c9e96,25784766,1,0.043478260869565216,2,668,1,-2.63,135,4.377777777777778,19.285714285714285,0.1925925925925926,0.2,0.17777777777777778,0,0.13804285714285716,0.2298017293214798,FN,XGBoost_B_full
ee67daabdad9c590f69b2f946935f84f,430788,1,0.025157232704402517,2,279,5,0.9199999999999999,596,4.75503355704698,16.555555555555557,0.16946308724832215,0.28187919463087246,0.14261744966442952,0,0.09038888888888888,0.34137284755706787,FN,XGBoost_B_full
57a390c94bfe794b526cbd43dfe0040e,32810456,0,0.011764705882352941,1,335,5,1.0099999999999998,32,4.03125,10.666666666666666,0.1875,0.125,0.15625,0,0.4289,0.0398138128221035,TN,XGBoost_B_full
278c732ba3c5c2c7d489de65f0f11218,35606560,0,0.003194888178913738,5,28,3,-1.21,23,4.0,23.0,0.21739130434782608,0.2608695652173913,0.30434782608695654,0,0.784,0.3232525587081909,TN,XGBoost_B_full
5508f6b9167d70555991f2b75d29014d,2547,0,0.004784688995215311,2,437,1,-3.2300000000000004,520,4.35,12.682926829268293,0.17884615384615385,0.23076923076923078,0.1576923076923077,1,0.14695853658536584,0.24347105622291565,TN,XGBoost_B_full
b6f13d2b60acb3564e526d6a5d5fe7cc,25784766,0,0.014492753623188406,5,456,2,-1.63,90,4.5,15.0,0.2222222222222222,0.2,0.16666666666666666,1,-0.2832,0.19341638684272766,TN,XGBoost_B_full
96ad81853e7007dc1758dadc53b485f1,78249,0,0.010526315789473684,2,473,3,-0.79,276,4.260869565217392,17.25,0.18840579710144928,0.2644927536231884,0.13043478260869565,0,0.3366625,0.2262205183506012,TN,XGBoost_B_full
0e2eea86469afca0353098240a0939c2,24874364,1,0.08904109589041095,15,695,5,1.0699999999999998,173,4.184971098265896,15.727272727272727,0.1907514450867052,0.2658959537572254,0.12716763005780346,1,0.2908545454545454,0.4009307622909546,FN,XGBoost_B_full
970e418835be7fa75561fa581f3e4b8b,35606560,1,0.03035143769968051,1,13,5,0.79,76,4.368421052631579,12.666666666666666,0.19736842105263158,0.23684210526315788,0.2631578947368421,0,0.21328333333333335,0.16518248617649078,FN,XGBoost_B_full
f58324b43359c872f9e954ca9512db49,61049,0,0.009345794392523364,2,403,5,0.6799999999999997,23,3.8260869565217392,5.75,0.30434782608695654,0.17391304347826086,0.17391304347826086,0,0.37825,0.09152816236019135,TN,XGBoost_B_full
fad119d100d8b42d13a751adcba03269,17726051,0,0.011764705882352941,2,1246,0,-3.17,31,3.870967741935484,10.333333333333334,0.25806451612903225,0.12903225806451613,0.22580645161290322,0,-0.14166666666666666,0.11502455174922943,TN,XGBoost_B_full
042b798734ea135f66fe9a84bf8216bd,17788340,1,0.2524271844660194,2,1579,5,0.29000000000000004,368,4.426630434782608,11.870967741935484,0.19293478260869565,0.22826086956521738,0.16032608695652173,1,0.02402903225806452,0.6604486703872681,TP,XGBoost_B_full
3ebd8b91b902fabcf25bb3210b3e3f14,35606560,0,0.001597444089456869,2,47,4,-0.20999999999999996,60,4.05,8.571428571428571,0.21666666666666667,0.18333333333333332,0.25,1,0.5710285714285714,0.25818097591400146,TN,XGBoost_B_full
afbced408d7ad1cfb811be2f3b90e46b,367802,0,0.0049261083743842365,1,2055,5,0.7999999999999998,9,3.6666666666666665,9.0,0.1111111111111111,0.4444444444444444,0.0,0,0.296,0.10306037217378616,TN,XGBoost_B_full
8fbfbb309ea29e8351f0098c4fbf25f2,82346,0,0.002967359050445104,1,288,3,-0.3999999999999999,21,5.190476190476191,5.25,0.23809523809523808,0.2857142857142857,0.09523809523809523,1,0.21184999999999998,0.06129938364028931,TN,XGBoost_B_full
f343351ec375185977ce9ea6da6f4c2e,45974,0,0.001349527665317139,6,88,5,0.5,10,4.3,10.0,0.2,0.3,0.0,0,0.5859,0.42632484436035156,TN,XGBoost_B_full
d8079c7053954335b551be76f15237b3,2547,0,0.001594896331738437,3,2153,3,-1.2300000000000004,160,4.5375,40.0,0.15625,0.21875,0.2,1,0.7367750000000001,0.3132303059101105,TN,XGBoost_B_full
da49fd0f28a59d3073793400620ef4f8,21413663,0,0.006666666666666667,1,149,3,-0.69,100,4.17,14.285714285714286,0.2,0.25,0.13,0,0.24187142857142857,0.15935446321964264,TN,XGBoost_B_full
3b6a88f4b3e352bce5e5419cb1493913,78249,1,0.021052631578947368,2,1422,0,-3.79,15,3.4,15.0,0.4,0.2,0.06666666666666667,0,-0.0516,0.09883198887109756,FN,XGBoost_B_full
22a2755fec992975b1d0e5f72cf85305,24874339,1,0.04504504504504504,14,798,3,-0.6099999999999999,167,4.2395209580838324,16.7,0.17964071856287425,0.17964071856287425,0.18562874251497005,0,0.11224999999999999,0.5094634294509888,TP,XGBoost_B_full
236b24c25472cb737a4e7a99ad746ed8,35606560,0,0.01597444089456869,2,24,4,-0.20999999999999996,39,4.230769230769231,39.0,0.1282051282051282,0.23076923076923078,0.1794871794871795,1,0.3612,0.24437256157398224,TN,XGBoost_B_full
e1d53b37550c6184d021f1185ef8bc9c,17788340,1,0.06796116504854369,1,1438,4,-0.71,209,4.028708133971292,11.61111111111111,0.23923444976076555,0.2535885167464115,0.1339712918660287,0,-0.04908888888888889,0.296792209148407,FN,XGBoost_B_full
cd28c03815c1dc0e88ebe36eea9d212e,35606560,0,0.001597444089456869,6,112,5,0.79,105,3.876190476190476,17.5,0.23809523809523808,0.2,0.2,0,0.4124666666666667,0.2817685306072235,TN,XGBoost_B_full
a177ba4d8c28710d6087611146ec4466,30312512,0,0.01282051282051282,6,231,3,-0.8599999999999999,35,4.571428571428571,11.666666666666666,0.2571428571428571,0.17142857142857143,0.3142857142857143,0,0.6025999999999999,0.24067512154579163,TN,XGBoost_B_full
b6d831a9f8d9c4976c26448eba9ba4be,25784766,1,0.043478260869565216,1,560,3,-0.6299999999999999,178,4.264044943820225,16.181818181818183,0.20224719101123595,0.2247191011235955,0.14606741573033707,0,-0.05906363636363636,0.18305820226669312,FN,XGBoost_B_full
4044fa86da5d90cb71e1bd4f416170b2,82346,0,0.002967359050445104,6,130,4,0.6000000000000001,1390,4.570503597122302,25.272727272727273,0.16258992805755396,0.260431654676259,0.17194244604316547,1,0.1551690909090909,0.42376208305358887,TN,XGBoost_B_full
b4960492fcaf784d5141e90e0317a47f,82356,0,0.0041841004184100415,6,879,4,0.27,565,4.493805309734514,24.565217391304348,0.16106194690265488,0.23893805309734514,0.15752212389380532,1,0.1645478260869565,0.543585479259491,FP,XGBoost_B_full
88e0dc060d2c893f7940302229cd19e3,874560,1,1.0,21,826,5,0.8899999999999997,1051,4.468125594671741,16.682539682539684,0.20456707897240722,0.2159847764034253,0.1845861084681256,1,0.10142380952380954,0.7799345850944519,TP,XGBoost_B_full
bd7f1397ff401f535e972040416e7b32,24874364,1,0.4863013698630137,21,851,4,0.06999999999999984,439,4.763097949886105,48.77777777777778,0.15261958997722094,0.2642369020501139,0.15034168564920272,0,0.42115555555555556,0.6254059672355652,TP,XGBoost_B_full
044dafc91cb22ead67e25d0bb9ac26fb,792712,1,0.04065040650406504,3,492,5,0.6799999999999997,35,4.257142857142857,35.0,0.05714285714285714,0.34285714285714286,0.17142857142857143,0,0.6705,0.1565367430448532,FN,XGBoost_B_full
dc59db7f9363a91a119e7b3148755493,14706,0,0.005128205128205128,1,1374,2,-1.9300000000000002,36,4.555555555555555,18.0,0.2222222222222222,0.25,0.1388888888888889,0,0.16455,0.07813368737697601,TN,XGBoost_B_full
4962616ba3ff5c70dd15e188dd3d13b9,158005,1,0.022988505747126436,2,2102,4,-0.07000000000000028,77,4.181818181818182,15.4,0.2077922077922078,0.23376623376623376,0.16883116883116883,0,0.55458,0.2109539657831192,FN,XGBoost_B_full
704a1382adf721eebdc09bd2cebf5104,24407,0,0.015873015873015872,1,2325,4,-0.08999999999999986,32,3.96875,8.0,0.21875,0.25,0.21875,0,0.288225,0.09859312325716019,TN,XGBoost_B_full
642344235bc95cf169f296b571fa1ca0,535734,0,0.01818181818181818,1,2259,4,0.06000000000000005,29,4.793103448275862,9.666666666666666,0.1724137931034483,0.20689655172413793,0.2413793103448276,1,0.09746666666666666,0.06192050874233246,TN,XGBoost_B_full
72fa80412a1c8d2bda0c8c3d0bbc09cc,16128045,1,0.09375,7,1807,5,0.5800000000000001,41,4.536585365853658,10.25,0.1951219512195122,0.24390243902439024,0.17073170731707318,1,0.2964,0.33695292472839355,FN,XGBoost_B_full
75ab7dfb3756888870a823b6f02fcdba,792712,1,0.056910569105691054,44,3378,0,-4.32,12,4.5,4.0,0.4166666666666667,0.16666666666666666,0.16666666666666666,0,0.2083,0.34732145071029663,FN,XGBoost_B_full
9ea94fd62db9e881ae7fa0d0fc31ff5a,61049,1,0.21495327102803738,6,775,4,-0.3200000000000003,866,4.20554272517321,16.339622641509433,0.18822170900692842,0.21478060046189376,0.1489607390300231,0,0.20143584905660378,0.42117398977279663,FN,XGBoost_B_full
4dc1c87a3465bebfcf6332118516ffb9,25334576,1,0.10935856992639327,3,343,4,0.10000000000000009,414,3.9927536231884058,15.333333333333334,0.2391304347826087,0.23429951690821257,0.13043478260869565,0,-0.13985555555555554,0.39593446254730225,FN,XGBoost_B_full
9abbef7c83e8fd66e4259a4a62fc95e1,2547,0,0.001594896331738437,1,1308,5,0.7699999999999996,116,4.267241379310345,19.333333333333332,0.13793103448275862,0.28448275862068967,0.12931034482758622,1,0.5467833333333333,0.22095945477485657,TN,XGBoost_B_full
50cb1eb29f47cb3c7184702e90ebecef,27822,0,0.006289308176100629,5,2332,3,-1.0899999999999999,189,4.333333333333333,18.9,0.20105820105820105,0.20634920634920634,0.1693121693121693,1,0.23342000000000002,0.33885446190834045,TN,XGBoost_B_full
f2e3a0adbdb8b940ce52e2f07690366d,2262521,0,0.005208333333333333,1,1979,5,1.44,4,4.25,4.0,0.0,0.25,0.25,0,0.0,0.09922254085540771,TN,XGBoost_B_full
595b82cbe955b09147751ab11e5f0886,45287,0,0.019417475728155338,10,1287,5,0.71,33,4.393939393939394,16.5,0.15151515151515152,0.2727272727272727,0.24242424242424243,0,0.7065,0.23024989664554596,TN,XGBoost_B_full
036145fc6a7e24861edd8401a39218d6,25784766,0,0.014492753623188406,1,596,2,-1.63,131,3.7480916030534353,11.909090909090908,0.22137404580152673,0.1984732824427481,0.22137404580152673,0,0.2324818181818182,0.08457024395465851,TN,XGBoost_B_full
d08982cfbecc551bbb617fe388ca33ae,35606560,0,0.007987220447284345,2,20,3,-1.21,29,3.7586206896551726,7.25,0.1724137931034483,0.20689655172413793,0.2413793103448276,0,0.105375,0.14402957260608673,TN,XGBoost_B_full
95470f7534890b0850c683d689ef26a1,752868,1,0.043010752688172046,5,370,3,-0.48,119,4.394957983193278,23.8,0.2184873949579832,0.17647058823529413,0.17647058823529413,1,0.8088999999999998,0.24222607910633087,FN,XGBoost_B_full
da09c98d9f02128ca273e1ffb1a9ad34,82346,0,0.011869436201780416,20,302,2,-1.4,24,3.9166666666666665,8.0,0.16666666666666666,0.3333333333333333,0.125,0,-0.40136666666666665,0.29884546995162964,TN,XGBoost_B_full
4887dddf8b0ae5795029a53d8697f5bd,21413663,0,0.013333333333333334,20,1244,5,1.31,1047,4.350525310410697,25.536585365853657,0.166189111747851,0.2731614135625597,0.13944603629417382,1,0.22536097560975607,0.8655184507369995,FP,XGBoost_B_full
fb08e756f179bfd0b08d9d11d0289edc,1434,1,0.06611570247933884,20,1647,5,0.9900000000000002,243,4.991769547325103,20.25,0.14814814814814814,0.30864197530864196,0.12757201646090535,1,0.4458,0.26920342445373535,FN,XGBoost_B_full
970b6e048bd2218a885c62d35f9595b4,406373,0,0.0024449877750611247,2,57,5,1.0299999999999998,32,3.75,16.0,0.1875,0.1875,0.1875,0,0.11485000000000001,0.08150610327720642,TN,XGBoost_B_full
26d86c1a2c10787b505255ab1c67438d,27822,0,0.006289308176100629,2,3665,4,-0.08999999999999986,68,4.132352941176471,17.0,0.22058823529411764,0.25,0.16176470588235295,0,-0.05289999999999999,0.3138291537761688,TN,XGBoost_B_full
96a1e02b1b41185342d21357b83aa265,35606560,0,0.001597444089456869,2,16,2,-2.21,132,4.333333333333333,18.857142857142858,0.19696969696969696,0.20454545454545456,0.1893939393939394,1,0.0802857142857143,0.23043876886367798,TN,XGBoost_B_full
5face65315040ae33d641c722aea3861,394424,0,0.014492753623188406,1,1715,5,0.7699999999999996,16,4.0,16.0,0.125,0.25,0.0625,0,0.1511,0.06891556084156036,TN,XGBoost_B_full
d05c5fcb294b0024048f6dbde4066de1,30312512,0,0.01282051282051282,3,379,3,-0.8599999999999999,30,4.2,30.0,0.26666666666666666,0.16666666666666666,0.16666666666666666,1,-0.6527,0.10813161730766296,TN,XGBoost_B_full
b07fbc6d4b8793f2f7e5a909b21780c1,430788,0,0.018867924528301886,1,160,5,0.9199999999999999,37,4.1891891891891895,12.333333333333334,0.24324324324324326,0.24324324324324326,0.21621621621621623,0,0.5443333333333333,0.10718309879302979,TN,XGBoost_B_full
f12ced9fcde0ad24d6495dbe380f3f25,82346,0,0.002967359050445104,1,303,4,0.6000000000000001,125,4.36,12.5,0.184,0.224,0.224,0,0.5338700000000001,0.12808197736740112,TN,XGBoost_B_full
61553acabf202d4f18d2739001bb7d48,45974,1,0.05398110661268556,14,2328,5,0.5,514,4.426070038910506,22.347826086956523,0.15953307392996108,0.22178988326848248,0.18093385214007782,0,0.018900000000000004,0.819039523601532,TP,XGBoost_B_full
01499cd30a4147cce8c5823c4867cc34,78249,1,0.10526315789473684,53,1447,5,1.21,263,4.5399239543726235,21.916666666666668,0.18631178707224336,0.2585551330798479,0.19011406844106463,1,0.24190833333333336,0.4997130036354065,FN,XGBoost_B_full
b244f49f1bcd2cc459ab1f3802d407d0,25334576,0,0.002103049421661409,1,570,5,1.1,56,4.232142857142857,9.333333333333334,0.16071428571428573,0.2857142857142857,0.125,1,0.01416666666666666,0.12227615714073181,TN,XGBoost_B_full
0cb8fab7d91343c51520ed2db3779bb6,14706,0,0.015384615384615385,11,2642,1,-2.93,421,4.513064133016627,26.3125,0.18527315914489312,0.24465558194774348,0.19002375296912113,0,0.211625,0.5168395042419434,FP,XGBoost_B_full
0b4655252d131e2e876e7a5d834c2977,2547,0,0.001594896331738437,1,305,3,-1.2300000000000004,103,4.242718446601942,12.875,0.2524271844660194,0.1553398058252427,0.11650485436893204,1,0.0915875,0.06594648957252502,TN,XGBoost_B_full
728eded2063cbcca59173f4fb28d89d1,25334576,0,0.0010515247108307045,5,381,4,0.10000000000000009,33,3.6363636363636362,11.0,0.15151515151515152,0.18181818181818182,0.2727272727272727,0,0.005500000000000005,0.20657481253147125,TN,XGBoost_B_full
79a3351d8fcef5b4e42cc9a912031154,430788,0,0.012578616352201259,3,308,5,0.9199999999999999,59,4.0508474576271185,14.75,0.15254237288135594,0.23728813559322035,0.2033898305084746,0,0.0853,0.12438435107469559,TN,XGBoost_B_full
5003d03169d7f282e3ca6a9bfbb6c8d0,34023590,0,0.002207505518763797,1,31,5,1.4700000000000002,52,4.115384615384615,17.333333333333332,0.28846153846153844,0.17307692307692307,0.1346153846153846,0,0.2863,0.09220625460147858,TN,XGBoost_B_full
fb48136c83dd44c7089082fbd2a47c29,9583799,0,0.007936507936507936,1,1492,4,0.1200000000000001,125,4.328,17.857142857142858,0.16,0.288,0.128,0,0.32881428571428567,0.2651863992214203,TN,XGBoost_B_full
0bf96aa89043ae596b0bfa3173969d3a,34023590,0,0.002207505518763797,1,121,1,-2.53,63,4.174603174603175,12.6,0.19047619047619047,0.30158730158730157,0.09523809523809523,0,-0.5471,0.13715384900569916,TN,XGBoost_B_full
0b493b9a8c113158e58872060b1f167c,48987,1,0.040160642570281124,7,476,3,-0.6699999999999999,104,4.384615384615385,14.857142857142858,0.22115384615384615,0.22115384615384615,0.15384615384615385,0,0.3118285714285714,0.29839038848876953,FN,XGBoost_B_full
ecbb33a0d9928d6b945529b2157c7120,61049,1,0.09345794392523364,8,2257,5,0.6799999999999997,49,3.979591836734694,8.166666666666666,0.22448979591836735,0.2857142857142857,0.10204081632653061,0,0.0804,0.4340731203556061,FN,XGBoost_B_full
75c9dc89f5dd95bf4601767f4488c2ab,158005,0,0.011494252873563218,4,3185,5,0.9299999999999997,18,5.333333333333333,18.0,0.2222222222222222,0.2222222222222222,0.1111111111111111,0,0.6705,0.12336289882659912,TN,XGBoost_B_full
95b314ada90dfb3af8607f9cdacbdebe,406373,0,0.004889975550122249,2,327,4,0.029999999999999805,25,3.8,12.5,0.28,0.24,0.24,0,0.40855,0.07536453753709793,TN,XGBoost_B_full
8298464aada99f2cfcd96e57cf681579,29376835,1,0.10666666666666667,2,385,2,-1.9,416,4.415865384615385,15.407407407407407,0.16826923076923078,0.27403846153846156,0.15384615384615385,1,0.00039259259259259667,0.2869131863117218,FN,XGBoost_B_full
12eec206597535dae14ee33aefa46e90,223394,1,0.03,8,3651,5,0.9500000000000002,10,4.2,3.3333333333333335,0.2,0.2,0.1,0,0.0,0.15774644911289215,FN,XGBoost_B_full
9e5540f85fe6b4cfcea43ffd28ed5624,394424,0,0.007246376811594203,1,318,2,-2.2300000000000004,33,4.03030303030303,8.25,0.15151515151515152,0.30303030303030304,0.15151515151515152,0,0.20165,0.08991342037916183,TN,XGBoost_B_full
d2e24308230b4ac7e90d7c98a7d45d6a,394424,1,0.050724637681159424,3,3381,2,-2.2300000000000004,5,2.4,5.0,0.4,0.2,0.2,0,0.0,0.10730928182601929,FN,XGBoost_B_full
c57594094b64af117e1490183135f2bb,25334576,0,0.002103049421661409,6,761,5,1.1,109,4.522935779816514,21.8,0.12844036697247707,0.3119266055045872,0.13761467889908258,1,-0.10565999999999998,0.2924981117248535,TN,XGBoost_B_full
e0148d2576cde678db81d18e3146e19b,18674286,1,0.3627450980392157,28,162,5,1.1600000000000001,186,3.9516129032258065,18.6,0.1881720430107527,0.21505376344086022,0.15591397849462366,1,-0.05291999999999998,0.31300830841064453,FN,XGBoost_B_full
489c1ff07ad46c177bda2ccbfb3219e2,292,1,0.02702702702702703,28,690,5,0.9100000000000001,230,3.9695652173913043,14.375,0.21304347826086956,0.2217391304347826,0.11304347826086956,1,0.15495,0.49403536319732666,FN,XGBoost_B_full
fdd43c4cb244929b40cd97d33f303be7,2547,0,0.001594896331738437,28,965,5,0.7699999999999996,443,4.099322799097066,19.26086956521739,0.1580135440180587,0.21670428893905191,0.13769751693002258,1,0.0612478260869565,0.5196555852890015,FP,XGBoost_B_full
a44086b7b107f72c63660dfa3474fdb8,82346,0,0.002967359050445104,6,2081,4,0.6000000000000001,169,4.0828402366863905,8.894736842105264,0.21301775147928995,0.21301775147928995,0.15976331360946747,1,-0.0137736842105263,0.46704530715942383,TN,XGBoost_B_full
3634b9e670e3af9a3c36f61764649857,45974,0,0.001349527665317139,34,2290,4,-0.5,124,5.209677419354839,24.8,0.1774193548387097,0.24193548387096775,0.1935483870967742,0,-0.16024,0.4412931203842163,TN,XGBoost_B_full
d6b82b18315aa5fcd91b954260ede967,752868,1,0.15053763440860216,44,164,4,0.52,1122,4.388591800356506,30.324324324324323,0.19073083778966132,0.22638146167557932,0.14884135472370766,0,0.2912891891891892,0.7490867972373962,TP,XGBoost_B_full
c3842efe701d6e79dcca8e9dd83d8b39,82356,0,0.012552301255230125,44,1293,4,0.27,864,4.361111111111111,45.473684210526315,0.1875,0.21296296296296297,0.16898148148148148,0,0.13960526315789476,0.7504402995109558,FP,XGBoost_B_full
e04df96206260a9b95d7524f3c58f112,82346,1,0.026706231454005934,1,1710,3,-0.3999999999999999,488,4.297131147540983,27.11111111111111,0.1864754098360656,0.22336065573770492,0.16393442622950818,1,0.4568277777777777,0.4637526869773865,FN,XGBoost_B_full
7dc709be3dad93bdce97c3166bc54f12,48987,0,0.01606425702811245,1,1816,2,-1.67,36,4.972222222222222,18.0,0.1388888888888889,0.3055555555555556,0.16666666666666666,0,0.659,0.06866689026355743,TN,XGBoost_B_full
87c8d76c3e5c7ea3e97b177f1e088aea,18295863,0,0.013157894736842105,1,937,4,0.22999999999999998,823,4.563791008505468,26.548387096774192,0.14580801944106925,0.2709599027946537,0.14094775212636695,1,0.06347419354838708,0.3802076578140259,TN,XGBoost_B_full
a885a4fd87fb271a35f62acabf42c72d,34023590,0,0.008830022075055188,1,162,1,-2.53,78,4.076923076923077,9.75,0.21794871794871795,0.3076923076923077,0.11538461538461539,1,0.1447875,0.15981297194957733,TN,XGBoost_B_full
55147663a02a41fcf5f13ab3a993e6de,2547,0,0.001594896331738437,4,1368,3,-1.2300000000000004,132,4.295454545454546,26.4,0.20454545454545456,0.20454545454545456,0.1893939393939394,0,0.26406,0.20901942253112793,TN,XGBoost_B_full
4fd6fcdc4eab8087871e856d589a6d0f,25334576,0,0.0010515247108307045,1,698,3,-0.8999999999999999,130,4.446153846153846,18.571428571428573,0.18461538461538463,0.26153846153846155,0.16153846153846155,0,0.05908571428571428,0.1277395635843277,TN,XGBoost_B_full
5b949abda84d58cd87b481eee399556a,32075857,1,0.31343283582089554,65,30,5,1.42,50,4.38,50.0,0.18,0.26,0.12,0,0.2263,0.6131505966186523,TP,XGBoost_B_full
5f23dba163b4d7fa2294e59337900e36,12384,1,0.33766233766233766,65,248,5,1.0899999999999999,25,3.68,12.5,0.24,0.12,0.28,0,-0.2439,0.6861356496810913,TP,XGBoost_B_full
5d33c150ba24cce42459d4f3eea06438,394424,1,0.07971014492753623,65,387,5,0.7699999999999996,54,3.8518518518518516,27.0,0.14814814814814814,0.25925925925925924,0.09259259259259259,0,0.7638499999999999,0.547441840171814,TP,XGBoost_B_full
82a97493233a68ed3891c6ccbced49ec,535734,1,0.1,65,402,5,1.06,12,3.3333333333333335,12.0,0.25,0.25,0.16666666666666666,0,0.4019,0.4205838143825531,FN,XGBoost_B_full
34015aa89ba14c83daeee6cee53fe0f5,45974,0,0.001349527665317139,1,1452,5,0.5,71,4.169014084507042,14.2,0.22535211267605634,0.16901408450704225,0.23943661971830985,0,0.19716,0.3730769455432892,TN,XGBoost_B_full
36d893c4c31c6a7ccef938d4117458b5,25334576,0,0.002103049421661409,12,342,5,1.1,95,4.168421052631579,15.833333333333334,0.15789473684210525,0.24210526315789474,0.08421052631578947,0,-0.43134999999999996,0.39390718936920166,TN,XGBoost_B_full
1b69f0f165b4d02e6075a9eb77269b1f,30312512,0,0.01282051282051282,4,150,4,0.14000000000000012,134,3.6791044776119404,26.8,0.19402985074626866,0.21641791044776118,0.19402985074626866,1,0.19754,0.30480286478996277,TN,XGBoost_B_full
9d3f9fddb3178c3e58d069133b1dec1e,34023590,1,0.02869757174392936,12,703,5,1.4700000000000002,274,3.795620437956204,16.11764705882353,0.20437956204379562,0.23722627737226276,0.19708029197080293,0,0.1068764705882353,0.6819559335708618,TP,XGBoost_B_full
48b88db9652bbf6ee827e8edc5c7e5ee,383288,0,0.01639344262295082,2,3744,0,-3.58,10,4.3,10.0,0.3,0.2,0.2,0,0.8357,0.14539018273353577,TN,XGBoost_B_full
d02444710b267e52be291a43776c5f6c,2262521,0,0.005208333333333333,1,2280,4,0.43999999999999995,21,4.142857142857143,10.5,0.23809523809523808,0.23809523809523808,0.19047619047619047,0,0.5566,0.09289401769638062,TN,XGBoost_B_full
ab183528d89d6689cf3909aabe115885,21413663,0,0.013333333333333334,4,1088,4,0.31000000000000005,360,4.8,25.714285714285715,0.15555555555555556,0.26666666666666666,0.18888888888888888,1,0.24523571428571428,0.371664434671402,TN,XGBoost_B_full
5a1547d46eac2c2d6b1cf603eecc810e,35606560,0,0.001597444089456869,1,36,3,-1.21,101,4.316831683168317,25.25,0.15841584158415842,0.24752475247524752,0.21782178217821782,0,0.19305,0.1394847184419632,TN,XGBoost_B_full
49a335fd4a7cf68a055acb8b9dbbf298,2547,0,0.009569377990430622,2,2158,5,0.7699999999999996,13,3.6923076923076925,4.333333333333333,0.15384615384615385,0.15384615384615385,0.3076923076923077,0,0.4164333333333334,0.06013801321387291,TN,XGBoost_B_full
4769c52400fe56de17520d9946da3784,27822,0,0.006289308176100629,3,2275,4,-0.08999999999999986,36,4.666666666666667,36.0,0.1388888888888889,0.2222222222222222,0.19444444444444445,0,0.8977,0.1497056931257248,TN,XGBoost_B_full
ac8b2c88f4a991a3f4cafbd02542227d,25334576,0,0.0010515247108307045,1,481,5,1.1,108,4.518518518518518,27.0,0.12962962962962962,0.25,0.14814814814814814,0,-0.170825,0.1302148997783661,TN,XGBoost_B_full
ea40476e4b273e5ea957b38f936cacbd,21413663,1,0.24,12,1260,5,1.31,288,4.677083333333333,16.0,0.1423611111111111,0.2361111111111111,0.19444444444444445,1,0.2669888888888889,0.6169950366020203,TP,XGBoost_B_full
f48e963be1bb27c653611f05e7ab1718,430788,0,0.006289308176100629,5,2134,5,0.9199999999999999,7,4.0,7.0,0.0,0.42857142857142855,0.14285714285714285,0,0.4588,0.22349238395690918,TN,XGBoost_B_full
addd715c1f745bc5af406bac6240c76f,35606560,0,0.001597444089456869,1,27,3,-1.21,17,3.411764705882353,17.0,0.4117647058823529,0.11764705882352941,0.11764705882352941,1,0.7351,0.1282341182231903,TN,XGBoost_B_full
e8c8d30e4dc7f3e76ff08ebbad3aeb90,2547,0,0.003189792663476874,3,1913,5,0.7699999999999996,1132,4.15017667844523,18.557377049180328,0.19081272084805653,0.21908127208480566,0.11307420494699646,1,0.3776409836065574,0.46421951055526733,TN,XGBoost_B_full
e67e7f66821342e262636ec0cc484d45,17726051,0,0.011764705882352941,1,1671,4,0.8300000000000001,223,4.493273542600897,18.583333333333332,0.21076233183856502,0.23766816143497757,0.1210762331838565,1,0.13449166666666668,0.33756962418556213,TN,XGBoost_B_full
e9a9cf074f3aa3476c479fad80203bc6,61049,0,0.018691588785046728,1,3251,5,0.6799999999999997,136,3.963235294117647,19.428571428571427,0.18382352941176472,0.20588235294117646,0.15441176470588236,0,0.20657142857142857,0.6282256841659546,FP,XGBoost_B_full
7605c2e071c62507e6c26883f512cd4a,34023590,0,0.013245033112582781,1,353,2,-1.5299999999999998,1894,4.300422386483633,17.21818181818182,0.19746568109820486,0.21647307286166842,0.1562829989440338,1,-0.0008081818181818169,0.18673905730247498,TN,XGBoost_B_full
8c3e91a0168c02527917f6f5849297d9,82356,0,0.012552301255230125,2,2385,2,-1.73,39,3.717948717948718,7.8,0.38461538461538464,0.15384615384615385,0.20512820512820512,0,-0.15066000000000002,0.1269381046295166,TN,XGBoost_B_full
c6dba36c57d3e9c734c952f9d4b56c87,45974,0,0.004048582995951417,9,1613,5,0.5,41,3.975609756097561,13.666666666666666,0.14634146341463414,0.21951219512195122,0.14634146341463414,0,-0.04766666666666667,0.42548540234565735,TN,XGBoost_B_full
07722ae361b41e19b33f2289cf1cbb57,21413663,0,0.006666666666666667,7,1239,3,-0.69,37,4.648648648648648,18.5,0.2702702702702703,0.08108108108108109,0.2702702702702703,0,0.58515,0.3364286720752716,TN,XGBoost_B_full
9a38672d5278bb8c600da1d72cd76329,25334576,0,0.0010515247108307045,1,359,4,0.10000000000000009,60,4.266666666666667,10.0,0.3,0.2,0.11666666666666667,0,0.37138333333333334,0.13802751898765564,TN,XGBoost_B_full
131bc3a337b535f312b162a1184b59ab,34023590,1,0.04415011037527594,6,163,0,-3.53,410,4.131707317073171,9.534883720930232,0.1975609756097561,0.21707317073170732,0.16829268292682928,1,0.058572093023255806,0.4522632658481598,FN,XGBoost_B_full
3f74704a076f4e8efd5f4761a73d58e1,25334576,0,0.0010515247108307045,1,349,5,1.1,68,4.25,6.8,0.22058823529411764,0.3382352941176471,0.058823529411764705,0,-0.27404,0.12842385470867157,TN,XGBoost_B_full
dfd41fe79bae96b34fcd0c74f17646a9,24874364,0,0.00684931506849315,2,709,2,-1.9300000000000002,11,3.4545454545454546,11.0,0.18181818181818182,0.18181818181818182,0.45454545454545453,0,-0.2411,0.04732402786612511,TN,XGBoost_B_full
33abff0800fd6d9ec7f9da614815f037,768496,1,0.09848484848484848,3,2449,4,-0.09999999999999964,499,4.054108216432866,18.48148148148148,0.17835671342685372,0.23446893787575152,0.15030060120240482,0,0.2482851851851852,0.4655640721321106,FN,XGBoost_B_full
377ebfb527a1c5e54c8ab4dbcb2df11c,150253,0,0.014084507042253521,4,253,5,0.6299999999999999,42,4.0476190476190474,21.0,0.11904761904761904,0.23809523809523808,0.23809523809523808,0,0.6899500000000001,0.19578740000724792,TN,XGBoost_B_full
20af137b420eda63a2def92ca66522b0,16128045,1,0.109375,14,1815,5,0.5800000000000001,67,4.626865671641791,16.75,0.22388059701492538,0.23880597014925373,0.07462686567164178,0,0.5539499999999999,0.407172828912735,FN,XGBoost_B_full
5a6b3435130c3b673354280ba273ba23,35606560,0,0.001597444089456869,2,23,3,-1.21,119,4.201680672268908,17.0,0.17647058823529413,0.25210084033613445,0.14285714285714285,0,0.2815571428571429,0.16090770065784454,TN,XGBoost_B_full
26dcc5735c40cc9a4e26d4e58f8f22f1,2547,0,0.006379585326953748,1,270,5,0.7699999999999996,38,4.2894736842105265,9.5,0.18421052631578946,0.23684210526315788,0.2894736842105263,0,0.0,0.06872415542602539,TN,XGBoost_B_full
518f594976b5f1da156c57f2692b0f62,35606560,0,0.001597444089456869,1,28,5,0.79,19,4.105263157894737,4.75,0.21052631578947367,0.2631578947368421,0.10526315789473684,0,0.0,0.20098210871219635,TN,XGBoost_B_full
89cbc3c6b25aa0e3ee506ad65c690216,35606560,0,0.001597444089456869,1,32,5,0.79,25,4.44,8.333333333333334,0.0,0.28,0.44,0,0.37000000000000005,0.2258259356021881,TN,XGBoost_B_full
9b16b47bf8889151a286d93c8dc4253b,792712,0,0.008130081300813009,9,2103,3,-1.3200000000000003,29,4.482758620689655,29.0,0.13793103448275862,0.3103448275862069,0.10344827586206896,0,0.0,0.2554054260253906,TN,XGBoost_B_full
01c49ea9aa374dfebecc82f4c8a1e4f1,35606560,0,0.003194888178913738,1,27,5,0.79,172,4.058139534883721,17.2,0.20930232558139536,0.22093023255813954,0.1686046511627907,0,0.18397000000000002,0.18333517014980316,TN,XGBoost_B_full
1db30671a6dcc61f37f92e9d0ab01cec,32810456,1,0.11764705882352941,27,293,3,-0.9900000000000002,155,4.296774193548387,17.22222222222222,0.2,0.33548387096774196,0.0967741935483871,0,0.3263777777777778,0.5407637357711792,TP,XGBoost_B_full
306e3ddec8e560c3b9e69f8e6d96b66e,34023590,0,0.002207505518763797,2,38,3,-0.5299999999999998,40,3.775,8.0,0.35,0.15,0.175,0,0.13252000000000003,0.1382329910993576,TN,XGBoost_B_full
2a05627898350122aef287ba8ee4b13f,16241798,1,0.5142857142857142,64,1693,5,0.8600000000000003,1944,4.818930041152264,25.246753246753247,0.14300411522633744,0.25205761316872427,0.17849794238683128,1,0.12695064935064934,0.6344512701034546,TP,XGBoost_B_full
615ea09d0f0fa1f535350a6d947442f3,45974,0,0.006747638326585695,64,3630,5,0.5,118,5.245762711864407,23.6,0.17796610169491525,0.2457627118644068,0.1694915254237288,1,-0.01961999999999999,0.7391936779022217,FP,XGBoost_B_full
fbf5cdd895cdf36db1f8b1041afce342,9583799,1,0.03968253968253968,9,1648,2,-1.88,418,4.186602870813397,17.416666666666668,0.18660287081339713,0.21770334928229665,0.1507177033492823,1,0.14234166666666664,0.5030885338783264,TP,XGBoost_B_full
b125fb70391f50ea39a20ea1ed94bd62,24874364,1,0.02054794520547945,1,96,4,0.06999999999999984,51,4.196078431372549,10.2,0.23529411764705882,0.1568627450980392,0.2549019607843137,0,0.30389999999999995,0.0871928334236145,FN,XGBoost_B_full
4b0cedd9cbc80047446eb2bb7d027577,768496,0,0.007575757575757576,1,182,5,0.9000000000000004,357,4.563025210084033,18.789473684210527,0.14565826330532214,0.2857142857142857,0.1484593837535014,1,0.014052631578947369,0.23541487753391266,TN,XGBoost_B_full
e90fe347d7d362f970f93d2cdcc09253,35606560,0,0.003194888178913738,1,23,4,-0.20999999999999996,158,4.139240506329114,22.571428571428573,0.22784810126582278,0.15822784810126583,0.1518987341772152,0,0.08342857142857144,0.20632773637771606,TN,XGBoost_B_full
da4d76f27840858c448f204b0a50734a,16128045,1,0.046875,2,1713,5,0.5800000000000001,345,4.231884057971015,15.0,0.2,0.2492753623188406,0.17101449275362318,1,0.18134347826086958,0.5696353316307068,TP,XGBoost_B_full
85aea755269ea94b30d7f5a268a13abe,75504,0,0.01639344262295082,9,974,4,-0.28000000000000025,112,3.9107142857142856,112.0,0.15178571428571427,0.25892857142857145,0.09821428571428571,0,-0.5719,0.39826247096061707,TN,XGBoost_B_full
a5d8b2c951259dc8d541525816a471bb,16128045,1,0.28125,15,1822,0,-4.42,22,3.4545454545454546,11.0,0.3181818181818182,0.18181818181818182,0.045454545454545456,0,0.4221,0.268860399723053,FN,XGBoost_B_full
5b4011540a55a1f52263ae2ed82f691d,34023590,0,0.002207505518763797,5,123,1,-2.53,385,4.54025974025974,20.263157894736842,0.18701298701298702,0.21818181818181817,0.19220779220779222,0,-0.034384210526315774,0.39766356348991394,TN,XGBoost_B_full
3860f5358919652de6a10f2baba4c4f8,30312512,0,0.01282051282051282,1,250,5,1.1400000000000001,28,3.75,9.333333333333334,0.25,0.17857142857142858,0.14285714285714285,0,0.2618,0.07331692427396774,TN,XGBoost_B_full
f786a5800ddbf3c0ebe4b2bd648b3e94,34023590,0,0.004415011037527594,1,258,5,1.4700000000000002,501,4.3532934131736525,11.133333333333333,0.15768463073852296,0.2315369261477046,0.21956087824351297,0,-0.12717333333333336,0.22031578421592712,TN,XGBoost_B_full
4ad12e9dffd303b9730e497ba98d85af,394424,0,0.007246376811594203,11,550,3,-1.2300000000000004,14,4.428571428571429,7.0,0.21428571428571427,0.14285714285714285,0.21428571428571427,0,0.53735,0.14873071014881134,TN,XGBoost_B_full
918140682792070e31df43240f0948c6,75504,0,0.01639344262295082,2,3620,4,-0.28000000000000025,8,4.125,8.0,0.125,0.25,0.375,0,-0.802,0.06499173492193222,TN,XGBoost_B_full
89a15d99dd829f86b64cadf213ece2fd,406373,0,0.004889975550122249,14,2932,4,0.029999999999999805,206,4.975728155339806,29.428571428571427,0.15048543689320387,0.2669902912621359,0.1553398058252427,1,0.009257142857142856,0.38338592648506165,TN,XGBoost_B_full
3e188cbc4e7d56235004c37262fbf98e,2547,0,0.001594896331738437,3,1863,4,-0.23000000000000043,208,4.394230769230769,20.8,0.19230769230769232,0.20673076923076922,0.17307692307692307,1,0.24183,0.3554432690143585,TN,XGBoost_B_full
eaf690c536b8a4a79d142a63ae6b8b53,25334576,0,0.002103049421661409,2,291,4,0.10000000000000009,27,4.296296296296297,13.5,0.1111111111111111,0.2962962962962963,0.1111111111111111,0,-0.008599999999999997,0.15648645162582397,TN,XGBoost_B_full
51b98e6d167c22f0987f6b666a65f795,7044365,1,0.9264705882352942,1,2073,4,0.3900000000000001,54,4.166666666666667,13.5,0.14814814814814814,0.25925925925925924,0.2222222222222222,0,0.7077,0.18562103807926178,FN,XGBoost_B_full
fb1de3ea339362ccd1dfa2216a3bd77c,45974,0,0.001349527665317139,1,3199,5,0.5,43,4.27906976744186,14.333333333333334,0.20930232558139536,0.2558139534883721,0.16279069767441862,0,0.14049999999999999,0.44175705313682556,TN,XGBoost_B_full
0c43fe69e826a2e94bfd8256887fb261,17333426,0,0.0037174721189591076,1,1324,1,-3.12,23,3.9130434782608696,7.666666666666667,0.2608695652173913,0.21739130434782608,0.21739130434782608,0,-0.23286666666666664,0.07208328694105148,TN,XGBoost_B_full
4a07af288c691048d8530bee2eb93561,9639765,1,0.02564102564102564,18,1825,5,0.9500000000000002,418,4.356459330143541,16.076923076923077,0.16267942583732056,0.2799043062200957,0.1339712918660287,1,0.04773461538461538,0.7518090009689331,TP,XGBoost_B_full
df2fe8ff4c7e63cf2dbe01dee35fdfa5,2547,0,0.001594896331738437,1,1795,4,-0.23000000000000043,19,3.8421052631578947,6.333333333333333,0.15789473684210525,0.3157894736842105,0.21052631578947367,0,0.3178,0.07840780913829803,TN,XGBoost_B_full
81e92d9155bca093b4e2514227e3f280,18295863,1,0.17105263157894737,177,381,4,0.22999999999999998,223,3.991031390134529,15.928571428571429,0.2062780269058296,0.23318385650224216,0.16143497757847533,1,0.13209999999999997,0.9147380590438843,TP,XGBoost_B_full
0f4eca62766d63fa112bcf6e58b1610c,25334576,1,0.028391167192429023,177,751,4,0.10000000000000009,308,4.340909090909091,19.25,0.21428571428571427,0.21428571428571427,0.1590909090909091,1,-0.06819374999999998,0.8999850749969482,TP,XGBoost_B_full
897fc6400dd3f266acaa681ad56b9f88,25176023,1,0.1276595744680851,177,777,5,0.7199999999999998,56,4.982142857142857,28.0,0.14285714285714285,0.26785714285714285,0.19642857142857142,0,0.6308499999999999,0.6704735159873962,TP,XGBoost_B_full
6187d918e0f1d0d2f453f6101e66aab6,48987,1,0.13253012048192772,177,2344,4,0.33000000000000007,255,4.286274509803921,23.181818181818183,0.2,0.20392156862745098,0.1411764705882353,1,0.23649999999999996,0.7665737867355347,TP,XGBoost_B_full
4f0706b5177eac4f987cfa908391bdbd,2547,0,0.001594896331738437,4,137,5,0.7699999999999996,226,4.168141592920354,17.384615384615383,0.1902654867256637,0.20353982300884957,0.1415929203539823,0,0.2366076923076923,0.22154054045677185,TN,XGBoost_B_full
d2c0a29e43798c74802471346365ed91,29425278,1,0.043010752688172046,2,559,5,0.6399999999999997,23,5.130434782608695,11.5,0.13043478260869565,0.2608695652173913,0.17391304347826086,0,0.6649,0.0694776251912117,FN,XGBoost_B_full
be1cb2e8f0d5d7605e8256854651f184,24874364,0,0.00684931506849315,2,700,4,0.06999999999999984,82,4.987804878048781,20.5,0.2073170731707317,0.15853658536585366,0.32926829268292684,0,0.201925,0.16162723302841187,TN,XGBoost_B_full
641055c965e9500f533f4ba266c44c6d,367802,0,0.009852216748768473,16,1646,4,-0.20000000000000018,366,4.180327868852459,40.666666666666664,0.15027322404371585,0.27595628415300544,0.15027322404371585,1,0.35152222222222224,0.7421712279319763,FP,XGBoost_B_full
b9f5a711f54a60d0e3ec8ae816288ccd,25334576,0,0.0010515247108307045,3,438,4,0.10000000000000009,11,4.090909090909091,3.6666666666666665,0.09090909090909091,0.2727272727272727,0.2727272727272727,0,0.1635,0.13633015751838684,TN,XGBoost_B_full
e11a132179144a7fe3fec72790ce248d,78249,1,0.031578947368421054,16,2048,4,0.20999999999999996,313,4.204472843450479,14.904761904761905,0.17891373801916932,0.26198083067092653,0.16613418530351437,0,0.11902857142857146,0.5484842658042908,TP,XGBoost_B_full
423eecf909f10301488b94e0e140d64c,11248257,0,0.004405286343612335,3,1113,5,1.42,13,3.5384615384615383,13.0,0.07692307692307693,0.23076923076923078,0.3076923076923077,0,-0.4019,0.09905961900949478,TN,XGBoost_B_full
ee608cc956f02427be0c3d7ce1230ed2,25334576,0,0.0010515247108307045,1,750,3,-0.8999999999999999,159,4.433962264150943,17.666666666666668,0.2138364779874214,0.18867924528301888,0.23270440251572327,0,0.13304444444444444,0.16835202276706696,TN,XGBoost_B_full
1e232a2e0c1999adb5da1994780838b2,7428663,0,0.016666666666666666,4,1232,4,-0.2999999999999998,67,5.0,33.5,0.13432835820895522,0.31343283582089554,0.05970149253731343,0,0.0,0.14854739606380463,TN,XGBoost_B_full
b5c4ca1f2a6acdc0acd10f45d8ab8429,35606560,0,0.01757188498402556,1,63,5,0.79,31,4.483870967741935,10.333333333333334,0.1935483870967742,0.2903225806451613,0.16129032258064516,0,0.5878666666666666,0.17635178565979004,TN,XGBoost_B_full
e2b46d94a9e009d9cd92d9dd17590156,17726051,1,0.03529411764705882,2,1235,3,-0.16999999999999993,161,3.7763975155279503,14.636363636363637,0.21739130434782608,0.19875776397515527,0.22981366459627328,0,0.2914454545454545,0.29260510206222534,FN,XGBoost_B_full
446ac5af6591e5c8332fee97011df77c,17333426,0,0.007434944237918215,1,1493,0,-4.12,36,3.638888888888889,7.2,0.19444444444444445,0.19444444444444445,0.2222222222222222,0,0.33336,0.2342083901166916,TN,XGBoost_B_full
f248a80570606a326011f57edf77034a,61049,0,0.009345794392523364,10,1339,5,0.6799999999999997,81,4.728395061728395,11.571428571428571,0.2222222222222222,0.2222222222222222,0.16049382716049382,0,0.24661428571428573,0.3595196008682251,TN,XGBoost_B_full
362bc36f6772dfcb9d06115add56eaa2,394424,0,0.014492753623188406,2,1943,3,-1.2300000000000004,134,4.440298507462686,12.181818181818182,0.23880597014925373,0.22388059701492538,0.22388059701492538,1,0.33706363636363634,0.2915390729904175,TN,XGBoost_B_full
ff4cae120156750aea4591ccb4388c77,34023590,0,0.002207505518763797,1,230,2,-1.5299999999999998,112,4.241071428571429,14.0,0.21428571428571427,0.21428571428571427,0.16964285714285715,0,-0.15726250000000003,0.12277122586965561,TN,XGBoost_B_full
0451966e37122fc1d042d75cac56c873,2547,0,0.001594896331738437,28,127,4,-0.23000000000000043,38,3.8684210526315788,19.0,0.2894736842105263,0.15789473684210525,0.10526315789473684,0,-0.0616,0.1659591645002365,TN,XGBoost_B_full
3ab9b8279fa3ab417f69e5b209abb670,394424,0,0.007246376811594203,2,2146,4,-0.23000000000000043,73,4.164383561643835,14.6,0.2876712328767123,0.2328767123287671,0.1506849315068493,1,0.29652,0.2013508379459381,TN,XGBoost_B_full
1778e5b28dc44601bfb27c8f05b496ae,25334576,0,0.0010515247108307045,1,253,3,-0.8999999999999999,5,4.6,5.0,0.0,0.4,0.4,0,-0.4939,0.09072614461183548,TN,XGBoost_B_full
aa49fd34eb75f7658062ef3885e1cd0f,768496,1,0.022727272727272728,1,1596,5,0.9000000000000004,80,3.75,13.333333333333334,0.2125,0.2125,0.125,0,0.19374999999999998,0.18505962193012238,FN,XGBoost_B_full
3784e068a9da2c9f30ab6e478476640d,394424,1,0.043478260869565216,2,3498,4,-0.23000000000000043,119,4.38655462184874,14.875,0.226890756302521,0.21008403361344538,0.20168067226890757,0,0.1407375,0.29869937896728516,FN,XGBoost_B_full
473c1991d2cd763df221f146b480583e,2262521,0,0.005208333333333333,9,1141,3,-0.56,46,4.543478260869565,15.333333333333334,0.13043478260869565,0.1956521739130435,0.21739130434782608,0,0.1494,0.309571236371994,TN,XGBoost_B_full
67cf55c5ab43fec77a9be06d79cf89b4,82356,1,0.03765690376569038,3,600,4,0.27,731,4.218878248974009,17.829268292682926,0.17373461012311903,0.2558139534883721,0.13953488372093023,0,0.06494878048780488,0.31657248735427856,FN,XGBoost_B_full
552b7b5f0ab784c4acfb322fd0ccc9b9,82346,1,0.020771513353115726,3,636,4,0.6000000000000001,388,4.332474226804123,17.636363636363637,0.19329896907216496,0.24484536082474226,0.16494845360824742,0,0.3395272727272727,0.39552921056747437,FN,XGBoost_B_full
e656e39775d854cd132908a3f1933da2,82356,0,0.0041841004184100415,2,1923,5,1.27,35,4.485714285714286,11.666666666666666,0.14285714285714285,0.2,0.2,0,0.6043,0.058191608637571335,TN,XGBoost_B_full
d9818cfad253b03108c8d314d5497437,75504,0,0.01639344262295082,1,2131,5,0.7199999999999998,6,3.8333333333333335,6.0,0.0,0.3333333333333333,0.16666666666666666,0,0.4588,0.0844535306096077,TN,XGBoost_B_full
630c8a57a5837c8f7d0e862c9bc9cacf,34023590,0,0.002207505518763797,1,113,2,-1.5299999999999998,94,4.425531914893617,11.75,0.20212765957446807,0.2127659574468085,0.2127659574468085,0,-0.062287499999999996,0.09485646337270737,TN,XGBoost_B_full
62471f7091cb6688f098a0baf27527d7,158005,1,0.022988505747126436,4,2107,5,0.9299999999999997,12,3.4166666666666665,12.0,0.08333333333333333,0.3333333333333333,0.0,0,0.0,0.19164374470710754,FN,XGBoost_B_full
3a4031923532a7cce2efd2fb6e178273,61049,0,0.009345794392523364,8,303,0,-4.32,227,4.0176211453744495,18.916666666666668,0.23348017621145375,0.19823788546255505,0.19383259911894274,0,0.24726666666666666,0.38237616419792175,TN,XGBoost_B_full
34f036c95f82410262ccf7d228e7c5fd,34023590,0,0.006622516556291391,3,123,0,-3.53,75,4.44,15.0,0.25333333333333335,0.26666666666666666,0.18666666666666668,0,0.07454,0.19594500958919525,TN,XGBoost_B_full
9e0eac27c5e2d46b3548fd9583112d50,63114,1,0.04081632653061224,92,475,4,-0.5300000000000002,507,4.325443786982248,22.043478260869566,0.16962524654832348,0.2485207100591716,0.16962524654832348,1,0.2366913043478261,0.7795097827911377,TP,XGBoost_B_full
6c6d3f02fba8372bb89911d29f84694a,45974,0,0.006747638326585695,92,475,4,-0.5,249,4.289156626506024,9.576923076923077,0.24096385542168675,0.2248995983935743,0.14056224899598393,1,0.11651153846153847,0.8425731658935547,FP,XGBoost_B_full
6e87e83b04edaec5d2bd5e40c8e07de7,9639765,0,0.008547008547008548,25,1747,4,-0.04999999999999982,105,4.571428571428571,21.0,0.12380952380952381,0.2761904761904762,0.17142857142857143,0,0.002860000000000007,0.4723116457462311,TN,XGBoost_B_full
f2b94fce585061b91b3671c7cd8fc7af,367802,0,0.009852216748768473,25,2127,3,-1.2000000000000002,429,4.226107226107226,20.428571428571427,0.1888111888111888,0.2703962703962704,0.1794871794871795,1,-0.13029999999999997,0.6668290495872498,FP,XGBoost_B_full
553138adb72899b61c030d1b9e39509e,28645638,0,0.01680672268907563,12,411,5,0.8399999999999999,21,4.238095238095238,10.5,0.2857142857142857,0.2857142857142857,0.09523809523809523,1,0.3498,0.25425389409065247,TN,XGBoost_B_full
eafd6eef8aa3fccd12e38b5f45dbbc7d,215686,1,0.21311475409836064,2,3347,1,-3.0599999999999996,1580,4.659493670886076,38.53658536585366,0.189873417721519,0.2272151898734177,0.14873417721518986,1,-0.02285853658536586,0.687924861907959,TP,XGBoost_B_full
b1faa664b687c5a7266886887c5f597f,45974,1,0.06072874493927125,2,3379,4,-0.5,1597,4.552285535378835,32.59183673469388,0.18159048215403883,0.23544145272385722,0.14965560425798372,1,0.14140204081632654,0.7087420225143433,TP,XGBoost_B_full
3738cd413e08c9c375b15fd5bef9ac60,82356,1,0.2719665271966527,18,141,3,-0.73,372,4.0,11.272727272727273,0.18548387096774194,0.22043010752688172,0.11827956989247312,1,0.08197575757575756,0.767518162727356,TP,XGBoost_B_full
01044138f6fa7bc2535c59c9899a2e32,14706,1,0.37948717948717947,18,434,4,0.06999999999999984,945,4.132275132275132,17.181818181818183,0.20846560846560847,0.2275132275132275,0.15555555555555556,1,0.06101090909090909,0.6925471425056458,TP,XGBoost_B_full
513b5ca00e70c62b98295763f3745b61,17788340,1,0.05825242718446602,4,1666,5,0.29000000000000004,117,3.58974358974359,7.8,0.24786324786324787,0.20512820512820512,0.1282051282051282,0,0.041113333333333335,0.31044769287109375,FN,XGBoost_B_full
faffb2485acca4c5d742c5d9775d2f9d,9583799,0,0.015873015873015872,2,1916,4,0.1200000000000001,282,4.287234042553192,20.142857142857142,0.1702127659574468,0.23049645390070922,0.13829787234042554,1,0.15167142857142854,0.3991442918777466,TN,XGBoost_B_full
a12538d1c5315fc3fa14f2721f425999,48987,0,0.004016064257028112,2,598,4,0.33000000000000007,9,4.555555555555555,9.0,0.0,0.2222222222222222,0.3333333333333333,0,0.2023,0.15342959761619568,TN,XGBoost_B_full
c52514678bd178b0b13be87172c6ad05,18295863,0,0.013157894736842105,23,1298,4,0.22999999999999998,187,4.588235294117647,14.384615384615385,0.17647058823529413,0.24598930481283424,0.18716577540106952,1,0.20850769230769234,0.530859649181366,FP,XGBoost_B_full
9a6e0b262a7111c6e248cfa2cfb34acc,9639765,1,0.042735042735042736,13,1410,4,-0.04999999999999982,28,5.035714285714286,28.0,0.10714285714285714,0.35714285714285715,0.25,0,-0.2023,0.20207875967025757,FN,XGBoost_B_full
3c436c96f46b2b359bd8107deafa46dc,14706,0,0.005128205128205128,4,1968,0,-3.93,93,3.7204301075268815,31.0,0.15053763440860216,0.16129032258064516,0.21505376344086022,0,-0.052700000000000004,0.19655050337314606,TN,XGBoost_B_full
11a7a6625b6f02b4e33e788ee9b15470,18674286,1,0.029411764705882353,1,986,4,0.16000000000000014,80,4.0375,26.666666666666668,0.175,0.225,0.2,1,-0.28136666666666665,0.16129685938358307,FN,XGBoost_B_full
d1eb903155f4079fae801aa635a62082,17333426,1,0.02973977695167286,4,850,5,0.8799999999999999,28,4.285714285714286,9.333333333333334,0.25,0.32142857142857145,0.14285714285714285,0,0.1998,0.14283059537410736,FN,XGBoost_B_full
626f9d81e53b095431f8357a2363bd74,45974,0,0.01349527665317139,24,1576,3,-1.5,216,4.185185185185185,30.857142857142858,0.18518518518518517,0.22685185185185186,0.18981481481481483,1,0.43224285714285715,0.48040130734443665,TN,XGBoost_B_full
00eb43a16ceee932f966e62d069c8b82,768496,0,0.007575757575757576,1,215,4,-0.09999999999999964,245,4.375510204081633,18.846153846153847,0.20408163265306123,0.2571428571428571,0.13877551020408163,0,0.3429923076923077,0.18924233317375183,TN,XGBoost_B_full
0ee562bc233888395e9eeae517e2c394,25784766,0,0.014492753623188406,1,682,4,0.3700000000000001,69,4.144927536231884,17.25,0.21739130434782608,0.2318840579710145,0.11594202898550725,0,0.253125,0.1788243055343628,TN,XGBoost_B_full
bc539f9b5c7ff42d895cf8d52b431eb5,25334576,0,0.0010515247108307045,1,493,4,0.10000000000000009,25,4.76,6.25,0.24,0.2,0.32,0,-0.018000000000000002,0.10907278209924698,TN,XGBoost_B_full
96776ed5b5551dc6fef8503eb686e010,25334576,0,0.0010515247108307045,7,543,5,1.1,2,8.0,2.0,0.0,0.0,1.0,0,0.5719,0.11396197974681854,TN,XGBoost_B_full
d2dc613030ea9b2e2a344a83a334ad28,75504,0,0.01639344262295082,1,2091,5,0.7199999999999998,17,3.6470588235294117,8.5,0.17647058823529413,0.4117647058823529,0.058823529411764705,0,0.1806,0.08842878043651581,TN,XGBoost_B_full
e312aa672c539102ab217a95248dff33,158005,0,0.011494252873563218,5,2078,4,-0.07000000000000028,48,3.75,12.0,0.14583333333333334,0.25,0.14583333333333334,0,-0.025099999999999997,0.29614049196243286,TN,XGBoost_B_full
88f57e85ab52491903966cf0a37e7d08,45974,0,0.001349527665317139,1,3571,0,-4.5,8,4.5,8.0,0.125,0.25,0.5,0,0.4902,0.07324963063001633,TN,XGBoost_B_full
ac0c3f68c0fe89f4bb1e27aab96a2645,34023590,0,0.004415011037527594,1,141,4,0.4700000000000002,296,3.972972972972973,15.578947368421053,0.20945945945945946,0.21283783783783783,0.15878378378378377,0,0.07976315789473683,0.27550947666168213,TN,XGBoost_B_full
8d6daba2b1d109ba410e58c5b24ce4f0,430788,0,0.006289308176100629,5,1680,5,0.9199999999999999,7,4.428571428571429,3.5,0.14285714285714285,0.42857142857142855,0.0,0,0.0,0.19259758293628693,TN,XGBoost_B_full
a9cee86113532076ecf0a238b7b6c52b,27822,0,0.006289308176100629,3,1145,5,0.9100000000000001,1241,4.472199838839646,26.97826086956522,0.1845286059629331,0.20064464141821112,0.1651893634165995,0,0.13622173913043478,0.3785345256328583,TN,XGBoost_B_full
3898b9ef37d15c3e608f7dcf8e40393a,9583799,0,0.015873015873015872,1,1676,5,1.12,20,4.3,6.666666666666667,0.25,0.15,0.3,0,0.6779000000000001,0.09852470457553864,TN,XGBoost_B_full
c60f4c64ccb677e8aadaa61fdc07e55d,7882218,0,0.0035335689045936395,75,1503,4,-0.5,52,3.9615384615384617,52.0,0.09615384615384616,0.21153846153846154,0.17307692307692307,1,0.9305,0.42058953642845154,TN,XGBoost_B_full
5fe319ed27c865831803dd3c7dedddf5,2262521,1,0.3541666666666667,69,1972,3,-0.56,1234,4.188816855753647,20.566666666666666,0.15559157212317667,0.33144246353322526,0.1353322528363047,1,0.07072333333333333,0.9019593596458435,TP,XGBoost_B_full
01ea13cd14aca4be86fa011820391304,75504,0,0.01639344262295082,1,2071,5,0.7199999999999998,120,4.125,20.0,0.15833333333333333,0.275,0.11666666666666667,1,0.18145,0.2972913980484009,TN,XGBoost_B_full
a765a5bc96ef3958fc6223e8761a470b,17788340,1,0.34951456310679613,21,1683,5,0.29000000000000004,159,4.150943396226415,26.5,0.15723270440251572,0.2641509433962264,0.18238993710691823,0,0.0496,0.6895898580551147,TP,XGBoost_B_full
19a910ca2f9c5df607f9c252c1f40faf,2262521,0,0.010416666666666666,1,1384,5,1.44,85,4.447058823529412,14.166666666666666,0.17647058823529413,0.18823529411764706,0.25882352941176473,1,0.7061000000000001,0.4547441899776459,TN,XGBoost_B_full
633b40d44ef89b1750eebc8ac12e97f2,28645638,0,0.008403361344537815,2,333,4,-0.16000000000000014,75,4.253333333333333,15.0,0.16,0.26666666666666666,0.16,0,0.69692,0.1767013669013977,TN,XGBoost_B_full
787b53cf7c46bc85ef45ed3aece174b6,2547,0,0.001594896331738437,1,1650,4,-0.23000000000000043,36,3.8333333333333335,12.0,0.16666666666666666,0.19444444444444445,0.1388888888888889,0,0.32516666666666666,0.06356538087129593,TN,XGBoost_B_full
f38ab0fe2d0e34bd72ebd9e72669e7ce,45974,1,0.02699055330634278,4,937,2,-2.5,665,4.073684210526316,15.465116279069768,0.2,0.21654135338345865,0.162406015037594,1,0.11065116279069767,0.3901204466819763,FN,XGBoost_B_full
87f7b3a127934f2c6a6402136c4108c7,14706,0,0.005128205128205128,1,1295,5,1.0699999999999998,25,4.08,25.0,0.16,0.2,0.12,0,0.1406,0.0728749930858612,TN,XGBoost_B_full
f994cdf5e923e314f22c0b6b7d1cc150,2262521,0,0.005208333333333333,1,210,2,-1.56,112,3.8392857142857144,22.4,0.16964285714285715,0.2857142857142857,0.10714285714285714,0,-0.05810000000000002,0.12713436782360077,TN,XGBoost_B_full
ae29af25393dd272bffff2fbb387b57d,17788340,0,0.009708737864077669,2,1497,5,0.29000000000000004,8,4.375,8.0,0.375,0.125,0.25,0,0.0,0.11566077917814255,TN,XGBoost_B_full
3ac36de07b39d72fdebe11f8b414b7af,2262521,0,0.005208333333333333,1,1855,3,-0.56,86,4.453488372093023,10.75,0.1744186046511628,0.3023255813953488,0.13953488372093023,0,0.06705,0.2110794335603714,TN,XGBoost_B_full
6e684cddb64ad3213d029e2d2a75c523,25334576,1,0.02103049421661409,3,504,5,1.1,15,4.8,7.5,0.2,0.2,0.3333333333333333,0,-0.17975,0.11049957573413849,FN,XGBoost_B_full
a356958ab5201f703197dc3c563db1fa,2547,0,0.012759170653907496,3,1744,5,0.7699999999999996,1168,4.016267123287672,19.147540983606557,0.1703767123287671,0.2131849315068493,0.11815068493150685,1,0.16709016393442624,0.5510050058364868,FP,XGBoost_B_full
8045a76dc9845dcfbd43b2fb244e38c0,34023590,1,0.02207505518763797,2,209,5,1.4700000000000002,193,4.217616580310881,12.0625,0.23316062176165803,0.19170984455958548,0.17098445595854922,0,0.11390625000000001,0.12905991077423096,FN,XGBoost_B_full
a1d1c313993861637e4fa48c8d8c4a49,12384,1,0.03896103896103896,1,2046,4,0.08999999999999986,142,5.091549295774648,28.4,0.14788732394366197,0.24647887323943662,0.19718309859154928,1,0.053880000000000004,0.4781613349914551,FN,XGBoost_B_full
c40e6887668f4669279efce6c93198ba,25334576,0,0.0010515247108307045,1,650,4,0.10000000000000009,28,5.107142857142857,14.0,0.14285714285714285,0.17857142857142858,0.2857142857142857,0,0.69185,0.08496207743883133,TN,XGBoost_B_full
2a0d27bd5b84ff00fe37cae2721076f7,17575120,1,0.927536231884058,73,181,5,0.8799999999999999,715,4.489510489510489,28.6,0.17342657342657342,0.25594405594405595,0.16923076923076924,1,-0.16429199999999994,0.7343589663505554,TP,XGBoost_B_full
0574b85511a5e6cbeec2706d48cb871c,82346,1,0.2878338278931751,73,2880,3,-0.3999999999999999,358,4.472067039106145,19.88888888888889,0.14804469273743018,0.24860335195530725,0.16759776536312848,1,0.2044888888888889,0.7238381505012512,TP,XGBoost_B_full
fe853b35a23b4e95f5e82aecc1c02d9d,197698,1,0.47058823529411764,73,3187,4,-0.3200000000000003,111,4.594594594594595,37.0,0.14414414414414414,0.22522522522522523,0.1981981981981982,1,0.47153333333333336,0.4014632999897003,FN,XGBoost_B_full
52d7ceacf47f63e49acc201bdf1fea27,82356,1,0.37656903765690375,73,3824,3,-0.73,69,4.681159420289855,23.0,0.10144927536231885,0.2608695652173913,0.2028985507246377,0,0.6989333333333333,0.3800138533115387,FN,XGBoost_B_full
8db83739b7c943100c4d81ab52e11067,25784766,0,0.014492753623188406,2,755,5,1.37,235,3.893617021276596,9.791666666666666,0.2170212765957447,0.14893617021276595,0.1829787234042553,0,0.2283666666666667,0.2239246517419815,TN,XGBoost_B_full
d75a6dedb1d7e41e278714085dd60f8a,158005,1,0.04597701149425287,48,343,3,-1.0700000000000003,109,3.688073394495413,18.166666666666668,0.26605504587155965,0.2018348623853211,0.1559633027522936,0,0.32155,0.5807662010192871,TP,XGBoost_B_full
26eaa62d91c96e0f8a9c38f8d2fe7f60,2262521,1,0.11458333333333333,19,2732,5,1.44,440,4.695454545454545,29.333333333333332,0.13636363636363635,0.25,0.18181818181818182,1,0.007646666666666668,0.6920720338821411,TP,XGBoost_B_full
01cfb3a69e5ebb69dc5c8169e5fa2392,430788,1,0.20125786163522014,19,3724,5,0.9199999999999999,40,5.25,20.0,0.15,0.2,0.275,0,0.53385,0.12731945514678955,FN,XGBoost_B_full
665b0ccf1f23fb6f76f7e3414dbf3642,78249,0,0.010526315789473684,3,1614,3,-0.79,23,4.782608695652174,11.5,0.17391304347826086,0.43478260869565216,0.13043478260869565,0,-0.06275,0.0870124101638794,TN,XGBoost_B_full
46e8b9d7835e4481effd6e6a1a572f8b,27822,0,0.012578616352201259,3,1678,5,0.9100000000000001,9,4.666666666666667,9.0,0.1111111111111111,0.4444444444444444,0.0,0,0.8666,0.09831277281045914,TN,XGBoost_B_full
0e785150027e14155439596425095c2b,82346,0,0.002967359050445104,1,1164,2,-1.4,8,4.25,8.0,0.125,0.375,0.125,0,0.6059,0.05712588503956795,TN,XGBoost_B_full
58726076e1003c9f6f0b1b192788246d,17333426,0,0.0037174721189591076,2,950,5,0.8799999999999999,14,3.357142857142857,4.666666666666667,0.21428571428571427,0.35714285714285715,0.14285714285714285,0,0.4164333333333334,0.11223693192005157,TN,XGBoost_B_full
e4eef907b14215981c6dca6f0b9305b1,7044365,1,0.029411764705882353,8,579,5,1.3900000000000001,44,4.136363636363637,14.666666666666666,0.22727272727272727,0.18181818181818182,0.2727272727272727,0,0.5009,0.2567790746688843,FN,XGBoost_B_full
033e1d045d6150d4e70243d663ec80af,35606560,0,0.003194888178913738,16,20,3,-1.21,73,4.178082191780822,14.6,0.1780821917808219,0.2328767123287671,0.1917808219178082,0,0.36241999999999996,0.4322476089000702,TN,XGBoost_B_full
9dbb0b149b562bc5a1c7f37820e0c197,25334576,0,0.0010515247108307045,1,279,4,0.10000000000000009,19,4.526315789473684,6.333333333333333,0.21052631578947367,0.10526315789473684,0.21052631578947367,0,0.09303333333333332,0.10170982033014297,TN,XGBoost_B_full
f9cdd277d63ba4c3456d19e6df3fc16a,34023590,0,0.019867549668874173,18,133,2,-1.5299999999999998,202,4.475247524752476,22.444444444444443,0.19801980198019803,0.2079207920792079,0.17326732673267325,0,0.31555555555555553,0.4765755832195282,TN,XGBoost_B_full
cac9b585ef1bfe5e1df5878278b4b9d4,158005,1,0.022988505747126436,18,852,0,-4.07,26,4.269230769230769,8.666666666666666,0.11538461538461539,0.38461538461538464,0.15384615384615385,0,0.4106,0.35356491804122925,FN,XGBoost_B_full
ff2b5c2e03cb2ea52da73aeec86a28cd,150253,1,0.09859154929577464,12,546,5,0.6299999999999999,22,3.909090909090909,22.0,0.2727272727272727,0.09090909090909091,0.13636363636363635,0,0.0,0.28597453236579895,FN,XGBoost_B_full
19cd05d6216b0de93a73953acee2a1c2,9639765,0,0.017094017094017096,16,671,3,-1.0499999999999998,77,4.35064935064935,15.4,0.22077922077922077,0.23376623376623376,0.14285714285714285,1,0.3879,0.3265360891819,TN,XGBoost_B_full
61c279f031e53dab1417b603c7cb8de4,21413663,1,0.03333333333333333,17,1258,5,1.31,171,4.4678362573099415,34.2,0.10526315789473684,0.26900584795321636,0.17543859649122806,0,0.50222,0.6512606143951416,TP,XGBoost_B_full
e8ba50cfaf0fda21829bc1f726247f3b,16128045,1,0.046875,1,1821,5,0.5800000000000001,200,4.625,14.285714285714286,0.18,0.25,0.15,1,0.2552785714285714,0.603002667427063,TP,XGBoost_B_full
aec4febc5372e24d641c5a3a2b395dbb,61049,0,0.009345794392523364,22,484,3,-1.3200000000000003,77,4.805194805194805,12.833333333333334,0.16883116883116883,0.2077922077922078,0.23376623376623376,0,0.33768333333333334,0.4193916618824005,TN,XGBoost_B_full
d9806d0a4d227bd1ac2abcf210bc921d,45974,0,0.008097165991902834,22,1096,5,0.5,184,4.668478260869565,18.4,0.13043478260869565,0.24456521739130435,0.20652173913043478,0,-0.046810000000000004,0.5907477736473083,FP,XGBoost_B_full
c925322f4754e0d980753a4957f32f7a,406373,0,0.0024449877750611247,22,1663,4,0.029999999999999805,72,4.375,24.0,0.1527777777777778,0.25,0.2361111111111111,0,0.23983333333333334,0.3437660038471222,TN,XGBoost_B_full
2fc0af53ee643e2ee1184dbb1e9e323d,9639765,0,0.017094017094017096,6,212,4,-0.04999999999999982,17,4.294117647058823,8.5,0.0,0.5294117647058824,0.17647058823529413,0,0.0386,0.3149232566356659,TN,XGBoost_B_full
0eac36acb80bca9f2095c5d6315c1078,25334576,0,0.0010515247108307045,5,476,4,0.10000000000000009,55,4.4,18.333333333333332,0.21818181818181817,0.2,0.2727272727272727,1,0.13843333333333338,0.24752365052700043,TN,XGBoost_B_full
572493bda66d77fbd4f873706894091e,27822,0,0.006289308176100629,5,1757,2,-2.09,90,4.155555555555556,11.25,0.2111111111111111,0.15555555555555556,0.2777777777777778,1,0.30086250000000003,0.22635158896446228,TN,XGBoost_B_full
302aecaa78619fbede1b503bf8c9ec02,2547,1,0.022328548644338118,4,570,5,0.7699999999999996,341,4.249266862170088,17.94736842105263,0.19941348973607037,0.21407624633431085,0.14076246334310852,1,0.27615789473684216,0.1804967224597931,FN,XGBoost_B_full
9a028b337ea1ea3220600aa8a4e0412c,25334576,0,0.002103049421661409,5,256,4,0.10000000000000009,115,4.3130434782608695,23.0,0.19130434782608696,0.21739130434782608,0.09565217391304348,0,-0.0028200000000000005,0.30240216851234436,TN,XGBoost_B_full
8dd7f787a9228c3f23fa3620662fa0c0,17333426,0,0.007434944237918215,1,1489,3,-1.12,61,4.229508196721311,12.2,0.18032786885245902,0.19672131147540983,0.32786885245901637,0,0.47517999999999994,0.14309380948543549,TN,XGBoost_B_full
4345ff6133632d6033670567cc44aba6,2547,0,0.001594896331738437,1,883,5,0.7699999999999996,22,4.818181818181818,7.333333333333333,0.2727272727272727,0.22727272727272727,0.22727272727272727,0,0.3337666666666667,0.04872920736670494,TN,XGBoost_B_full
67937c844193f37cc9bf76941a73714e,27822,1,0.025157232704402517,1,2024,5,0.9100000000000001,272,4.419117647058823,20.923076923076923,0.1801470588235294,0.22058823529411764,0.17647058823529413,0,0.39826153846153844,0.34773483872413635,FN,XGBoost_B_full
1ab4a16f2c7c428c21388fb149020986,9639765,0,0.008547008547008548,8,103,5,0.9500000000000002,25,5.12,6.25,0.16,0.32,0.16,1,0.0,0.3431882858276367,TN,XGBoost_B_full
57fb5c01d9cc48b3f10773f6b2dc8dba,2547,0,0.001594896331738437,2,183,4,-0.23000000000000043,46,4.673913043478261,11.5,0.10869565217391304,0.1956521739130435,0.32608695652173914,0,0.28445000000000004,0.1176781952381134,TN,XGBoost_B_full
3a611c6c03f6409b867485fdad977f47,35606560,0,0.006389776357827476,1,15,3,-1.21,10,5.4,10.0,0.1,0.2,0.4,0,0.7783,0.061623044312000275,TN,XGBoost_B_full
2748159a3921e89823316d923d1848ec,25334576,0,0.004206098843322818,41,529,4,0.10000000000000009,679,4.562592047128129,30.863636363636363,0.14432989690721648,0.28276877761413843,0.16200294550810015,1,0.15016363636363636,0.662693440914154,FP,XGBoost_B_full
e2d37db2a314642f595e8152278aeedd,82356,0,0.008368200836820083,3,456,4,0.27,315,4.276190476190476,11.25,0.20317460317460317,0.21904761904761905,0.18095238095238095,1,0.11488928571428571,0.24137383699417114,TN,XGBoost_B_full
046971d126e3146a04630558c32ba628,2547,0,0.001594896331738437,2,2018,5,0.7699999999999996,20,4.15,20.0,0.15,0.2,0.3,0,0.8356,0.07682092487812042,TN,XGBoost_B_full
5cba5afe1157975e0c995929414bf9c4,35606560,0,0.001597444089456869,1,28,5,0.79,34,4.647058823529412,8.5,0.2647058823529412,0.2647058823529412,0.14705882352941177,0,0.17872500000000002,0.17813712358474731,TN,XGBoost_B_full
ba9ec5d78d3e5cd80e163f908c2aa43e,25334576,0,0.0010515247108307045,1,491,4,0.10000000000000009,20,3.65,20.0,0.15,0.2,0.2,1,0.4672,0.12599442899227142,TN,XGBoost_B_full
d6b9583726b3b297aa236dff23d0c990,25334576,0,0.002103049421661409,6,458,5,1.1,47,4.276595744680851,11.75,0.23404255319148937,0.2765957446808511,0.14893617021276595,0,0.17174999999999999,0.24825076758861542,TN,XGBoost_B_full
e83213877b22bccbbc6b2254757b71cb,2547,0,0.003189792663476874,12,2974,5,0.7699999999999996,52,4.038461538461538,17.333333333333332,0.17307692307692307,0.19230769230769232,0.17307692307692307,1,0.2568666666666667,0.24381303787231445,TN,XGBoost_B_full
cb56984450b28dfecfc31d1f846e9887,45974,0,0.005398110661268556,10,169,5,0.5,29,4.241379310344827,14.5,0.1724137931034483,0.20689655172413793,0.10344827586206896,0,0.2202,0.40660008788108826,TN,XGBoost_B_full
5af724e0adeeba3aca0bcf678887b229,430788,0,0.018867924528301886,4,1930,5,0.9199999999999999,1610,4.6645962732919255,15.48076923076923,0.17515527950310558,0.2701863354037267,0.14720496894409937,1,0.004999038461538464,0.5358357429504395,FP,XGBoost_B_full
0468b2096cc6023c0e72b5291f5de0bc,1760997,1,0.02564102564102564,28,1826,5,0.9900000000000002,151,4.19205298013245,21.571428571428573,0.17880794701986755,0.19205298013245034,0.11258278145695365,0,0.0873,0.3235400915145874,FN,XGBoost_B_full
3398b149686dc04286716043c59cec8c,7428663,1,0.05,3,942,2,-2.3,255,4.486274509803922,28.333333333333332,0.16862745098039217,0.25098039215686274,0.13725490196078433,1,0.10055555555555556,0.31091514229774475,FN,XGBoost_B_full
7b41295c2caeafaa5831214132cd10b9,45974,0,0.010796221322537112,47,1601,5,0.5,163,4.484662576687117,23.285714285714285,0.24539877300613497,0.20245398773006135,0.15950920245398773,1,0.06414285714285714,0.8133240342140198,FP,XGBoost_B_full
f57b08c716d73db2d3019834dbbcb5a5,35606560,0,0.001597444089456869,2,17,4,-0.20999999999999996,61,4.114754098360656,30.5,0.19672131147540983,0.19672131147540983,0.21311475409836064,0,0.2288,0.2243160605430603,TN,XGBoost_B_full
a2cfbcb15e5042317984eb25ef69a214,16241798,0,0.014285714285714285,4,202,4,-0.13999999999999968,219,4.415525114155251,13.6875,0.1689497716894977,0.2374429223744292,0.182648401826484,1,0.07920625,0.3492785692214966,TN,XGBoost_B_full
0c39f35f68076b9a240807c950ebe3c0,34023590,1,0.026490066225165563,9,261,4,0.4700000000000002,88,3.6363636363636362,12.571428571428571,0.22727272727272727,0.18181818181818182,0.19318181818181818,0,0.0977857142857143,0.36737415194511414,FN,XGBoost_B_full
f848ab14df3869d4382b34037b47edbe,2262521,0,0.015625,6,897,5,1.44,20,3.7,10.0,0.25,0.2,0.15,0,-0.2187,0.14581778645515442,TN,XGBoost_B_full
e4b06095b1d34482efcbeaa7c1f3c029,535734,1,0.03636363636363636,1,1194,5,1.06,82,4.353658536585366,11.714285714285714,0.18292682926829268,0.2682926829268293,0.24390243902439024,0,0.3059428571428571,0.11991147696971893,FN,XGBoost_B_full
9e9d7c74913d0813b8cff4c274ef0b75,82356,1,0.02092050209205021,12,3052,3,-0.73,241,4.2946058091286305,24.1,0.15352697095435686,0.21161825726141079,0.15767634854771784,1,0.010819999999999974,0.5674494504928589,TP,XGBoost_B_full
ebda1fae58e3673fb603546ee68b8b07,82346,1,0.07418397626112759,12,3086,2,-1.4,361,4.4515235457063715,16.40909090909091,0.18559556786703602,0.22160664819944598,0.18282548476454294,1,0.22420454545454546,0.6548371315002441,TP,XGBoost_B_full
367c27dff838a2f63ebaf036452e6c03,2547,0,0.001594896331738437,1,1988,3,-1.2300000000000004,14,5.214285714285714,7.0,0.14285714285714285,0.2857142857142857,0.35714285714285715,0,0.0,0.04950171709060669,TN,XGBoost_B_full
ffeea5a69a5a530682971b1cb33d8b4f,25334576,0,0.0010515247108307045,1,329,5,1.1,36,5.777777777777778,12.0,0.08333333333333333,0.19444444444444445,0.3333333333333333,0,0.4988333333333333,0.05113387480378151,TN,XGBoost_B_full
2509474aa6d534fd2db506cc9a537e3f,9583799,0,0.007936507936507936,8,2062,5,1.12,454,4.497797356828194,20.636363636363637,0.20704845814977973,0.2511013215859031,0.14537444933920704,1,-0.009036363636363641,0.5294572710990906,FP,XGBoost_B_full
b498b1da9ce65aaa6e63b370e0e705e6,25334576,0,0.0010515247108307045,1,292,1,-2.9,28,4.178571428571429,9.333333333333334,0.10714285714285714,0.32142857142857145,0.14285714285714285,0,-0.3644333333333334,0.08096310496330261,TN,XGBoost_B_full
a62382d3322080acc5a09a483b21e2f0,61049,1,0.028037383177570093,2,292,5,0.6799999999999997,360,4.538888888888889,20.0,0.16111111111111112,0.23333333333333334,0.19444444444444445,1,0.07347777777777778,0.3810902237892151,FN,XGBoost_B_full
26d13efb9a5b24aa554a075c4a91cdfe,158005,1,0.022988505747126436,1,3493,3,-1.0700000000000003,137,3.591240875912409,11.416666666666666,0.2116788321167883,0.16058394160583941,0.18248175182481752,0,0.24111666666666665,0.36300110816955566,FN,XGBoost_B_full
b0473ae9b7f0538a5b9a3da2fb125b63,25334576,0,0.0031545741324921135,3,60,5,1.1,142,4.225352112676056,17.75,0.20422535211267606,0.18309859154929578,0.176056338028169,0,0.06618750000000001,0.24644751846790314,TN,XGBoost_B_full
e32ed1bbf773a5f8df9dcaf251a27c09,9639765,0,0.008547008547008548,3,724,4,-0.04999999999999982,18,4.666666666666667,18.0,0.1111111111111111,0.2222222222222222,0.3333333333333333,0,0.2912,0.11273297667503357,TN,XGBoost_B_full
7e78a25421a1b55431b14459d7af63c5,61049,0,0.009345794392523364,6,2738,5,0.6799999999999997,54,4.111111111111111,18.0,0.2222222222222222,0.16666666666666666,0.16666666666666666,0,0.5662666666666666,0.2970331013202667,TN,XGBoost_B_full
b31b8d5cd55c692995647ebc646ef123,367802,1,0.06403940886699508,36,3323,5,0.7999999999999998,426,4.669014084507042,14.689655172413794,0.22065727699530516,0.24413145539906103,0.20187793427230047,1,0.21104827586206898,0.7717088460922241,TP,XGBoost_B_full
fc342d60b30f8af5b10fffb8ed92dffb,35606560,1,0.025559105431309903,1,15,5,0.79,70,4.571428571428571,10.0,0.2,0.3,0.17142857142857143,0,-0.01284285714285714,0.22093532979488373,FN,XGBoost_B_full
493cbd76e33577a77d14f1f6a351e100,35606560,0,0.012779552715654952,7,23,0,-4.21,2928,4.339139344262295,19.263157894736842,0.2062841530054645,0.20935792349726776,0.1711065573770492,1,0.17324473684210526,0.6561013460159302,FP,XGBoost_B_full
680182a1a45334ce37f7204f0ab442f7,2262521,0,0.005208333333333333,2,2454,4,0.43999999999999995,24,3.5416666666666665,8.0,0.2916666666666667,0.20833333333333334,0.125,0,0.31026666666666664,0.1378059834241867,TN,XGBoost_B_full
b4bc7dc34588f08ee6c08aff866b110b,45974,0,0.002699055330634278,1,1573,5,0.5,142,4.401408450704225,20.285714285714285,0.19014084507042253,0.2323943661971831,0.14084507042253522,0,0.05877142857142858,0.6469571590423584,FP,XGBoost_B_full
a7bb357251c7b2dec6c040f1c458f2fa,16128045,0,0.015625,4,1082,5,0.5800000000000001,224,4.084821428571429,14.0,0.21875,0.16517857142857142,0.20089285714285715,0,0.128725,0.43391725420951843,TN,XGBoost_B_full
0ea0532fc1add36e1223d44f343adf03,45974,0,0.001349527665317139,6,1768,2,-2.5,27,4.518518518518518,9.0,0.18518518518518517,0.07407407407407407,0.4074074074074074,0,0.015599999999999984,0.19729523360729218,TN,XGBoost_B_full
e9bb21e0144579e2b69e49fd9b05d155,394424,1,0.07246376811594203,22,1743,4,-0.23000000000000043,207,4.27536231884058,20.7,0.16908212560386474,0.20772946859903382,0.2028985507246377,0,-0.03168,0.5108250975608826,TP,XGBoost_B_full
665573cdc997f8d11f54e5fb19bd5f32,35606560,0,0.001597444089456869,2,16,5,0.79,39,3.8205128205128207,7.8,0.23076923076923078,0.2564102564102564,0.1794871794871795,0,0.38196,0.17765198647975922,TN,XGBoost_B_full
14df8585604cc34a85127981b460c216,9639765,0,0.017094017094017096,5,950,2,-2.05,36,4.5,12.0,0.05555555555555555,0.25,0.4166666666666667,0,0.1922,0.225042924284935,TN,XGBoost_B_full
adc96904b5d12b6f0bb6f84ba1b46174,2547,0,0.003189792663476874,1,1957,5,0.7699999999999996,91,4.373626373626373,15.166666666666666,0.15384615384615385,0.26373626373626374,0.13186813186813187,0,0.3549833333333334,0.17034271359443665,TN,XGBoost_B_full
9d4ca88e9bcd9e5753385b8846172223,35606560,0,0.003194888178913738,29,26,3,-1.21,285,3.92280701754386,8.382352941176471,0.21403508771929824,0.21052631578947367,0.1543859649122807,0,0.10387941176470587,0.6835672855377197,FP,XGBoost_B_full
8f44b3515485cc9d5cc8aa579ed5a561,35606560,0,0.003194888178913738,8,25,5,0.79,127,4.480314960629921,15.875,0.25196850393700787,0.25196850393700787,0.10236220472440945,0,0.23663749999999997,0.5092514157295227,FP,XGBoost_B_full
1c41e0e475860e4570a5ed7b48044405,82346,0,0.002967359050445104,1,1958,0,-3.4,17,4.117647058823529,17.0,0.23529411764705882,0.11764705882352941,0.17647058823529413,0,0.7003,0.07571237534284592,TN,XGBoost_B_full
228141996ae9d41bb295e3bc860d5dcc,25334576,0,0.002103049421661409,1,291,3,-0.8999999999999999,70,4.057142857142857,17.5,0.2,0.14285714285714285,0.2,0,-0.108525,0.08024010062217712,TN,XGBoost_B_full
3721604e95ba864112d415f3de73a06b,2547,0,0.004784688995215311,1,298,5,0.7699999999999996,59,4.220338983050848,11.8,0.1864406779661017,0.2711864406779661,0.13559322033898305,0,0.28656,0.07386276125907898,TN,XGBoost_B_full
db13ccf09c449828ae8831c3764afee5,45974,0,0.001349527665317139,1,1777,5,0.5,8,5.25,4.0,0.125,0.25,0.25,0,0.5418499999999999,0.06528832763433456,TN,XGBoost_B_full
c42a6e425abed844b32d4aa480574cce,78249,1,0.05263157894736842,2,1784,5,1.21,59,4.1525423728813555,19.666666666666668,0.23728813559322035,0.2711864406779661,0.11864406779661017,0,0.7493666666666666,0.0976887047290802,FN,XGBoost_B_full
ebb9b57b478742bd62748e1e42d73bdd,394424,0,0.007246376811594203,1,1799,5,0.7699999999999996,20,4.45,20.0,0.2,0.2,0.1,0,-0.4574,0.06422005593776703,TN,XGBoost_B_full
f912a7c77ce1b80838bb5c51c8cb2ddf,45974,0,0.001349527665317139,1,464,5,0.5,32,4.65625,10.666666666666666,0.125,0.4375,0.09375,1,0.0,0.21170911192893982,TN,XGBoost_B_full
ae06141c0a03043aa9ea26a39c49955f,535734,0,0.01818181818181818,1,1327,4,0.06000000000000005,255,4.666666666666667,25.5,0.18823529411764706,0.24313725490196078,0.13725490196078433,1,0.34302,0.23037777841091156,TN,XGBoost_B_full
9f8e6a502f12b8224e7b6644cffdf59a,16128045,1,0.03125,2,1632,5,0.5800000000000001,104,3.9134615384615383,17.333333333333332,0.25,0.15384615384615385,0.11538461538461539,1,0.12171666666666665,0.3291764557361603,FN,XGBoost_B_full
3f6d3a74bc23525e5229425f37d48e39,2547,0,0.001594896331738437,1,3046,5,0.7699999999999996,147,4.210884353741497,13.363636363636363,0.1292517006802721,0.25170068027210885,0.14285714285714285,1,0.09892727272727274,0.41585734486579895,TN,XGBoost_B_full
aac2988471c345408620619747a02422,61049,1,0.056074766355140186,1,3746,5,0.6799999999999997,113,4.292035398230088,18.833333333333332,0.20353982300884957,0.2743362831858407,0.09734513274336283,1,0.15825,0.4876192808151245,FN,XGBoost_B_full
2a6cd0f5530f07a998869c567c56224a,2262521,0,0.005208333333333333,1,1188,5,1.44,33,4.090909090909091,11.0,0.18181818181818182,0.3333333333333333,0.12121212121212122,1,0.43839999999999996,0.2643986940383911,TN,XGBoost_B_full
68017ce28d36162a44fbe11d0fcc2ac1,2547,0,0.001594896331738437,1,1338,5,0.7699999999999996,28,4.607142857142857,28.0,0.17857142857142858,0.32142857142857145,0.10714285714285714,0,0.5719,0.09742483496665955,TN,XGBoost_B_full
35d7336431c17be9bf47baf24b38047c,30312512,0,0.01282051282051282,1,236,2,-1.8599999999999999,64,4.09375,64.0,0.203125,0.21875,0.21875,0,0.2263,0.08112730085849762,TN,XGBoost_B_full
4478d70847a3384b4d89f7b25f488818,25334576,0,0.0010515247108307045,1,367,2,-1.9,41,3.3658536585365852,20.5,0.24390243902439024,0.17073170731707318,0.0975609756097561,1,-0.39175000000000004,0.0729319229722023,TN,XGBoost_B_full
90661117909a9fdcbcf7906b6e120dcb,158005,0,0.011494252873563218,2,161,5,0.9299999999999997,176,4.1875,25.142857142857142,0.1534090909090909,0.2556818181818182,0.10227272727272728,1,0.43847142857142857,0.2368815839290619,TN,XGBoost_B_full
f32190971c943c5441f73238bde48b1d,45974,0,0.001349527665317139,1,1256,4,-0.5,88,4.579545454545454,17.6,0.125,0.23863636363636365,0.1590909090909091,0,-0.14964,0.1557340919971466,TN,XGBoost_B_full
7beecdee532f90cef244be3dfed3f799,367802,0,0.0049261083743842365,3,3652,5,0.7999999999999998,9,4.444444444444445,9.0,0.0,0.2222222222222222,0.2222222222222222,0,0.7783,0.16790223121643066,TN,XGBoost_B_full
33ca7195d3dcc97209ec868f63a6b741,21413663,0,0.013333333333333334,1,1185,5,1.31,204,4.642156862745098,29.142857142857142,0.14705882352941177,0.23529411764705882,0.17647058823529413,0,0.19287142857142855,0.3873451352119446,TN,XGBoost_B_full
ef16816cdc07653f8bef6e90ae8e9647,27822,0,0.012578616352201259,1,1135,5,0.9100000000000001,361,4.448753462603878,20.055555555555557,0.20498614958448755,0.23545706371191136,0.16897506925207756,0,0.29202222222222224,0.29187071323394775,TN,XGBoost_B_full
f99655ee1ea59a9a1dbf7fff2d42b67a,535734,0,0.00909090909090909,1,1018,4,0.06000000000000005,36,4.277777777777778,12.0,0.16666666666666666,0.25,0.1388888888888889,1,-0.014999999999999994,0.07976465672254562,TN,XGBoost_B_full
0f3cff20195a0bf0304f4ea11cff8015,2262521,0,0.005208333333333333,1,923,5,1.44,44,4.340909090909091,14.666666666666666,0.11363636363636363,0.22727272727272727,0.22727272727272727,0,0.09573333333333334,0.15779922902584076,TN,XGBoost_B_full
305250685bf1538948b31ee306805327,2547,0,0.004784688995215311,2,1612,5,0.7699999999999996,132,4.333333333333333,26.4,0.16666666666666666,0.23484848484848486,0.11363636363636363,0,0.54,0.24928714334964752,TN,XGBoost_B_full
7a13da414117be5be47efec086c1d26e,14706,1,0.020512820512820513,1,3201,5,1.0699999999999998,49,3.9183673469387754,9.8,0.2653061224489796,0.2653061224489796,0.1836734693877551,0,0.16296,0.189337819814682,FN,XGBoost_B_full
80c7e26d8f4b39f7fbc720543b6998da,75504,1,0.39344262295081966,1,2344,5,0.7199999999999998,282,4.198581560283688,12.818181818181818,0.19148936170212766,0.2375886524822695,0.1347517730496454,1,0.12638181818181818,0.425248384475708,FN,XGBoost_B_full
059ddd814e919de595c674fa21f54ddb,34023590,0,0.002207505518763797,1,148,2,-1.5299999999999998,84,4.071428571428571,28.0,0.20238095238095238,0.2976190476190476,0.09523809523809523,0,0.1424,0.12923263013362885,TN,XGBoost_B_full
ea21de8b812076ef58d4d2689bd1db25,158005,1,0.034482758620689655,1,242,5,0.9299999999999997,71,3.6619718309859155,23.666666666666668,0.2112676056338028,0.36619718309859156,0.07042253521126761,0,-0.14049999999999999,0.1534115970134735,FN,XGBoost_B_full
ec2384476d3eb30b1a65155af1a91b84,25334576,0,0.002103049421661409,2,289,3,-0.8999999999999999,274,4.492700729927007,16.11764705882353,0.20072992700729927,0.20072992700729927,0.17518248175182483,0,0.002188235294117641,0.22523081302642822,TN,XGBoost_B_full
7b6265ff10129e75c711c24c338d7be1,34023590,0,0.008830022075055188,1,111,4,0.4700000000000002,111,4.333333333333333,22.2,0.21621621621621623,0.24324324324324326,0.15315315315315314,1,0.41908,0.18954937160015106,TN,XGBoost_B_full
491489672f9df07e80f9e08951a80199,82356,0,0.008368200836820083,1,294,3,-0.73,26,3.6153846153846154,13.0,0.19230769230769232,0.2692307692307692,0.23076923076923078,0,0.4078,0.10492457449436188,TN,XGBoost_B_full
02d601d9156c969313ec125e5399a5de,45974,0,0.002699055330634278,1,230,5,0.5,632,4.805379746835443,15.8,0.20253164556962025,0.24525316455696203,0.13924050632911392,0,-0.016065,0.4100841283798218,TN,XGBoost_B_full
1e8d24301ed9a3a76d0ea949f2c39a06,394424,0,0.014492753623188406,1,1849,5,0.7699999999999996,23,3.8260869565217392,5.75,0.21739130434782608,0.2608695652173913,0.17391304347826086,0,0.22712499999999997,0.0639280155301094,TN,XGBoost_B_full
9c47a90f58f0856918a1c499e3921234,16128045,0,0.015625,3,1064,0,-4.42,49,3.938775510204082,12.25,0.24489795918367346,0.16326530612244897,0.16326530612244897,0,0.185175,0.10432527214288712,TN,XGBoost_B_full
424c54e7dad8b8cf82df794af2cf7672,35606560,0,0.001597444089456869,1,70,5,0.79,27,4.481481481481482,13.5,0.18518518518518517,0.25925925925925924,0.2222222222222222,0,0.7456,0.16873691976070404,TN,XGBoost_B_full
658cfc9b330661f5aaf36875fb6dd47f,35606560,0,0.001597444089456869,1,8,4,-0.20999999999999996,7,5.571428571428571,7.0,0.2857142857142857,0.42857142857142855,0.14285714285714285,0,0.25,0.06968925148248672,TN,XGBoost_B_full
f992e6c3980bf96c0cc297957c78ad6e,34023590,0,0.004415011037527594,1,146,4,0.4700000000000002,50,4.16,7.142857142857143,0.26,0.16,0.18,1,0.1798571428571429,0.14943091571331024,TN,XGBoost_B_full
3cc573587e4ae5f48a07edd5bd80808a,25334576,0,0.0010515247108307045,1,202,5,1.1,47,3.978723404255319,9.4,0.19148936170212766,0.2765957446808511,0.1276595744680851,0,0.13028,0.14393927156925201,TN,XGBoost_B_full
c2f50d1edf328491eda40f0899bee97f,2547,0,0.006379585326953748,2,277,5,0.7699999999999996,66,3.727272727272727,11.0,0.25757575757575757,0.2727272727272727,0.10606060606060606,1,0.12040000000000001,0.10078039765357971,TN,XGBoost_B_full
e027395b82b1daf442bdf5df46b28658,34023590,0,0.002207505518763797,1,121,2,-1.5299999999999998,6,4.666666666666667,3.0,0.16666666666666666,0.3333333333333333,0.0,0,-0.2553,0.09032820165157318,TN,XGBoost_B_full
1b0cf685f85251819e29bbe2807f732e,35606560,0,0.001597444089456869,1,0,5,0.79,295,4.522033898305085,22.692307692307693,0.2271186440677966,0.23728813559322035,0.16271186440677965,1,-0.04876923076923078,0.22772738337516785,TN,XGBoost_B_full
d321c7549e6ae2d4b4ce7a01d7e04e8c,34023590,0,0.002207505518763797,1,119,2,-1.5299999999999998,42,3.857142857142857,14.0,0.2619047619047619,0.21428571428571427,0.23809523809523808,0,0.19806666666666664,0.10429446399211884,TN,XGBoost_B_full
816e00e452d4618667b7f238d6686b69,27822,0,0.006289308176100629,1,3249,5,0.9100000000000001,34,3.7941176470588234,34.0,0.14705882352941177,0.17647058823529413,0.20588235294117646,0,-0.4215,0.12363096326589584,TN,XGBoost_B_full
06d0e9db4dfb9a6c43bd1ac8d73517c9,2547,0,0.003189792663476874,1,2044,4,-0.23000000000000043,173,3.9190751445086707,21.625,0.19653179190751446,0.23699421965317918,0.10404624277456648,0,0.4208125,0.32074832916259766,TN,XGBoost_B_full
c12d37ede1304f14d3d130500385c523,45974,0,0.001349527665317139,4,3832,5,0.5,64,4.09375,12.8,0.234375,0.125,0.25,1,0.18908,0.5997318625450134,FP,XGBoost_B_full
1a01ab75da5a55ac58c30a6a15b89d5b,17788340,1,0.038834951456310676,2,1637,5,0.29000000000000004,9,4.555555555555555,9.0,0.0,0.2222222222222222,0.4444444444444444,0,0.6369,0.15430045127868652,FN,XGBoost_B_full
b8b530f789707657e7938164fd315b36,394424,0,0.014492753623188406,1,1121,2,-2.2300000000000004,41,4.097560975609756,13.666666666666666,0.21951219512195122,0.2926829268292683,0.12195121951219512,0,0.10189999999999999,0.09313561022281647,TN,XGBoost_B_full
2dc7b94326e0fea6fc3f9a452bfa4f6f,45974,0,0.001349527665317139,1,1510,5,0.5,82,4.036585365853658,13.666666666666666,0.1951219512195122,0.24390243902439024,0.17073170731707318,1,0.029983333333333334,0.4816743731498718,TN,XGBoost_B_full
c6554308c88eccfc20b937823e0c8aea,16128045,1,0.0625,1,1804,5,0.5800000000000001,190,4.2368421052631575,19.0,0.18947368421052632,0.23157894736842105,0.14736842105263157,0,0.3369,0.5727200508117676,TP,XGBoost_B_full
