feature,feature_id,display_feature,feature_type,coefficient,absolute_coefficient,experiment
user_reviews,numeric__user_reviews,user_reviews,numeric,1.1789496234035644,1.1789496234035644,LogisticRegression_A_full
user_rating,numeric__user_rating,user_rating,numeric,0.2239754920505043,0.2239754920505043,LogisticRegression_A_full
rating_diff,numeric__rating_diff,rating_diff,numeric,-0.2231084770400815,0.2231084770400815,LogisticRegression_A_full
days_since_review,numeric__days_since_review,days_since_review,numeric,0.1858511624771084,0.1858511624771084,LogisticRegression_A_full
user_reviews,numeric__user_reviews,user_reviews,numeric,1.0568275093262114,1.0568275093262114,LogisticRegression_A_undersampled
days_since_review,numeric__days_since_review,days_since_review,numeric,0.21740969104132166,0.21740969104132166,LogisticRegression_A_undersampled
rating_diff,numeric__rating_diff,rating_diff,numeric,-0.12228405423470225,0.12228405423470225,LogisticRegression_A_undersampled
user_rating,numeric__user_rating,user_rating,numeric,0.11899895987656041,0.11899895987656041,LogisticRegression_A_undersampled
user_reviews,numeric__user_reviews,user_reviews,numeric,0.9417238248116011,0.9417238248116011,LogisticRegression_B_full
num_words,numeric__num_words,num_words,numeric,0.3851112210994316,0.3851112210994316,LogisticRegression_B_full
rating_diff,numeric__rating_diff,rating_diff,numeric,-0.2671924262958447,0.2671924262958447,LogisticRegression_B_full
user_rating,numeric__user_rating,user_rating,numeric,0.26630184239030436,0.26630184239030436,LogisticRegression_B_full
days_since_review,numeric__days_since_review,days_since_review,numeric,0.15424999331543637,0.15424999331543637,LogisticRegression_B_full
quote,numeric__quote,quote,numeric,0.1427455476580834,0.1427455476580834,LogisticRegression_B_full
avg_sent_len,numeric__avg_sent_len,avg_sent_len,numeric,0.11051874181089684,0.11051874181089684,LogisticRegression_B_full
pct_verbs,numeric__pct_verbs,pct_verbs,numeric,-0.11032835126979904,0.11032835126979904,LogisticRegression_B_full
pct_adj,numeric__pct_adj,pct_adj,numeric,-0.0880652759313618,0.0880652759313618,LogisticRegression_B_full
sentiment,numeric__sentiment,sentiment,numeric,-0.07053518747916067,0.07053518747916067,LogisticRegression_B_full
pct_nouns,numeric__pct_nouns,pct_nouns,numeric,-0.006690719343137319,0.006690719343137319,LogisticRegression_B_full
avg_word_len,numeric__avg_word_len,avg_word_len,numeric,0.005336718369442313,0.005336718369442313,LogisticRegression_B_full
user_reviews,numeric__user_reviews,user_reviews,numeric,0.7447611920217199,0.7447611920217199,LogisticRegression_B_undersampled
num_words,numeric__num_words,num_words,numeric,0.4506020937189009,0.4506020937189009,LogisticRegression_B_undersampled
avg_sent_len,numeric__avg_sent_len,avg_sent_len,numeric,0.21113996916842204,0.21113996916842204,LogisticRegression_B_undersampled
quote,numeric__quote,quote,numeric,0.17655156625741403,0.17655156625741403,LogisticRegression_B_undersampled
days_since_review,numeric__days_since_review,days_since_review,numeric,0.16715950937389973,0.16715950937389973,LogisticRegression_B_undersampled
rating_diff,numeric__rating_diff,rating_diff,numeric,-0.12574765758340348,0.12574765758340348,LogisticRegression_B_undersampled
user_rating,numeric__user_rating,user_rating,numeric,0.12442192918823475,0.12442192918823475,LogisticRegression_B_undersampled
pct_verbs,numeric__pct_verbs,pct_verbs,numeric,-0.11843737549371287,0.11843737549371287,LogisticRegression_B_undersampled
sentiment,numeric__sentiment,sentiment,numeric,-0.10251298320702946,0.10251298320702946,LogisticRegression_B_undersampled
pct_adj,numeric__pct_adj,pct_adj,numeric,-0.09646702659950748,0.09646702659950748,LogisticRegression_B_undersampled
pct_nouns,numeric__pct_nouns,pct_nouns,numeric,-0.021674834574260036,0.021674834574260036,LogisticRegression_B_undersampled
avg_word_len,numeric__avg_word_len,avg_word_len,numeric,0.020289589889087353,0.020289589889087353,LogisticRegression_B_undersampled
user_reviews,numeric__user_reviews,user_reviews,numeric,0.8061594853814292,0.8061594853814292,LogisticRegression_C_undersampled
num_words,numeric__num_words,num_words,numeric,0.6226922808694922,0.6226922808694922,LogisticRegression_C_undersampled
kaur,text__kaur,"""kaur""",word,-0.5736890075210498,0.5736890075210498,LogisticRegression_C_undersampled
pg,text__pg,"""pg""",word,-0.511438426861618,0.511438426861618,LogisticRegression_C_undersampled
lovelace,text__lovelace,"""lovelace""",word,-0.5039284918425588,0.5039284918425588,LogisticRegression_C_undersampled
abuse,text__abuse,"""abuse""",word,-0.46823177911455366,0.46823177911455366,LogisticRegression_C_undersampled
peter,text__peter,"""peter""",word,0.4633118738001627,0.4633118738001627,LogisticRegression_C_undersampled
mouth,text__mouth,"""mouth""",word,-0.4585772453699997,0.4585772453699997,LogisticRegression_C_undersampled
sweet,text__sweet,"""sweet""",word,-0.45336751106183504,0.45336751106183504,LogisticRegression_C_undersampled
upon,text__upon,"""upon""",word,-0.4449354291227683,0.4449354291227683,LogisticRegression_C_undersampled
tumblr,text__tumblr,"""tumblr""",word,-0.4413499905297467,0.4413499905297467,LogisticRegression_C_undersampled
pack,text__pack,"""pack""",word,-0.44040010089879256,0.44040010089879256,LogisticRegression_C_undersampled
slightly,text__slightly,"""slightly""",word,-0.429769173627845,0.429769173627845,LogisticRegression_C_undersampled
longer,text__longer,"""longer""",word,-0.42888350388108465,0.42888350388108465,LogisticRegression_C_undersampled
painful,text__painful,"""painful""",word,-0.42042142594029197,0.42042142594029197,LogisticRegression_C_undersampled
fairy,text__fairy,"""fairy""",word,0.41311555389045973,0.41311555389045973,LogisticRegression_C_undersampled
kept,text__kept,"""kept""",word,-0.4106808359941533,0.4106808359941533,LogisticRegression_C_undersampled
goodreads,text__goodreads,"""goodreads""",word,0.41049110925557364,0.41049110925557364,LogisticRegression_C_undersampled
drawing,text__drawing,"""drawing""",word,-0.4102224656382915,0.4102224656382915,LogisticRegression_C_undersampled
neither,text__neither,"""neither""",word,-0.4100905662331118,0.4100905662331118,LogisticRegression_C_undersampled
part,text__part,"""part""",word,-0.40638555806610266,0.40638555806610266,LogisticRegression_C_undersampled
profound,text__profound,"""profound""",word,0.39780695425839185,0.39780695425839185,LogisticRegression_C_undersampled
rumi,text__rumi,"""rumi""",word,0.39691472995324273,0.39691472995324273,LogisticRegression_C_undersampled
whitewolf,text__whitewolf,"""whitewolf""",word,0.3933027255651693,0.3933027255651693,LogisticRegression_C_undersampled
amanda,text__amanda,"""amanda""",word,-0.38511424865704763,0.38511424865704763,LogisticRegression_C_undersampled
salt,text__salt,"""salt""",word,0.3847633519227877,0.3847633519227877,LogisticRegression_C_undersampled
fell,text__fell,"""fell""",word,0.38226624155438105,0.38226624155438105,LogisticRegression_C_undersampled
getting,text__getting,"""getting""",word,0.37970349282672156,0.37970349282672156,LogisticRegression_C_undersampled
appreciate,text__appreciate,"""appreciate""",word,0.37583427325436863,0.37583427325436863,LogisticRegression_C_undersampled
gender,text__gender,"""gender""",word,0.36998628799627475,0.36998628799627475,LogisticRegression_C_undersampled
reality,text__reality,"""reality""",word,0.36615578800812976,0.36615578800812976,LogisticRegression_C_undersampled
lang,text__lang,"""lang""",word,-0.36335007243723,0.36335007243723,LogisticRegression_C_undersampled
mary,text__mary,"""mary""",word,0.3616812795479205,0.3616812795479205,LogisticRegression_C_undersampled
inspired,text__inspired,"""inspired""",word,-0.36130508608233713,0.36130508608233713,LogisticRegression_C_undersampled
pretty,text__pretty,"""pretty""",word,0.3611051498728577,0.3611051498728577,LogisticRegression_C_undersampled
honey,text__honey,"""honey""",word,-0.35863506737889445,0.35863506737889445,LogisticRegression_C_undersampled
homer,text__homer,"""homer""",word,-0.35681459419757966,0.35681459419757966,LogisticRegression_C_undersampled
solitude,text__solitude,"""solitude""",word,-0.35606367779212283,0.35606367779212283,LogisticRegression_C_undersampled
return,text__return,"""return""",word,-0.3517858694427596,0.3517858694427596,LogisticRegression_C_undersampled
dad,text__dad,"""dad""",word,0.35133609979989905,0.35133609979989905,LogisticRegression_C_undersampled
fairytale,text__fairytale,"""fairytale""",word,0.3499118263400153,0.3499118263400153,LogisticRegression_C_undersampled
tender,text__tender,"""tender""",word,0.3493628845479425,0.3493628845479425,LogisticRegression_C_undersampled
met,text__met,"""met""",word,-0.34907435053577196,0.34907435053577196,LogisticRegression_C_undersampled
included,text__included,"""included""",word,0.34767306244090557,0.34767306244090557,LogisticRegression_C_undersampled
week,text__week,"""week""",word,-0.34363406552975145,0.34363406552975145,LogisticRegression_C_undersampled
wing,text__wing,"""wing""",word,-0.3428795839217186,0.3428795839217186,LogisticRegression_C_undersampled
fill,text__fill,"""fill""",word,0.34223368007717964,0.34223368007717964,LogisticRegression_C_undersampled
connected,text__connected,"""connected""",word,-0.33913696124486925,0.33913696124486925,LogisticRegression_C_undersampled
others,text__others,"""others""",word,0.33826382691406104,0.33826382691406104,LogisticRegression_C_undersampled
generally,text__generally,"""generally""",word,0.334775725535924,0.334775725535924,LogisticRegression_C_undersampled
dealing,text__dealing,"""dealing""",word,-0.3342498943002991,0.3342498943002991,LogisticRegression_C_undersampled
matter,text__matter,"""matter""",word,0.33400034698839426,0.33400034698839426,LogisticRegression_C_undersampled
told,text__told,"""told""",word,0.333647238009268,0.333647238009268,LogisticRegression_C_undersampled
lady,text__lady,"""lady""",word,0.331308429079659,0.331308429079659,LogisticRegression_C_undersampled
line,text__line,"""line""",word,-0.33073035902241266,0.33073035902241266,LogisticRegression_C_undersampled
majority,text__majority,"""majority""",word,0.3297701901006646,0.3297701901006646,LogisticRegression_C_undersampled
heavy,text__heavy,"""heavy""",word,-0.3288331483257999,0.3288331483257999,LogisticRegression_C_undersampled
gorgeous,text__gorgeous,"""gorgeous""",word,-0.3281806334078576,0.3281806334078576,LogisticRegression_C_undersampled
wine,text__wine,"""wine""",word,0.3273534390396743,0.3273534390396743,LogisticRegression_C_undersampled
back,text__back,"""back""",word,0.3268409798507833,0.3268409798507833,LogisticRegression_C_undersampled
inside,text__inside,"""inside""",word,0.32678688505943476,0.32678688505943476,LogisticRegression_C_undersampled
passage,text__passage,"""passage""",word,0.3267647593088612,0.3267647593088612,LogisticRegression_C_undersampled
stuff,text__stuff,"""stuff""",word,0.3255530733253937,0.3255530733253937,LogisticRegression_C_undersampled
actually,text__actually,"""actually""",word,-0.32546608118556,0.32546608118556,LogisticRegression_C_undersampled
growing,text__growing,"""growing""",word,-0.3236669146911862,0.3236669146911862,LogisticRegression_C_undersampled
woodson,text__woodson,"""woodson""",word,-0.3236066304171499,0.3236066304171499,LogisticRegression_C_undersampled
hype,text__hype,"""hype""",word,-0.32179815135861073,0.32179815135861073,LogisticRegression_C_undersampled
filled,text__filled,"""filled""",word,0.32129664010527464,0.32129664010527464,LogisticRegression_C_undersampled
dark,text__dark,"""dark""",word,0.3179654523796808,0.3179654523796808,LogisticRegression_C_undersampled
done,text__done,"""done""",word,0.3159143785652475,0.3159143785652475,LogisticRegression_C_undersampled
let,text__let,"""let""",word,0.31460759391020077,0.31460759391020077,LogisticRegression_C_undersampled
order,text__order,"""order""",word,-0.3113389755292658,0.3113389755292658,LogisticRegression_C_undersampled
painting,text__painting,"""painting""",word,-0.31110652660447286,0.31110652660447286,LogisticRegression_C_undersampled
rupi,text__rupi,"""rupi""",word,-0.3102022199906989,0.3102022199906989,LogisticRegression_C_undersampled
gave,text__gave,"""gave""",word,-0.30982532456612655,0.30982532456612655,LogisticRegression_C_undersampled
release,text__release,"""release""",word,-0.3082024557416664,0.3082024557416664,LogisticRegression_C_undersampled
harry,text__harry,"""harry""",word,0.30724237127868265,0.30724237127868265,LogisticRegression_C_undersampled
feel,text__feel,"""feel""",word,-0.30435349182889715,0.30435349182889715,LogisticRegression_C_undersampled
impact,text__impact,"""impact""",word,-0.30258599025051097,0.30258599025051097,LogisticRegression_C_undersampled
thus,text__thus,"""thus""",word,0.30107181440029457,0.30107181440029457,LogisticRegression_C_undersampled
kiss,text__kiss,"""kiss""",word,-0.3000349216732212,0.3000349216732212,LogisticRegression_C_undersampled
doubt,text__doubt,"""doubt""",word,0.2995313563857053,0.2995313563857053,LogisticRegression_C_undersampled
netgalley,text__netgalley,"""netgalley""",word,0.29743661706417146,0.29743661706417146,LogisticRegression_C_undersampled
connect,text__connect,"""connect""",word,-0.2957613322659882,0.2957613322659882,LogisticRegression_C_undersampled
event,text__event,"""event""",word,-0.2934980355945887,0.2934980355945887,LogisticRegression_C_undersampled
immediately,text__immediately,"""immediately""",word,-0.29345609481649826,0.29345609481649826,LogisticRegression_C_undersampled
shot,text__shot,"""shot""",word,0.2933147472922624,0.2933147472922624,LogisticRegression_C_undersampled
term,text__term,"""term""",word,0.2919681818534432,0.2919681818534432,LogisticRegression_C_undersampled
emily,text__emily,"""emily""",word,0.2912544479245265,0.2912544479245265,LogisticRegression_C_undersampled
wish,text__wish,"""wish""",word,0.28897807567595685,0.28897807567595685,LogisticRegression_C_undersampled
feminist,text__feminist,"""feminist""",word,-0.28881450244311074,0.28881450244311074,LogisticRegression_C_undersampled
father,text__father,"""father""",word,0.2875170709507782,0.2875170709507782,LogisticRegression_C_undersampled
bark,text__bark,"""bark""",word,0.28728852728275533,0.28728852728275533,LogisticRegression_C_undersampled
talent,text__talent,"""talent""",word,0.2866149682930324,0.2866149682930324,LogisticRegression_C_undersampled
stuck,text__stuck,"""stuck""",word,0.2854012189307671,0.2854012189307671,LogisticRegression_C_undersampled
brought,text__brought,"""brought""",word,0.2844229242276083,0.2844229242276083,LogisticRegression_C_undersampled
break,text__break,"""break""",word,-0.2836661112145736,0.2836661112145736,LogisticRegression_C_undersampled
way,text__way,"""way""",word,-0.2830153498671642,0.2830153498671642,LogisticRegression_C_undersampled
core,text__core,"""core""",word,-0.28298154127096253,0.28298154127096253,LogisticRegression_C_undersampled
roman,text__roman,"""roman""",word,-0.28270779985465594,0.28270779985465594,LogisticRegression_C_undersampled
metaphor,text__metaphor,"""metaphor""",word,0.28202688268104403,0.28202688268104403,LogisticRegression_C_undersampled
lonely,text__lonely,"""lonely""",word,0.28079962126859204,0.28079962126859204,LogisticRegression_C_undersampled
eve,text__eve,"""eve""",word,-0.2806259280638482,0.2806259280638482,LogisticRegression_C_undersampled
forward,text__forward,"""forward""",word,0.28038935589817693,0.28038935589817693,LogisticRegression_C_undersampled
seeing,text__seeing,"""seeing""",word,0.28006435896704696,0.28006435896704696,LogisticRegression_C_undersampled
queen,text__queen,"""queen""",word,0.2786366080426112,0.2786366080426112,LogisticRegression_C_undersampled
capture,text__capture,"""capture""",word,0.2781308874566912,0.2781308874566912,LogisticRegression_C_undersampled
virgil,text__virgil,"""virgil""",word,0.2773274551082699,0.2773274551082699,LogisticRegression_C_undersampled
sat,text__sat,"""sat""",word,-0.27703432167507513,0.27703432167507513,LogisticRegression_C_undersampled
chose,text__chose,"""chose""",word,0.276939740333208,0.276939740333208,LogisticRegression_C_undersampled
discovered,text__discovered,"""discovered""",word,0.27634052631722084,0.27634052631722084,LogisticRegression_C_undersampled
art,text__art,"""art""",word,-0.27587179633550973,0.27587179633550973,LogisticRegression_C_undersampled
single,text__single,"""single""",word,-0.2756682312036334,0.2756682312036334,LogisticRegression_C_undersampled
therefore,text__therefore,"""therefore""",word,0.2749956824603715,0.2749956824603715,LogisticRegression_C_undersampled
full,text__full,"""full""",word,0.2720780677270099,0.2720780677270099,LogisticRegression_C_undersampled
justice,text__justice,"""justice""",word,0.2719249355789592,0.2719249355789592,LogisticRegression_C_undersampled
name,text__name,"""name""",word,0.2715013547768403,0.2715013547768403,LogisticRegression_C_undersampled
holding,text__holding,"""holding""",word,-0.26972978093220323,0.26972978093220323,LogisticRegression_C_undersampled
though,text__though,"""though""",word,-0.2694919585634159,0.2694919585634159,LogisticRegression_C_undersampled
far,text__far,"""far""",word,0.2689567532670726,0.2689567532670726,LogisticRegression_C_undersampled
ala,text__ala,"""ala""",word,-0.2684490731335613,0.2684490731335613,LogisticRegression_C_undersampled
arc,text__arc,"""arc""",word,0.26804649577500234,0.26804649577500234,LogisticRegression_C_undersampled
weave,text__weave,"""weave""",word,-0.2668696343699101,0.2668696343699101,LogisticRegression_C_undersampled
blog,text__blog,"""blog""",word,0.26672139438629194,0.26672139438629194,LogisticRegression_C_undersampled
rankine,text__rankine,"""rankine""",word,-0.2658310170479693,0.2658310170479693,LogisticRegression_C_undersampled
forgot,text__forgot,"""forgot""",word,0.26489214839957104,0.26489214839957104,LogisticRegression_C_undersampled
eat,text__eat,"""eat""",word,0.2646052402927109,0.2646052402927109,LogisticRegression_C_undersampled
cruel,text__cruel,"""cruel""",word,0.2636390709427043,0.2636390709427043,LogisticRegression_C_undersampled
pop,text__pop,"""pop""",word,0.2635152627972508,0.2635152627972508,LogisticRegression_C_undersampled
close,text__close,"""close""",word,-0.2626499598702364,0.2626499598702364,LogisticRegression_C_undersampled
fall,text__fall,"""fall""",word,0.26132788247597094,0.26132788247597094,LogisticRegression_C_undersampled
past,text__past,"""past""",word,-0.2610553721461192,0.2610553721461192,LogisticRegression_C_undersampled
ovid,text__ovid,"""ovid""",word,-0.26102665602140834,0.26102665602140834,LogisticRegression_C_undersampled
shall,text__shall,"""shall""",word,0.2609730817487461,0.2609730817487461,LogisticRegression_C_undersampled
rage,text__rage,"""rage""",word,0.26035993791095685,0.26035993791095685,LogisticRegression_C_undersampled
said,text__said,"""said""",word,-0.2600601496095306,0.2600601496095306,LogisticRegression_C_undersampled
catch,text__catch,"""catch""",word,0.2597354432302828,0.2597354432302828,LogisticRegression_C_undersampled
created,text__created,"""created""",word,-0.25955473358766057,0.25955473358766057,LogisticRegression_C_undersampled
ginsberg,text__ginsberg,"""ginsberg""",word,-0.25936903615496565,0.25936903615496565,LogisticRegression_C_undersampled
train,text__train,"""train""",word,-0.2591824521222262,0.2591824521222262,LogisticRegression_C_undersampled
howl,text__howl,"""howl""",word,-0.25730304807554616,0.25730304807554616,LogisticRegression_C_undersampled
movie,text__movie,"""movie""",word,0.2563277741959878,0.2563277741959878,LogisticRegression_C_undersampled
peace,text__peace,"""peace""",word,0.2562043953032777,0.2562043953032777,LogisticRegression_C_undersampled
answer,text__answer,"""answer""",word,0.25561167619258035,0.25561167619258035,LogisticRegression_C_undersampled
layer,text__layer,"""layer""",word,0.2555521786651407,0.2555521786651407,LogisticRegression_C_undersampled
anthology,text__anthology,"""anthology""",word,0.2550329928480146,0.2550329928480146,LogisticRegression_C_undersampled
live,text__live,"""live""",word,0.2543380633181323,0.2543380633181323,LogisticRegression_C_undersampled
bought,text__bought,"""bought""",word,-0.25400699418920986,0.25400699418920986,LogisticRegression_C_undersampled
liz,text__liz,"""liz""",word,0.25318604915554016,0.25318604915554016,LogisticRegression_C_undersampled
influence,text__influence,"""influence""",word,-0.2530822252899469,0.2530822252899469,LogisticRegression_C_undersampled
vision,text__vision,"""vision""",word,-0.25304305701351776,0.25304305701351776,LogisticRegression_C_undersampled
wall,text__wall,"""wall""",word,0.25190648085492706,0.25190648085492706,LogisticRegression_C_undersampled
ever,text__ever,"""ever""",word,0.2518236091177602,0.2518236091177602,LogisticRegression_C_undersampled
simple,text__simple,"""simple""",word,-0.25075558387803204,0.25075558387803204,LogisticRegression_C_undersampled
roll,text__roll,"""roll""",word,0.2506914443327518,0.2506914443327518,LogisticRegression_C_undersampled
haiku,text__haiku,"""haiku""",word,0.25035661105311235,0.25035661105311235,LogisticRegression_C_undersampled
willing,text__willing,"""willing""",word,0.2502478391532917,0.2502478391532917,LogisticRegression_C_undersampled
sense,text__sense,"""sense""",word,-0.24988949975239447,0.24988949975239447,LogisticRegression_C_undersampled
asked,text__asked,"""asked""",word,0.24984801499846618,0.24984801499846618,LogisticRegression_C_undersampled
hope,text__hope,"""hope""",word,0.24973120276769079,0.24973120276769079,LogisticRegression_C_undersampled
beautifully,text__beautifully,"""beautifully""",word,-0.2487764193616599,0.2487764193616599,LogisticRegression_C_undersampled
air,text__air,"""air""",word,0.24823818797598685,0.24823818797598685,LogisticRegression_C_undersampled
depth,text__depth,"""depth""",word,-0.24814539349182438,0.24814539349182438,LogisticRegression_C_undersampled
wind,text__wind,"""wind""",word,-0.24739890610489854,0.24739890610489854,LogisticRegression_C_undersampled
contain,text__contain,"""contain""",word,0.24630691992409015,0.24630691992409015,LogisticRegression_C_undersampled
last,text__last,"""last""",word,0.245129234105095,0.245129234105095,LogisticRegression_C_undersampled
conversation,text__conversation,"""conversation""",word,-0.24497140480369253,0.24497140480369253,LogisticRegression_C_undersampled
course,text__course,"""course""",word,-0.24468677334009362,0.24468677334009362,LogisticRegression_C_undersampled
care,text__care,"""care""",word,0.24432669407517663,0.24432669407517663,LogisticRegression_C_undersampled
record,text__record,"""record""",word,0.2441267429861246,0.2441267429861246,LogisticRegression_C_undersampled
dull,text__dull,"""dull""",word,0.24404199955857112,0.24404199955857112,LogisticRegression_C_undersampled
quite,text__quite,"""quite""",word,0.24362872480832995,0.24362872480832995,LogisticRegression_C_undersampled
struck,text__struck,"""struck""",word,-0.24361420564467254,0.24361420564467254,LogisticRegression_C_undersampled
dead,text__dead,"""dead""",word,-0.24253355376249489,0.24253355376249489,LogisticRegression_C_undersampled
winner,text__winner,"""winner""",word,-0.24243533375079082,0.24243533375079082,LogisticRegression_C_undersampled
crush,text__crush,"""crush""",word,-0.2416661832259973,0.2416661832259973,LogisticRegression_C_undersampled
relationship,text__relationship,"""relationship""",word,-0.24166535489141702,0.24166535489141702,LogisticRegression_C_undersampled
ending,text__ending,"""ending""",word,0.24154094760592276,0.24154094760592276,LogisticRegression_C_undersampled
refreshing,text__refreshing,"""refreshing""",word,-0.24140270090862243,0.24140270090862243,LogisticRegression_C_undersampled
anyway,text__anyway,"""anyway""",word,-0.24034750606721536,0.24034750606721536,LogisticRegression_C_undersampled
afraid,text__afraid,"""afraid""",word,0.23977275914081797,0.23977275914081797,LogisticRegression_C_undersampled
couple,text__couple,"""couple""",word,-0.23936139010827456,0.23936139010827456,LogisticRegression_C_undersampled
grew,text__grew,"""grew""",word,0.23901401119032772,0.23901401119032772,LogisticRegression_C_undersampled
statement,text__statement,"""statement""",word,-0.2383225197082338,0.2383225197082338,LogisticRegression_C_undersampled
skin,text__skin,"""skin""",word,0.23818805394888698,0.23818805394888698,LogisticRegression_C_undersampled
introduction,text__introduction,"""introduction""",word,-0.2373600817367502,0.2373600817367502,LogisticRegression_C_undersampled
little,text__little,"""little""",word,0.23718747944268545,0.23718747944268545,LogisticRegression_C_undersampled
complicated,text__complicated,"""complicated""",word,-0.2370795914341985,0.2370795914341985,LogisticRegression_C_undersampled
watched,text__watched,"""watched""",word,0.23659073815528117,0.23659073815528117,LogisticRegression_C_undersampled
fantastic,text__fantastic,"""fantastic""",word,-0.23653020658011695,0.23653020658011695,LogisticRegression_C_undersampled
oh,text__oh,"""oh""",word,0.23637618536144678,0.23637618536144678,LogisticRegression_C_undersampled
straight,text__straight,"""straight""",word,0.23608497203488188,0.23608497203488188,LogisticRegression_C_undersampled
basketball,text__basketball,"""basketball""",word,-0.23481553971240748,0.23481553971240748,LogisticRegression_C_undersampled
link,text__link,"""link""",word,0.2344855086457918,0.2344855086457918,LogisticRegression_C_undersampled
picture,text__picture,"""picture""",word,0.2336417599380213,0.2336417599380213,LogisticRegression_C_undersampled
thee,text__thee,"""thee""",word,0.23301437490152846,0.23301437490152846,LogisticRegression_C_undersampled
hughes,text__hughes,"""hughes""",word,-0.23297574333220203,0.23297574333220203,LogisticRegression_C_undersampled
similar,text__similar,"""similar""",word,-0.2325782238241168,0.2325782238241168,LogisticRegression_C_undersampled
dante,text__dante,"""dante""",word,-0.23245744057421033,0.23245744057421033,LogisticRegression_C_undersampled
shadow,text__shadow,"""shadow""",word,-0.2321331396378431,0.2321331396378431,LogisticRegression_C_undersampled
knowledge,text__knowledge,"""knowledge""",word,-0.23194553684812033,0.23194553684812033,LogisticRegression_C_undersampled
age,text__age,"""age""",word,-0.231500787431797,0.231500787431797,LogisticRegression_C_undersampled
warrior,text__warrior,"""warrior""",word,-0.23140113440485605,0.23140113440485605,LogisticRegression_C_undersampled
breaking,text__breaking,"""breaking""",word,-0.23129597647284075,0.23129597647284075,LogisticRegression_C_undersampled
waiting,text__waiting,"""waiting""",word,-0.2307614404433518,0.2307614404433518,LogisticRegression_C_undersampled
get,text__get,"""get""",word,0.2305759609352094,0.2305759609352094,LogisticRegression_C_undersampled
follow,text__follow,"""follow""",word,-0.2301706563303293,0.2301706563303293,LogisticRegression_C_undersampled
terrible,text__terrible,"""terrible""",word,-0.22919969195885484,0.22919969195885484,LogisticRegression_C_undersampled
lyrical,text__lyrical,"""lyrical""",word,-0.2287597587042082,0.2287597587042082,LogisticRegression_C_undersampled
equal,text__equal,"""equal""",word,0.22867234330979302,0.22867234330979302,LogisticRegression_C_undersampled
healing,text__healing,"""healing""",word,-0.22857328129195664,0.22857328129195664,LogisticRegression_C_undersampled
right,text__right,"""right""",word,0.22855831199344107,0.22855831199344107,LogisticRegression_C_undersampled
throw,text__throw,"""throw""",word,0.2285230522846942,0.2285230522846942,LogisticRegression_C_undersampled
despite,text__despite,"""despite""",word,0.2282096326112262,0.2282096326112262,LogisticRegression_C_undersampled
writes,text__writes,"""writes""",word,0.2279120639130251,0.2279120639130251,LogisticRegression_C_undersampled
fine,text__fine,"""fine""",word,0.22741996677995913,0.22741996677995913,LogisticRegression_C_undersampled
adam,text__adam,"""adam""",word,-0.2273824509150961,0.2273824509150961,LogisticRegression_C_undersampled
talk,text__talk,"""talk""",word,0.22689442383832603,0.22689442383832603,LogisticRegression_C_undersampled
naked,text__naked,"""naked""",word,-0.22652047492511818,0.22652047492511818,LogisticRegression_C_undersampled
several,text__several,"""several""",word,0.2265148091884637,0.2265148091884637,LogisticRegression_C_undersampled
necessary,text__necessary,"""necessary""",word,0.22646349395839815,0.22646349395839815,LogisticRegression_C_undersampled
listened,text__listened,"""listened""",word,0.22618029883297064,0.22618029883297064,LogisticRegression_C_undersampled
lose,text__lose,"""lose""",word,0.22587464560379852,0.22587464560379852,LogisticRegression_C_undersampled
message,text__message,"""message""",word,-0.2257942248020577,0.2257942248020577,LogisticRegression_C_undersampled
regardless,text__regardless,"""regardless""",word,0.22557361437459128,0.22557361437459128,LogisticRegression_C_undersampled
check,text__check,"""check""",word,0.22547732816716043,0.22547732816716043,LogisticRegression_C_undersampled
early,text__early,"""early""",word,-0.2251938394793736,0.2251938394793736,LogisticRegression_C_undersampled
athena,text__athena,"""athena""",word,-0.22443996295594318,0.22443996295594318,LogisticRegression_C_undersampled
learned,text__learned,"""learned""",word,0.22398474921351869,0.22398474921351869,LogisticRegression_C_undersampled
aspect,text__aspect,"""aspect""",word,-0.22342215883221608,0.22342215883221608,LogisticRegression_C_undersampled
bunch,text__bunch,"""bunch""",word,0.22258842631492518,0.22258842631492518,LogisticRegression_C_undersampled
current,text__current,"""current""",word,-0.22250724413265813,0.22250724413265813,LogisticRegression_C_undersampled
exquisite,text__exquisite,"""exquisite""",word,0.2223814170250957,0.2223814170250957,LogisticRegression_C_undersampled
speak,text__speak,"""speak""",word,-0.222240333043374,0.222240333043374,LogisticRegression_C_undersampled
princess,text__princess,"""princess""",word,-0.22211320528703704,0.22211320528703704,LogisticRegression_C_undersampled
century,text__century,"""century""",word,0.2215469761711027,0.2215469761711027,LogisticRegression_C_undersampled
depression,text__depression,"""depression""",word,0.22108764450860016,0.22108764450860016,LogisticRegression_C_undersampled
lesson,text__lesson,"""lesson""",word,0.2200394518011195,0.2200394518011195,LogisticRegression_C_undersampled
true,text__true,"""true""",word,0.22002715990764174,0.22002715990764174,LogisticRegression_C_undersampled
allowed,text__allowed,"""allowed""",word,0.21930524748248412,0.21930524748248412,LogisticRegression_C_undersampled
began,text__began,"""began""",word,0.21889744815470163,0.21889744815470163,LogisticRegression_C_undersampled
avg_sent_len,numeric__avg_sent_len,avg_sent_len,numeric,0.21865277577142855,0.21865277577142855,LogisticRegression_C_undersampled
format,text__format,"""format""",word,-0.21842076240697153,0.21842076240697153,LogisticRegression_C_undersampled
amazon,text__amazon,"""amazon""",word,0.21822024233605877,0.21822024233605877,LogisticRegression_C_undersampled
national,text__national,"""national""",word,-0.2181073715625891,0.2181073715625891,LogisticRegression_C_undersampled
rhyming,text__rhyming,"""rhyming""",word,0.21764704083145847,0.21764704083145847,LogisticRegression_C_undersampled
clothes,text__clothes,"""clothes""",word,0.21742056033022789,0.21742056033022789,LogisticRegression_C_undersampled
violent,text__violent,"""violent""",word,-0.21711089739783687,0.21711089739783687,LogisticRegression_C_undersampled
yeah,text__yeah,"""yeah""",word,0.21690479526635473,0.21690479526635473,LogisticRegression_C_undersampled
weak,text__weak,"""weak""",word,-0.2168102177349395,0.2168102177349395,LogisticRegression_C_undersampled
lost,text__lost,"""lost""",word,0.21664993346165148,0.21664993346165148,LogisticRegression_C_undersampled
lived,text__lived,"""lived""",word,0.21648500951486796,0.21648500951486796,LogisticRegression_C_undersampled
glass,text__glass,"""glass""",word,0.21644953818437274,0.21644953818437274,LogisticRegression_C_undersampled
consciousness,text__consciousness,"""consciousness""",word,0.21637477749425904,0.21637477749425904,LogisticRegression_C_undersampled
ferlinghetti,text__ferlinghetti,"""ferlinghetti""",word,-0.21605609554456248,0.21605609554456248,LogisticRegression_C_undersampled
version,text__version,"""version""",word,0.2160274111694274,0.2160274111694274,LogisticRegression_C_undersampled
blind,text__blind,"""blind""",word,0.21594593595617267,0.21594593595617267,LogisticRegression_C_undersampled
marissa,text__marissa,"""marissa""",word,-0.2159046144376758,0.2159046144376758,LogisticRegression_C_undersampled
except,text__except,"""except""",word,-0.2157839947770997,0.2157839947770997,LogisticRegression_C_undersampled
blade,text__blade,"""blade""",word,0.2150056913157312,0.2150056913157312,LogisticRegression_C_undersampled
divorce,text__divorce,"""divorce""",word,0.21456721473495055,0.21456721473495055,LogisticRegression_C_undersampled
excited,text__excited,"""excited""",word,0.21428477946656857,0.21428477946656857,LogisticRegression_C_undersampled
discussion,text__discussion,"""discussion""",word,-0.21409927280772653,0.21409927280772653,LogisticRegression_C_undersampled
call,text__call,"""call""",word,-0.2135565980643191,0.2135565980643191,LogisticRegression_C_undersampled
chance,text__chance,"""chance""",word,0.21351283670211507,0.21351283670211507,LogisticRegression_C_undersampled
yet,text__yet,"""yet""",word,-0.2129146584873281,0.2129146584873281,LogisticRegression_C_undersampled
resonate,text__resonate,"""resonate""",word,-0.21275368252456378,0.21275368252456378,LogisticRegression_C_undersampled
cover,text__cover,"""cover""",word,0.21258865225251886,0.21258865225251886,LogisticRegression_C_undersampled
award,text__award,"""award""",word,-0.2125171034782978,0.2125171034782978,LogisticRegression_C_undersampled
connection,text__connection,"""connection""",word,0.21226465282035012,0.21226465282035012,LogisticRegression_C_undersampled
decided,text__decided,"""decided""",word,-0.21214156840310655,0.21214156840310655,LogisticRegression_C_undersampled
round,text__round,"""round""",word,0.21079671969926905,0.21079671969926905,LogisticRegression_C_undersampled
grows,text__grows,"""grows""",word,-0.2106949288502879,0.2106949288502879,LogisticRegression_C_undersampled
extraordinary,text__extraordinary,"""extraordinary""",word,-0.2103299371444935,0.2103299371444935,LogisticRegression_C_undersampled
quiet,text__quiet,"""quiet""",word,0.21029781382285254,0.21029781382285254,LogisticRegression_C_undersampled
importance,text__importance,"""importance""",word,-0.2098796488788517,0.2098796488788517,LogisticRegression_C_undersampled
many,text__many,"""many""",word,0.20846435237236427,0.20846435237236427,LogisticRegression_C_undersampled
decision,text__decision,"""decision""",word,0.2081653245876832,0.2081653245876832,LogisticRegression_C_undersampled
spoke,text__spoke,"""spoke""",word,-0.2080441704975311,0.2080441704975311,LogisticRegression_C_undersampled
french,text__french,"""french""",word,-0.20775646797603844,0.20775646797603844,LogisticRegression_C_undersampled
writer,text__writer,"""writer""",word,0.20770969375186418,0.20770969375186418,LogisticRegression_C_undersampled
poet,text__poet,"""poet""",word,0.2076852859724411,0.2076852859724411,LogisticRegression_C_undersampled
everywhere,text__everywhere,"""everywhere""",word,-0.20765571662568932,0.20765571662568932,LogisticRegression_C_undersampled
seven,text__seven,"""seven""",word,-0.20719615699012786,0.20719615699012786,LogisticRegression_C_undersampled
need,text__need,"""need""",word,0.20713582867098843,0.20713582867098843,LogisticRegression_C_undersampled
toward,text__toward,"""toward""",word,0.20653697799431459,0.20653697799431459,LogisticRegression_C_undersampled
best,text__best,"""best""",word,0.2062825648985722,0.2062825648985722,LogisticRegression_C_undersampled
horror,text__horror,"""horror""",word,0.2060702654234075,0.2060702654234075,LogisticRegression_C_undersampled
bridge,text__bridge,"""bridge""",word,-0.20587208576627475,0.20587208576627475,LogisticRegression_C_undersampled
due,text__due,"""due""",word,0.2057548844553534,0.2057548844553534,LogisticRegression_C_undersampled
case,text__case,"""case""",word,0.20549841928018844,0.20549841928018844,LogisticRegression_C_undersampled
brutal,text__brutal,"""brutal""",word,0.20539644058636397,0.20539644058636397,LogisticRegression_C_undersampled
tragedy,text__tragedy,"""tragedy""",word,-0.20534482897131018,0.20534482897131018,LogisticRegression_C_undersampled
choose,text__choose,"""choose""",word,-0.20503130373620873,0.20503130373620873,LogisticRegression_C_undersampled
illness,text__illness,"""illness""",word,0.20493112633687371,0.20493112633687371,LogisticRegression_C_undersampled
marriage,text__marriage,"""marriage""",word,-0.2045023447739214,0.2045023447739214,LogisticRegression_C_undersampled
unfinished,text__unfinished,"""unfinished""",word,-0.20415992781370595,0.20415992781370595,LogisticRegression_C_undersampled
big,text__big,"""big""",word,0.20369370560538091,0.20369370560538091,LogisticRegression_C_undersampled
spring,text__spring,"""spring""",word,-0.20361637689092096,0.20361637689092096,LogisticRegression_C_undersampled
iliad,text__iliad,"""iliad""",word,-0.20360261888249934,0.20360261888249934,LogisticRegression_C_undersampled
selected,text__selected,"""selected""",word,-0.20323369561941498,0.20323369561941498,LogisticRegression_C_undersampled
knight,text__knight,"""knight""",word,0.20301767003143678,0.20301767003143678,LogisticRegression_C_undersampled
classic,text__classic,"""classic""",word,-0.20247184853523195,0.20247184853523195,LogisticRegression_C_undersampled
draw,text__draw,"""draw""",word,-0.20245298816976284,0.20245298816976284,LogisticRegression_C_undersampled
changed,text__changed,"""changed""",word,-0.20202587239190284,0.20202587239190284,LogisticRegression_C_undersampled
hamlet,text__hamlet,"""hamlet""",word,-0.20178602005367022,0.20178602005367022,LogisticRegression_C_undersampled
master,text__master,"""master""",word,0.20168076612376512,0.20168076612376512,LogisticRegression_C_undersampled
aware,text__aware,"""aware""",word,-0.20131391727752634,0.20131391727752634,LogisticRegression_C_undersampled
open,text__open,"""open""",word,-0.2008474368814776,0.2008474368814776,LogisticRegression_C_undersampled
together,text__together,"""together""",word,-0.20031796513234337,0.20031796513234337,LogisticRegression_C_undersampled
card,text__card,"""card""",word,0.20021839603925043,0.20021839603925043,LogisticRegression_C_undersampled
suicide,text__suicide,"""suicide""",word,0.199704771243842,0.199704771243842,LogisticRegression_C_undersampled
onto,text__onto,"""onto""",word,0.19924477250119618,0.19924477250119618,LogisticRegression_C_undersampled
strength,text__strength,"""strength""",word,-0.1991427121057609,0.1991427121057609,LogisticRegression_C_undersampled
collection,text__collection,"""collection""",word,0.1987498184499642,0.1987498184499642,LogisticRegression_C_undersampled
voice,text__voice,"""voice""",word,0.19873938226134663,0.19873938226134663,LogisticRegression_C_undersampled
meh,text__meh,"""meh""",word,0.19852475824603893,0.19852475824603893,LogisticRegression_C_undersampled
pretentious,text__pretentious,"""pretentious""",word,0.19829888154291408,0.19829888154291408,LogisticRegression_C_undersampled
strike,text__strike,"""strike""",word,0.19829440167181284,0.19829440167181284,LogisticRegression_C_undersampled
two,text__two,"""two""",word,-0.1968587204032954,0.1968587204032954,LogisticRegression_C_undersampled
mr,text__mr,"""mr""",word,-0.1967121175858101,0.1967121175858101,LogisticRegression_C_undersampled
agamemnon,text__agamemnon,"""agamemnon""",word,-0.19665825922585203,0.19665825922585203,LogisticRegression_C_undersampled
suddenly,text__suddenly,"""suddenly""",word,-0.1965775466839606,0.1965775466839606,LogisticRegression_C_undersampled
sword,text__sword,"""sword""",word,0.1962890461355054,0.1962890461355054,LogisticRegression_C_undersampled
opinion,text__opinion,"""opinion""",word,0.19592962523983534,0.19592962523983534,LogisticRegression_C_undersampled
nice,text__nice,"""nice""",word,-0.19549143462395882,0.19549143462395882,LogisticRegression_C_undersampled
sad,text__sad,"""sad""",word,-0.19540742199892944,0.19540742199892944,LogisticRegression_C_undersampled
another,text__another,"""another""",word,0.1951811950504315,0.1951811950504315,LogisticRegression_C_undersampled
currently,text__currently,"""currently""",word,-0.19468299464699593,0.19468299464699593,LogisticRegression_C_undersampled
social,text__social,"""social""",word,0.19459165209664883,0.19459165209664883,LogisticRegression_C_undersampled
fit,text__fit,"""fit""",word,-0.19442175375215426,0.19442175375215426,LogisticRegression_C_undersampled
romance,text__romance,"""romance""",word,0.19440390743707145,0.19440390743707145,LogisticRegression_C_undersampled
parent,text__parent,"""parent""",word,0.19395359953895525,0.19395359953895525,LogisticRegression_C_undersampled
general,text__general,"""general""",word,-0.19378555693836402,0.19378555693836402,LogisticRegression_C_undersampled
exist,text__exist,"""exist""",word,0.19366010712942427,0.19366010712942427,LogisticRegression_C_undersampled
took,text__took,"""took""",word,-0.19353553437908252,0.19353553437908252,LogisticRegression_C_undersampled
process,text__process,"""process""",word,0.19320548980848457,0.19320548980848457,LogisticRegression_C_undersampled
fucking,text__fucking,"""fucking""",word,0.19267400364952303,0.19267400364952303,LogisticRegression_C_undersampled
nabokov,text__nabokov,"""nabokov""",word,0.19263674063062716,0.19263674063062716,LogisticRegression_C_undersampled
loud,text__loud,"""loud""",word,0.19161611824639782,0.19161611824639782,LogisticRegression_C_undersampled
twitter,text__twitter,"""twitter""",word,0.1912951688142672,0.1912951688142672,LogisticRegression_C_undersampled
explore,text__explore,"""explore""",word,-0.19048047373886615,0.19048047373886615,LogisticRegression_C_undersampled
worst,text__worst,"""worst""",word,0.19017814252620874,0.19017814252620874,LogisticRegression_C_undersampled
granted,text__granted,"""granted""",word,-0.19003025253069983,0.19003025253069983,LogisticRegression_C_undersampled
grade,text__grade,"""grade""",word,0.18998984330401872,0.18998984330401872,LogisticRegression_C_undersampled
prejudice,text__prejudice,"""prejudice""",word,-0.18971515264942446,0.18971515264942446,LogisticRegression_C_undersampled
health,text__health,"""health""",word,0.1894507567254075,0.1894507567254075,LogisticRegression_C_undersampled
quote,numeric__quote,quote,numeric,0.1888216164186752,0.1888216164186752,LogisticRegression_C_undersampled
tea,text__tea,"""tea""",word,-0.1887551836491505,0.1887551836491505,LogisticRegression_C_undersampled
misadventure,text__misadventure,"""misadventure""",word,-0.18829774492268148,0.18829774492268148,LogisticRegression_C_undersampled
suffering,text__suffering,"""suffering""",word,0.18815981441614224,0.18815981441614224,LogisticRegression_C_undersampled
instead,text__instead,"""instead""",word,0.18808972364426646,0.18808972364426646,LogisticRegression_C_undersampled
brings,text__brings,"""brings""",word,-0.18791227713110464,0.18791227713110464,LogisticRegression_C_undersampled
wonderfully,text__wonderfully,"""wonderfully""",word,0.18779213671603262,0.18779213671603262,LogisticRegression_C_undersampled
fight,text__fight,"""fight""",word,-0.18741488844375445,0.18741488844375445,LogisticRegression_C_undersampled
enjoyable,text__enjoyable,"""enjoyable""",word,0.18712489002593005,0.18712489002593005,LogisticRegression_C_undersampled
comment,text__comment,"""comment""",word,0.18702784657559557,0.18702784657559557,LogisticRegression_C_undersampled
passed,text__passed,"""passed""",word,0.1867758849805686,0.1867758849805686,LogisticRegression_C_undersampled
lord,text__lord,"""lord""",word,-0.1862453356619245,0.1862453356619245,LogisticRegression_C_undersampled
plus,text__plus,"""plus""",word,0.18618383878879988,0.18618383878879988,LogisticRegression_C_undersampled
alexander,text__alexander,"""alexander""",word,0.1859595888230128,0.1859595888230128,LogisticRegression_C_undersampled
ultimately,text__ultimately,"""ultimately""",word,0.18592534689471837,0.18592534689471837,LogisticRegression_C_undersampled
reviewer,text__reviewer,"""reviewer""",word,-0.1857198467306204,0.1857198467306204,LogisticRegression_C_undersampled
dance,text__dance,"""dance""",word,-0.18564130264136264,0.18564130264136264,LogisticRegression_C_undersampled
going,text__going,"""going""",word,0.18559123449297363,0.18559123449297363,LogisticRegression_C_undersampled
friend,text__friend,"""friend""",word,-0.18503078666340533,0.18503078666340533,LogisticRegression_C_undersampled
self,text__self,"""self""",word,-0.18497996406913114,0.18497996406913114,LogisticRegression_C_undersampled
charming,text__charming,"""charming""",word,0.1848863374318862,0.1848863374318862,LogisticRegression_C_undersampled
nobody,text__nobody,"""nobody""",word,-0.18418850252223248,0.18418850252223248,LogisticRegression_C_undersampled
although,text__although,"""although""",word,-0.1836749012420934,0.1836749012420934,LogisticRegression_C_undersampled
r,text__r,"""r""",word,-0.18324108728790153,0.18324108728790153,LogisticRegression_C_undersampled
family,text__family,"""family""",word,-0.18320180474536618,0.18320180474536618,LogisticRegression_C_undersampled
managed,text__managed,"""managed""",word,0.183105143995522,0.183105143995522,LogisticRegression_C_undersampled
teacher,text__teacher,"""teacher""",word,-0.18298033048326584,0.18298033048326584,LogisticRegression_C_undersampled
deep,text__deep,"""deep""",word,-0.1826871074617445,0.1826871074617445,LogisticRegression_C_undersampled
creating,text__creating,"""creating""",word,-0.18206309066158693,0.18206309066158693,LogisticRegression_C_undersampled
honest,text__honest,"""honest""",word,0.18205738405205693,0.18205738405205693,LogisticRegression_C_undersampled
mad,text__mad,"""mad""",word,-0.18165756397805477,0.18165756397805477,LogisticRegression_C_undersampled
listening,text__listening,"""listening""",word,0.18148173662166517,0.18148173662166517,LogisticRegression_C_undersampled
include,text__include,"""include""",word,0.181118345520803,0.181118345520803,LogisticRegression_C_undersampled
erotic,text__erotic,"""erotic""",word,0.1809715817350079,0.1809715817350079,LogisticRegression_C_undersampled
guess,text__guess,"""guess""",word,-0.18096178103430843,0.18096178103430843,LogisticRegression_C_undersampled
series,text__series,"""series""",word,0.18082313423423235,0.18082313423423235,LogisticRegression_C_undersampled
rate,text__rate,"""rate""",word,-0.18059162730789785,0.18059162730789785,LogisticRegression_C_undersampled
shire,text__shire,"""shire""",word,-0.18030971401998608,0.18030971401998608,LogisticRegression_C_undersampled
knowing,text__knowing,"""knowing""",word,0.18026159771065298,0.18026159771065298,LogisticRegression_C_undersampled
unless,text__unless,"""unless""",word,0.18019356952572765,0.18019356952572765,LogisticRegression_C_undersampled
strongly,text__strongly,"""strongly""",word,-0.18012808026917235,0.18012808026917235,LogisticRegression_C_undersampled
forever,text__forever,"""forever""",word,-0.18003367587520372,0.18003367587520372,LogisticRegression_C_undersampled
local,text__local,"""local""",word,0.17997863777546536,0.17997863777546536,LogisticRegression_C_undersampled
exception,text__exception,"""exception""",word,0.17981984223092753,0.17981984223092753,LogisticRegression_C_undersampled
ridiculous,text__ridiculous,"""ridiculous""",word,0.17969707105191518,0.17969707105191518,LogisticRegression_C_undersampled
citizen,text__citizen,"""citizen""",word,-0.17963540447637244,0.17963540447637244,LogisticRegression_C_undersampled
unlike,text__unlike,"""unlike""",word,-0.1795729081477724,0.1795729081477724,LogisticRegression_C_undersampled
unique,text__unique,"""unique""",word,0.1791308322204572,0.1791308322204572,LogisticRegression_C_undersampled
wild,text__wild,"""wild""",word,0.17885551908913758,0.17885551908913758,LogisticRegression_C_undersampled
author,text__author,"""author""",word,0.17849587108088688,0.17849587108088688,LogisticRegression_C_undersampled
relatable,text__relatable,"""relatable""",word,-0.17848780033408818,0.17848780033408818,LogisticRegression_C_undersampled
fresh,text__fresh,"""fresh""",word,0.1779643429571759,0.1779643429571759,LogisticRegression_C_undersampled
mirror,text__mirror,"""mirror""",word,0.17788926566973579,0.17788926566973579,LogisticRegression_C_undersampled
clever,text__clever,"""clever""",word,0.17761305414000403,0.17761305414000403,LogisticRegression_C_undersampled
rain,text__rain,"""rain""",word,-0.1774995299521145,0.1774995299521145,LogisticRegression_C_undersampled
stunning,text__stunning,"""stunning""",word,0.1770322069652165,0.1770322069652165,LogisticRegression_C_undersampled
stage,text__stage,"""stage""",word,0.1763446377761722,0.1763446377761722,LogisticRegression_C_undersampled
comfortable,text__comfortable,"""comfortable""",word,-0.17601977104766908,0.17601977104766908,LogisticRegression_C_undersampled
wise,text__wise,"""wise""",word,0.1759396689652466,0.1759396689652466,LogisticRegression_C_undersampled
silverstein,text__silverstein,"""silverstein""",word,-0.1757292757782271,0.1757292757782271,LogisticRegression_C_undersampled
hell,text__hell,"""hell""",word,0.17566632184599867,0.17566632184599867,LogisticRegression_C_undersampled
damn,text__damn,"""damn""",word,0.17565175273739825,0.17565175273739825,LogisticRegression_C_undersampled
interested,text__interested,"""interested""",word,0.17544765805222398,0.17544765805222398,LogisticRegression_C_undersampled
sing,text__sing,"""sing""",word,0.1753984766438561,0.1753984766438561,LogisticRegression_C_undersampled
rhythm,text__rhythm,"""rhythm""",word,0.17510645574742237,0.17510645574742237,LogisticRegression_C_undersampled
wait,text__wait,"""wait""",word,-0.1751027771602005,0.1751027771602005,LogisticRegression_C_undersampled
suitor,text__suitor,"""suitor""",word,-0.17497688442407366,0.17497688442407366,LogisticRegression_C_undersampled
canto,text__canto,"""canto""",word,0.17489191581505756,0.17489191581505756,LogisticRegression_C_undersampled
heart,text__heart,"""heart""",word,0.1748633221864225,0.1748633221864225,LogisticRegression_C_undersampled
son,text__son,"""son""",word,-0.1748163084918756,0.1748163084918756,LogisticRegression_C_undersampled
indian,text__indian,"""indian""",word,0.17425169109536026,0.17425169109536026,LogisticRegression_C_undersampled
revolution,text__revolution,"""revolution""",word,0.17393229351450773,0.17393229351450773,LogisticRegression_C_undersampled
night,text__night,"""night""",word,0.17388967588026583,0.17388967588026583,LogisticRegression_C_undersampled
soon,text__soon,"""soon""",word,0.17379431859880695,0.17379431859880695,LogisticRegression_C_undersampled
rise,text__rise,"""rise""",word,-0.17333604301008737,0.17333604301008737,LogisticRegression_C_undersampled
sexton,text__sexton,"""sexton""",word,-0.1731985421161228,0.1731985421161228,LogisticRegression_C_undersampled
charles,text__charles,"""charles""",word,-0.17305110700743218,0.17305110700743218,LogisticRegression_C_undersampled
echo,text__echo,"""echo""",word,-0.1722491643996777,0.1722491643996777,LogisticRegression_C_undersampled
nearly,text__nearly,"""nearly""",word,0.1722095626463264,0.1722095626463264,LogisticRegression_C_undersampled
reading,text__reading,"""reading""",word,0.17194152480371558,0.17194152480371558,LogisticRegression_C_undersampled
amazing,text__amazing,"""amazing""",word,-0.17151007080662453,0.17151007080662453,LogisticRegression_C_undersampled
may,text__may,"""may""",word,0.17149587140061784,0.17149587140061784,LogisticRegression_C_undersampled
coming,text__coming,"""coming""",word,-0.17145489469846953,0.17145489469846953,LogisticRegression_C_undersampled
aeneid,text__aeneid,"""aeneid""",word,-0.1714351704687149,0.1714351704687149,LogisticRegression_C_undersampled
milton,text__milton,"""milton""",word,-0.17130060681153073,0.17130060681153073,LogisticRegression_C_undersampled
working,text__working,"""working""",word,-0.17124334716137085,0.17124334716137085,LogisticRegression_C_undersampled
mentioned,text__mentioned,"""mentioned""",word,0.17102883479951364,0.17102883479951364,LogisticRegression_C_undersampled
existence,text__existence,"""existence""",word,-0.17097760051651467,0.17097760051651467,LogisticRegression_C_undersampled
unknown,text__unknown,"""unknown""",word,0.17024180062323283,0.17024180062323283,LogisticRegression_C_undersampled
effect,text__effect,"""effect""",word,0.17014638017905223,0.17014638017905223,LogisticRegression_C_undersampled
slow,text__slow,"""slow""",word,0.17013161232748192,0.17013161232748192,LogisticRegression_C_undersampled
glimpse,text__glimpse,"""glimpse""",word,-0.169049814197318,0.169049814197318,LogisticRegression_C_undersampled
dear,text__dear,"""dear""",word,0.16883145506530592,0.16883145506530592,LogisticRegression_C_undersampled
rilke,text__rilke,"""rilke""",word,0.16880045942500946,0.16880045942500946,LogisticRegression_C_undersampled
anyone,text__anyone,"""anyone""",word,-0.16865238404109845,0.16865238404109845,LogisticRegression_C_undersampled
offer,text__offer,"""offer""",word,0.1686352522202732,0.1686352522202732,LogisticRegression_C_undersampled
hurting,text__hurting,"""hurting""",word,-0.16860376645230127,0.16860376645230127,LogisticRegression_C_undersampled
worry,text__worry,"""worry""",word,0.16845634670322057,0.16845634670322057,LogisticRegression_C_undersampled
might,text__might,"""might""",word,0.16794620878878463,0.16794620878878463,LogisticRegression_C_undersampled
kasienka,text__kasienka,"""kasienka""",word,0.16788131726400218,0.16788131726400218,LogisticRegression_C_undersampled
sylvia,text__sylvia,"""sylvia""",word,-0.16744631104418037,0.16744631104418037,LogisticRegression_C_undersampled
held,text__held,"""held""",word,-0.16726176562933742,0.16726176562933742,LogisticRegression_C_undersampled
second,text__second,"""second""",word,-0.16724427735290026,0.16724427735290026,LogisticRegression_C_undersampled
disturbing,text__disturbing,"""disturbing""",word,0.16722026531997655,0.16722026531997655,LogisticRegression_C_undersampled
vast,text__vast,"""vast""",word,0.16720111518532307,0.16720111518532307,LogisticRegression_C_undersampled
meet,text__meet,"""meet""",word,-0.16679047164895944,0.16679047164895944,LogisticRegression_C_undersampled
plan,text__plan,"""plan""",word,0.1666665994864757,0.1666665994864757,LogisticRegression_C_undersampled
wisdom,text__wisdom,"""wisdom""",word,-0.1666661462590197,0.1666661462590197,LogisticRegression_C_undersampled
tried,text__tried,"""tried""",word,-0.16638317382415554,0.16638317382415554,LogisticRegression_C_undersampled
personally,text__personally,"""personally""",word,-0.16612495143579203,0.16612495143579203,LogisticRegression_C_undersampled
stopped,text__stopped,"""stopped""",word,0.16601464232638435,0.16601464232638435,LogisticRegression_C_undersampled
normally,text__normally,"""normally""",word,0.16596409746258742,0.16596409746258742,LogisticRegression_C_undersampled
modern,text__modern,"""modern""",word,0.16589574188803027,0.16589574188803027,LogisticRegression_C_undersampled
fan,text__fan,"""fan""",word,0.16572978831810056,0.16572978831810056,LogisticRegression_C_undersampled
element,text__element,"""element""",word,-0.1654966233971552,0.1654966233971552,LogisticRegression_C_undersampled
time,text__time,"""time""",word,-0.16518955604057142,0.16518955604057142,LogisticRegression_C_undersampled
hand,text__hand,"""hand""",word,0.16498490673360847,0.16498490673360847,LogisticRegression_C_undersampled
milk,text__milk,"""milk""",word,-0.16481120199776417,0.16481120199776417,LogisticRegression_C_undersampled
four,text__four,"""four""",word,-0.16476196583620287,0.16476196583620287,LogisticRegression_C_undersampled
game,text__game,"""game""",word,-0.16466629519425213,0.16466629519425213,LogisticRegression_C_undersampled
overall,text__overall,"""overall""",word,-0.16431018061286576,0.16431018061286576,LogisticRegression_C_undersampled
written,text__written,"""written""",word,-0.1642885608171604,0.1642885608171604,LogisticRegression_C_undersampled
dy,text__dy,"""dy""",word,-0.1640003464475371,0.1640003464475371,LogisticRegression_C_undersampled
towards,text__towards,"""towards""",word,-0.16395177919469409,0.16395177919469409,LogisticRegression_C_undersampled
hurt,text__hurt,"""hurt""",word,-0.16382471110486596,0.16382471110486596,LogisticRegression_C_undersampled
action,text__action,"""action""",word,0.16358668033526075,0.16358668033526075,LogisticRegression_C_undersampled
paris,text__paris,"""paris""",word,-0.16345845612893767,0.16345845612893767,LogisticRegression_C_undersampled
warsan,text__warsan,"""warsan""",word,-0.1633476776689813,0.1633476776689813,LogisticRegression_C_undersampled
fifth,text__fifth,"""fifth""",word,0.1632457824472794,0.1632457824472794,LogisticRegression_C_undersampled
reminder,text__reminder,"""reminder""",word,-0.163105221698916,0.163105221698916,LogisticRegression_C_undersampled
whenever,text__whenever,"""whenever""",word,-0.16299364901948876,0.16299364901948876,LogisticRegression_C_undersampled
thanks,text__thanks,"""thanks""",word,0.16249371520787056,0.16249371520787056,LogisticRegression_C_undersampled
simplicity,text__simplicity,"""simplicity""",word,-0.16238390450419085,0.16238390450419085,LogisticRegression_C_undersampled
concern,text__concern,"""concern""",word,0.16181584759820566,0.16181584759820566,LogisticRegression_C_undersampled
hear,text__hear,"""hear""",word,-0.1613618027001985,0.1613618027001985,LogisticRegression_C_undersampled
stream,text__stream,"""stream""",word,-0.16043524643240972,0.16043524643240972,LogisticRegression_C_undersampled
town,text__town,"""town""",word,0.1601899279182433,0.1601899279182433,LogisticRegression_C_undersampled
loss,text__loss,"""loss""",word,-0.15998591234387247,0.15998591234387247,LogisticRegression_C_undersampled
somebody,text__somebody,"""somebody""",word,0.15941483371247955,0.15941483371247955,LogisticRegression_C_undersampled
eternal,text__eternal,"""eternal""",word,0.1593708239351714,0.1593708239351714,LogisticRegression_C_undersampled
section,text__section,"""section""",word,-0.15930610181029528,0.15930610181029528,LogisticRegression_C_undersampled
joy,text__joy,"""joy""",word,0.15921156295460287,0.15921156295460287,LogisticRegression_C_undersampled
trust,text__trust,"""trust""",word,-0.15913847621893887,0.15913847621893887,LogisticRegression_C_undersampled
contains,text__contains,"""contains""",word,0.15913674335613281,0.15913674335613281,LogisticRegression_C_undersampled
search,text__search,"""search""",word,-0.1587150131062684,0.1587150131062684,LogisticRegression_C_undersampled
deserve,text__deserve,"""deserve""",word,-0.15813194990870882,0.15813194990870882,LogisticRegression_C_undersampled
collins,text__collins,"""collins""",word,0.15795037853016342,0.15795037853016342,LogisticRegression_C_undersampled
anger,text__anger,"""anger""",word,0.15782075037476304,0.15782075037476304,LogisticRegression_C_undersampled
exact,text__exact,"""exact""",word,-0.1577923871192211,0.1577923871192211,LogisticRegression_C_undersampled
grasp,text__grasp,"""grasp""",word,0.1577315458634461,0.1577315458634461,LogisticRegression_C_undersampled
rule,text__rule,"""rule""",word,0.15761399072983107,0.15761399072983107,LogisticRegression_C_undersampled
seriously,text__seriously,"""seriously""",word,0.15751972589998944,0.15751972589998944,LogisticRegression_C_undersampled
false,text__false,"""false""",word,0.1573082566724233,0.1573082566724233,LogisticRegression_C_undersampled
teenage,text__teenage,"""teenage""",word,0.15708392373672533,0.15708392373672533,LogisticRegression_C_undersampled
musical,text__musical,"""musical""",word,-0.1568656267161823,0.1568656267161823,LogisticRegression_C_undersampled
worked,text__worked,"""worked""",word,-0.15680566826900763,0.15680566826900763,LogisticRegression_C_undersampled
debut,text__debut,"""debut""",word,0.1566519754119566,0.1566519754119566,LogisticRegression_C_undersampled
race,text__race,"""race""",word,-0.15643400952258424,0.15643400952258424,LogisticRegression_C_undersampled
random,text__random,"""random""",word,-0.1563942193130925,0.1563942193130925,LogisticRegression_C_undersampled
loneliness,text__loneliness,"""loneliness""",word,0.15638840247248706,0.15638840247248706,LogisticRegression_C_undersampled
laughter,text__laughter,"""laughter""",word,-0.1563123625539798,0.1563123625539798,LogisticRegression_C_undersampled
note,text__note,"""note""",word,-0.15624672745345283,0.15624672745345283,LogisticRegression_C_undersampled
wanted,text__wanted,"""wanted""",word,0.154958133033157,0.154958133033157,LogisticRegression_C_undersampled
review,text__review,"""review""",word,0.15484742497461204,0.15484742497461204,LogisticRegression_C_undersampled
allow,text__allow,"""allow""",word,-0.15481454918941617,0.15481454918941617,LogisticRegression_C_undersampled
news,text__news,"""news""",word,0.15476320055669665,0.15476320055669665,LogisticRegression_C_undersampled
thousand,text__thousand,"""thousand""",word,0.15461055699961174,0.15461055699961174,LogisticRegression_C_undersampled
certain,text__certain,"""certain""",word,0.15453180450062548,0.15453180450062548,LogisticRegression_C_undersampled
cold,text__cold,"""cold""",word,0.15433258070726866,0.15433258070726866,LogisticRegression_C_undersampled
talking,text__talking,"""talking""",word,0.15374829906662926,0.15374829906662926,LogisticRegression_C_undersampled
film,text__film,"""film""",word,0.153593789996167,0.153593789996167,LogisticRegression_C_undersampled
passion,text__passion,"""passion""",word,0.15321759678381316,0.15321759678381316,LogisticRegression_C_undersampled
exactly,text__exactly,"""exactly""",word,0.15316315355054,0.15316315355054,LogisticRegression_C_undersampled
frost,text__frost,"""frost""",word,-0.15311769397040517,0.15311769397040517,LogisticRegression_C_undersampled
probably,text__probably,"""probably""",word,0.15295826383603314,0.15295826383603314,LogisticRegression_C_undersampled
mental,text__mental,"""mental""",word,0.15263020970879854,0.15263020970879854,LogisticRegression_C_undersampled
prison,text__prison,"""prison""",word,0.15246649655636496,0.15246649655636496,LogisticRegression_C_undersampled
broken,text__broken,"""broken""",word,-0.15224066129578878,0.15224066129578878,LogisticRegression_C_undersampled
ancient,text__ancient,"""ancient""",word,0.15217620842447574,0.15217620842447574,LogisticRegression_C_undersampled
yellow,text__yellow,"""yellow""",word,0.15205742011986526,0.15205742011986526,LogisticRegression_C_undersampled
beloved,text__beloved,"""beloved""",word,-0.15181410920700375,0.15181410920700375,LogisticRegression_C_undersampled
becoming,text__becoming,"""becoming""",word,-0.15176666137204162,0.15176666137204162,LogisticRegression_C_undersampled
depressing,text__depressing,"""depressing""",word,-0.15163635801299954,0.15163635801299954,LogisticRegression_C_undersampled
spent,text__spent,"""spent""",word,0.15160567063872485,0.15160567063872485,LogisticRegression_C_undersampled
sibling,text__sibling,"""sibling""",word,-0.1515460374494843,0.1515460374494843,LogisticRegression_C_undersampled
sarah,text__sarah,"""sarah""",word,0.151519285229529,0.151519285229529,LogisticRegression_C_undersampled
insightful,text__insightful,"""insightful""",word,-0.1513011567088128,0.1513011567088128,LogisticRegression_C_undersampled
space,text__space,"""space""",word,0.15110954509317026,0.15110954509317026,LogisticRegression_C_undersampled
lit,text__lit,"""lit""",word,-0.15082562323830093,0.15082562323830093,LogisticRegression_C_undersampled
gay,text__gay,"""gay""",word,0.15072927918461856,0.15072927918461856,LogisticRegression_C_undersampled
new,text__new,"""new""",word,0.150496174246792,0.150496174246792,LogisticRegression_C_undersampled
room,text__room,"""room""",word,0.15033048655370648,0.15033048655370648,LogisticRegression_C_undersampled
floor,text__floor,"""floor""",word,0.15019711492960866,0.15019711492960866,LogisticRegression_C_undersampled
helped,text__helped,"""helped""",word,-0.14989754192097035,0.14989754192097035,LogisticRegression_C_undersampled
monster,text__monster,"""monster""",word,-0.1498539380330258,0.1498539380330258,LogisticRegression_C_undersampled
everyday,text__everyday,"""everyday""",word,0.14979699556072312,0.14979699556072312,LogisticRegression_C_undersampled
beautiful,text__beautiful,"""beautiful""",word,-0.14969321293193735,0.14969321293193735,LogisticRegression_C_undersampled
giving,text__giving,"""giving""",word,0.14955187992422175,0.14955187992422175,LogisticRegression_C_undersampled
running,text__running,"""running""",word,0.14945390546704376,0.14945390546704376,LogisticRegression_C_undersampled
bar,text__bar,"""bar""",word,-0.14936922060860122,0.14936922060860122,LogisticRegression_C_undersampled
latin,text__latin,"""latin""",word,-0.14888735141210857,0.14888735141210857,LogisticRegression_C_undersampled
path,text__path,"""path""",word,0.14881745972511137,0.14881745972511137,LogisticRegression_C_undersampled
bright,text__bright,"""bright""",word,-0.1487815024746257,0.1487815024746257,LogisticRegression_C_undersampled
anne,text__anne,"""anne""",word,-0.1485829668589823,0.1485829668589823,LogisticRegression_C_undersampled
truth,text__truth,"""truth""",word,0.14833145969598452,0.14833145969598452,LogisticRegression_C_undersampled
heartfelt,text__heartfelt,"""heartfelt""",word,0.14755370602083742,0.14755370602083742,LogisticRegression_C_undersampled
needed,text__needed,"""needed""",word,-0.14752592638992465,0.14752592638992465,LogisticRegression_C_undersampled
us,text__us,"""us""",word,-0.14735193016234463,0.14735193016234463,LogisticRegression_C_undersampled
culture,text__culture,"""culture""",word,0.14730195948454994,0.14730195948454994,LogisticRegression_C_undersampled
u,text__u,"""u""",word,0.1471329658516112,0.1471329658516112,LogisticRegression_C_undersampled
key,text__key,"""key""",word,-0.1470187203757501,0.1470187203757501,LogisticRegression_C_undersampled
flat,text__flat,"""flat""",word,-0.1468298998038713,0.1468298998038713,LogisticRegression_C_undersampled
first,text__first,"""first""",word,-0.1468003066775312,0.1468003066775312,LogisticRegression_C_undersampled
aloud,text__aloud,"""aloud""",word,0.1466869629851979,0.1466869629851979,LogisticRegression_C_undersampled
thou,text__thou,"""thou""",word,-0.14657357099205376,0.14657357099205376,LogisticRegression_C_undersampled
enjoyed,text__enjoyed,"""enjoyed""",word,0.1463222796923046,0.1463222796923046,LogisticRegression_C_undersampled
rating,text__rating,"""rating""",word,-0.14614696105088806,0.14614696105088806,LogisticRegression_C_undersampled
necessarily,text__necessarily,"""necessarily""",word,-0.14614509117259822,0.14614509117259822,LogisticRegression_C_undersampled
party,text__party,"""party""",word,-0.14588596093792397,0.14588596093792397,LogisticRegression_C_undersampled
forced,text__forced,"""forced""",word,-0.14586473921117915,0.14586473921117915,LogisticRegression_C_undersampled
provided,text__provided,"""provided""",word,0.14560390852541674,0.14560390852541674,LogisticRegression_C_undersampled
please,text__please,"""please""",word,-0.1455631650724775,0.1455631650724775,LogisticRegression_C_undersampled
decide,text__decide,"""decide""",word,-0.14555813436623907,0.14555813436623907,LogisticRegression_C_undersampled
companion,text__companion,"""companion""",word,0.14549963509940872,0.14549963509940872,LogisticRegression_C_undersampled
falling,text__falling,"""falling""",word,-0.14523647029091133,0.14523647029091133,LogisticRegression_C_undersampled
named,text__named,"""named""",word,0.14512062286333635,0.14512062286333635,LogisticRegression_C_undersampled
buy,text__buy,"""buy""",word,0.14510820780473915,0.14510820780473915,LogisticRegression_C_undersampled
honesty,text__honesty,"""honesty""",word,-0.1450843458667224,0.1450843458667224,LogisticRegression_C_undersampled
performance,text__performance,"""performance""",word,0.1450471526374937,0.1450471526374937,LogisticRegression_C_undersampled
paint,text__paint,"""paint""",word,0.14482546837471838,0.14482546837471838,LogisticRegression_C_undersampled
tree,text__tree,"""tree""",word,-0.144510654718515,0.144510654718515,LogisticRegression_C_undersampled
treat,text__treat,"""treat""",word,-0.14438046139492747,0.14438046139492747,LogisticRegression_C_undersampled
captured,text__captured,"""captured""",word,-0.14431661131731152,0.14431661131731152,LogisticRegression_C_undersampled
used,text__used,"""used""",word,-0.14428478713628085,0.14428478713628085,LogisticRegression_C_undersampled
possible,text__possible,"""possible""",word,-0.14418739185486865,0.14418739185486865,LogisticRegression_C_undersampled
think,text__think,"""think""",word,-0.14415121473571219,0.14415121473571219,LogisticRegression_C_undersampled
spread,text__spread,"""spread""",word,-0.14399758827799006,0.14399758827799006,LogisticRegression_C_undersampled
closer,text__closer,"""closer""",word,-0.14393249744825556,0.14393249744825556,LogisticRegression_C_undersampled
speaking,text__speaking,"""speaking""",word,-0.14391572082517662,0.14391572082517662,LogisticRegression_C_undersampled
meant,text__meant,"""meant""",word,0.14391400432306445,0.14391400432306445,LogisticRegression_C_undersampled
recommended,text__recommended,"""recommended""",word,-0.14378068696117696,0.14378068696117696,LogisticRegression_C_undersampled
challenge,text__challenge,"""challenge""",word,0.14373957034037918,0.14373957034037918,LogisticRegression_C_undersampled
entertaining,text__entertaining,"""entertaining""",word,0.14371512204890122,0.14371512204890122,LogisticRegression_C_undersampled
army,text__army,"""army""",word,0.14366560943607398,0.14366560943607398,LogisticRegression_C_undersampled
horrible,text__horrible,"""horrible""",word,0.14350787549111632,0.14350787549111632,LogisticRegression_C_undersampled
memorable,text__memorable,"""memorable""",word,0.143327466890481,0.143327466890481,LogisticRegression_C_undersampled
copy,text__copy,"""copy""",word,0.14298946220393532,0.14298946220393532,LogisticRegression_C_undersampled
image,text__image,"""image""",word,0.14297643141125355,0.14297643141125355,LogisticRegression_C_undersampled
birthday,text__birthday,"""birthday""",word,0.14280478118941023,0.14280478118941023,LogisticRegression_C_undersampled
bear,text__bear,"""bear""",word,0.1427775056892392,0.1427775056892392,LogisticRegression_C_undersampled
memory,text__memory,"""memory""",word,-0.1426943714909057,0.1426943714909057,LogisticRegression_C_undersampled
shared,text__shared,"""shared""",word,0.14263556125201718,0.14263556125201718,LogisticRegression_C_undersampled
description,text__description,"""description""",word,0.14260737301907253,0.14260737301907253,LogisticRegression_C_undersampled
mountain,text__mountain,"""mountain""",word,-0.14234529297151005,0.14234529297151005,LogisticRegression_C_undersampled
avoid,text__avoid,"""avoid""",word,-0.14210273874051205,0.14210273874051205,LogisticRegression_C_undersampled
leaf,text__leaf,"""leaf""",word,-0.14179253324268953,0.14179253324268953,LogisticRegression_C_undersampled
anymore,text__anymore,"""anymore""",word,0.14138104673703153,0.14138104673703153,LogisticRegression_C_undersampled
touching,text__touching,"""touching""",word,-0.1413283731305917,0.1413283731305917,LogisticRegression_C_undersampled
asks,text__asks,"""asks""",word,-0.1413004814939405,0.1413004814939405,LogisticRegression_C_undersampled
grace,text__grace,"""grace""",word,0.14126023011181835,0.14126023011181835,LogisticRegression_C_undersampled
foot,text__foot,"""foot""",word,-0.14120679334107436,0.14120679334107436,LogisticRegression_C_undersampled
mortal,text__mortal,"""mortal""",word,0.14115973725342693,0.14115973725342693,LogisticRegression_C_undersampled
analysis,text__analysis,"""analysis""",word,-0.1410372427656527,0.1410372427656527,LogisticRegression_C_undersampled
commentary,text__commentary,"""commentary""",word,0.14026506499970545,0.14026506499970545,LogisticRegression_C_undersampled
soul,text__soul,"""soul""",word,0.14023754112815714,0.14023754112815714,LogisticRegression_C_undersampled
post,text__post,"""post""",word,0.14016223548630224,0.14016223548630224,LogisticRegression_C_undersampled
criticism,text__criticism,"""criticism""",word,-0.13959597705253363,0.13959597705253363,LogisticRegression_C_undersampled
free,text__free,"""free""",word,0.13932524912385344,0.13932524912385344,LogisticRegression_C_undersampled
carried,text__carried,"""carried""",word,0.13923227147388578,0.13923227147388578,LogisticRegression_C_undersampled
turning,text__turning,"""turning""",word,-0.13913896156123592,0.13913896156123592,LogisticRegression_C_undersampled
breath,text__breath,"""breath""",word,0.13905334502159697,0.13905334502159697,LogisticRegression_C_undersampled
system,text__system,"""system""",word,-0.13879421135547498,0.13879421135547498,LogisticRegression_C_undersampled
essay,text__essay,"""essay""",word,-0.1385937241776351,0.1385937241776351,LogisticRegression_C_undersampled
attention,text__attention,"""attention""",word,0.1382155572861806,0.1382155572861806,LogisticRegression_C_undersampled
pas,text__pas,"""pas""",word,-0.13795517211204006,0.13795517211204006,LogisticRegression_C_undersampled
stranger,text__stranger,"""stranger""",word,-0.1374094051677444,0.1374094051677444,LogisticRegression_C_undersampled
younger,text__younger,"""younger""",word,0.13740104895482694,0.13740104895482694,LogisticRegression_C_undersampled
confused,text__confused,"""confused""",word,-0.13738516084529656,0.13738516084529656,LogisticRegression_C_undersampled
lifetime,text__lifetime,"""lifetime""",word,-0.13698457843887948,0.13698457843887948,LogisticRegression_C_undersampled
chapter,text__chapter,"""chapter""",word,-0.13691587406954323,0.13691587406954323,LogisticRegression_C_undersampled
hilarious,text__hilarious,"""hilarious""",word,0.13689232779184504,0.13689232779184504,LogisticRegression_C_undersampled
protagonist,text__protagonist,"""protagonist""",word,-0.1367765818704284,0.1367765818704284,LogisticRegression_C_undersampled
relevant,text__relevant,"""relevant""",word,-0.1366607006203575,0.1366607006203575,LogisticRegression_C_undersampled
joke,text__joke,"""joke""",word,0.13634941932346664,0.13634941932346664,LogisticRegression_C_undersampled
blake,text__blake,"""blake""",word,-0.13621637033598608,0.13621637033598608,LogisticRegression_C_undersampled
intended,text__intended,"""intended""",word,0.13616936155735557,0.13616936155735557,LogisticRegression_C_undersampled
behind,text__behind,"""behind""",word,0.13606192467217404,0.13606192467217404,LogisticRegression_C_undersampled
hector,text__hector,"""hector""",word,0.1359873058640882,0.1359873058640882,LogisticRegression_C_undersampled
object,text__object,"""object""",word,0.13598313055034844,0.13598313055034844,LogisticRegression_C_undersampled
instagram,text__instagram,"""instagram""",word,0.13588476224959206,0.13588476224959206,LogisticRegression_C_undersampled
silence,text__silence,"""silence""",word,-0.13580084288693456,0.13580084288693456,LogisticRegression_C_undersampled
food,text__food,"""food""",word,0.13570028619565486,0.13570028619565486,LogisticRegression_C_undersampled
entire,text__entire,"""entire""",word,0.13566102860083695,0.13566102860083695,LogisticRegression_C_undersampled
seen,text__seen,"""seen""",word,-0.13557755583656705,0.13557755583656705,LogisticRegression_C_undersampled
ate,text__ate,"""ate""",word,-0.13479549508371608,0.13479549508371608,LogisticRegression_C_undersampled
fagles,text__fagles,"""fagles""",word,-0.13461437060816922,0.13461437060816922,LogisticRegression_C_undersampled
minute,text__minute,"""minute""",word,-0.13458726705743695,0.13458726705743695,LogisticRegression_C_undersampled
garden,text__garden,"""garden""",word,-0.1343754456828047,0.1343754456828047,LogisticRegression_C_undersampled
generation,text__generation,"""generation""",word,-0.134186410388454,0.134186410388454,LogisticRegression_C_undersampled
higher,text__higher,"""higher""",word,0.1341799340190848,0.1341799340190848,LogisticRegression_C_undersampled
clear,text__clear,"""clear""",word,-0.1341344361447716,0.1341344361447716,LogisticRegression_C_undersampled
overly,text__overly,"""overly""",word,-0.1340892938434792,0.1340892938434792,LogisticRegression_C_undersampled
tonight,text__tonight,"""tonight""",word,-0.1339765261258479,0.1339765261258479,LogisticRegression_C_undersampled
andrea,text__andrea,"""andrea""",word,-0.1339610349220458,0.1339610349220458,LogisticRegression_C_undersampled
multiple,text__multiple,"""multiple""",word,-0.1335575660818173,0.1335575660818173,LogisticRegression_C_undersampled
died,text__died,"""died""",word,0.13347198749246522,0.13347198749246522,LogisticRegression_C_undersampled
looked,text__looked,"""looked""",word,-0.13344186147839326,0.13344186147839326,LogisticRegression_C_undersampled
important,text__important,"""important""",word,-0.13343417920240816,0.13343417920240816,LogisticRegression_C_undersampled
accessible,text__accessible,"""accessible""",word,0.133346376348334,0.133346376348334,LogisticRegression_C_undersampled
brooklyn,text__brooklyn,"""brooklyn""",word,0.13333039299463098,0.13333039299463098,LogisticRegression_C_undersampled
killed,text__killed,"""killed""",word,-0.13320870709298605,0.13320870709298605,LogisticRegression_C_undersampled
fuck,text__fuck,"""fuck""",word,0.13289342889961078,0.13289342889961078,LogisticRegression_C_undersampled
plath,text__plath,"""plath""",word,-0.132887371847409,0.132887371847409,LogisticRegression_C_undersampled
main,text__main,"""main""",word,-0.13280902446553824,0.13280902446553824,LogisticRegression_C_undersampled
rhyme,text__rhyme,"""rhyme""",word,-0.13279481955240371,0.13279481955240371,LogisticRegression_C_undersampled
seems,text__seems,"""seems""",word,0.13276094465686025,0.13276094465686025,LogisticRegression_C_undersampled
hole,text__hole,"""hole""",word,0.1325029505981522,0.1325029505981522,LogisticRegression_C_undersampled
fairly,text__fairly,"""fairly""",word,-0.13246479182490678,0.13246479182490678,LogisticRegression_C_undersampled
wife,text__wife,"""wife""",word,0.13229785551451048,0.13229785551451048,LogisticRegression_C_undersampled
finish,text__finish,"""finish""",word,0.13213599474306076,0.13213599474306076,LogisticRegression_C_undersampled
longing,text__longing,"""longing""",word,0.13206742010665848,0.13206742010665848,LogisticRegression_C_undersampled
perhaps,text__perhaps,"""perhaps""",word,0.13197970055354866,0.13197970055354866,LogisticRegression_C_undersampled
theme,text__theme,"""theme""",word,0.1319738486071052,0.1319738486071052,LogisticRegression_C_undersampled
audio,text__audio,"""audio""",word,0.13190669505341365,0.13190669505341365,LogisticRegression_C_undersampled
goal,text__goal,"""goal""",word,0.1318757274355772,0.1318757274355772,LogisticRegression_C_undersampled
potential,text__potential,"""potential""",word,0.13180469615239448,0.13180469615239448,LogisticRegression_C_undersampled
loved,text__loved,"""loved""",word,0.13175164448372706,0.13175164448372706,LogisticRegression_C_undersampled
window,text__window,"""window""",word,-0.13173964304301897,0.13173964304301897,LogisticRegression_C_undersampled
sea,text__sea,"""sea""",word,-0.13169910242273192,0.13169910242273192,LogisticRegression_C_undersampled
impression,text__impression,"""impression""",word,0.13166472035499707,0.13166472035499707,LogisticRegression_C_undersampled
sit,text__sit,"""sit""",word,0.13151089378485917,0.13151089378485917,LogisticRegression_C_undersampled
sharing,text__sharing,"""sharing""",word,0.1314936259367385,0.1314936259367385,LogisticRegression_C_undersampled
lust,text__lust,"""lust""",word,0.13141884124253866,0.13141884124253866,LogisticRegression_C_undersampled
visual,text__visual,"""visual""",word,-0.1312448527548778,0.1312448527548778,LogisticRegression_C_undersampled
cultural,text__cultural,"""cultural""",word,0.13120179107529992,0.13120179107529992,LogisticRegression_C_undersampled
besides,text__besides,"""besides""",word,0.13098438265331402,0.13098438265331402,LogisticRegression_C_undersampled
odd,text__odd,"""odd""",word,-0.13086181220715706,0.13086181220715706,LogisticRegression_C_undersampled
literally,text__literally,"""literally""",word,0.13081517120443387,0.13081517120443387,LogisticRegression_C_undersampled
difference,text__difference,"""difference""",word,0.13080328786717432,0.13080328786717432,LogisticRegression_C_undersampled
history,text__history,"""history""",word,0.13068744083554626,0.13068744083554626,LogisticRegression_C_undersampled
scheme,text__scheme,"""scheme""",word,0.1306714446683255,0.1306714446683255,LogisticRegression_C_undersampled
typical,text__typical,"""typical""",word,-0.13027020561201416,0.13027020561201416,LogisticRegression_C_undersampled
wonderful,text__wonderful,"""wonderful""",word,-0.13010854241209663,0.13010854241209663,LogisticRegression_C_undersampled
lovely,text__lovely,"""lovely""",word,0.1299300502324354,0.1299300502324354,LogisticRegression_C_undersampled
girl,text__girl,"""girl""",word,-0.1298974359046358,0.1298974359046358,LogisticRegression_C_undersampled
ya,text__ya,"""ya""",word,0.12981688701078117,0.12981688701078117,LogisticRegression_C_undersampled
gon,text__gon,"""gon""",word,-0.12973106056185849,0.12973106056185849,LogisticRegression_C_undersampled
mythology,text__mythology,"""mythology""",word,-0.12908790739631112,0.12908790739631112,LogisticRegression_C_undersampled
quick,text__quick,"""quick""",word,-0.1290676244635413,0.1290676244635413,LogisticRegression_C_undersampled
le,text__le,"""le""",word,-0.12905917941535902,0.12905917941535902,LogisticRegression_C_undersampled
approach,text__approach,"""approach""",word,0.12894908071805056,0.12894908071805056,LogisticRegression_C_undersampled
raw,text__raw,"""raw""",word,0.12892632466342321,0.12892632466342321,LogisticRegression_C_undersampled
bible,text__bible,"""bible""",word,-0.12875370397062647,0.12875370397062647,LogisticRegression_C_undersampled
inspire,text__inspire,"""inspire""",word,0.12858114391024325,0.12858114391024325,LogisticRegression_C_undersampled
difficult,text__difficult,"""difficult""",word,-0.12853361328839844,0.12853361328839844,LogisticRegression_C_undersampled
deeper,text__deeper,"""deeper""",word,0.12839573720543293,0.12839573720543293,LogisticRegression_C_undersampled
school,text__school,"""school""",word,0.12824981378145556,0.12824981378145556,LogisticRegression_C_undersampled
aesthetic,text__aesthetic,"""aesthetic""",word,-0.12817978406031322,0.12817978406031322,LogisticRegression_C_undersampled
youtube,text__youtube,"""youtube""",word,0.1281159566929327,0.1281159566929327,LogisticRegression_C_undersampled
james,text__james,"""james""",word,0.12797810209789792,0.12797810209789792,LogisticRegression_C_undersampled
comfort,text__comfort,"""comfort""",word,-0.12788030694222965,0.12788030694222965,LogisticRegression_C_undersampled
shit,text__shit,"""shit""",word,0.1278204564400551,0.1278204564400551,LogisticRegression_C_undersampled
discussed,text__discussed,"""discussed""",word,0.12767093450423886,0.12767093450423886,LogisticRegression_C_undersampled
plant,text__plant,"""plant""",word,-0.12761544507784434,0.12761544507784434,LogisticRegression_C_undersampled
pattern,text__pattern,"""pattern""",word,-0.12758302681329478,0.12758302681329478,LogisticRegression_C_undersampled
future,text__future,"""future""",word,-0.12755533582415607,0.12755533582415607,LogisticRegression_C_undersampled
arthur,text__arthur,"""arthur""",word,-0.12732515768163474,0.12732515768163474,LogisticRegression_C_undersampled
religious,text__religious,"""religious""",word,-0.12722779742551402,0.12722779742551402,LogisticRegression_C_undersampled
finger,text__finger,"""finger""",word,-0.12716010638110428,0.12716010638110428,LogisticRegression_C_undersampled
tale,text__tale,"""tale""",word,0.12691923968848087,0.12691923968848087,LogisticRegression_C_undersampled
worthy,text__worthy,"""worthy""",word,0.12676111301447718,0.12676111301447718,LogisticRegression_C_undersampled
being,text__being,"""being""",word,0.1266168238615691,0.1266168238615691,LogisticRegression_C_undersampled
crow,text__crow,"""crow""",word,-0.12630270245673117,0.12630270245673117,LogisticRegression_C_undersampled
start,text__start,"""start""",word,-0.12622903783545436,0.12622903783545436,LogisticRegression_C_undersampled
river,text__river,"""river""",word,-0.12613722948278833,0.12613722948278833,LogisticRegression_C_undersampled
save,text__save,"""save""",word,0.12602165167862997,0.12602165167862997,LogisticRegression_C_undersampled
ended,text__ended,"""ended""",word,-0.12586155954040126,0.12586155954040126,LogisticRegression_C_undersampled
angel,text__angel,"""angel""",word,0.12561355511235647,0.12561355511235647,LogisticRegression_C_undersampled
daughter,text__daughter,"""daughter""",word,-0.1255876530033962,0.1255876530033962,LogisticRegression_C_undersampled
required,text__required,"""required""",word,-0.12549968178748336,0.12549968178748336,LogisticRegression_C_undersampled
ghost,text__ghost,"""ghost""",word,-0.12546924008254381,0.12546924008254381,LogisticRegression_C_undersampled
entry,text__entry,"""entry""",word,-0.12521910595679003,0.12521910595679003,LogisticRegression_C_undersampled
published,text__published,"""published""",word,0.1252060918207894,0.1252060918207894,LogisticRegression_C_undersampled
haunting,text__haunting,"""haunting""",word,0.12444056633962647,0.12444056633962647,LogisticRegression_C_undersampled
gut,text__gut,"""gut""",word,-0.124035866690101,0.124035866690101,LogisticRegression_C_undersampled
describing,text__describing,"""describing""",word,0.123873221294009,0.123873221294009,LogisticRegression_C_undersampled
war,text__war,"""war""",word,0.12362960846194111,0.12362960846194111,LogisticRegression_C_undersampled
noble,text__noble,"""noble""",word,-0.12332647251065292,0.12332647251065292,LogisticRegression_C_undersampled
odysseus,text__odysseus,"""odysseus""",word,-0.12330873927959922,0.12330873927959922,LogisticRegression_C_undersampled
hardly,text__hardly,"""hardly""",word,0.12324178894231512,0.12324178894231512,LogisticRegression_C_undersampled
serious,text__serious,"""serious""",word,0.12323005851459341,0.12323005851459341,LogisticRegression_C_undersampled
control,text__control,"""control""",word,0.12303762151700158,0.12303762151700158,LogisticRegression_C_undersampled
earlier,text__earlier,"""earlier""",word,0.12288349220864617,0.12288349220864617,LogisticRegression_C_undersampled
speaks,text__speaks,"""speaks""",word,0.12282389127843127,0.12282389127843127,LogisticRegression_C_undersampled
taste,text__taste,"""taste""",word,-0.12273403982447176,0.12273403982447176,LogisticRegression_C_undersampled
empty,text__empty,"""empty""",word,-0.12265329739613713,0.12265329739613713,LogisticRegression_C_undersampled
beauty,text__beauty,"""beauty""",word,0.122578743129062,0.122578743129062,LogisticRegression_C_undersampled
journal,text__journal,"""journal""",word,-0.12248500333147737,0.12248500333147737,LogisticRegression_C_undersampled
quickly,text__quickly,"""quickly""",word,0.12244489024458032,0.12244489024458032,LogisticRegression_C_undersampled
tell,text__tell,"""tell""",word,-0.12232612076118347,0.12232612076118347,LogisticRegression_C_undersampled
matthew,text__matthew,"""matthew""",word,0.12219236174604538,0.12219236174604538,LogisticRegression_C_undersampled
brave,text__brave,"""brave""",word,0.12206466235657151,0.12206466235657151,LogisticRegression_C_undersampled
difficulty,text__difficulty,"""difficulty""",word,-0.12201179104884466,0.12201179104884466,LogisticRegression_C_undersampled
occasionally,text__occasionally,"""occasionally""",word,0.1216838252490088,0.1216838252490088,LogisticRegression_C_undersampled
nature,text__nature,"""nature""",word,0.12138510722878018,0.12138510722878018,LogisticRegression_C_undersampled
david,text__david,"""david""",word,0.12137506326511036,0.12137506326511036,LogisticRegression_C_undersampled
pause,text__pause,"""pause""",word,-0.1213716190067043,0.1213716190067043,LogisticRegression_C_undersampled
gawain,text__gawain,"""gawain""",word,-0.12128950536468132,0.12128950536468132,LogisticRegression_C_undersampled
violence,text__violence,"""violence""",word,-0.12111261717293843,0.12111261717293843,LogisticRegression_C_undersampled
prefer,text__prefer,"""prefer""",word,-0.12108303493024376,0.12108303493024376,LogisticRegression_C_undersampled
popular,text__popular,"""popular""",word,0.12058467495367131,0.12058467495367131,LogisticRegression_C_undersampled
video,text__video,"""video""",word,0.12050825028885052,0.12050825028885052,LogisticRegression_C_undersampled
aeneas,text__aeneas,"""aeneas""",word,-0.12021739013579351,0.12021739013579351,LogisticRegression_C_undersampled
explain,text__explain,"""explain""",word,0.11992300076018551,0.11992300076018551,LogisticRegression_C_undersampled
engaging,text__engaging,"""engaging""",word,-0.1199117054953819,0.1199117054953819,LogisticRegression_C_undersampled
small,text__small,"""small""",word,0.11979785877280838,0.11979785877280838,LogisticRegression_C_undersampled
witness,text__witness,"""witness""",word,-0.11970264416221771,0.11970264416221771,LogisticRegression_C_undersampled
repeated,text__repeated,"""repeated""",word,-0.11929376866355354,0.11929376866355354,LogisticRegression_C_undersampled
show,text__show,"""show""",word,-0.11892447713340766,0.11892447713340766,LogisticRegression_C_undersampled
older,text__older,"""older""",word,0.11882966725924757,0.11882966725924757,LogisticRegression_C_undersampled
ton,text__ton,"""ton""",word,0.11874763719811263,0.11874763719811263,LogisticRegression_C_undersampled
introduced,text__introduced,"""introduced""",word,0.11869598328563362,0.11869598328563362,LogisticRegression_C_undersampled
complex,text__complex,"""complex""",word,-0.11831259818688197,0.11831259818688197,LogisticRegression_C_undersampled
covered,text__covered,"""covered""",word,-0.11812659874143863,0.11812659874143863,LogisticRegression_C_undersampled
famous,text__famous,"""famous""",word,-0.11803965048922456,0.11803965048922456,LogisticRegression_C_undersampled
sick,text__sick,"""sick""",word,0.11788379831354102,0.11788379831354102,LogisticRegression_C_undersampled
fighting,text__fighting,"""fighting""",word,-0.11777143781537949,0.11777143781537949,LogisticRegression_C_undersampled
mistake,text__mistake,"""mistake""",word,0.1176063301992357,0.1176063301992357,LogisticRegression_C_undersampled
dry,text__dry,"""dry""",word,-0.11755188275220345,0.11755188275220345,LogisticRegression_C_undersampled
treasure,text__treasure,"""treasure""",word,-0.11754042300220796,0.11754042300220796,LogisticRegression_C_undersampled
dying,text__dying,"""dying""",word,-0.11734607665847793,0.11734607665847793,LogisticRegression_C_undersampled
lucky,text__lucky,"""lucky""",word,0.1172336178259202,0.1172336178259202,LogisticRegression_C_undersampled
one,text__one,"""one""",word,0.11714008474567345,0.11714008474567345,LogisticRegression_C_undersampled
blue,text__blue,"""blue""",word,0.11713464253939371,0.11713464253939371,LogisticRegression_C_undersampled
intense,text__intense,"""intense""",word,0.11700973487768968,0.11700973487768968,LogisticRegression_C_undersampled
identity,text__identity,"""identity""",word,-0.11691278288724258,0.11691278288724258,LogisticRegression_C_undersampled
promise,text__promise,"""promise""",word,-0.11689313085564972,0.11689313085564972,LogisticRegression_C_undersampled
romantic,text__romantic,"""romantic""",word,0.11666004726378132,0.11666004726378132,LogisticRegression_C_undersampled
white,text__white,"""white""",word,0.11648912053904276,0.11648912053904276,LogisticRegression_C_undersampled
desire,text__desire,"""desire""",word,0.11648483929511366,0.11648483929511366,LogisticRegression_C_undersampled
holy,text__holy,"""holy""",word,0.11642823912066806,0.11642823912066806,LogisticRegression_C_undersampled
house,text__house,"""house""",word,0.11637381125856987,0.11637381125856987,LogisticRegression_C_undersampled
brother,text__brother,"""brother""",word,0.11634417255952766,0.11634417255952766,LogisticRegression_C_undersampled
forth,text__forth,"""forth""",word,-0.1162502704120666,0.1162502704120666,LogisticRegression_C_undersampled
enjoying,text__enjoying,"""enjoying""",word,-0.11615689926336085,0.11615689926336085,LogisticRegression_C_undersampled
moon,text__moon,"""moon""",word,0.11596219181624795,0.11596219181624795,LogisticRegression_C_undersampled
belief,text__belief,"""belief""",word,-0.11585132766512939,0.11585132766512939,LogisticRegression_C_undersampled
tongue,text__tongue,"""tongue""",word,0.11580005291006386,0.11580005291006386,LogisticRegression_C_undersampled
lyric,text__lyric,"""lyric""",word,-0.1157922890214262,0.1157922890214262,LogisticRegression_C_undersampled
traditional,text__traditional,"""traditional""",word,-0.1157613394286584,0.1157613394286584,LogisticRegression_C_undersampled
still,text__still,"""still""",word,-0.11569319166442761,0.11569319166442761,LogisticRegression_C_undersampled
provides,text__provides,"""provides""",word,0.11546976087313664,0.11546976087313664,LogisticRegression_C_undersampled
lift,text__lift,"""lift""",word,0.11532082443657293,0.11532082443657293,LogisticRegression_C_undersampled
great,text__great,"""great""",word,-0.11518699378432216,0.11518699378432216,LogisticRegression_C_undersampled
appeal,text__appeal,"""appeal""",word,0.11494511203474735,0.11494511203474735,LogisticRegression_C_undersampled
penguin,text__penguin,"""penguin""",word,0.11446600659587476,0.11446600659587476,LogisticRegression_C_undersampled
creative,text__creative,"""creative""",word,-0.11444804814162486,0.11444804814162486,LogisticRegression_C_undersampled
month,text__month,"""month""",word,-0.11442782579231234,0.11442782579231234,LogisticRegression_C_undersampled
tower,text__tower,"""tower""",word,-0.11438969000936947,0.11438969000936947,LogisticRegression_C_undersampled
subject,text__subject,"""subject""",word,-0.11432699577155939,0.11432699577155939,LogisticRegression_C_undersampled
leave,text__leave,"""leave""",word,0.11428073267973822,0.11428073267973822,LogisticRegression_C_undersampled
asking,text__asking,"""asking""",word,0.11416947907484633,0.11416947907484633,LogisticRegression_C_undersampled
much,text__much,"""much""",word,-0.11407117453866089,0.11407117453866089,LogisticRegression_C_undersampled
student,text__student,"""student""",word,0.11389192610797373,0.11389192610797373,LogisticRegression_C_undersampled
city,text__city,"""city""",word,-0.11382254058267938,0.11382254058267938,LogisticRegression_C_undersampled
visit,text__visit,"""visit""",word,0.11380543153303203,0.11380543153303203,LogisticRegression_C_undersampled
mean,text__mean,"""mean""",word,0.11363763380632205,0.11363763380632205,LogisticRegression_C_undersampled
teen,text__teen,"""teen""",word,-0.113604391413627,0.113604391413627,LogisticRegression_C_undersampled
despair,text__despair,"""despair""",word,0.1132336593597252,0.1132336593597252,LogisticRegression_C_undersampled
faith,text__faith,"""faith""",word,0.1130748718763593,0.1130748718763593,LogisticRegression_C_undersampled
heartbreak,text__heartbreak,"""heartbreak""",word,-0.1130562018903691,0.1130562018903691,LogisticRegression_C_undersampled
girlfriend,text__girlfriend,"""girlfriend""",word,0.11305440019451991,0.11305440019451991,LogisticRegression_C_undersampled
green,text__green,"""green""",word,-0.11305315536783599,0.11305315536783599,LogisticRegression_C_undersampled
admit,text__admit,"""admit""",word,-0.11299088755803374,0.11299088755803374,LogisticRegression_C_undersampled
likely,text__likely,"""likely""",word,-0.11286390510625105,0.11286390510625105,LogisticRegression_C_undersampled
society,text__society,"""society""",word,-0.1124283484815226,0.1124283484815226,LogisticRegression_C_undersampled
trouble,text__trouble,"""trouble""",word,-0.11211317784056016,0.11211317784056016,LogisticRegression_C_undersampled
describe,text__describe,"""describe""",word,0.112061181422251,0.112061181422251,LogisticRegression_C_undersampled
spot,text__spot,"""spot""",word,-0.11204621180659209,0.11204621180659209,LogisticRegression_C_undersampled
tend,text__tend,"""tend""",word,-0.11187833134864922,0.11187833134864922,LogisticRegression_C_undersampled
drinking,text__drinking,"""drinking""",word,0.1118417661140925,0.1118417661140925,LogisticRegression_C_undersampled
university,text__university,"""university""",word,0.11183971609013522,0.11183971609013522,LogisticRegression_C_undersampled
prufrock,text__prufrock,"""prufrock""",word,0.1115676841201765,0.1115676841201765,LogisticRegression_C_undersampled
learn,text__learn,"""learn""",word,-0.11141824760858664,0.11141824760858664,LogisticRegression_C_undersampled
crazy,text__crazy,"""crazy""",word,0.11109253377648351,0.11109253377648351,LogisticRegression_C_undersampled
born,text__born,"""born""",word,0.1110601242033327,0.1110601242033327,LogisticRegression_C_undersampled
understand,text__understand,"""understand""",word,0.11104526980599774,0.11104526980599774,LogisticRegression_C_undersampled
seek,text__seek,"""seek""",word,0.11022568626485756,0.11022568626485756,LogisticRegression_C_undersampled
laughed,text__laughed,"""laughed""",word,0.11022361673567793,0.11022361673567793,LogisticRegression_C_undersampled
happening,text__happening,"""happening""",word,0.11002696780022275,0.11002696780022275,LogisticRegression_C_undersampled
grandfather,text__grandfather,"""grandfather""",word,-0.11002605050059101,0.11002605050059101,LogisticRegression_C_undersampled
well,text__well,"""well""",word,-0.10986829164375483,0.10986829164375483,LogisticRegression_C_undersampled
physical,text__physical,"""physical""",word,0.10936450028679424,0.10936450028679424,LogisticRegression_C_undersampled
punch,text__punch,"""punch""",word,0.10922234405495729,0.10922234405495729,LogisticRegression_C_undersampled
called,text__called,"""called""",word,-0.10912873918859294,0.10912873918859294,LogisticRegression_C_undersampled
focus,text__focus,"""focus""",word,0.1087367800629231,0.1087367800629231,LogisticRegression_C_undersampled
late,text__late,"""late""",word,-0.10856902432965637,0.10856902432965637,LogisticRegression_C_undersampled
boy,text__boy,"""boy""",word,-0.10856392028387798,0.10856392028387798,LogisticRegression_C_undersampled
insight,text__insight,"""insight""",word,-0.10855274360908555,0.10855274360908555,LogisticRegression_C_undersampled
perspective,text__perspective,"""perspective""",word,0.10815365851189794,0.10815365851189794,LogisticRegression_C_undersampled
cause,text__cause,"""cause""",word,-0.10786861388580771,0.10786861388580771,LogisticRegression_C_undersampled
emotionally,text__emotionally,"""emotionally""",word,0.10785600441104118,0.10785600441104118,LogisticRegression_C_undersampled
easier,text__easier,"""easier""",word,-0.10776378783395896,0.10776378783395896,LogisticRegression_C_undersampled
death,text__death,"""death""",word,0.10774001470778968,0.10774001470778968,LogisticRegression_C_undersampled
talked,text__talked,"""talked""",word,-0.1076268694822344,0.1076268694822344,LogisticRegression_C_undersampled
amazed,text__amazed,"""amazed""",word,-0.10757492531670436,0.10757492531670436,LogisticRegression_C_undersampled
perfect,text__perfect,"""perfect""",word,-0.1074041391218255,0.1074041391218255,LogisticRegression_C_undersampled
hour,text__hour,"""hour""",word,-0.10736640863969758,0.10736640863969758,LogisticRegression_C_undersampled
away,text__away,"""away""",word,-0.10723982513242401,0.10723982513242401,LogisticRegression_C_undersampled
story,text__story,"""story""",word,-0.10717011593256683,0.10717011593256683,LogisticRegression_C_undersampled
sex,text__sex,"""sex""",word,-0.10713753284888712,0.10713753284888712,LogisticRegression_C_undersampled
enough,text__enough,"""enough""",word,-0.10704031910912633,0.10704031910912633,LogisticRegression_C_undersampled
tired,text__tired,"""tired""",word,0.10702256120008342,0.10702256120008342,LogisticRegression_C_undersampled
slowly,text__slowly,"""slowly""",word,0.10697381459059628,0.10697381459059628,LogisticRegression_C_undersampled
work,text__work,"""work""",word,0.10692708541934025,0.10692708541934025,LogisticRegression_C_undersampled
smart,text__smart,"""smart""",word,0.10685093105611859,0.10685093105611859,LogisticRegression_C_undersampled
respect,text__respect,"""respect""",word,0.10668727216700975,0.10668727216700975,LogisticRegression_C_undersampled
thy,text__thy,"""thy""",word,-0.10661438785395563,0.10661438785395563,LogisticRegression_C_undersampled
meditation,text__meditation,"""meditation""",word,0.10656672098620551,0.10656672098620551,LogisticRegression_C_undersampled
inspiring,text__inspiring,"""inspiring""",word,0.10655350550393618,0.10655350550393618,LogisticRegression_C_undersampled
concept,text__concept,"""concept""",word,0.10654619950293391,0.10654619950293391,LogisticRegression_C_undersampled
starting,text__starting,"""starting""",word,0.10644238125999499,0.10644238125999499,LogisticRegression_C_undersampled
believe,text__believe,"""believe""",word,0.10644028389205795,0.10644028389205795,LogisticRegression_C_undersampled
edition,text__edition,"""edition""",word,0.10642641187134788,0.10642641187134788,LogisticRegression_C_undersampled
cup,text__cup,"""cup""",word,0.10638314180258307,0.10638314180258307,LogisticRegression_C_undersampled
everybody,text__everybody,"""everybody""",word,-0.10626222510917792,0.10626222510917792,LogisticRegression_C_undersampled
thoroughly,text__thoroughly,"""thoroughly""",word,0.1061561661801295,0.1061561661801295,LogisticRegression_C_undersampled
never,text__never,"""never""",word,0.10605928642943106,0.10605928642943106,LogisticRegression_C_undersampled
meaningful,text__meaningful,"""meaningful""",word,0.1060400375056323,0.1060400375056323,LogisticRegression_C_undersampled
appreciated,text__appreciated,"""appreciated""",word,-0.1058229860495045,0.1058229860495045,LogisticRegression_C_undersampled
drawn,text__drawn,"""drawn""",word,0.10551240751926681,0.10551240751926681,LogisticRegression_C_undersampled
imagination,text__imagination,"""imagination""",word,-0.10532509513170167,0.10532509513170167,LogisticRegression_C_undersampled
gentle,text__gentle,"""gentle""",word,0.10529194077792506,0.10529194077792506,LogisticRegression_C_undersampled
remains,text__remains,"""remains""",word,-0.10514404922206473,0.10514404922206473,LogisticRegression_C_undersampled
glory,text__glory,"""glory""",word,0.10512744133116088,0.10512744133116088,LogisticRegression_C_undersampled
narrator,text__narrator,"""narrator""",word,0.10510858144078457,0.10510858144078457,LogisticRegression_C_undersampled
choice,text__choice,"""choice""",word,0.10494036762630629,0.10494036762630629,LogisticRegression_C_undersampled
speech,text__speech,"""speech""",word,0.10418514674899719,0.10418514674899719,LogisticRegression_C_undersampled
response,text__response,"""response""",word,-0.10412128094656913,0.10412128094656913,LogisticRegression_C_undersampled
understood,text__understood,"""understood""",word,0.1039131721258178,0.1039131721258178,LogisticRegression_C_undersampled
prince,text__prince,"""prince""",word,-0.10386817384264832,0.10386817384264832,LogisticRegression_C_undersampled
tomorrow,text__tomorrow,"""tomorrow""",word,-0.10382465300592127,0.10382465300592127,LogisticRegression_C_undersampled
common,text__common,"""common""",word,0.1037618892038745,0.1037618892038745,LogisticRegression_C_undersampled
england,text__england,"""england""",word,0.10376169971945366,0.10376169971945366,LogisticRegression_C_undersampled
hero,text__hero,"""hero""",word,-0.10367230950178898,0.10367230950178898,LogisticRegression_C_undersampled
related,text__related,"""related""",word,0.10361754783060598,0.10361754783060598,LogisticRegression_C_undersampled
inferno,text__inferno,"""inferno""",word,0.10357086177417468,0.10357086177417468,LogisticRegression_C_undersampled
guide,text__guide,"""guide""",word,-0.10356459607389208,0.10356459607389208,LogisticRegression_C_undersampled
land,text__land,"""land""",word,-0.10350577822954425,0.10350577822954425,LogisticRegression_C_undersampled
wear,text__wear,"""wear""",word,0.10350543167104483,0.10350543167104483,LogisticRegression_C_undersampled
turned,text__turned,"""turned""",word,-0.10338460138163688,0.10338460138163688,LogisticRegression_C_undersampled
smile,text__smile,"""smile""",word,0.10325966337184618,0.10325966337184618,LogisticRegression_C_undersampled
thomas,text__thomas,"""thomas""",word,-0.10303914609889875,0.10303914609889875,LogisticRegression_C_undersampled
sort,text__sort,"""sort""",word,-0.1030086131082467,0.1030086131082467,LogisticRegression_C_undersampled
folk,text__folk,"""folk""",word,-0.10294666967659329,0.10294666967659329,LogisticRegression_C_undersampled
rock,text__rock,"""rock""",word,0.10291781247327389,0.10291781247327389,LogisticRegression_C_undersampled
water,text__water,"""water""",word,-0.10289197624212339,0.10289197624212339,LogisticRegression_C_undersampled
home,text__home,"""home""",word,-0.10281292582772168,0.10281292582772168,LogisticRegression_C_undersampled
jacqueline,text__jacqueline,"""jacqueline""",word,-0.10276477613627392,0.10276477613627392,LogisticRegression_C_undersampled
ugly,text__ugly,"""ugly""",word,0.10228985521284283,0.10228985521284283,LogisticRegression_C_undersampled
williams,text__williams,"""williams""",word,-0.10200552084721534,0.10200552084721534,LogisticRegression_C_undersampled
e,text__e,"""e""",word,0.10198863095662798,0.10198863095662798,LogisticRegression_C_undersampled
wound,text__wound,"""wound""",word,-0.10196033275999815,0.10196033275999815,LogisticRegression_C_undersampled
showed,text__showed,"""showed""",word,0.10181344058852035,0.10181344058852035,LogisticRegression_C_undersampled
study,text__study,"""study""",word,0.10181031991018356,0.10181031991018356,LogisticRegression_C_undersampled
infinite,text__infinite,"""infinite""",word,0.10161984181191909,0.10161984181191909,LogisticRegression_C_undersampled
pct_verbs,numeric__pct_verbs,pct_verbs,numeric,-0.10156828728740933,0.10156828728740933,LogisticRegression_C_undersampled
admire,text__admire,"""admire""",word,0.10150358493778992,0.10150358493778992,LogisticRegression_C_undersampled
intention,text__intention,"""intention""",word,-0.10150358402580152,0.10150358402580152,LogisticRegression_C_undersampled
fellow,text__fellow,"""fellow""",word,-0.10147401092393919,0.10147401092393919,LogisticRegression_C_undersampled
crossover,text__crossover,"""crossover""",word,-0.10145140208978123,0.10145140208978123,LogisticRegression_C_undersampled
thing,text__thing,"""thing""",word,-0.1013848336193001,0.1013848336193001,LogisticRegression_C_undersampled
using,text__using,"""using""",word,-0.10123718098995514,0.10123718098995514,LogisticRegression_C_undersampled
become,text__become,"""become""",word,-0.10100311544072692,0.10100311544072692,LogisticRegression_C_undersampled
intrigued,text__intrigued,"""intrigued""",word,0.10095432089282234,0.10095432089282234,LogisticRegression_C_undersampled
success,text__success,"""success""",word,0.10085346792298265,0.10085346792298265,LogisticRegression_C_undersampled
playing,text__playing,"""playing""",word,-0.10083778247132857,0.10083778247132857,LogisticRegression_C_undersampled
sorrow,text__sorrow,"""sorrow""",word,0.10083139157793972,0.10083139157793972,LogisticRegression_C_undersampled
add,text__add,"""add""",word,-0.10060138399723724,0.10060138399723724,LogisticRegression_C_undersampled
pale,text__pale,"""pale""",word,0.10055721477739239,0.10055721477739239,LogisticRegression_C_undersampled
build,text__build,"""build""",word,0.10017112385322889,0.10017112385322889,LogisticRegression_C_undersampled
moving,text__moving,"""moving""",word,-0.1000685537100816,0.1000685537100816,LogisticRegression_C_undersampled
surprising,text__surprising,"""surprising""",word,-0.09994717400920582,0.09994717400920582,LogisticRegression_C_undersampled
special,text__special,"""special""",word,0.09984675189024604,0.09984675189024604,LogisticRegression_C_undersampled
awful,text__awful,"""awful""",word,-0.09962561802689912,0.09962561802689912,LogisticRegression_C_undersampled
ride,text__ride,"""ride""",word,0.09961189334660826,0.09961189334660826,LogisticRegression_C_undersampled
satan,text__satan,"""satan""",word,-0.09919536341718715,0.09919536341718715,LogisticRegression_C_undersampled
red,text__red,"""red""",word,0.0991326320278979,0.0991326320278979,LogisticRegression_C_undersampled
phrase,text__phrase,"""phrase""",word,0.09911050262447238,0.09911050262447238,LogisticRegression_C_undersampled
happens,text__happens,"""happens""",word,-0.09901021123488525,0.09901021123488525,LogisticRegression_C_undersampled
letting,text__letting,"""letting""",word,-0.09892550671145468,0.09892550671145468,LogisticRegression_C_undersampled
reread,text__reread,"""reread""",word,-0.09879187555838603,0.09879187555838603,LogisticRegression_C_undersampled
intelligent,text__intelligent,"""intelligent""",word,0.098740679066848,0.098740679066848,LogisticRegression_C_undersampled
rich,text__rich,"""rich""",word,0.09868316021719807,0.09868316021719807,LogisticRegression_C_undersampled
remain,text__remain,"""remain""",word,-0.09867844926707343,0.09867844926707343,LogisticRegression_C_undersampled
sleeping,text__sleeping,"""sleeping""",word,0.09849552536030795,0.09849552536030795,LogisticRegression_C_undersampled
walking,text__walking,"""walking""",word,-0.0984805124183374,0.0984805124183374,LogisticRegression_C_undersampled
rereading,text__rereading,"""rereading""",word,-0.09830158109556413,0.09830158109556413,LogisticRegression_C_undersampled
hard,text__hard,"""hard""",word,0.09817011230562722,0.09817011230562722,LogisticRegression_C_undersampled
plot,text__plot,"""plot""",word,0.09807371450451781,0.09807371450451781,LogisticRegression_C_undersampled
finally,text__finally,"""finally""",word,0.09789792065631245,0.09789792065631245,LogisticRegression_C_undersampled
encounter,text__encounter,"""encounter""",word,-0.09786997858166774,0.09786997858166774,LogisticRegression_C_undersampled
put,text__put,"""put""",word,0.0978184118163906,0.0978184118163906,LogisticRegression_C_undersampled
saw,text__saw,"""saw""",word,0.09767828374688355,0.09767828374688355,LogisticRegression_C_undersampled
animal,text__animal,"""animal""",word,0.09761468180609204,0.09761468180609204,LogisticRegression_C_undersampled
beneath,text__beneath,"""beneath""",word,0.09757069440187247,0.09757069440187247,LogisticRegression_C_undersampled
impressed,text__impressed,"""impressed""",word,0.0975388822228294,0.0975388822228294,LogisticRegression_C_undersampled
hearing,text__hearing,"""hearing""",word,0.09745512497438572,0.09745512497438572,LogisticRegression_C_undersampled
moral,text__moral,"""moral""",word,-0.09741101374713362,0.09741101374713362,LogisticRegression_C_undersampled
penelope,text__penelope,"""penelope""",word,-0.09740271543695878,0.09740271543695878,LogisticRegression_C_undersampled
count,text__count,"""count""",word,-0.09738760001301132,0.09738760001301132,LogisticRegression_C_undersampled
youth,text__youth,"""youth""",word,-0.09728318368237997,0.09728318368237997,LogisticRegression_C_undersampled
pleasure,text__pleasure,"""pleasure""",word,0.09702783948421086,0.09702783948421086,LogisticRegression_C_undersampled
jess,text__jess,"""jess""",word,0.09694299851477126,0.09694299851477126,LogisticRegression_C_undersampled
continue,text__continue,"""continue""",word,0.0969221515989687,0.0969221515989687,LogisticRegression_C_undersampled
comparison,text__comparison,"""comparison""",word,-0.09691459802009783,0.09691459802009783,LogisticRegression_C_undersampled
light,text__light,"""light""",word,0.09658009924766964,0.09658009924766964,LogisticRegression_C_undersampled
reached,text__reached,"""reached""",word,-0.09651624483850459,0.09651624483850459,LogisticRegression_C_undersampled
track,text__track,"""track""",word,-0.0964305866771058,0.0964305866771058,LogisticRegression_C_undersampled
incredibly,text__incredibly,"""incredibly""",word,0.09637721821986309,0.09637721821986309,LogisticRegression_C_undersampled
picked,text__picked,"""picked""",word,-0.09630659358230392,0.09630659358230392,LogisticRegression_C_undersampled
beast,text__beast,"""beast""",word,-0.09623364057185045,0.09623364057185045,LogisticRegression_C_undersampled
fantasy,text__fantasy,"""fantasy""",word,0.09622031606735945,0.09622031606735945,LogisticRegression_C_undersampled
change,text__change,"""change""",word,-0.09611936869368401,0.09611936869368401,LogisticRegression_C_undersampled
days_since_review,numeric__days_since_review,days_since_review,numeric,0.09597803385513133,0.09597803385513133,LogisticRegression_C_undersampled
context,text__context,"""context""",word,0.09591042937459149,0.09591042937459149,LogisticRegression_C_undersampled
heard,text__heard,"""heard""",word,0.09574662142533133,0.09574662142533133,LogisticRegression_C_undersampled
child,text__child,"""child""",word,0.095704790138112,0.095704790138112,LogisticRegression_C_undersampled
got,text__got,"""got""",word,0.09544679324527103,0.09544679324527103,LogisticRegression_C_undersampled
teenager,text__teenager,"""teenager""",word,0.09533915209026254,0.09533915209026254,LogisticRegression_C_undersampled
completely,text__completely,"""completely""",word,0.09491462935065086,0.09491462935065086,LogisticRegression_C_undersampled
knew,text__knew,"""knew""",word,-0.09473067410186359,0.09473067410186359,LogisticRegression_C_undersampled
era,text__era,"""era""",word,-0.0946559833976284,0.0946559833976284,LogisticRegression_C_undersampled
recognize,text__recognize,"""recognize""",word,0.09464517163069192,0.09464517163069192,LogisticRegression_C_undersampled
sleep,text__sleep,"""sleep""",word,0.09458513973437227,0.09458513973437227,LogisticRegression_C_undersampled
third,text__third,"""third""",word,-0.09442664969494191,0.09442664969494191,LogisticRegression_C_undersampled
married,text__married,"""married""",word,-0.09441909910717389,0.09441909910717389,LogisticRegression_C_undersampled
krishna,text__krishna,"""krishna""",word,-0.0943556659771792,0.0943556659771792,LogisticRegression_C_undersampled
year,text__year,"""year""",word,0.09419118086250726,0.09419118086250726,LogisticRegression_C_undersampled
idea,text__idea,"""idea""",word,0.09410585091084234,0.09410585091084234,LogisticRegression_C_undersampled
specific,text__specific,"""specific""",word,-0.09403422633826905,0.09403422633826905,LogisticRegression_C_undersampled
happy,text__happy,"""happy""",word,0.09387418285870017,0.09387418285870017,LogisticRegression_C_undersampled
genre,text__genre,"""genre""",word,-0.09384741080832619,0.09384741080832619,LogisticRegression_C_undersampled
various,text__various,"""various""",word,0.09383723257472995,0.09383723257472995,LogisticRegression_C_undersampled
felt,text__felt,"""felt""",word,0.09374855996654796,0.09374855996654796,LogisticRegression_C_undersampled
able,text__able,"""able""",word,0.09367592960664085,0.09367592960664085,LogisticRegression_C_undersampled
elegant,text__elegant,"""elegant""",word,-0.09350146431621072,0.09350146431621072,LogisticRegression_C_undersampled
step,text__step,"""step""",word,-0.09341833126545579,0.09341833126545579,LogisticRegression_C_undersampled
western,text__western,"""western""",word,-0.09328003947597886,0.09328003947597886,LogisticRegression_C_undersampled
zombie,text__zombie,"""zombie""",word,-0.09305277627472935,0.09305277627472935,LogisticRegression_C_undersampled
chosen,text__chosen,"""chosen""",word,-0.09290203286588884,0.09290203286588884,LogisticRegression_C_undersampled
sentiment,numeric__sentiment,sentiment,numeric,-0.09281519529499888,0.09281519529499888,LogisticRegression_C_undersampled
sexual,text__sexual,"""sexual""",word,-0.09275085688671607,0.09275085688671607,LogisticRegression_C_undersampled
missed,text__missed,"""missed""",word,0.09271353422911004,0.09271353422911004,LogisticRegression_C_undersampled
basic,text__basic,"""basic""",word,-0.0927072121466332,0.0927072121466332,LogisticRegression_C_undersampled
character,text__character,"""character""",word,0.09265380945126725,0.09265380945126725,LogisticRegression_C_undersampled
shel,text__shel,"""shel""",word,-0.09261243286238967,0.09261243286238967,LogisticRegression_C_undersampled
impressive,text__impressive,"""impressive""",word,0.09251788174265788,0.09251788174265788,LogisticRegression_C_undersampled
pen,text__pen,"""pen""",word,-0.09244289212428036,0.09244289212428036,LogisticRegression_C_undersampled
fail,text__fail,"""fail""",word,-0.09244176971062212,0.09244176971062212,LogisticRegression_C_undersampled
burning,text__burning,"""burning""",word,-0.09227412543348675,0.09227412543348675,LogisticRegression_C_undersampled
accept,text__accept,"""accept""",word,0.09226312068687693,0.09226312068687693,LogisticRegression_C_undersampled
whether,text__whether,"""whether""",word,0.0922268930287407,0.0922268930287407,LogisticRegression_C_undersampled
compilation,text__compilation,"""compilation""",word,-0.09211199785944611,0.09211199785944611,LogisticRegression_C_undersampled
bring,text__bring,"""bring""",word,-0.092091794474446,0.092091794474446,LogisticRegression_C_undersampled
creation,text__creation,"""creation""",word,-0.09202172571924067,0.09202172571924067,LogisticRegression_C_undersampled
telling,text__telling,"""telling""",word,-0.09198438617711235,0.09198438617711235,LogisticRegression_C_undersampled
absence,text__absence,"""absence""",word,-0.0919379321229479,0.0919379321229479,LogisticRegression_C_undersampled
cummings,text__cummings,"""cummings""",word,0.0915932125018058,0.0915932125018058,LogisticRegression_C_undersampled
baby,text__baby,"""baby""",word,0.09154121682501455,0.09154121682501455,LogisticRegression_C_undersampled
comedy,text__comedy,"""comedy""",word,0.09129543368288044,0.09129543368288044,LogisticRegression_C_undersampled
cute,text__cute,"""cute""",word,-0.09129293768697384,0.09129293768697384,LogisticRegression_C_undersampled
weight,text__weight,"""weight""",word,-0.09124683589541202,0.09124683589541202,LogisticRegression_C_undersampled
racism,text__racism,"""racism""",word,-0.09105962709058232,0.09105962709058232,LogisticRegression_C_undersampled
shelf,text__shelf,"""shelf""",word,-0.0908735021491424,0.0908735021491424,LogisticRegression_C_undersampled
compare,text__compare,"""compare""",word,0.0908596440729247,0.0908596440729247,LogisticRegression_C_undersampled
freedom,text__freedom,"""freedom""",word,-0.09068625613148007,0.09068625613148007,LogisticRegression_C_undersampled
interesting,text__interesting,"""interesting""",word,0.0905111762744521,0.0905111762744521,LogisticRegression_C_undersampled
come,text__come,"""come""",word,-0.09046964328914442,0.09046964328914442,LogisticRegression_C_undersampled
feather,text__feather,"""feather""",word,0.09046547195104387,0.09046547195104387,LogisticRegression_C_undersampled
beyonce,text__beyonce,"""beyonce""",word,0.09043073558978695,0.09043073558978695,LogisticRegression_C_undersampled
fact,text__fact,"""fact""",word,-0.09041234853898869,0.09041234853898869,LogisticRegression_C_undersampled
stone,text__stone,"""stone""",word,-0.0903578171611319,0.0903578171611319,LogisticRegression_C_undersampled
quality,text__quality,"""quality""",word,0.09008030677828661,0.09008030677828661,LogisticRegression_C_undersampled
greatest,text__greatest,"""greatest""",word,-0.09007763368915164,0.09007763368915164,LogisticRegression_C_undersampled
direct,text__direct,"""direct""",word,-0.09004420410777018,0.09004420410777018,LogisticRegression_C_undersampled
movement,text__movement,"""movement""",word,-0.08980396055183142,0.08980396055183142,LogisticRegression_C_undersampled
presence,text__presence,"""presence""",word,0.0898022244502021,0.0898022244502021,LogisticRegression_C_undersampled
curious,text__curious,"""curious""",word,0.089761754623127,0.089761754623127,LogisticRegression_C_undersampled
online,text__online,"""online""",word,0.0896912824914388,0.0896912824914388,LogisticRegression_C_undersampled
friendship,text__friendship,"""friendship""",word,-0.08948932650607733,0.08948932650607733,LogisticRegression_C_undersampled
always,text__always,"""always""",word,0.08948524966296202,0.08948524966296202,LogisticRegression_C_undersampled
rough,text__rough,"""rough""",word,-0.08910676681245146,0.08910676681245146,LogisticRegression_C_undersampled
date,text__date,"""date""",word,-0.08909401823303398,0.08909401823303398,LogisticRegression_C_undersampled
kid,text__kid,"""kid""",word,-0.08902869076933868,0.08902869076933868,LogisticRegression_C_undersampled
sound,text__sound,"""sound""",word,-0.08894427214625156,0.08894427214625156,LogisticRegression_C_undersampled
setting,text__setting,"""setting""",word,0.08894012047571194,0.08894012047571194,LogisticRegression_C_undersampled
certainly,text__certainly,"""certainly""",word,-0.08888507494968383,0.08888507494968383,LogisticRegression_C_undersampled
hundred,text__hundred,"""hundred""",word,0.08865228665195388,0.08865228665195388,LogisticRegression_C_undersampled
go,text__go,"""go""",word,-0.08843596349932335,0.08843596349932335,LogisticRegression_C_undersampled
human,text__human,"""human""",word,-0.08822815573976414,0.08822815573976414,LogisticRegression_C_undersampled
classical,text__classical,"""classical""",word,0.08815653039621442,0.08815653039621442,LogisticRegression_C_undersampled
critic,text__critic,"""critic""",word,0.08805636556376127,0.08805636556376127,LogisticRegression_C_undersampled
excerpt,text__excerpt,"""excerpt""",word,0.087915425821098,0.087915425821098,LogisticRegression_C_undersampled
journey,text__journey,"""journey""",word,-0.08774579754631522,0.08774579754631522,LogisticRegression_C_undersampled
immigrant,text__immigrant,"""immigrant""",word,0.08758549173728533,0.08758549173728533,LogisticRegression_C_undersampled
revenge,text__revenge,"""revenge""",word,-0.08753316801146678,0.08753316801146678,LogisticRegression_C_undersampled
spend,text__spend,"""spend""",word,-0.08749197261456527,0.08749197261456527,LogisticRegression_C_undersampled
flesh,text__flesh,"""flesh""",word,-0.08748351954072825,0.08748351954072825,LogisticRegression_C_undersampled
unfortunately,text__unfortunately,"""unfortunately""",word,0.08746951402365143,0.08746951402365143,LogisticRegression_C_undersampled
prize,text__prize,"""prize""",word,0.08743593401108549,0.08743593401108549,LogisticRegression_C_undersampled
judge,text__judge,"""judge""",word,-0.08718954633537865,0.08718954633537865,LogisticRegression_C_undersampled
bored,text__bored,"""bored""",word,-0.08713013032171799,0.08713013032171799,LogisticRegression_C_undersampled
explored,text__explored,"""explored""",word,-0.08709254351484437,0.08709254351484437,LogisticRegression_C_undersampled
via,text__via,"""via""",word,0.08703113029733273,0.08703113029733273,LogisticRegression_C_undersampled
oliver,text__oliver,"""oliver""",word,-0.08697839511361029,0.08697839511361029,LogisticRegression_C_undersampled
medium,text__medium,"""medium""",word,-0.08670999153409971,0.08670999153409971,LogisticRegression_C_undersampled
universal,text__universal,"""universal""",word,-0.08659693461864776,0.08659693461864776,LogisticRegression_C_undersampled
according,text__according,"""according""",word,0.08656623578532996,0.08656623578532996,LogisticRegression_C_undersampled
fear,text__fear,"""fear""",word,-0.08649254032995046,0.08649254032995046,LogisticRegression_C_undersampled
intimate,text__intimate,"""intimate""",word,0.08633971287348159,0.08633971287348159,LogisticRegression_C_undersampled
easily,text__easily,"""easily""",word,-0.08607213297531907,0.08607213297531907,LogisticRegression_C_undersampled
intriguing,text__intriguing,"""intriguing""",word,0.08602466911114635,0.08602466911114635,LogisticRegression_C_undersampled
werewolf,text__werewolf,"""werewolf""",word,0.08600862443098328,0.08600862443098328,LogisticRegression_C_undersampled
calling,text__calling,"""calling""",word,-0.08578477511046917,0.08578477511046917,LogisticRegression_C_undersampled
table,text__table,"""table""",word,0.08575280324857058,0.08575280324857058,LogisticRegression_C_undersampled
absolute,text__absolute,"""absolute""",word,0.08574068087700627,0.08574068087700627,LogisticRegression_C_undersampled
female,text__female,"""female""",word,-0.08552592077962258,0.08552592077962258,LogisticRegression_C_undersampled
pulled,text__pulled,"""pulled""",word,-0.08552398211167433,0.08552398211167433,LogisticRegression_C_undersampled
reflects,text__reflects,"""reflects""",word,-0.08520877794278707,0.08520877794278707,LogisticRegression_C_undersampled
information,text__information,"""information""",word,0.08510881894756754,0.08510881894756754,LogisticRegression_C_undersampled
sharp,text__sharp,"""sharp""",word,0.08509886069289972,0.08509886069289972,LogisticRegression_C_undersampled
beginning,text__beginning,"""beginning""",word,-0.08506687069153694,0.08506687069153694,LogisticRegression_C_undersampled
striking,text__striking,"""striking""",word,0.08505558194923478,0.08505558194923478,LogisticRegression_C_undersampled
aside,text__aside,"""aside""",word,-0.08494101838368154,0.08494101838368154,LogisticRegression_C_undersampled
head,text__head,"""head""",word,-0.08483745669983014,0.08483745669983014,LogisticRegression_C_undersampled
hated,text__hated,"""hated""",word,0.08473936581022476,0.08473936581022476,LogisticRegression_C_undersampled
translator,text__translator,"""translator""",word,-0.08466864244572396,0.08466864244572396,LogisticRegression_C_undersampled
left,text__left,"""left""",word,0.08459199782969413,0.08459199782969413,LogisticRegression_C_undersampled
leav,text__leav,"""leav""",word,-0.08436189827486228,0.08436189827486228,LogisticRegression_C_undersampled
bloom,text__bloom,"""bloom""",word,-0.08434683226495368,0.08434683226495368,LogisticRegression_C_undersampled
wake,text__wake,"""wake""",word,0.0840906950180004,0.0840906950180004,LogisticRegression_C_undersampled
low,text__low,"""low""",word,-0.08401490870426549,0.08401490870426549,LogisticRegression_C_undersampled
rare,text__rare,"""rare""",word,-0.08395047262941821,0.08395047262941821,LogisticRegression_C_undersampled
surprise,text__surprise,"""surprise""",word,0.08385969135771244,0.08385969135771244,LogisticRegression_C_undersampled
sometimes,text__sometimes,"""sometimes""",word,-0.08364201816406357,0.08364201816406357,LogisticRegression_C_undersampled
song,text__song,"""song""",word,0.08362572402903767,0.08362572402903767,LogisticRegression_C_undersampled
obvious,text__obvious,"""obvious""",word,0.08361806988268343,0.08361806988268343,LogisticRegression_C_undersampled
ah,text__ah,"""ah""",word,-0.08340449960904439,0.08340449960904439,LogisticRegression_C_undersampled
express,text__express,"""express""",word,0.08332322480972736,0.08332322480972736,LogisticRegression_C_undersampled
color,text__color,"""color""",word,0.08321984800424935,0.08321984800424935,LogisticRegression_C_undersampled
philosophy,text__philosophy,"""philosophy""",word,-0.08299987393933951,0.08299987393933951,LogisticRegression_C_undersampled
creates,text__creates,"""creates""",word,0.08295869853916149,0.08295869853916149,LogisticRegression_C_undersampled
holly,text__holly,"""holly""",word,-0.08255659940911621,0.08255659940911621,LogisticRegression_C_undersampled
coffee,text__coffee,"""coffee""",word,-0.0825229541769606,0.0825229541769606,LogisticRegression_C_undersampled
caught,text__caught,"""caught""",word,0.0824638036610224,0.0824638036610224,LogisticRegression_C_undersampled
darkness,text__darkness,"""darkness""",word,0.08227300810703625,0.08227300810703625,LogisticRegression_C_undersampled
stop,text__stop,"""stop""",word,-0.08211690579248167,0.08211690579248167,LogisticRegression_C_undersampled
twenty,text__twenty,"""twenty""",word,-0.08202666267317503,0.08202666267317503,LogisticRegression_C_undersampled
bone,text__bone,"""bone""",word,0.08184597883654036,0.08184597883654036,LogisticRegression_C_undersampled
apparently,text__apparently,"""apparently""",word,0.0817072369250321,0.0817072369250321,LogisticRegression_C_undersampled
expectation,text__expectation,"""expectation""",word,0.08164682084820865,0.08164682084820865,LogisticRegression_C_undersampled
waheed,text__waheed,"""waheed""",word,-0.08152863388871905,0.08152863388871905,LogisticRegression_C_undersampled
list,text__list,"""list""",word,-0.08120269782514618,0.08120269782514618,LogisticRegression_C_undersampled
heaven,text__heaven,"""heaven""",word,0.08119514540949797,0.08119514540949797,LogisticRegression_C_undersampled
selection,text__selection,"""selection""",word,0.0811623489489285,0.0811623489489285,LogisticRegression_C_undersampled
task,text__task,"""task""",word,0.08094296315797829,0.08094296315797829,LogisticRegression_C_undersampled
sign,text__sign,"""sign""",word,-0.0809338074149102,0.0809338074149102,LogisticRegression_C_undersampled
eating,text__eating,"""eating""",word,0.08090550939942713,0.08090550939942713,LogisticRegression_C_undersampled
angry,text__angry,"""angry""",word,0.08084739211515367,0.08084739211515367,LogisticRegression_C_undersampled
relate,text__relate,"""relate""",word,-0.08067404691251924,0.08067404691251924,LogisticRegression_C_undersampled
wondering,text__wondering,"""wondering""",word,-0.0805873272918455,0.0805873272918455,LogisticRegression_C_undersampled
enter,text__enter,"""enter""",word,-0.08057263735943038,0.08057263735943038,LogisticRegression_C_undersampled
birth,text__birth,"""birth""",word,-0.08049539426898097,0.08049539426898097,LogisticRegression_C_undersampled
tolkien,text__tolkien,"""tolkien""",word,0.08044297837023927,0.08044297837023927,LogisticRegression_C_undersampled
absolutely,text__absolutely,"""absolutely""",word,0.08043316906656264,0.08043316906656264,LogisticRegression_C_undersampled
easy,text__easy,"""easy""",word,-0.08037845997090622,0.08037845997090622,LogisticRegression_C_undersampled
perfectly,text__perfectly,"""perfectly""",word,0.08029226271389217,0.08029226271389217,LogisticRegression_C_undersampled
opposite,text__opposite,"""opposite""",word,0.08009373833243864,0.08009373833243864,LogisticRegression_C_undersampled
share,text__share,"""share""",word,-0.08008323749871732,0.08008323749871732,LogisticRegression_C_undersampled
outside,text__outside,"""outside""",word,-0.07988893708583684,0.07988893708583684,LogisticRegression_C_undersampled
word,text__word,"""word""",word,-0.07983309675650059,0.07983309675650059,LogisticRegression_C_undersampled
bit,text__bit,"""bit""",word,0.07979570549785442,0.07979570549785442,LogisticRegression_C_undersampled
received,text__received,"""received""",word,0.07951219956727032,0.07951219956727032,LogisticRegression_C_undersampled
picking,text__picking,"""picking""",word,-0.0793918417871848,0.0793918417871848,LogisticRegression_C_undersampled
favorite,text__favorite,"""favorite""",word,-0.07923729280394634,0.07923729280394634,LogisticRegression_C_undersampled
robert,text__robert,"""robert""",word,0.07907889405072449,0.07907889405072449,LogisticRegression_C_undersampled
flower,text__flower,"""flower""",word,0.07898465269567176,0.07898465269567176,LogisticRegression_C_undersampled
advice,text__advice,"""advice""",word,0.07898358731191456,0.07898358731191456,LogisticRegression_C_undersampled
happiness,text__happiness,"""happiness""",word,0.07889919046463616,0.07889919046463616,LogisticRegression_C_undersampled
impossible,text__impossible,"""impossible""",word,0.0788689685353779,0.0788689685353779,LogisticRegression_C_undersampled
brown,text__brown,"""brown""",word,-0.07882631901598859,0.07882631901598859,LogisticRegression_C_undersampled
type,text__type,"""type""",word,-0.07857393587981784,0.07857393587981784,LogisticRegression_C_undersampled
regret,text__regret,"""regret""",word,-0.07855931449732631,0.07855931449732631,LogisticRegression_C_undersampled
honor,text__honor,"""honor""",word,-0.07840002329091333,0.07840002329091333,LogisticRegression_C_undersampled
chaos,text__chaos,"""chaos""",word,0.07838483108111644,0.07838483108111644,LogisticRegression_C_undersampled
disappointed,text__disappointed,"""disappointed""",word,0.07836678612023625,0.07836678612023625,LogisticRegression_C_undersampled
jump,text__jump,"""jump""",word,0.07821578726133194,0.07821578726133194,LogisticRegression_C_undersampled
powerful,text__powerful,"""powerful""",word,0.07807722137953063,0.07807722137953063,LogisticRegression_C_undersampled
expressed,text__expressed,"""expressed""",word,-0.07784727738817246,0.07784727738817246,LogisticRegression_C_undersampled
three,text__three,"""three""",word,-0.0778212562194935,0.0778212562194935,LogisticRegression_C_undersampled
sin,text__sin,"""sin""",word,0.07743906639855092,0.07743906639855092,LogisticRegression_C_undersampled
use,text__use,"""use""",word,-0.07739246742565249,0.07739246742565249,LogisticRegression_C_undersampled
hirsch,text__hirsch,"""hirsch""",word,0.07733331090792764,0.07733331090792764,LogisticRegression_C_undersampled
jack,text__jack,"""jack""",word,-0.07732983183788625,0.07732983183788625,LogisticRegression_C_undersampled
across,text__across,"""across""",word,-0.0772872864586875,0.0772872864586875,LogisticRegression_C_undersampled
william,text__william,"""william""",word,0.07724181098041476,0.07724181098041476,LogisticRegression_C_undersampled
stick,text__stick,"""stick""",word,-0.07723221075699362,0.07723221075699362,LogisticRegression_C_undersampled
keep,text__keep,"""keep""",word,0.07720002548284706,0.07720002548284706,LogisticRegression_C_undersampled
consider,text__consider,"""consider""",word,0.07717144389242725,0.07717144389242725,LogisticRegression_C_undersampled
account,text__account,"""account""",word,0.07706571596335263,0.07706571596335263,LogisticRegression_C_undersampled
stay,text__stay,"""stay""",word,0.07695560569914209,0.07695560569914209,LogisticRegression_C_undersampled
oldest,text__oldest,"""oldest""",word,-0.07668098354290334,0.07668098354290334,LogisticRegression_C_undersampled
enjoyment,text__enjoyment,"""enjoyment""",word,0.07656659633682518,0.07656659633682518,LogisticRegression_C_undersampled
sensitive,text__sensitive,"""sensitive""",word,-0.07637343798177616,0.07637343798177616,LogisticRegression_C_undersampled
totally,text__totally,"""totally""",word,0.07610603292871998,0.07610603292871998,LogisticRegression_C_undersampled
fruit,text__fruit,"""fruit""",word,0.07587933614143633,0.07587933614143633,LogisticRegression_C_undersampled
help,text__help,"""help""",word,-0.07586695563672269,0.07586695563672269,LogisticRegression_C_undersampled
making,text__making,"""making""",word,-0.07583226763309069,0.07583226763309069,LogisticRegression_C_undersampled
length,text__length,"""length""",word,0.07567997993427153,0.07567997993427153,LogisticRegression_C_undersampled
added,text__added,"""added""",word,0.07563109874827037,0.07563109874827037,LogisticRegression_C_undersampled
dylan,text__dylan,"""dylan""",word,-0.07563008202118124,0.07563008202118124,LogisticRegression_C_undersampled
humor,text__humor,"""humor""",word,0.07559373554184325,0.07559373554184325,LogisticRegression_C_undersampled
ready,text__ready,"""ready""",word,-0.0753990382284059,0.0753990382284059,LogisticRegression_C_undersampled
surely,text__surely,"""surely""",word,0.07537887093262349,0.07537887093262349,LogisticRegression_C_undersampled
breathe,text__breathe,"""breathe""",word,-0.07485471142606612,0.07485471142606612,LogisticRegression_C_undersampled
wow,text__wow,"""wow""",word,0.07470227335951517,0.07470227335951517,LogisticRegression_C_undersampled
singing,text__singing,"""singing""",word,0.07458088392068538,0.07458088392068538,LogisticRegression_C_undersampled
finished,text__finished,"""finished""",word,-0.07453788628510931,0.07453788628510931,LogisticRegression_C_undersampled
bitter,text__bitter,"""bitter""",word,0.0744578736642802,0.0744578736642802,LogisticRegression_C_undersampled
material,text__material,"""material""",word,0.07416129552045685,0.07416129552045685,LogisticRegression_C_undersampled
disorder,text__disorder,"""disorder""",word,0.07413032714843024,0.07413032714843024,LogisticRegression_C_undersampled
flow,text__flow,"""flow""",word,0.07402785596035491,0.07402785596035491,LogisticRegression_C_undersampled
side,text__side,"""side""",word,-0.07399270464861914,0.07399270464861914,LogisticRegression_C_undersampled
road,text__road,"""road""",word,0.07393162812297213,0.07393162812297213,LogisticRegression_C_undersampled
letter,text__letter,"""letter""",word,0.07390609601452205,0.07390609601452205,LogisticRegression_C_undersampled
notice,text__notice,"""notice""",word,-0.07374665116386216,0.07374665116386216,LogisticRegression_C_undersampled
innocence,text__innocence,"""innocence""",word,-0.07371368105360876,0.07371368105360876,LogisticRegression_C_undersampled
dickinson,text__dickinson,"""dickinson""",word,0.07369260751566657,0.07369260751566657,LogisticRegression_C_undersampled
devil,text__devil,"""devil""",word,0.07363631188625279,0.07363631188625279,LogisticRegression_C_undersampled
mere,text__mere,"""mere""",word,-0.07360384927954866,0.07360384927954866,LogisticRegression_C_undersampled
praise,text__praise,"""praise""",word,-0.07340520227318106,0.07340520227318106,LogisticRegression_C_undersampled
inner,text__inner,"""inner""",word,0.07335087222829606,0.07335087222829606,LogisticRegression_C_undersampled
opened,text__opened,"""opened""",word,-0.07330530171016192,0.07330530171016192,LogisticRegression_C_undersampled
paper,text__paper,"""paper""",word,-0.07299126114586893,0.07299126114586893,LogisticRegression_C_undersampled
marked,text__marked,"""marked""",word,-0.07291570510059356,0.07291570510059356,LogisticRegression_C_undersampled
troy,text__troy,"""troy""",word,-0.0729073263537906,0.0729073263537906,LogisticRegression_C_undersampled
deserves,text__deserves,"""deserves""",word,-0.07258680878877513,0.07258680878877513,LogisticRegression_C_undersampled
whose,text__whose,"""whose""",word,-0.07243209414718278,0.07243209414718278,LogisticRegression_C_undersampled
normal,text__normal,"""normal""",word,0.07227702125504513,0.07227702125504513,LogisticRegression_C_undersampled
along,text__along,"""along""",word,-0.07215209069417113,0.07215209069417113,LogisticRegression_C_undersampled
narrative,text__narrative,"""narrative""",word,0.07211212605423495,0.07211212605423495,LogisticRegression_C_undersampled
attitude,text__attitude,"""attitude""",word,0.07196614293800524,0.07196614293800524,LogisticRegression_C_undersampled
mom,text__mom,"""mom""",word,-0.07176897554397735,0.07176897554397735,LogisticRegression_C_undersampled
next,text__next,"""next""",word,0.0716405451656844,0.0716405451656844,LogisticRegression_C_undersampled
enjoy,text__enjoy,"""enjoy""",word,-0.07162759889009729,0.07162759889009729,LogisticRegression_C_undersampled
tv,text__tv,"""tv""",word,0.07142460534245391,0.07142460534245391,LogisticRegression_C_undersampled
whisper,text__whisper,"""whisper""",word,-0.07140667300824201,0.07140667300824201,LogisticRegression_C_undersampled
kwame,text__kwame,"""kwame""",word,0.07137148041125412,0.07137148041125412,LogisticRegression_C_undersampled
given,text__given,"""given""",word,0.0712706356567936,0.0712706356567936,LogisticRegression_C_undersampled
keeping,text__keeping,"""keeping""",word,-0.07107239397592109,0.07107239397592109,LogisticRegression_C_undersampled
losing,text__losing,"""losing""",word,0.07098659200881816,0.07098659200881816,LogisticRegression_C_undersampled
structure,text__structure,"""structure""",word,-0.07095159294683666,0.07095159294683666,LogisticRegression_C_undersampled
yesterday,text__yesterday,"""yesterday""",word,0.07088444939167038,0.07088444939167038,LogisticRegression_C_undersampled
ahead,text__ahead,"""ahead""",word,0.0706236144154716,0.0706236144154716,LogisticRegression_C_undersampled
walk,text__walk,"""walk""",word,0.07058154175921406,0.07058154175921406,LogisticRegression_C_undersampled
male,text__male,"""male""",word,-0.07057578310005226,0.07057578310005226,LogisticRegression_C_undersampled
suck,text__suck,"""suck""",word,0.07053910967573644,0.07053910967573644,LogisticRegression_C_undersampled
elementary,text__elementary,"""elementary""",word,0.0702107650351011,0.0702107650351011,LogisticRegression_C_undersampled
ideal,text__ideal,"""ideal""",word,0.06991964069349446,0.06991964069349446,LogisticRegression_C_undersampled
laughing,text__laughing,"""laughing""",word,0.06987607925628271,0.06987607925628271,LogisticRegression_C_undersampled
dream,text__dream,"""dream""",word,0.06958992876839708,0.06958992876839708,LogisticRegression_C_undersampled
hate,text__hate,"""hate""",word,0.06940404781789318,0.06940404781789318,LogisticRegression_C_undersampled
safe,text__safe,"""safe""",word,-0.06923226976009621,0.06923226976009621,LogisticRegression_C_undersampled
everything,text__everything,"""everything""",word,0.06916572307436236,0.06916572307436236,LogisticRegression_C_undersampled
jb,text__jb,"""jb""",word,0.06912616274671844,0.06912616274671844,LogisticRegression_C_undersampled
adventure,text__adventure,"""adventure""",word,0.06895811551350002,0.06895811551350002,LogisticRegression_C_undersampled
moved,text__moved,"""moved""",word,-0.06894862128147568,0.06894862128147568,LogisticRegression_C_undersampled
pure,text__pure,"""pure""",word,0.06888270223155776,0.06888270223155776,LogisticRegression_C_undersampled
civil,text__civil,"""civil""",word,-0.06865780306698216,0.06865780306698216,LogisticRegression_C_undersampled
level,text__level,"""level""",word,0.06851377320185108,0.06851377320185108,LogisticRegression_C_undersampled
south,text__south,"""south""",word,-0.0684985804958408,0.0684985804958408,LogisticRegression_C_undersampled
original,text__original,"""original""",word,-0.06845723809354647,0.06845723809354647,LogisticRegression_C_undersampled
includes,text__includes,"""includes""",word,-0.06843177497738621,0.06843177497738621,LogisticRegression_C_undersampled
interest,text__interest,"""interest""",word,0.06836572916410287,0.06836572916410287,LogisticRegression_C_undersampled
historical,text__historical,"""historical""",word,0.06825825929020207,0.06825825929020207,LogisticRegression_C_undersampled
etc,text__etc,"""etc""",word,-0.06824628612990745,0.06824628612990745,LogisticRegression_C_undersampled
changing,text__changing,"""changing""",word,-0.06819547252294425,0.06819547252294425,LogisticRegression_C_undersampled
prose,text__prose,"""prose""",word,0.06798001494560557,0.06798001494560557,LogisticRegression_C_undersampled
missing,text__missing,"""missing""",word,0.06797445799521248,0.06797445799521248,LogisticRegression_C_undersampled
must,text__must,"""must""",word,0.0678875971629254,0.0678875971629254,LogisticRegression_C_undersampled
grateful,text__grateful,"""grateful""",word,0.06764715182724186,0.06764715182724186,LogisticRegression_C_undersampled
nothing,text__nothing,"""nothing""",word,0.06762058160644845,0.06762058160644845,LogisticRegression_C_undersampled
familiar,text__familiar,"""familiar""",word,0.06760565605233522,0.06760565605233522,LogisticRegression_C_undersampled
touch,text__touch,"""touch""",word,-0.06758894455559475,0.06758894455559475,LogisticRegression_C_undersampled
john,text__john,"""john""",word,0.06758626541633277,0.06758626541633277,LogisticRegression_C_undersampled
brilliance,text__brilliance,"""brilliance""",word,-0.0674834095354042,0.0674834095354042,LogisticRegression_C_undersampled
meter,text__meter,"""meter""",word,0.06745579150717732,0.06745579150717732,LogisticRegression_C_undersampled
blown,text__blown,"""blown""",word,-0.06733363025092451,0.06733363025092451,LogisticRegression_C_undersampled
came,text__came,"""came""",word,-0.06724740930441792,0.06724740930441792,LogisticRegression_C_undersampled
place,text__place,"""place""",word,0.06719365309903809,0.06719365309903809,LogisticRegression_C_undersampled
music,text__music,"""music""",word,0.06708042446418594,0.06708042446418594,LogisticRegression_C_undersampled
black,text__black,"""black""",word,-0.06697041176555961,0.06697041176555961,LogisticRegression_C_undersampled
honestly,text__honestly,"""honestly""",word,0.06680837376209836,0.06680837376209836,LogisticRegression_C_undersampled
fully,text__fully,"""fully""",word,-0.06674415531161497,0.06674415531161497,LogisticRegression_C_undersampled
trauma,text__trauma,"""trauma""",word,0.06673316928966341,0.06673316928966341,LogisticRegression_C_undersampled
loving,text__loving,"""loving""",word,0.06669888490688156,0.06669888490688156,LogisticRegression_C_undersampled
problem,text__problem,"""problem""",word,-0.06639549756085265,0.06639549756085265,LogisticRegression_C_undersampled
bookstore,text__bookstore,"""bookstore""",word,0.06635974681280138,0.06635974681280138,LogisticRegression_C_undersampled
sir,text__sir,"""sir""",word,0.06630547690201681,0.06630547690201681,LogisticRegression_C_undersampled
twist,text__twist,"""twist""",word,-0.06626309180237727,0.06626309180237727,LogisticRegression_C_undersampled
okay,text__okay,"""okay""",word,0.0662427594296236,0.0662427594296236,LogisticRegression_C_undersampled
create,text__create,"""create""",word,0.06618466482921928,0.06618466482921928,LogisticRegression_C_undersampled
contemporary,text__contemporary,"""contemporary""",word,0.0661310128176198,0.0661310128176198,LogisticRegression_C_undersampled
convey,text__convey,"""convey""",word,0.06607931274055753,0.06607931274055753,LogisticRegression_C_undersampled
hot,text__hot,"""hot""",word,0.06591578124894774,0.06591578124894774,LogisticRegression_C_undersampled
trying,text__trying,"""trying""",word,-0.06586879297140424,0.06586879297140424,LogisticRegression_C_undersampled
young,text__young,"""young""",word,-0.06578657749880033,0.06578657749880033,LogisticRegression_C_undersampled
contained,text__contained,"""contained""",word,0.06573736518505278,0.06573736518505278,LogisticRegression_C_undersampled
expect,text__expect,"""expect""",word,-0.06571435580075495,0.06571435580075495,LogisticRegression_C_undersampled
entirely,text__entirely,"""entirely""",word,0.06567177039409033,0.06567177039409033,LogisticRegression_C_undersampled
pace,text__pace,"""pace""",word,-0.06566191896341522,0.06566191896341522,LogisticRegression_C_undersampled
adult,text__adult,"""adult""",word,0.06564984046770694,0.06564984046770694,LogisticRegression_C_undersampled
sake,text__sake,"""sake""",word,-0.06560310534795052,0.06560310534795052,LogisticRegression_C_undersampled
sitting,text__sitting,"""sitting""",word,-0.06547692864446655,0.06547692864446655,LogisticRegression_C_undersampled
sport,text__sport,"""sport""",word,0.06532744153386104,0.06532744153386104,LogisticRegression_C_undersampled
fast,text__fast,"""fast""",word,-0.06522684095323049,0.06522684095323049,LogisticRegression_C_undersampled
compared,text__compared,"""compared""",word,0.06513006168086737,0.06513006168086737,LogisticRegression_C_undersampled
drama,text__drama,"""drama""",word,-0.0646400022552446,0.0646400022552446,LogisticRegression_C_undersampled
lack,text__lack,"""lack""",word,0.06462746832594334,0.06462746832594334,LogisticRegression_C_undersampled
thin,text__thin,"""thin""",word,0.06459920031900993,0.06459920031900993,LogisticRegression_C_undersampled
smell,text__smell,"""smell""",word,0.06445606119785029,0.06445606119785029,LogisticRegression_C_undersampled
separate,text__separate,"""separate""",word,-0.0643735743841727,0.0643735743841727,LogisticRegression_C_undersampled
thinking,text__thinking,"""thinking""",word,0.0643136159681333,0.0643136159681333,LogisticRegression_C_undersampled
creature,text__creature,"""creature""",word,-0.06413550330198016,0.06413550330198016,LogisticRegression_C_undersampled
string,text__string,"""string""",word,0.06413104645875971,0.06413104645875971,LogisticRegression_C_undersampled
run,text__run,"""run""",word,0.06407465518074242,0.06407465518074242,LogisticRegression_C_undersampled
agree,text__agree,"""agree""",word,-0.06406411239334078,0.06406411239334078,LogisticRegression_C_undersampled
individual,text__individual,"""individual""",word,0.06405443638633358,0.06405443638633358,LogisticRegression_C_undersampled
surprised,text__surprised,"""surprised""",word,-0.06402032377158662,0.06402032377158662,LogisticRegression_C_undersampled
raise,text__raise,"""raise""",word,0.06397952294744193,0.06397952294744193,LogisticRegression_C_undersampled
tear,text__tear,"""tear""",word,0.0638694510647112,0.0638694510647112,LogisticRegression_C_undersampled
former,text__former,"""former""",word,0.06381863653244917,0.06381863653244917,LogisticRegression_C_undersampled
less,text__less,"""less""",word,-0.0634433252359978,0.0634433252359978,LogisticRegression_C_undersampled
describes,text__describes,"""describes""",word,0.0634362596705025,0.0634362596705025,LogisticRegression_C_undersampled
literary,text__literary,"""literary""",word,0.06327732074572835,0.06327732074572835,LogisticRegression_C_undersampled
range,text__range,"""range""",word,-0.06287654491434705,0.06287654491434705,LogisticRegression_C_undersampled
sun,text__sun,"""sun""",word,0.06273164595130964,0.06273164595130964,LogisticRegression_C_undersampled
de,text__de,"""de""",word,-0.06271617318669358,0.06271617318669358,LogisticRegression_C_undersampled
genius,text__genius,"""genius""",word,-0.06227399524004138,0.06227399524004138,LogisticRegression_C_undersampled
deeply,text__deeply,"""deeply""",word,-0.06226933969867587,0.06226933969867587,LogisticRegression_C_undersampled
spiritual,text__spiritual,"""spiritual""",word,-0.062223322639481965,0.062223322639481965,LogisticRegression_C_undersampled
purpose,text__purpose,"""purpose""",word,0.061644305760559646,0.061644305760559646,LogisticRegression_C_undersampled
learning,text__learning,"""learning""",word,-0.06162158566691511,0.06162158566691511,LogisticRegression_C_undersampled
saying,text__saying,"""saying""",word,-0.061619856077743125,0.061619856077743125,LogisticRegression_C_undersampled
guy,text__guy,"""guy""",word,0.061611296037146775,0.061611296037146775,LogisticRegression_C_undersampled
hey,text__hey,"""hey""",word,-0.06155793702343707,0.06155793702343707,LogisticRegression_C_undersampled
watching,text__watching,"""watching""",word,-0.06146722540405797,0.06146722540405797,LogisticRegression_C_undersampled
seeking,text__seeking,"""seeking""",word,-0.06135120766972,0.06135120766972,LogisticRegression_C_undersampled
shade,text__shade,"""shade""",word,-0.061290126890039154,0.061290126890039154,LogisticRegression_C_undersampled
poetic,text__poetic,"""poetic""",word,0.06126983169467398,0.06126983169467398,LogisticRegression_C_undersampled
ship,text__ship,"""ship""",word,-0.06121860711865411,0.06121860711865411,LogisticRegression_C_undersampled
discus,text__discus,"""discus""",word,0.06119335027148523,0.06119335027148523,LogisticRegression_C_undersampled
understanding,text__understanding,"""understanding""",word,0.061118104183184724,0.061118104183184724,LogisticRegression_C_undersampled
eight,text__eight,"""eight""",word,-0.06094860270150631,0.06094860270150631,LogisticRegression_C_undersampled
secret,text__secret,"""secret""",word,0.06093779219110853,0.06093779219110853,LogisticRegression_C_undersampled
carry,text__carry,"""carry""",word,-0.060801152272867864,0.060801152272867864,LogisticRegression_C_undersampled
issue,text__issue,"""issue""",word,-0.060786917840152103,0.060786917840152103,LogisticRegression_C_undersampled
earth,text__earth,"""earth""",word,-0.060634677375541325,0.060634677375541325,LogisticRegression_C_undersampled
na,text__na,"""na""",word,-0.06054946717415122,0.06054946717415122,LogisticRegression_C_undersampled
miss,text__miss,"""miss""",word,-0.060545862185496686,0.060545862185496686,LogisticRegression_C_undersampled
positive,text__positive,"""positive""",word,0.060384269264875556,0.060384269264875556,LogisticRegression_C_undersampled
number,text__number,"""number""",word,0.06030335269547257,0.06030335269547257,LogisticRegression_C_undersampled
none,text__none,"""none""",word,0.060187034219891036,0.060187034219891036,LogisticRegression_C_undersampled
focused,text__focused,"""focused""",word,-0.06006253494238897,0.06006253494238897,LogisticRegression_C_undersampled
bird,text__bird,"""bird""",word,0.05997360693071055,0.05997360693071055,LogisticRegression_C_undersampled
say,text__say,"""say""",word,0.05995151016677506,0.05995151016677506,LogisticRegression_C_undersampled
view,text__view,"""view""",word,0.059898983084787284,0.059898983084787284,LogisticRegression_C_undersampled
rome,text__rome,"""rome""",word,0.059711013901533765,0.059711013901533765,LogisticRegression_C_undersampled
blood,text__blood,"""blood""",word,0.05970373976192289,0.05970373976192289,LogisticRegression_C_undersampled
repetition,text__repetition,"""repetition""",word,-0.059491962065831676,0.059491962065831676,LogisticRegression_C_undersampled
blow,text__blow,"""blow""",word,0.05941356969564441,0.05941356969564441,LogisticRegression_C_undersampled
political,text__political,"""political""",word,-0.05938923149339173,0.05938923149339173,LogisticRegression_C_undersampled
greater,text__greater,"""greater""",word,-0.059354135050714414,0.059354135050714414,LogisticRegression_C_undersampled
beat,text__beat,"""beat""",word,0.059340697525832695,0.059340697525832695,LogisticRegression_C_undersampled
translated,text__translated,"""translated""",word,0.059244059822828266,0.059244059822828266,LogisticRegression_C_undersampled
take,text__take,"""take""",word,0.05915960376271844,0.05915960376271844,LogisticRegression_C_undersampled
proud,text__proud,"""proud""",word,0.05914129386723248,0.05914129386723248,LogisticRegression_C_undersampled
poetry,text__poetry,"""poetry""",word,-0.05900724584153051,0.05900724584153051,LogisticRegression_C_undersampled
extremely,text__extremely,"""extremely""",word,0.05897319055484865,0.05897319055484865,LogisticRegression_C_undersampled
super,text__super,"""super""",word,-0.058967473822960303,0.058967473822960303,LogisticRegression_C_undersampled
try,text__try,"""try""",word,0.05847284346637314,0.05847284346637314,LogisticRegression_C_undersampled
ohio,text__ohio,"""ohio""",word,-0.05838434088838481,0.05838434088838481,LogisticRegression_C_undersampled
started,text__started,"""started""",word,0.058225647915618066,0.058225647915618066,LogisticRegression_C_undersampled
trial,text__trial,"""trial""",word,0.058201366234599435,0.058201366234599435,LogisticRegression_C_undersampled
different,text__different,"""different""",word,0.058139632819843204,0.058139632819843204,LogisticRegression_C_undersampled
ultimate,text__ultimate,"""ultimate""",word,0.05800499084028818,0.05800499084028818,LogisticRegression_C_undersampled
literature,text__literature,"""literature""",word,-0.057940395429803324,0.057940395429803324,LogisticRegression_C_undersampled
pct_adj,numeric__pct_adj,pct_adj,numeric,-0.0579042180443226,0.0579042180443226,LogisticRegression_C_undersampled
argument,text__argument,"""argument""",word,-0.05788424909301504,0.05788424909301504,LogisticRegression_C_undersampled
among,text__among,"""among""",word,0.057795921785323154,0.057795921785323154,LogisticRegression_C_undersampled
till,text__till,"""till""",word,0.057739784742347595,0.057739784742347595,LogisticRegression_C_undersampled
dawn,text__dawn,"""dawn""",word,-0.05761769968289496,0.05761769968289496,LogisticRegression_C_undersampled
reminded,text__reminded,"""reminded""",word,0.057615794191075397,0.057615794191075397,LogisticRegression_C_undersampled
glad,text__glad,"""glad""",word,-0.05761518040949502,0.05761518040949502,LogisticRegression_C_undersampled
gift,text__gift,"""gift""",word,-0.057571710193869835,0.057571710193869835,LogisticRegression_C_undersampled
evocative,text__evocative,"""evocative""",word,0.05749798169102968,0.05749798169102968,LogisticRegression_C_undersampled
compelling,text__compelling,"""compelling""",word,-0.05748554800701374,0.05748554800701374,LogisticRegression_C_undersampled
today,text__today,"""today""",word,-0.05714181541280448,0.05714181541280448,LogisticRegression_C_undersampled
scattered,text__scattered,"""scattered""",word,0.05711027801404371,0.05711027801404371,LogisticRegression_C_undersampled
morning,text__morning,"""morning""",word,-0.057097272770776815,0.057097272770776815,LogisticRegression_C_undersampled
center,text__center,"""center""",word,0.05706482447727816,0.05706482447727816,LogisticRegression_C_undersampled
verse,text__verse,"""verse""",word,-0.05698404286100593,0.05698404286100593,LogisticRegression_C_undersampled
mystery,text__mystery,"""mystery""",word,0.05693533769994879,0.05693533769994879,LogisticRegression_C_undersampled
merely,text__merely,"""merely""",word,0.05685507249852999,0.05685507249852999,LogisticRegression_C_undersampled
ocean,text__ocean,"""ocean""",word,-0.056503320051123705,0.056503320051123705,LogisticRegression_C_undersampled
adored,text__adored,"""adored""",word,0.056499592889079214,0.056499592889079214,LogisticRegression_C_undersampled
genuine,text__genuine,"""genuine""",word,0.05646619051998568,0.05646619051998568,LogisticRegression_C_undersampled
act,text__act,"""act""",word,-0.05644796713652183,0.05644796713652183,LogisticRegression_C_undersampled
imagine,text__imagine,"""imagine""",word,0.056322213098226964,0.056322213098226964,LogisticRegression_C_undersampled
worse,text__worse,"""worse""",word,0.05627715108660104,0.05627715108660104,LogisticRegression_C_undersampled
hoping,text__hoping,"""hoping""",word,0.05623603482576891,0.05623603482576891,LogisticRegression_C_undersampled
tradition,text__tradition,"""tradition""",word,-0.05609466487384499,0.05609466487384499,LogisticRegression_C_undersampled
somewhere,text__somewhere,"""somewhere""",word,-0.05608324763196169,0.05608324763196169,LogisticRegression_C_undersampled
whole,text__whole,"""whole""",word,-0.05606316036985777,0.05606316036985777,LogisticRegression_C_undersampled
yes,text__yes,"""yes""",word,0.05606074643106525,0.05606074643106525,LogisticRegression_C_undersampled
drop,text__drop,"""drop""",word,0.055891870738621285,0.055891870738621285,LogisticRegression_C_undersampled
mix,text__mix,"""mix""",word,0.05587709513298733,0.05587709513298733,LogisticRegression_C_undersampled
around,text__around,"""around""",word,-0.0558368950496935,0.0558368950496935,LogisticRegression_C_undersampled
want,text__want,"""want""",word,0.05583529084491181,0.05583529084491181,LogisticRegression_C_undersampled
lullaby,text__lullaby,"""lullaby""",word,0.05573200381912231,0.05573200381912231,LogisticRegression_C_undersampled
gotten,text__gotten,"""gotten""",word,-0.055718837266602685,0.055718837266602685,LogisticRegression_C_undersampled
broke,text__broke,"""broke""",word,-0.05571271137470729,0.05571271137470729,LogisticRegression_C_undersampled
buying,text__buying,"""buying""",word,0.05567691904616201,0.05567691904616201,LogisticRegression_C_undersampled
specifically,text__specifically,"""specifically""",word,-0.055652619217540125,0.055652619217540125,LogisticRegression_C_undersampled
dirty,text__dirty,"""dirty""",word,0.05541133604286938,0.05541133604286938,LogisticRegression_C_undersampled
laugh,text__laugh,"""laugh""",word,0.055407205943015826,0.055407205943015826,LogisticRegression_C_undersampled
trick,text__trick,"""trick""",word,-0.05533763666657298,0.05533763666657298,LogisticRegression_C_undersampled
madness,text__madness,"""madness""",word,0.055313633607866154,0.055313633607866154,LogisticRegression_C_undersampled
measure,text__measure,"""measure""",word,0.0553089952368334,0.0553089952368334,LogisticRegression_C_undersampled
wrote,text__wrote,"""wrote""",word,-0.05529920379748116,0.05529920379748116,LogisticRegression_C_undersampled
instance,text__instance,"""instance""",word,-0.055276134369597246,0.055276134369597246,LogisticRegression_C_undersampled
present,text__present,"""present""",word,-0.055239340221606786,0.055239340221606786,LogisticRegression_C_undersampled
flame,text__flame,"""flame""",word,-0.05512193410338284,0.05512193410338284,LogisticRegression_C_undersampled
available,text__available,"""available""",word,-0.0551100790781593,0.0551100790781593,LogisticRegression_C_undersampled
field,text__field,"""field""",word,0.055039878544418656,0.055039878544418656,LogisticRegression_C_undersampled
five,text__five,"""five""",word,0.05459450409639843,0.05459450409639843,LogisticRegression_C_undersampled
mark,text__mark,"""mark""",word,-0.05450364102464988,0.05450364102464988,LogisticRegression_C_undersampled
carolina,text__carolina,"""carolina""",word,-0.054170740905726315,0.054170740905726315,LogisticRegression_C_undersampled
allows,text__allows,"""allows""",word,-0.054163060626461604,0.054163060626461604,LogisticRegression_C_undersampled
value,text__value,"""value""",word,-0.054154425432421285,0.054154425432421285,LogisticRegression_C_undersampled
throughout,text__throughout,"""throughout""",word,-0.054101971748889435,0.054101971748889435,LogisticRegression_C_undersampled
plain,text__plain,"""plain""",word,0.05397839643713791,0.05397839643713791,LogisticRegression_C_undersampled
warning,text__warning,"""warning""",word,0.05396639122042342,0.05396639122042342,LogisticRegression_C_undersampled
stanza,text__stanza,"""stanza""",word,-0.0538833731582187,0.0538833731582187,LogisticRegression_C_undersampled
awesome,text__awesome,"""awesome""",word,0.05388235359883417,0.05388235359883417,LogisticRegression_C_undersampled
liked,text__liked,"""liked""",word,-0.05360853569997094,0.05360853569997094,LogisticRegression_C_undersampled
exciting,text__exciting,"""exciting""",word,0.053551643506797114,0.053551643506797114,LogisticRegression_C_undersampled
expected,text__expected,"""expected""",word,-0.05345839758357589,0.05345839758357589,LogisticRegression_C_undersampled
craft,text__craft,"""craft""",word,0.053447353033565126,0.053447353033565126,LogisticRegression_C_undersampled
whilst,text__whilst,"""whilst""",word,0.053274606307530704,0.053274606307530704,LogisticRegression_C_undersampled
femininity,text__femininity,"""femininity""",word,0.053269434981618874,0.053269434981618874,LogisticRegression_C_undersampled
feeling,text__feeling,"""feeling""",word,0.053224629127502414,0.053224629127502414,LogisticRegression_C_undersampled
touched,text__touched,"""touched""",word,0.05322043688865421,0.05322043688865421,LogisticRegression_C_undersampled
formatting,text__formatting,"""formatting""",word,0.053033519024441596,0.053033519024441596,LogisticRegression_C_undersampled
usual,text__usual,"""usual""",word,-0.05302950501042068,0.05302950501042068,LogisticRegression_C_undersampled
set,text__set,"""set""",word,0.053002687638955305,0.053002687638955305,LogisticRegression_C_undersampled
beside,text__beside,"""beside""",word,0.05296956517929767,0.05296956517929767,LogisticRegression_C_undersampled
give,text__give,"""give""",word,-0.052926027599276795,0.052926027599276795,LogisticRegression_C_undersampled
larger,text__larger,"""larger""",word,-0.05287430123429974,0.05287430123429974,LogisticRegression_C_undersampled
see,text__see,"""see""",word,-0.05286340743972123,0.05286340743972123,LogisticRegression_C_undersampled
fun,text__fun,"""fun""",word,0.05275220870166497,0.05275220870166497,LogisticRegression_C_undersampled
appear,text__appear,"""appear""",word,-0.052346889756459326,0.052346889756459326,LogisticRegression_C_undersampled
anything,text__anything,"""anything""",word,0.052314258204997834,0.052314258204997834,LogisticRegression_C_undersampled
public,text__public,"""public""",word,-0.052294156177948095,0.052294156177948095,LogisticRegression_C_undersampled
hopefully,text__hopefully,"""hopefully""",word,0.0522393852103514,0.0522393852103514,LogisticRegression_C_undersampled
appears,text__appears,"""appears""",word,0.05204663464770456,0.05204663464770456,LogisticRegression_C_undersampled
state,text__state,"""state""",word,-0.051915589865139465,0.051915589865139465,LogisticRegression_C_undersampled
personal,text__personal,"""personal""",word,-0.05190964153574583,0.05190964153574583,LogisticRegression_C_undersampled
cry,text__cry,"""cry""",word,0.05182195120797711,0.05182195120797711,LogisticRegression_C_undersampled
court,text__court,"""court""",word,0.05178639951043488,0.05178639951043488,LogisticRegression_C_undersampled
cool,text__cool,"""cool""",word,0.0517202950269626,0.0517202950269626,LogisticRegression_C_undersampled
patience,text__patience,"""patience""",word,-0.05157506483775604,0.05157506483775604,LogisticRegression_C_undersampled
english,text__english,"""english""",word,-0.05149807168643981,0.05149807168643981,LogisticRegression_C_undersampled
person,text__person,"""person""",word,-0.05132192376502569,0.05132192376502569,LogisticRegression_C_undersampled
mention,text__mention,"""mention""",word,0.051280930156118606,0.051280930156118606,LogisticRegression_C_undersampled
front,text__front,"""front""",word,0.05079559252496353,0.05079559252496353,LogisticRegression_C_undersampled
huge,text__huge,"""huge""",word,-0.05072884683263043,0.05072884683263043,LogisticRegression_C_undersampled
stood,text__stood,"""stood""",word,-0.05072663022408047,0.05072663022408047,LogisticRegression_C_undersampled
law,text__law,"""law""",word,0.05070466533901151,0.05070466533901151,LogisticRegression_C_undersampled
highlight,text__highlight,"""highlight""",word,-0.05050772434970343,0.05050772434970343,LogisticRegression_C_undersampled
graphic,text__graphic,"""graphic""",word,0.050459768913674964,0.050459768913674964,LogisticRegression_C_undersampled
sadness,text__sadness,"""sadness""",word,-0.05037367143060808,0.05037367143060808,LogisticRegression_C_undersampled
country,text__country,"""country""",word,0.05035408683559676,0.05035408683559676,LogisticRegression_C_undersampled
audience,text__audience,"""audience""",word,-0.05021373331770334,0.05021373331770334,LogisticRegression_C_undersampled
college,text__college,"""college""",word,-0.050212760754016934,0.050212760754016934,LogisticRegression_C_undersampled
poseidon,text__poseidon,"""poseidon""",word,0.05014716206230929,0.05014716206230929,LogisticRegression_C_undersampled
figure,text__figure,"""figure""",word,-0.050019469362518824,0.050019469362518824,LogisticRegression_C_undersampled
conflict,text__conflict,"""conflict""",word,0.04997086025731527,0.04997086025731527,LogisticRegression_C_undersampled
fragment,text__fragment,"""fragment""",word,0.049948059697394145,0.049948059697394145,LogisticRegression_C_undersampled
already,text__already,"""already""",word,0.049909444968705,0.049909444968705,LogisticRegression_C_undersampled
natural,text__natural,"""natural""",word,0.049884684808133455,0.049884684808133455,LogisticRegression_C_undersampled
reason,text__reason,"""reason""",word,0.049738235302584345,0.049738235302584345,LogisticRegression_C_undersampled
distance,text__distance,"""distance""",word,-0.049717484480349385,0.049717484480349385,LogisticRegression_C_undersampled
street,text__street,"""street""",word,-0.049681835097367635,0.049681835097367635,LogisticRegression_C_undersampled
following,text__following,"""following""",word,-0.04961071955604509,0.04961071955604509,LogisticRegression_C_undersampled
sentence,text__sentence,"""sentence""",word,0.04952431093732552,0.04952431093732552,LogisticRegression_C_undersampled
piece,text__piece,"""piece""",word,-0.049501375509969546,0.049501375509969546,LogisticRegression_C_undersampled
happened,text__happened,"""happened""",word,0.049493450705250755,0.049493450705250755,LogisticRegression_C_undersampled
september,text__september,"""september""",word,0.04942404055655263,0.04942404055655263,LogisticRegression_C_undersampled
biggest,text__biggest,"""biggest""",word,-0.04933166170918024,0.04933166170918024,LogisticRegression_C_undersampled
closed,text__closed,"""closed""",word,-0.04912068682888887,0.04912068682888887,LogisticRegression_C_undersampled
professor,text__professor,"""professor""",word,-0.04903808845741244,0.04903808845741244,LogisticRegression_C_undersampled
lupita,text__lupita,"""lupita""",word,0.048820109973765805,0.048820109973765805,LogisticRegression_C_undersampled
hill,text__hill,"""hill""",word,-0.0488127769376772,0.0488127769376772,LogisticRegression_C_undersampled
high,text__high,"""high""",word,-0.04881216663927263,0.04881216663927263,LogisticRegression_C_undersampled
condition,text__condition,"""condition""",word,-0.04873095939588354,0.04873095939588354,LogisticRegression_C_undersampled
wave,text__wave,"""wave""",word,-0.04868453181918706,0.04868453181918706,LogisticRegression_C_undersampled
memoir,text__memoir,"""memoir""",word,0.048664240020946145,0.048664240020946145,LogisticRegression_C_undersampled
handful,text__handful,"""handful""",word,-0.04864949197056134,0.04864949197056134,LogisticRegression_C_undersampled
play,text__play,"""play""",word,0.04862677013094565,0.04862677013094565,LogisticRegression_C_undersampled
sky,text__sky,"""sky""",word,-0.04853139605495113,0.04853139605495113,LogisticRegression_C_undersampled
ellen,text__ellen,"""ellen""",word,-0.04837363576480113,0.04837363576480113,LogisticRegression_C_undersampled
every,text__every,"""every""",word,0.048339134352079496,0.048339134352079496,LogisticRegression_C_undersampled
beyond,text__beyond,"""beyond""",word,0.04821644074739155,0.04821644074739155,LogisticRegression_C_undersampled
drive,text__drive,"""drive""",word,0.04820879963999981,0.04820879963999981,LogisticRegression_C_undersampled
love,text__love,"""love""",word,0.0480718250485543,0.0480718250485543,LogisticRegression_C_undersampled
sent,text__sent,"""sent""",word,0.047938494699903494,0.047938494699903494,LogisticRegression_C_undersampled
escape,text__escape,"""escape""",word,0.047711747506612084,0.047711747506612084,LogisticRegression_C_undersampled
lying,text__lying,"""lying""",word,0.04761913571004661,0.04761913571004661,LogisticRegression_C_undersampled
mind,text__mind,"""mind""",word,-0.047595383236700865,0.047595383236700865,LogisticRegression_C_undersampled
highly,text__highly,"""highly""",word,-0.04754168640811919,0.04754168640811919,LogisticRegression_C_undersampled
dialogue,text__dialogue,"""dialogue""",word,-0.047521854330681894,0.047521854330681894,LogisticRegression_C_undersampled
lacking,text__lacking,"""lacking""",word,-0.04751696111389291,0.04751696111389291,LogisticRegression_C_undersampled
meaning,text__meaning,"""meaning""",word,-0.04733331262210719,0.04733331262210719,LogisticRegression_C_undersampled
novel,text__novel,"""novel""",word,-0.04725980841989236,0.04725980841989236,LogisticRegression_C_undersampled
christian,text__christian,"""christian""",word,-0.04723432347262818,0.04723432347262818,LogisticRegression_C_undersampled
regarding,text__regarding,"""regarding""",word,0.046777822615791,0.046777822615791,LogisticRegression_C_undersampled
least,text__least,"""least""",word,0.046714116060524044,0.046714116060524044,LogisticRegression_C_undersampled
harder,text__harder,"""harder""",word,0.04642144333244667,0.04642144333244667,LogisticRegression_C_undersampled
wood,text__wood,"""wood""",word,-0.04622430421428601,0.04622430421428601,LogisticRegression_C_undersampled
seemed,text__seemed,"""seemed""",word,-0.04603382221155125,0.04603382221155125,LogisticRegression_C_undersampled
job,text__job,"""job""",word,-0.046022084188426196,0.046022084188426196,LogisticRegression_C_undersampled
endless,text__endless,"""endless""",word,0.04598357227190392,0.04598357227190392,LogisticRegression_C_undersampled
supposed,text__supposed,"""supposed""",word,-0.04587581547291407,0.04587581547291407,LogisticRegression_C_undersampled
hit,text__hit,"""hit""",word,-0.04569611362635771,0.04569611362635771,LogisticRegression_C_undersampled
realized,text__realized,"""realized""",word,0.04564791199451966,0.04564791199451966,LogisticRegression_C_undersampled
expression,text__expression,"""expression""",word,-0.04551962764433723,0.04551962764433723,LogisticRegression_C_undersampled
waste,text__waste,"""waste""",word,-0.045214883510900715,0.045214883510900715,LogisticRegression_C_undersampled
move,text__move,"""move""",word,0.045167775253870425,0.045167775253870425,LogisticRegression_C_undersampled
lot,text__lot,"""lot""",word,-0.04515203405980439,0.04515203405980439,LogisticRegression_C_undersampled
universe,text__universe,"""universe""",word,0.0451171065394269,0.0451171065394269,LogisticRegression_C_undersampled
taught,text__taught,"""taught""",word,0.04508832222030025,0.04508832222030025,LogisticRegression_C_undersampled
york,text__york,"""york""",word,0.04503342439125229,0.04503342439125229,LogisticRegression_C_undersampled
often,text__often,"""often""",word,-0.04502727012815109,0.04502727012815109,LogisticRegression_C_undersampled
someone,text__someone,"""someone""",word,0.04483900503487656,0.04483900503487656,LogisticRegression_C_undersampled
poem,text__poem,"""poem""",word,0.04476714155807689,0.04476714155807689,LogisticRegression_C_undersampled
humanity,text__humanity,"""humanity""",word,0.04473261482038764,0.04473261482038764,LogisticRegression_C_undersampled
like,text__like,"""like""",word,0.04470202959441818,0.04470202959441818,LogisticRegression_C_undersampled
send,text__send,"""send""",word,-0.044698181488723496,0.044698181488723496,LogisticRegression_C_undersampled
old,text__old,"""old""",word,0.04424955750195174,0.04424955750195174,LogisticRegression_C_undersampled
sexuality,text__sexuality,"""sexuality""",word,-0.04414652326458805,0.04414652326458805,LogisticRegression_C_undersampled
wrong,text__wrong,"""wrong""",word,0.04412221055112688,0.04412221055112688,LogisticRegression_C_undersampled
opening,text__opening,"""opening""",word,-0.04399919083880068,0.04399919083880068,LogisticRegression_C_undersampled
volume,text__volume,"""volume""",word,0.04388519592936854,0.04388519592936854,LogisticRegression_C_undersampled
silent,text__silent,"""silent""",word,-0.043707369076443216,0.043707369076443216,LogisticRegression_C_undersampled
religion,text__religion,"""religion""",word,-0.04366245258102433,0.04366245258102433,LogisticRegression_C_undersampled
cried,text__cried,"""cried""",word,-0.04364803898299485,0.04364803898299485,LogisticRegression_C_undersampled
skill,text__skill,"""skill""",word,0.043566043665427316,0.043566043665427316,LogisticRegression_C_undersampled
walt,text__walt,"""walt""",word,-0.043462661882210644,0.043462661882210644,LogisticRegression_C_undersampled
recent,text__recent,"""recent""",word,-0.04331713122542772,0.04331713122542772,LogisticRegression_C_undersampled
men,text__men,"""men""",word,0.04323290724258499,0.04323290724258499,LogisticRegression_C_undersampled
vivid,text__vivid,"""vivid""",word,0.043178786651831405,0.043178786651831405,LogisticRegression_C_undersampled
kill,text__kill,"""kill""",word,0.04307442706308168,0.04307442706308168,LogisticRegression_C_undersampled
killing,text__killing,"""killing""",word,0.043026898413733486,0.043026898413733486,LogisticRegression_C_undersampled
spanish,text__spanish,"""spanish""",word,0.043010452215214615,0.043010452215214615,LogisticRegression_C_undersampled
discover,text__discover,"""discover""",word,0.04290039997581696,0.04290039997581696,LogisticRegression_C_undersampled
went,text__went,"""went""",word,-0.04279083213321555,0.04279083213321555,LogisticRegression_C_undersampled
ice,text__ice,"""ice""",word,0.04264934586099571,0.04264934586099571,LogisticRegression_C_undersampled
gilgamesh,text__gilgamesh,"""gilgamesh""",word,-0.04262340877077458,0.04262340877077458,LogisticRegression_C_undersampled
shock,text__shock,"""shock""",word,0.042461443712332854,0.042461443712332854,LogisticRegression_C_undersampled
warm,text__warm,"""warm""",word,-0.042397388432360655,0.042397388432360655,LogisticRegression_C_undersampled
remembered,text__remembered,"""remembered""",word,0.042220789741751925,0.042220789741751925,LogisticRegression_C_undersampled
emotion,text__emotion,"""emotion""",word,0.04211924535573627,0.04211924535573627,LogisticRegression_C_undersampled
root,text__root,"""root""",word,-0.04211275188373772,0.04211275188373772,LogisticRegression_C_undersampled
heartbreaking,text__heartbreaking,"""heartbreaking""",word,-0.04196017621744298,0.04196017621744298,LogisticRegression_C_undersampled
fault,text__fault,"""fault""",word,0.04187004601545489,0.04187004601545489,LogisticRegression_C_undersampled
body,text__body,"""body""",word,-0.04164818010942761,0.04164818010942761,LogisticRegression_C_undersampled
within,text__within,"""within""",word,-0.041645639388910784,0.041645639388910784,LogisticRegression_C_undersampled
leg,text__leg,"""leg""",word,0.04152699037705402,0.04152699037705402,LogisticRegression_C_undersampled
support,text__support,"""support""",word,0.041470139009947074,0.041470139009947074,LogisticRegression_C_undersampled
essence,text__essence,"""essence""",word,-0.04134880075937785,0.04134880075937785,LogisticRegression_C_undersampled
later,text__later,"""later""",word,-0.041236138600503985,0.041236138600503985,LogisticRegression_C_undersampled
returning,text__returning,"""returning""",word,0.041149786225881904,0.041149786225881904,LogisticRegression_C_undersampled
wit,text__wit,"""wit""",word,0.041078735480987845,0.041078735480987845,LogisticRegression_C_undersampled
interpretation,text__interpretation,"""interpretation""",word,0.04106505811117046,0.04106505811117046,LogisticRegression_C_undersampled
shut,text__shut,"""shut""",word,0.04096570926979261,0.04096570926979261,LogisticRegression_C_undersampled
ago,text__ago,"""ago""",word,-0.04093401174261524,0.04093401174261524,LogisticRegression_C_undersampled
woman,text__woman,"""woman""",word,0.04089725008088721,0.04089725008088721,LogisticRegression_C_undersampled
billy,text__billy,"""billy""",word,0.040893121289534894,0.040893121289534894,LogisticRegression_C_undersampled
shepard,text__shepard,"""shepard""",word,-0.04086257995508369,0.04086257995508369,LogisticRegression_C_undersampled
example,text__example,"""example""",word,-0.0408514997067197,0.0408514997067197,LogisticRegression_C_undersampled
store,text__store,"""store""",word,0.040826898579254284,0.040826898579254284,LogisticRegression_C_undersampled
manage,text__manage,"""manage""",word,0.04067136026855598,0.04067136026855598,LogisticRegression_C_undersampled
feminism,text__feminism,"""feminism""",word,0.04057408984083328,0.04057408984083328,LogisticRegression_C_undersampled
punctuation,text__punctuation,"""punctuation""",word,0.04050252874138918,0.04050252874138918,LogisticRegression_C_undersampled
teaching,text__teaching,"""teaching""",word,-0.04036721056548125,0.04036721056548125,LogisticRegression_C_undersampled
putting,text__putting,"""putting""",word,-0.04028616649362635,0.04028616649362635,LogisticRegression_C_undersampled
either,text__either,"""either""",word,-0.04023724825391407,0.04023724825391407,LogisticRegression_C_undersampled
lay,text__lay,"""lay""",word,0.04019515008549114,0.04019515008549114,LogisticRegression_C_undersampled
reminds,text__reminds,"""reminds""",word,-0.04013339437850043,0.04013339437850043,LogisticRegression_C_undersampled
spirit,text__spirit,"""spirit""",word,-0.04000906546162265,0.04000906546162265,LogisticRegression_C_undersampled
horse,text__horse,"""horse""",word,-0.03996812461710988,0.03996812461710988,LogisticRegression_C_undersampled
bad,text__bad,"""bad""",word,0.03993360959006375,0.03993360959006375,LogisticRegression_C_undersampled
inspiration,text__inspiration,"""inspiration""",word,-0.0398704411875077,0.0398704411875077,LogisticRegression_C_undersampled
branch,text__branch,"""branch""",word,0.03979645534713904,0.03979645534713904,LogisticRegression_C_undersampled
split,text__split,"""split""",word,0.03977968181940335,0.03977968181940335,LogisticRegression_C_undersampled
translation,text__translation,"""translation""",word,0.03967945317625581,0.03967945317625581,LogisticRegression_C_undersampled
since,text__since,"""since""",word,-0.03965343303998679,0.03965343303998679,LogisticRegression_C_undersampled
snippet,text__snippet,"""snippet""",word,0.03962543997179788,0.03962543997179788,LogisticRegression_C_undersampled
cut,text__cut,"""cut""",word,-0.03937654346963922,0.03937654346963922,LogisticRegression_C_undersampled
hopkins,text__hopkins,"""hopkins""",word,0.03919785532956867,0.03919785532956867,LogisticRegression_C_undersampled
hold,text__hold,"""hold""",word,0.03883105223018084,0.03883105223018084,LogisticRegression_C_undersampled
excellent,text__excellent,"""excellent""",word,-0.03870555564863157,0.03870555564863157,LogisticRegression_C_undersampled
turn,text__turn,"""turn""",word,-0.038606943183823114,0.038606943183823114,LogisticRegression_C_undersampled
scholar,text__scholar,"""scholar""",word,0.03851304672253537,0.03851304672253537,LogisticRegression_C_undersampled
soft,text__soft,"""soft""",word,0.03850869001975861,0.03850869001975861,LogisticRegression_C_undersampled
titled,text__titled,"""titled""",word,0.03833813179160765,0.03833813179160765,LogisticRegression_C_undersampled
rating_diff,numeric__rating_diff,rating_diff,numeric,-0.03833246675352537,0.03833246675352537,LogisticRegression_C_undersampled
thoughtful,text__thoughtful,"""thoughtful""",word,-0.037868842291225197,0.037868842291225197,LogisticRegression_C_undersampled
attempt,text__attempt,"""attempt""",word,0.03779954489744287,0.03779954489744287,LogisticRegression_C_undersampled
portrayed,text__portrayed,"""portrayed""",word,0.037690879085271335,0.037690879085271335,LogisticRegression_C_undersampled
dust,text__dust,"""dust""",word,-0.03768709968303795,0.03768709968303795,LogisticRegression_C_undersampled
nonetheless,text__nonetheless,"""nonetheless""",word,0.037446525612511924,0.037446525612511924,LogisticRegression_C_undersampled
bell,text__bell,"""bell""",word,-0.03724315708927358,0.03724315708927358,LogisticRegression_C_undersampled
odyssey,text__odyssey,"""odyssey""",word,-0.03724099338187663,0.03724099338187663,LogisticRegression_C_undersampled
north,text__north,"""north""",word,-0.03721794470470307,0.03721794470470307,LogisticRegression_C_undersampled
forgotten,text__forgotten,"""forgotten""",word,0.037189363634926025,0.037189363634926025,LogisticRegression_C_undersampled
equally,text__equally,"""equally""",word,-0.03718559699837139,0.03718559699837139,LogisticRegression_C_undersampled
la,text__la,"""la""",word,0.03708765896983771,0.03708765896983771,LogisticRegression_C_undersampled
evil,text__evil,"""evil""",word,-0.03699344913672776,0.03699344913672776,LogisticRegression_C_undersampled
happen,text__happen,"""happen""",word,0.03698454668301875,0.03698454668301875,LogisticRegression_C_undersampled
fascinating,text__fascinating,"""fascinating""",word,-0.036920333742913015,0.036920333742913015,LogisticRegression_C_undersampled
circle,text__circle,"""circle""",word,0.03677505288778759,0.03677505288778759,LogisticRegression_C_undersampled
achilles,text__achilles,"""achilles""",word,0.036710252431871766,0.036710252431871766,LogisticRegression_C_undersampled
basho,text__basho,"""basho""",word,-0.036656611327727615,0.036656611327727615,LogisticRegression_C_undersampled
thread,text__thread,"""thread""",word,-0.036644693362364034,0.036644693362364034,LogisticRegression_C_undersampled
found,text__found,"""found""",word,-0.03627363638391533,0.03627363638391533,LogisticRegression_C_undersampled
shine,text__shine,"""shine""",word,0.036226484402631716,0.036226484402631716,LogisticRegression_C_undersampled
eye,text__eye,"""eye""",word,-0.03604907045979895,0.03604907045979895,LogisticRegression_C_undersampled
wo,text__wo,"""wo""",word,0.03582232403275872,0.03582232403275872,LogisticRegression_C_undersampled
involved,text__involved,"""involved""",word,-0.035691070668322875,0.035691070668322875,LogisticRegression_C_undersampled
everyone,text__everyone,"""everyone""",word,-0.035664557572008045,0.035664557572008045,LogisticRegression_C_undersampled
title,text__title,"""title""",word,-0.035622503950776874,0.035622503950776874,LogisticRegression_C_undersampled
look,text__look,"""look""",word,-0.03559489685974925,0.03559489685974925,LogisticRegression_C_undersampled
incredible,text__incredible,"""incredible""",word,-0.03549371717494849,0.03549371717494849,LogisticRegression_C_undersampled
diary,text__diary,"""diary""",word,-0.03522351513091813,0.03522351513091813,LogisticRegression_C_undersampled
snow,text__snow,"""snow""",word,-0.03519418111730361,0.03519418111730361,LogisticRegression_C_undersampled
feed,text__feed,"""feed""",word,0.035142130795007075,0.035142130795007075,LogisticRegression_C_undersampled
magical,text__magical,"""magical""",word,-0.03499165509297392,0.03499165509297392,LogisticRegression_C_undersampled
shame,text__shame,"""shame""",word,0.03491214809008414,0.03491214809008414,LogisticRegression_C_undersampled
lie,text__lie,"""lie""",word,0.034911940264420974,0.034911940264420974,LogisticRegression_C_undersampled
twin,text__twin,"""twin""",word,0.03489686239600309,0.03489686239600309,LogisticRegression_C_undersampled
better,text__better,"""better""",word,0.034658647414574986,0.034658647414574986,LogisticRegression_C_undersampled
courage,text__courage,"""courage""",word,0.03463779507317115,0.03463779507317115,LogisticRegression_C_undersampled
deal,text__deal,"""deal""",word,-0.03462636525020137,0.03462636525020137,LogisticRegression_C_undersampled
husband,text__husband,"""husband""",word,-0.03455602906063957,0.03455602906063957,LogisticRegression_C_undersampled
surface,text__surface,"""surface""",word,-0.034355084275684386,0.034355084275684386,LogisticRegression_C_undersampled
seem,text__seem,"""seem""",word,-0.0343151130834498,0.0343151130834498,LogisticRegression_C_undersampled
bed,text__bed,"""bed""",word,0.03423624637476488,0.03423624637476488,LogisticRegression_C_undersampled
grown,text__grown,"""grown""",word,-0.03418330084600955,0.03418330084600955,LogisticRegression_C_undersampled
hidden,text__hidden,"""hidden""",word,0.03414794533122005,0.03414794533122005,LogisticRegression_C_undersampled
spoken,text__spoken,"""spoken""",word,0.03413064531378954,0.03413064531378954,LogisticRegression_C_undersampled
real,text__real,"""real""",word,0.034023508360708325,0.034023508360708325,LogisticRegression_C_undersampled
ground,text__ground,"""ground""",word,0.033995898175362436,0.033995898175362436,LogisticRegression_C_undersampled
including,text__including,"""including""",word,-0.033970462478522014,0.033970462478522014,LogisticRegression_C_undersampled
degree,text__degree,"""degree""",word,0.03393732370837933,0.03393732370837933,LogisticRegression_C_undersampled
book,text__book,"""book""",word,-0.03388715527606238,0.03388715527606238,LogisticRegression_C_undersampled
almost,text__almost,"""almost""",word,-0.03385220154025735,0.03385220154025735,LogisticRegression_C_undersampled
kinbote,text__kinbote,"""kinbote""",word,0.033827319830781376,0.033827319830781376,LogisticRegression_C_undersampled
write,text__write,"""write""",word,-0.03382300642341941,0.03382300642341941,LogisticRegression_C_undersampled
sugar,text__sugar,"""sugar""",word,-0.033736044478529924,0.033736044478529924,LogisticRegression_C_undersampled
reflect,text__reflect,"""reflect""",word,0.033604281387050114,0.033604281387050114,LogisticRegression_C_undersampled
gem,text__gem,"""gem""",word,0.033516254931530196,0.033516254931530196,LogisticRegression_C_undersampled
suggests,text__suggests,"""suggests""",word,0.033464037991627664,0.033464037991627664,LogisticRegression_C_undersampled
boring,text__boring,"""boring""",word,0.03343065519199014,0.03343065519199014,LogisticRegression_C_undersampled
complete,text__complete,"""complete""",word,-0.033411672225887326,0.033411672225887326,LogisticRegression_C_undersampled
bukowski,text__bukowski,"""bukowski""",word,0.03335917270117013,0.03335917270117013,LogisticRegression_C_undersampled
affair,text__affair,"""affair""",word,0.03331693823257047,0.03331693823257047,LogisticRegression_C_undersampled
car,text__car,"""car""",word,0.03331125228382761,0.03331125228382761,LogisticRegression_C_undersampled
money,text__money,"""money""",word,0.03316164006380705,0.03316164006380705,LogisticRegression_C_undersampled
living,text__living,"""living""",word,-0.03310833714073032,0.03310833714073032,LogisticRegression_C_undersampled
fire,text__fire,"""fire""",word,-0.03307209037409395,0.03307209037409395,LogisticRegression_C_undersampled
remember,text__remember,"""remember""",word,-0.03297625040625143,0.03297625040625143,LogisticRegression_C_undersampled
cloud,text__cloud,"""cloud""",word,0.0329047544455323,0.0329047544455323,LogisticRegression_C_undersampled
realize,text__realize,"""realize""",word,-0.03270159084142855,0.03270159084142855,LogisticRegression_C_undersampled
empowering,text__empowering,"""empowering""",word,-0.032677339125190226,0.032677339125190226,LogisticRegression_C_undersampled
writing,text__writing,"""writing""",word,0.032555165143431895,0.032555165143431895,LogisticRegression_C_undersampled
struggling,text__struggling,"""struggling""",word,0.0325207827252817,0.0325207827252817,LogisticRegression_C_undersampled
sadly,text__sadly,"""sadly""",word,0.032460413920643374,0.032460413920643374,LogisticRegression_C_undersampled
crime,text__crime,"""crime""",word,0.03245892010676722,0.03245892010676722,LogisticRegression_C_undersampled
ear,text__ear,"""ear""",word,0.03244316561520983,0.03244316561520983,LogisticRegression_C_undersampled
point,text__point,"""point""",word,0.03241423974345966,0.03241423974345966,LogisticRegression_C_undersampled
mood,text__mood,"""mood""",word,-0.032326130767668826,0.032326130767668826,LogisticRegression_C_undersampled
remind,text__remind,"""remind""",word,-0.03222884811417836,0.03222884811417836,LogisticRegression_C_undersampled
distant,text__distant,"""distant""",word,0.032208708451769305,0.032208708451769305,LogisticRegression_C_undersampled
combination,text__combination,"""combination""",word,0.03216452561040806,0.03216452561040806,LogisticRegression_C_undersampled
heartache,text__heartache,"""heartache""",word,-0.03211376617091631,0.03211376617091631,LogisticRegression_C_undersampled
adore,text__adore,"""adore""",word,-0.03206095650454475,0.03206095650454475,LogisticRegression_C_undersampled
moloch,text__moloch,"""moloch""",word,0.0320521909098449,0.0320521909098449,LogisticRegression_C_undersampled
goddess,text__goddess,"""goddess""",word,-0.03192826370767765,0.03192826370767765,LogisticRegression_C_undersampled
considered,text__considered,"""considered""",word,-0.031890077983358654,0.031890077983358654,LogisticRegression_C_undersampled
also,text__also,"""also""",word,-0.031741943789231016,0.031741943789231016,LogisticRegression_C_undersampled
somewhat,text__somewhat,"""somewhat""",word,-0.0313239295592472,0.0313239295592472,LogisticRegression_C_undersampled
subtle,text__subtle,"""subtle""",word,0.031321134944110395,0.031321134944110395,LogisticRegression_C_undersampled
fiction,text__fiction,"""fiction""",word,-0.03130503370836045,0.03130503370836045,LogisticRegression_C_undersampled
major,text__major,"""major""",word,-0.03127534053992783,0.03127534053992783,LogisticRegression_C_undersampled
masterpiece,text__masterpiece,"""masterpiece""",word,-0.031165536213697227,0.031165536213697227,LogisticRegression_C_undersampled
regard,text__regard,"""regard""",word,-0.031058594141222057,0.031058594141222057,LogisticRegression_C_undersampled
plenty,text__plenty,"""plenty""",word,-0.030735743311707732,0.030735743311707732,LogisticRegression_C_undersampled
without,text__without,"""without""",word,0.030735199892907256,0.030735199892907256,LogisticRegression_C_undersampled
amount,text__amount,"""amount""",word,0.030659977922765095,0.030659977922765095,LogisticRegression_C_undersampled
situation,text__situation,"""situation""",word,-0.030472204775658013,0.030472204775658013,LogisticRegression_C_undersampled
capable,text__capable,"""capable""",word,0.030468985949855233,0.030468985949855233,LogisticRegression_C_undersampled
fly,text__fly,"""fly""",word,-0.030455857495390235,0.030455857495390235,LogisticRegression_C_undersampled
text,text__text,"""text""",word,-0.03017797088805927,0.03017797088805927,LogisticRegression_C_undersampled
long,text__long,"""long""",word,-0.030137034785047787,0.030137034785047787,LogisticRegression_C_undersampled
fate,text__fate,"""fate""",word,0.029865590891941074,0.029865590891941074,LogisticRegression_C_undersampled
result,text__result,"""result""",word,0.029691046410283094,0.029691046410283094,LogisticRegression_C_undersampled
truly,text__truly,"""truly""",word,-0.029685273450256466,0.029685273450256466,LogisticRegression_C_undersampled
world,text__world,"""world""",word,0.029619001643319053,0.029619001643319053,LogisticRegression_C_undersampled
teeth,text__teeth,"""teeth""",word,0.029604581765910788,0.029604581765910788,LogisticRegression_C_undersampled
publishing,text__publishing,"""publishing""",word,-0.029367615068380173,0.029367615068380173,LogisticRegression_C_undersampled
soldier,text__soldier,"""soldier""",word,-0.029365920125877167,0.029365920125877167,LogisticRegression_C_undersampled
summer,text__summer,"""summer""",word,-0.02923435974781153,0.02923435974781153,LogisticRegression_C_undersampled
cliche,text__cliche,"""cliche""",word,0.029199225297508735,0.029199225297508735,LogisticRegression_C_undersampled
nietzsche,text__nietzsche,"""nietzsche""",word,-0.029153381093589975,0.029153381093589975,LogisticRegression_C_undersampled
followed,text__followed,"""followed""",word,-0.028874417675675158,0.028874417675675158,LogisticRegression_C_undersampled
could,text__could,"""could""",word,-0.028689428407905424,0.028689428407905424,LogisticRegression_C_undersampled
know,text__know,"""know""",word,0.028681196774382498,0.028681196774382498,LogisticRegression_C_undersampled
end,text__end,"""end""",word,-0.02863784117648607,0.02863784117648607,LogisticRegression_C_undersampled
suppose,text__suppose,"""suppose""",word,0.02863308691855435,0.02863308691855435,LogisticRegression_C_undersampled
ball,text__ball,"""ball""",word,-0.028569085655762005,0.028569085655762005,LogisticRegression_C_undersampled
dog,text__dog,"""dog""",word,-0.02843340727602465,0.02843340727602465,LogisticRegression_C_undersampled
really,text__really,"""really""",word,0.028390944638171395,0.028390944638171395,LogisticRegression_C_undersampled
breathtaking,text__breathtaking,"""breathtaking""",word,-0.028356614978190076,0.028356614978190076,LogisticRegression_C_undersampled
rest,text__rest,"""rest""",word,-0.028109388084576938,0.028109388084576938,LogisticRegression_C_undersampled
near,text__near,"""near""",word,0.028101473479705295,0.028101473479705295,LogisticRegression_C_undersampled
feature,text__feature,"""feature""",word,-0.028005809606349845,0.028005809606349845,LogisticRegression_C_undersampled
variety,text__variety,"""variety""",word,-0.027876989077184278,0.027876989077184278,LogisticRegression_C_undersampled
obviously,text__obviously,"""obviously""",word,0.027753434379176958,0.027753434379176958,LogisticRegression_C_undersampled
power,text__power,"""power""",word,-0.02770793386410258,0.02770793386410258,LogisticRegression_C_undersampled
originally,text__originally,"""originally""",word,-0.027216881021162685,0.027216881021162685,LogisticRegression_C_undersampled
alone,text__alone,"""alone""",word,-0.02718095239209551,0.02718095239209551,LogisticRegression_C_undersampled
short,text__short,"""short""",word,0.027026584397094038,0.027026584397094038,LogisticRegression_C_undersampled
brilliant,text__brilliant,"""brilliant""",word,-0.026995233602753316,0.026995233602753316,LogisticRegression_C_undersampled
nick,text__nick,"""nick""",word,0.02698197309593906,0.02698197309593906,LogisticRegression_C_undersampled
sorry,text__sorry,"""sorry""",word,-0.026926966080068837,0.026926966080068837,LogisticRegression_C_undersampled
trojan,text__trojan,"""trojan""",word,0.026887866015419534,0.026887866015419534,LogisticRegression_C_undersampled
win,text__win,"""win""",word,0.026564377065120624,0.026564377065120624,LogisticRegression_C_undersampled
rather,text__rather,"""rather""",word,0.026525854543952072,0.026525854543952072,LogisticRegression_C_undersampled
searching,text__searching,"""searching""",word,-0.02646694587497382,0.02646694587497382,LogisticRegression_C_undersampled
innocent,text__innocent,"""innocent""",word,0.02639870118563374,0.02639870118563374,LogisticRegression_C_undersampled
whitman,text__whitman,"""whitman""",word,-0.02638931475036172,0.02638931475036172,LogisticRegression_C_undersampled
nevertheless,text__nevertheless,"""nevertheless""",word,-0.026377376849149748,0.026377376849149748,LogisticRegression_C_undersampled
american,text__american,"""american""",word,-0.026244501663891733,0.026244501663891733,LogisticRegression_C_undersampled
kind,text__kind,"""kind""",word,-0.02608353092624379,0.02608353092624379,LogisticRegression_C_undersampled
passionate,text__passionate,"""passionate""",word,0.026050110259424122,0.026050110259424122,LogisticRegression_C_undersampled
possibly,text__possibly,"""possibly""",word,-0.02585735929955925,0.02585735929955925,LogisticRegression_C_undersampled
otherwise,text__otherwise,"""otherwise""",word,-0.025796596902961336,0.025796596902961336,LogisticRegression_C_undersampled
noticed,text__noticed,"""noticed""",word,0.02571376131992651,0.02571376131992651,LogisticRegression_C_undersampled
winter,text__winter,"""winter""",word,0.025685005753423307,0.025685005753423307,LogisticRegression_C_undersampled
nicu,text__nicu,"""nicu""",word,0.025476397490560066,0.025476397490560066,LogisticRegression_C_undersampled
helen,text__helen,"""helen""",word,0.02536298181585562,0.02536298181585562,LogisticRegression_C_undersampled
watch,text__watch,"""watch""",word,-0.025352844180313833,0.025352844180313833,LogisticRegression_C_undersampled
becomes,text__becomes,"""becomes""",word,-0.025288806230732343,0.025288806230732343,LogisticRegression_C_undersampled
repeat,text__repeat,"""repeat""",word,-0.025110024481071982,0.025110024481071982,LogisticRegression_C_undersampled
indeed,text__indeed,"""indeed""",word,0.024953247823544206,0.024953247823544206,LogisticRegression_C_undersampled
question,text__question,"""question""",word,0.024859681034125055,0.024859681034125055,LogisticRegression_C_undersampled
ordinary,text__ordinary,"""ordinary""",word,-0.024718206790236365,0.024718206790236365,LogisticRegression_C_undersampled
strong,text__strong,"""strong""",word,0.024679279559483364,0.024679279559483364,LogisticRegression_C_undersampled
style,text__style,"""style""",word,0.024584912170649287,0.024584912170649287,LogisticRegression_C_undersampled
murder,text__murder,"""murder""",word,-0.024508429709629007,0.024508429709629007,LogisticRegression_C_undersampled
realistic,text__realistic,"""realistic""",word,0.02443183845231193,0.02443183845231193,LogisticRegression_C_undersampled
explores,text__explores,"""explores""",word,-0.02409479469666655,0.02409479469666655,LogisticRegression_C_undersampled
grow,text__grow,"""grow""",word,-0.023809535423815486,0.023809535423815486,LogisticRegression_C_undersampled
particular,text__particular,"""particular""",word,-0.023806006001594122,0.023806006001594122,LogisticRegression_C_undersampled
maybe,text__maybe,"""maybe""",word,-0.02363435235158184,0.02363435235158184,LogisticRegression_C_undersampled
baudelaire,text__baudelaire,"""baudelaire""",word,0.02360097787628097,0.02360097787628097,LogisticRegression_C_undersampled
grass,text__grass,"""grass""",word,-0.023446049164402218,0.023446049164402218,LogisticRegression_C_undersampled
based,text__based,"""based""",word,0.02342954634445864,0.02342954634445864,LogisticRegression_C_undersampled
force,text__force,"""force""",word,0.02336882131727517,0.02336882131727517,LogisticRegression_C_undersampled
rose,text__rose,"""rose""",word,-0.023284834364033904,0.023284834364033904,LogisticRegression_C_undersampled
ability,text__ability,"""ability""",word,-0.023247434810955394,0.023247434810955394,LogisticRegression_C_undersampled
would,text__would,"""would""",word,0.023156742336403018,0.023156742336403018,LogisticRegression_C_undersampled
thank,text__thank,"""thank""",word,0.023106711531820045,0.023106711531820045,LogisticRegression_C_undersampled
stupid,text__stupid,"""stupid""",word,-0.023070555647723975,0.023070555647723975,LogisticRegression_C_undersampled
welcome,text__welcome,"""welcome""",word,-0.022829491265193822,0.022829491265193822,LogisticRegression_C_undersampled
community,text__community,"""community""",word,-0.022803167285533853,0.022803167285533853,LogisticRegression_C_undersampled
cast,text__cast,"""cast""",word,-0.022780476970306753,0.022780476970306753,LogisticRegression_C_undersampled
sheer,text__sheer,"""sheer""",word,0.022600001186757285,0.022600001186757285,LogisticRegression_C_undersampled
shape,text__shape,"""shape""",word,-0.022485049512577363,0.022485049512577363,LogisticRegression_C_undersampled
publisher,text__publisher,"""publisher""",word,-0.02241547663029879,0.02241547663029879,LogisticRegression_C_undersampled
suggest,text__suggest,"""suggest""",word,-0.02232452836133686,0.02232452836133686,LogisticRegression_C_undersampled
library,text__library,"""library""",word,0.022257783513425902,0.022257783513425902,LogisticRegression_C_undersampled
made,text__made,"""made""",word,-0.022133099843364597,0.022133099843364597,LogisticRegression_C_undersampled
evening,text__evening,"""evening""",word,0.02212260769303575,0.02212260769303575,LogisticRegression_C_undersampled
drug,text__drug,"""drug""",word,0.02200026670420115,0.02200026670420115,LogisticRegression_C_undersampled
star,text__star,"""star""",word,-0.0219423388532018,0.0219423388532018,LogisticRegression_C_undersampled
thought,text__thought,"""thought""",word,-0.021899622026977296,0.021899622026977296,LogisticRegression_C_undersampled
utterly,text__utterly,"""utterly""",word,0.021725288402111666,0.021725288402111666,LogisticRegression_C_undersampled
dragon,text__dragon,"""dragon""",word,0.021710584290038845,0.021710584290038845,LogisticRegression_C_undersampled
spoiler,text__spoiler,"""spoiler""",word,0.02167941187194055,0.02167941187194055,LogisticRegression_C_undersampled
became,text__became,"""became""",word,0.021446395732864894,0.021446395732864894,LogisticRegression_C_undersampled
address,text__address,"""address""",word,-0.0213308902765014,0.0213308902765014,LogisticRegression_C_undersampled
expecting,text__expecting,"""expecting""",word,0.02132112522574495,0.02132112522574495,LogisticRegression_C_undersampled
favourite,text__favourite,"""favourite""",word,0.021314135874022457,0.021314135874022457,LogisticRegression_C_undersampled
audiobook,text__audiobook,"""audiobook""",word,-0.02127864708728872,0.02127864708728872,LogisticRegression_C_undersampled
myth,text__myth,"""myth""",word,0.02125360408933359,0.02125360408933359,LogisticRegression_C_undersampled
critical,text__critical,"""critical""",word,-0.020905994144182215,0.020905994144182215,LogisticRegression_C_undersampled
described,text__described,"""described""",word,-0.02082389997528507,0.02082389997528507,LogisticRegression_C_undersampled
building,text__building,"""building""",word,0.020729066925040777,0.020729066925040777,LogisticRegression_C_undersampled
illustration,text__illustration,"""illustration""",word,0.020682315519146073,0.020682315519146073,LogisticRegression_C_undersampled
sonnet,text__sonnet,"""sonnet""",word,0.02060420375256689,0.02060420375256689,LogisticRegression_C_undersampled
uncomfortable,text__uncomfortable,"""uncomfortable""",word,-0.020585058379658013,0.020585058379658013,LogisticRegression_C_undersampled
simplistic,text__simplistic,"""simplistic""",word,0.020534884911075312,0.020534884911075312,LogisticRegression_C_undersampled
mainly,text__mainly,"""mainly""",word,0.020523345970819763,0.020523345970819763,LogisticRegression_C_undersampled
resonated,text__resonated,"""resonated""",word,0.020338904712910222,0.020338904712910222,LogisticRegression_C_undersampled
carefully,text__carefully,"""carefully""",word,0.020118800613250297,0.020118800613250297,LogisticRegression_C_undersampled
ask,text__ask,"""ask""",word,-0.020076482587293634,0.020076482587293634,LogisticRegression_C_undersampled
pick,text__pick,"""pick""",word,0.020059044793153066,0.020059044793153066,LogisticRegression_C_undersampled
mostly,text__mostly,"""mostly""",word,-0.020036577362168552,0.020036577362168552,LogisticRegression_C_undersampled
http,text__http,"""http""",word,-0.01998205282358601,0.01998205282358601,LogisticRegression_C_undersampled
epic,text__epic,"""epic""",word,0.01988785517752283,0.01988785517752283,LogisticRegression_C_undersampled
enemy,text__enemy,"""enemy""",word,0.019879894454619462,0.019879894454619462,LogisticRegression_C_undersampled
standing,text__standing,"""standing""",word,-0.01986206538531121,0.01986206538531121,LogisticRegression_C_undersampled
sight,text__sight,"""sight""",word,0.019852117892449964,0.019852117892449964,LogisticRegression_C_undersampled
sudden,text__sudden,"""sudden""",word,-0.01954491161023252,0.01954491161023252,LogisticRegression_C_undersampled
season,text__season,"""season""",word,0.019283522534232093,0.019283522534232093,LogisticRegression_C_undersampled
twice,text__twice,"""twice""",word,0.01914086070225294,0.01914086070225294,LogisticRegression_C_undersampled
gold,text__gold,"""gold""",word,0.01901320527901593,0.01901320527901593,LogisticRegression_C_undersampled
million,text__million,"""million""",word,0.018989763867496644,0.018989763867496644,LogisticRegression_C_undersampled
claudia,text__claudia,"""claudia""",word,0.018949231006473378,0.018949231006473378,LogisticRegression_C_undersampled
tragic,text__tragic,"""tragic""",word,0.018923527859742294,0.018923527859742294,LogisticRegression_C_undersampled
taken,text__taken,"""taken""",word,-0.01888815663195139,0.01888815663195139,LogisticRegression_C_undersampled
jazz,text__jazz,"""jazz""",word,0.01885795097113834,0.01885795097113834,LogisticRegression_C_undersampled
josh,text__josh,"""josh""",word,0.01885553819595142,0.01885553819595142,LogisticRegression_C_undersampled
final,text__final,"""final""",word,-0.018712478422318757,0.018712478422318757,LogisticRegression_C_undersampled
remarkable,text__remarkable,"""remarkable""",word,-0.018499709621213126,0.018499709621213126,LogisticRegression_C_undersampled
daily,text__daily,"""daily""",word,-0.018486359516989095,0.018486359516989095,LogisticRegression_C_undersampled
pay,text__pay,"""pay""",word,-0.018449478999945312,0.018449478999945312,LogisticRegression_C_undersampled
opportunity,text__opportunity,"""opportunity""",word,-0.018307455975332555,0.018307455975332555,LogisticRegression_C_undersampled
hair,text__hair,"""hair""",word,-0.018278260457204657,0.018278260457204657,LogisticRegression_C_undersampled
childhood,text__childhood,"""childhood""",word,0.018136623297968314,0.018136623297968314,LogisticRegression_C_undersampled
greek,text__greek,"""greek""",word,0.01805169050178685,0.01805169050178685,LogisticRegression_C_undersampled
claim,text__claim,"""claim""",word,-0.017925745704156056,0.017925745704156056,LogisticRegression_C_undersampled
life,text__life,"""life""",word,-0.017804447880433817,0.017804447880433817,LogisticRegression_C_undersampled
group,text__group,"""group""",word,0.017739768948188815,0.017739768948188815,LogisticRegression_C_undersampled
reader,text__reader,"""reader""",word,0.0175737357860975,0.0175737357860975,LogisticRegression_C_undersampled
exchange,text__exchange,"""exchange""",word,-0.017567431099079836,0.017567431099079836,LogisticRegression_C_undersampled
triangle,text__triangle,"""triangle""",word,-0.017488173793228062,0.017488173793228062,LogisticRegression_C_undersampled
poe,text__poe,"""poe""",word,-0.017296895330591228,0.017296895330591228,LogisticRegression_C_undersampled
king,text__king,"""king""",word,-0.017270764646317015,0.017270764646317015,LogisticRegression_C_undersampled
confusing,text__confusing,"""confusing""",word,-0.017218504876219568,0.017218504876219568,LogisticRegression_C_undersampled
definitely,text__definitely,"""definitely""",word,-0.01716956510235984,0.01716956510235984,LogisticRegression_C_undersampled
mixed,text__mixed,"""mixed""",word,0.017130189474374523,0.017130189474374523,LogisticRegression_C_undersampled
project,text__project,"""project""",word,0.01710411765909943,0.01710411765909943,LogisticRegression_C_undersampled
personality,text__personality,"""personality""",word,-0.01698593414789793,0.01698593414789793,LogisticRegression_C_undersampled
recently,text__recently,"""recently""",word,0.016975029411901765,0.016975029411901765,LogisticRegression_C_undersampled
andrew,text__andrew,"""andrew""",word,-0.01685853559760314,0.01685853559760314,LogisticRegression_C_undersampled
lead,text__lead,"""lead""",word,-0.01667047909800719,0.01667047909800719,LogisticRegression_C_undersampled
large,text__large,"""large""",word,-0.016571444191028666,0.016571444191028666,LogisticRegression_C_undersampled
recall,text__recall,"""recall""",word,-0.01648059710683685,0.01648059710683685,LogisticRegression_C_undersampled
reflection,text__reflection,"""reflection""",word,0.016403290187781226,0.016403290187781226,LogisticRegression_C_undersampled
solid,text__solid,"""solid""",word,0.016213201571020634,0.016213201571020634,LogisticRegression_C_undersampled
b,text__b,"""b""",word,0.016163249956916356,0.016163249956916356,LogisticRegression_C_undersampled
cross,text__cross,"""cross""",word,-0.016120395715018953,0.016120395715018953,LogisticRegression_C_undersampled
passing,text__passing,"""passing""",word,0.01606964479731844,0.01606964479731844,LogisticRegression_C_undersampled
actual,text__actual,"""actual""",word,-0.015848873095653568,0.015848873095653568,LogisticRegression_C_undersampled
internet,text__internet,"""internet""",word,0.015797639881106183,0.015797639881106183,LogisticRegression_C_undersampled
zeus,text__zeus,"""zeus""",word,0.015785316458534992,0.015785316458534992,LogisticRegression_C_undersampled
mine,text__mine,"""mine""",word,0.01577597496625139,0.01577597496625139,LogisticRegression_C_undersampled
michael,text__michael,"""michael""",word,0.01576456852576001,0.01576456852576001,LogisticRegression_C_undersampled
shallow,text__shallow,"""shallow""",word,-0.015764264377651358,0.015764264377651358,LogisticRegression_C_undersampled
day,text__day,"""day""",word,-0.015740362003005822,0.015740362003005822,LogisticRegression_C_undersampled
especially,text__especially,"""especially""",word,0.015711024215044042,0.015711024215044042,LogisticRegression_C_undersampled
notion,text__notion,"""notion""",word,-0.015708414504018782,0.015708414504018782,LogisticRegression_C_undersampled
follows,text__follows,"""follows""",word,0.015611482692986837,0.015611482692986837,LogisticRegression_C_undersampled
pablo,text__pablo,"""pablo""",word,-0.015447224495645572,0.015447224495645572,LogisticRegression_C_undersampled
strange,text__strange,"""strange""",word,-0.015411683754267571,0.015411683754267571,LogisticRegression_C_undersampled
read,text__read,"""read""",word,-0.015283814831713574,0.015283814831713574,LogisticRegression_C_undersampled
torn,text__torn,"""torn""",word,0.015265061205160193,0.015265061205160193,LogisticRegression_C_undersampled
previous,text__previous,"""previous""",word,-0.015201307598299244,0.015201307598299244,LogisticRegression_C_undersampled
essentially,text__essentially,"""essentially""",word,-0.014993179238713766,0.014993179238713766,LogisticRegression_C_undersampled
silly,text__silly,"""silly""",word,0.01441408143330202,0.01441408143330202,LogisticRegression_C_undersampled
burn,text__burn,"""burn""",word,-0.014405684561510921,0.014405684561510921,LogisticRegression_C_undersampled
ca,text__ca,"""ca""",word,-0.014340474308468373,0.014340474308468373,LogisticRegression_C_undersampled
magic,text__magic,"""magic""",word,-0.014177804634376701,0.014177804634376701,LogisticRegression_C_undersampled
face,text__face,"""face""",word,0.01407517305532395,0.01407517305532395,LogisticRegression_C_undersampled
storm,text__storm,"""storm""",word,-0.014074987578934155,0.014074987578934155,LogisticRegression_C_undersampled
led,text__led,"""led""",word,-0.014047524721313891,0.014047524721313891,LogisticRegression_C_undersampled
page,text__page,"""page""",word,-0.014021350567652364,0.014021350567652364,LogisticRegression_C_undersampled
manner,text__manner,"""manner""",word,0.013887032039668014,0.013887032039668014,LogisticRegression_C_undersampled
paragraph,text__paragraph,"""paragraph""",word,-0.013833554608679759,0.013833554608679759,LogisticRegression_C_undersampled
imagery,text__imagery,"""imagery""",word,0.013704432524591621,0.013704432524591621,LogisticRegression_C_undersampled
good,text__good,"""good""",word,-0.01364020302720906,0.01364020302720906,LogisticRegression_C_undersampled
presented,text__presented,"""presented""",word,0.013510067385567289,0.013510067385567289,LogisticRegression_C_undersampled
find,text__find,"""find""",word,0.01349299234906183,0.01349299234906183,LogisticRegression_C_undersampled
detail,text__detail,"""detail""",word,-0.013234119793085402,0.013234119793085402,LogisticRegression_C_undersampled
latter,text__latter,"""latter""",word,-0.013134301038961875,0.013134301038961875,LogisticRegression_C_undersampled
cancer,text__cancer,"""cancer""",word,0.0130385587637385,0.0130385587637385,LogisticRegression_C_undersampled
rape,text__rape,"""rape""",word,0.013026134818506974,0.013026134818506974,LogisticRegression_C_undersampled
grandmother,text__grandmother,"""grandmother""",word,0.012981361916889034,0.012981361916889034,LogisticRegression_C_undersampled
period,text__period,"""period""",word,0.01293979834175413,0.01293979834175413,LogisticRegression_C_undersampled
usually,text__usually,"""usually""",word,0.01283795028740395,0.01283795028740395,LogisticRegression_C_undersampled
addition,text__addition,"""addition""",word,-0.012673452369100335,0.012673452369100335,LogisticRegression_C_undersampled
energy,text__energy,"""energy""",word,-0.012472535555215387,0.012472535555215387,LogisticRegression_C_undersampled
lip,text__lip,"""lip""",word,0.012279341855594098,0.012279341855594098,LogisticRegression_C_undersampled
weird,text__weird,"""weird""",word,-0.012269363442112583,0.012269363442112583,LogisticRegression_C_undersampled
mother,text__mother,"""mother""",word,-0.012257503789271979,0.012257503789271979,LogisticRegression_C_undersampled
half,text__half,"""half""",word,-0.012102646977951608,0.012102646977951608,LogisticRegression_C_undersampled
god,text__god,"""god""",word,0.012000828860114434,0.012000828860114434,LogisticRegression_C_undersampled
simply,text__simply,"""simply""",word,-0.01196390756647828,0.01196390756647828,LogisticRegression_C_undersampled
class,text__class,"""class""",word,0.011920617069770588,0.011920617069770588,LogisticRegression_C_undersampled
bother,text__bother,"""bother""",word,0.01181659485865147,0.01181659485865147,LogisticRegression_C_undersampled
known,text__known,"""known""",word,-0.011706033585715776,0.011706033585715776,LogisticRegression_C_undersampled
quote,text__quote,"""quote""",word,0.011638956058062441,0.011638956058062441,LogisticRegression_C_undersampled
brain,text__brain,"""brain""",word,-0.011628147471986986,0.011628147471986986,LogisticRegression_C_undersampled
background,text__background,"""background""",word,-0.011525962607103273,0.011525962607103273,LogisticRegression_C_undersampled
recommend,text__recommend,"""recommend""",word,-0.011433289170690381,0.011433289170690381,LogisticRegression_C_undersampled
fallen,text__fallen,"""fallen""",word,0.01127786189083683,0.01127786189083683,LogisticRegression_C_undersampled
funny,text__funny,"""funny""",word,0.011250357730341116,0.011250357730341116,LogisticRegression_C_undersampled
tagore,text__tagore,"""tagore""",word,-0.011173409497492667,0.011173409497492667,LogisticRegression_C_undersampled
emerson,text__emerson,"""emerson""",word,-0.01114892751496622,0.01114892751496622,LogisticRegression_C_undersampled
match,text__match,"""match""",word,-0.01114557103143606,0.01114557103143606,LogisticRegression_C_undersampled
embrace,text__embrace,"""embrace""",word,-0.011004528140945935,0.011004528140945935,LogisticRegression_C_undersampled
gone,text__gone,"""gone""",word,0.010852957605522939,0.010852957605522939,LogisticRegression_C_undersampled
paradise,text__paradise,"""paradise""",word,0.010770151205208885,0.010770151205208885,LogisticRegression_C_undersampled
surprisingly,text__surprisingly,"""surprisingly""",word,0.010735392740365945,0.010735392740365945,LogisticRegression_C_undersampled
finding,text__finding,"""finding""",word,-0.010723618030476495,0.010723618030476495,LogisticRegression_C_undersampled
people,text__people,"""people""",word,0.010491552769946847,0.010491552769946847,LogisticRegression_C_undersampled
drink,text__drink,"""drink""",word,0.010482309413615627,0.010482309413615627,LogisticRegression_C_undersampled
tone,text__tone,"""tone""",word,-0.010380698961794048,0.010380698961794048,LogisticRegression_C_undersampled
particularly,text__particularly,"""particularly""",word,-0.010342159563820195,0.010342159563820195,LogisticRegression_C_undersampled
fair,text__fair,"""fair""",word,0.01011379504693209,0.01011379504693209,LogisticRegression_C_undersampled
pain,text__pain,"""pain""",word,-0.010027713994720893,0.010027713994720893,LogisticRegression_C_undersampled
constantly,text__constantly,"""constantly""",word,-0.009978772079500684,0.009978772079500684,LogisticRegression_C_undersampled
speaker,text__speaker,"""speaker""",word,-0.009894236636035053,0.009894236636035053,LogisticRegression_C_undersampled
alive,text__alive,"""alive""",word,0.0098065351147574,0.0098065351147574,LogisticRegression_C_undersampled
clearly,text__clearly,"""clearly""",word,0.009744686868990491,0.009744686868990491,LogisticRegression_C_undersampled
worth,text__worth,"""worth""",word,-0.009671659109999274,0.009671659109999274,LogisticRegression_C_undersampled
hide,text__hide,"""hide""",word,0.009666596766640686,0.009666596766640686,LogisticRegression_C_undersampled
top,text__top,"""top""",word,0.009243129099757172,0.009243129099757172,LogisticRegression_C_undersampled
avg_word_len,numeric__avg_word_len,avg_word_len,numeric,0.00915236681273553,0.00915236681273553,LogisticRegression_C_undersampled
ii,text__ii,"""ii""",word,-0.008903887692409405,0.008903887692409405,LogisticRegression_C_undersampled
observation,text__observation,"""observation""",word,0.008735808586982401,0.008735808586982401,LogisticRegression_C_undersampled
negative,text__negative,"""negative""",word,-0.008675063133243255,0.008675063133243255,LogisticRegression_C_undersampled
else,text__else,"""else""",word,0.008329428324707986,0.008329428324707986,LogisticRegression_C_undersampled
barely,text__barely,"""barely""",word,0.008224661879233172,0.008224661879233172,LogisticRegression_C_undersampled
delight,text__delight,"""delight""",word,-0.008217228708242472,0.008217228708242472,LogisticRegression_C_undersampled
fourth,text__fourth,"""fourth""",word,-0.00814004782782149,0.00814004782782149,LogisticRegression_C_undersampled
pull,text__pull,"""pull""",word,0.008069469886281228,0.008069469886281228,LogisticRegression_C_undersampled
directly,text__directly,"""directly""",word,-0.008023593818946425,0.008023593818946425,LogisticRegression_C_undersampled
wide,text__wide,"""wide""",word,-0.007918470646697873,0.007918470646697873,LogisticRegression_C_undersampled
eventually,text__eventually,"""eventually""",word,0.007716453667330972,0.007716453667330972,LogisticRegression_C_undersampled
listen,text__listen,"""listen""",word,0.0075137202679001515,0.0075137202679001515,LogisticRegression_C_undersampled
brief,text__brief,"""brief""",word,0.007445410651505718,0.007445410651505718,LogisticRegression_C_undersampled
progress,text__progress,"""progress""",word,-0.007228206029666515,0.007228206029666515,LogisticRegression_C_undersampled
whatever,text__whatever,"""whatever""",word,0.007200869911040079,0.007200869911040079,LogisticRegression_C_undersampled
acceptance,text__acceptance,"""acceptance""",word,0.007197575393088936,0.007197575393088936,LogisticRegression_C_undersampled
cat,text__cat,"""cat""",word,-0.007172401840719511,0.007172401840719511,LogisticRegression_C_undersampled
repetitive,text__repetitive,"""repetitive""",word,-0.007163940176054711,0.007163940176054711,LogisticRegression_C_undersampled
growth,text__growth,"""growth""",word,0.00708817935887653,0.00708817935887653,LogisticRegression_C_undersampled
however,text__however,"""however""",word,0.006750316884917802,0.006750316884917802,LogisticRegression_C_undersampled
six,text__six,"""six""",word,-0.006670684382397052,0.006670684382397052,LogisticRegression_C_undersampled
forget,text__forget,"""forget""",word,-0.006544873905076937,0.006544873905076937,LogisticRegression_C_undersampled
pride,text__pride,"""pride""",word,0.006519698640885016,0.006519698640885016,LogisticRegression_C_undersampled
basically,text__basically,"""basically""",word,-0.0063613960932400754,0.0063613960932400754,LogisticRegression_C_undersampled
excuse,text__excuse,"""excuse""",word,-0.006344160802024232,0.006344160802024232,LogisticRegression_C_undersampled
content,text__content,"""content""",word,0.006304447763619881,0.006304447763619881,LogisticRegression_C_undersampled
battle,text__battle,"""battle""",word,-0.006193175442840815,0.006193175442840815,LogisticRegression_C_undersampled
teach,text__teach,"""teach""",word,0.00607920456367055,0.00607920456367055,LogisticRegression_C_undersampled
wonder,text__wonder,"""wonder""",word,-0.006001563036278893,0.006001563036278893,LogisticRegression_C_undersampled
awe,text__awe,"""awe""",word,0.005960303608320564,0.005960303608320564,LogisticRegression_C_undersampled
neruda,text__neruda,"""neruda""",word,-0.00586592977698439,0.00586592977698439,LogisticRegression_C_undersampled
placed,text__placed,"""placed""",word,-0.005771489273447728,0.005771489273447728,LogisticRegression_C_undersampled
weakness,text__weakness,"""weakness""",word,-0.005657649977512144,0.005657649977512144,LogisticRegression_C_undersampled
struggle,text__struggle,"""struggle""",word,-0.005637298833945789,0.005637298833945789,LogisticRegression_C_undersampled
ten,text__ten,"""ten""",word,0.005577386925919965,0.005577386925919965,LogisticRegression_C_undersampled
leaving,text__leaving,"""leaving""",word,0.0055430085759670565,0.0055430085759670565,LogisticRegression_C_undersampled
forest,text__forest,"""forest""",word,-0.005458080759741849,0.005458080759741849,LogisticRegression_C_undersampled
extra,text__extra,"""extra""",word,0.005428423890936774,0.005428423890936774,LogisticRegression_C_undersampled
make,text__make,"""make""",word,-0.00539613071997863,0.00539613071997863,LogisticRegression_C_undersampled
role,text__role,"""role""",word,0.00538088851302582,0.00538088851302582,LogisticRegression_C_undersampled
something,text__something,"""something""",word,-0.0053491348146318665,0.0053491348146318665,LogisticRegression_C_undersampled
moment,text__moment,"""moment""",word,0.005234726209543444,0.005234726209543444,LogisticRegression_C_undersampled
ring,text__ring,"""ring""",word,-0.005053346899159314,0.005053346899159314,LogisticRegression_C_undersampled
stand,text__stand,"""stand""",word,0.004988489079096187,0.004988489079096187,LogisticRegression_C_undersampled
somehow,text__somehow,"""somehow""",word,-0.00452055141110266,0.00452055141110266,LogisticRegression_C_undersampled
travel,text__travel,"""travel""",word,-0.0044263319935130135,0.0044263319935130135,LogisticRegression_C_undersampled
player,text__player,"""player""",word,0.00440157868304123,0.00440157868304123,LogisticRegression_C_undersampled
newbery,text__newbery,"""newbery""",word,0.004390307868252233,0.004390307868252233,LogisticRegression_C_undersampled
rarely,text__rarely,"""rarely""",word,0.004329993948800647,0.004329993948800647,LogisticRegression_C_undersampled
door,text__door,"""door""",word,-0.004257011357164289,0.004257011357164289,LogisticRegression_C_undersampled
middle,text__middle,"""middle""",word,0.004235261744413929,0.004235261744413929,LogisticRegression_C_undersampled
shakespeare,text__shakespeare,"""shakespeare""",word,-0.004079746330455462,0.004079746330455462,LogisticRegression_C_undersampled
emotional,text__emotional,"""emotional""",word,-0.004048191203308339,0.004048191203308339,LogisticRegression_C_undersampled
form,text__form,"""form""",word,0.003929512471801084,0.003929512471801084,LogisticRegression_C_undersampled
taking,text__taking,"""taking""",word,-0.003852741881084513,0.003852741881084513,LogisticRegression_C_undersampled
reach,text__reach,"""reach""",word,-0.0037560620278753068,0.0037560620278753068,LogisticRegression_C_undersampled
delightful,text__delightful,"""delightful""",word,0.0034866990877663057,0.0034866990877663057,LogisticRegression_C_undersampled
dreaming,text__dreaming,"""dreaming""",word,-0.0034726543987113503,0.0034726543987113503,LogisticRegression_C_undersampled
talented,text__talented,"""talented""",word,-0.003424913971552886,0.003424913971552886,LogisticRegression_C_undersampled
failed,text__failed,"""failed""",word,0.003362889617700251,0.003362889617700251,LogisticRegression_C_undersampled
wanting,text__wanting,"""wanting""",word,-0.003316713336587151,0.003316713336587151,LogisticRegression_C_undersampled
reference,text__reference,"""reference""",word,-0.0033100462884316333,0.0033100462884316333,LogisticRegression_C_undersampled
grief,text__grief,"""grief""",word,-0.0032073834696776126,0.0032073834696776126,LogisticRegression_C_undersampled
poor,text__poor,"""poor""",word,0.0031612205271820855,0.0031612205271820855,LogisticRegression_C_undersampled
manages,text__manages,"""manages""",word,0.003139881079157061,0.003139881079157061,LogisticRegression_C_undersampled
divided,text__divided,"""divided""",word,-0.003027152247491823,0.003027152247491823,LogisticRegression_C_undersampled
tiny,text__tiny,"""tiny""",word,-0.0029135895369153345,0.0029135895369153345,LogisticRegression_C_undersampled
tough,text__tough,"""tough""",word,-0.00281912394104805,0.00281912394104805,LogisticRegression_C_undersampled
complexity,text__complexity,"""complexity""",word,-0.0027960941643422666,0.0027960941643422666,LogisticRegression_C_undersampled
golden,text__golden,"""golden""",word,-0.002785539101445595,0.002785539101445595,LogisticRegression_C_undersampled
lover,text__lover,"""lover""",word,0.002657485636783526,0.002657485636783526,LogisticRegression_C_undersampled
ted,text__ted,"""ted""",word,0.002603391965724502,0.002603391965724502,LogisticRegression_C_undersampled
artist,text__artist,"""artist""",word,0.002576760518282837,0.002576760518282837,LogisticRegression_C_undersampled
pct_nouns,numeric__pct_nouns,pct_nouns,numeric,0.0025351068359176555,0.0025351068359176555,LogisticRegression_C_undersampled
played,text__played,"""played""",word,0.002432871394928131,0.002432871394928131,LogisticRegression_C_undersampled
island,text__island,"""island""",word,0.0023550022490343636,0.0023550022490343636,LogisticRegression_C_undersampled
sure,text__sure,"""sure""",word,0.0020622524734026635,0.0020622524734026635,LogisticRegression_C_undersampled
source,text__source,"""source""",word,0.0020432598957952444,0.0020432598957952444,LogisticRegression_C_undersampled
considering,text__considering,"""considering""",word,-0.0019441760169989237,0.0019441760169989237,LogisticRegression_C_undersampled
sigh,text__sigh,"""sigh""",word,-0.0018321489017464813,0.0018321489017464813,LogisticRegression_C_undersampled
man,text__man,"""man""",word,0.0018296826297034615,0.0018296826297034615,LogisticRegression_C_undersampled
pity,text__pity,"""pity""",word,0.001751879167141735,0.001751879167141735,LogisticRegression_C_undersampled
conclusion,text__conclusion,"""conclusion""",word,0.0017466029150204905,0.0017466029150204905,LogisticRegression_C_undersampled
topic,text__topic,"""topic""",word,-0.001717888876867721,0.001717888876867721,LogisticRegression_C_undersampled
eliot,text__eliot,"""eliot""",word,-0.001564616582621399,0.001564616582621399,LogisticRegression_C_undersampled
dislike,text__dislike,"""dislike""",word,-0.0014092098052485816,0.0014092098052485816,LogisticRegression_C_undersampled
user_rating,numeric__user_rating,user_rating,numeric,0.0013553150196750695,0.0013553150196750695,LogisticRegression_C_undersampled
ok,text__ok,"""ok""",word,-0.0013269691827913666,0.0013269691827913666,LogisticRegression_C_undersampled
suffer,text__suffer,"""suffer""",word,-0.0013001711137115512,0.0013001711137115512,LogisticRegression_C_undersampled
sister,text__sister,"""sister""",word,-0.0012328622548713,0.0012328622548713,LogisticRegression_C_undersampled
drunk,text__drunk,"""drunk""",word,-0.0011686464214791968,0.0011686464214791968,LogisticRegression_C_undersampled
looking,text__looking,"""looking""",word,0.0011562990533544298,0.0011562990533544298,LogisticRegression_C_undersampled
begin,text__begin,"""begin""",word,-0.001044774421902291,0.001044774421902291,LogisticRegression_C_undersampled
divine,text__divine,"""divine""",word,-0.0009039775021010347,0.0009039775021010347,LogisticRegression_C_undersampled
experienced,text__experienced,"""experienced""",word,-0.0007623936540854426,0.0007623936540854426,LogisticRegression_C_undersampled
scene,text__scene,"""scene""",word,-0.00072310559482474,0.00072310559482474,LogisticRegression_C_undersampled
experience,text__experience,"""experience""",word,-0.0006936129825313473,0.0006936129825313473,LogisticRegression_C_undersampled
reaction,text__reaction,"""reaction""",word,-0.0006632529865444124,0.0006632529865444124,LogisticRegression_C_undersampled
showing,text__showing,"""showing""",word,-0.0005947285353402801,0.0005947285353402801,LogisticRegression_C_undersampled
effort,text__effort,"""effort""",word,0.0005618354125871999,0.0005618354125871999,LogisticRegression_C_undersampled
die,text__die,"""die""",word,0.000541403601712704,0.000541403601712704,LogisticRegression_C_undersampled
apart,text__apart,"""apart""",word,0.00047445881405640874,0.00047445881405640874,LogisticRegression_C_undersampled
even,text__even,"""even""",word,-0.0003471411473782463,0.0003471411473782463,LogisticRegression_C_undersampled
arm,text__arm,"""arm""",word,-0.00030829628927935297,0.00030829628927935297,LogisticRegression_C_undersampled
america,text__america,"""america""",word,-0.0002675470988391525,0.0002675470988391525,LogisticRegression_C_undersampled
corner,text__corner,"""corner""",word,-0.00018516502933775165,0.00018516502933775165,LogisticRegression_C_undersampled
iii,text__iii,"""iii""",word,9.496579314131975e-05,9.496579314131975e-05,LogisticRegression_C_undersampled
gibran,text__gibran,"""gibran""",word,8.445645919950422e-05,8.445645919950422e-05,LogisticRegression_C_undersampled
language,text__language,"""language""",word,7.515291538307846e-05,7.515291538307846e-05,LogisticRegression_C_undersampled
poignant,text__poignant,"""poignant""",word,-2.4895394133561045e-05,2.4895394133561045e-05,LogisticRegression_C_undersampled
provide,text__provide,"""provide""",word,9.563937672631424e-07,9.563937672631424e-07,LogisticRegression_C_undersampled
user_reviews,numeric__user_reviews,user_reviews,numeric,0.6218568856865953,0.6218568856865953,LogisticRegression_D_undersampled
kaur,text__kaur,"""kaur""",word,-0.48567233036526364,0.48567233036526364,LogisticRegression_D_undersampled
part,text__part,"""part""",word,-0.4794311627695058,0.4794311627695058,LogisticRegression_D_undersampled
num_words,numeric__num_words,num_words,numeric,0.4084022997837421,0.4084022997837421,LogisticRegression_D_undersampled
poet,text__poet,"""poet""",word,0.3934175856112709,0.3934175856112709,LogisticRegression_D_undersampled
collection,text__collection,"""collection""",word,0.3879366164035145,0.3879366164035145,LogisticRegression_D_undersampled
honey,text__honey,"""honey""",word,-0.38206991506936777,0.38206991506936777,LogisticRegression_D_undersampled
way,text__way,"""way""",word,-0.36334738904111646,0.36334738904111646,LogisticRegression_D_undersampled
feel,text__feel,"""feel""",word,-0.3602627326445362,0.3602627326445362,LogisticRegression_D_undersampled
review,text__review,"""review""",word,0.355546461715906,0.355546461715906,LogisticRegression_D_undersampled
peter,text__peter,"""peter""",word,0.3553724278245437,0.3553724278245437,LogisticRegression_D_undersampled
milk,text__milk,"""milk""",word,-0.3398863386420177,0.3398863386420177,LogisticRegression_D_undersampled
rupi,text__rupi,"""rupi""",word,-0.3037096162107539,0.3037096162107539,LogisticRegression_D_undersampled
let,text__let,"""let""",word,0.3034179375246245,0.3034179375246245,LogisticRegression_D_undersampled
woodson,text__woodson,"""woodson""",word,-0.29142762701106695,0.29142762701106695,LogisticRegression_D_undersampled
story,text__story,"""story""",word,-0.2912823029712112,0.2912823029712112,LogisticRegression_D_undersampled
world,text__world,"""world""",word,0.2772506832599296,0.2772506832599296,LogisticRegression_D_undersampled
back,text__back,"""back""",word,0.27558880049986784,0.27558880049986784,LogisticRegression_D_undersampled
mary,text__mary,"""mary""",word,0.2594196504768672,0.2594196504768672,LogisticRegression_D_undersampled
dark,text__dark,"""dark""",word,0.256968672669251,0.256968672669251,LogisticRegression_D_undersampled
healing,text__healing,"""healing""",word,-0.2565692876528363,0.2565692876528363,LogisticRegression_D_undersampled
book,text__book,"""book""",word,-0.2563387054814324,0.2563387054814324,LogisticRegression_D_undersampled
many,text__many,"""many""",word,0.24442281427599624,0.24442281427599624,LogisticRegression_D_undersampled
abuse,text__abuse,"""abuse""",word,-0.24365129821881776,0.24365129821881776,LogisticRegression_D_undersampled
harry,text__harry,"""harry""",word,0.2410536628458509,0.2410536628458509,LogisticRegression_D_undersampled
whitewolf,text__whitewolf,"""whitewolf""",word,0.23808640751780005,0.23808640751780005,LogisticRegression_D_undersampled
written,text__written,"""written""",word,-0.23715168901284536,0.23715168901284536,LogisticRegression_D_undersampled
year,text__year,"""year""",word,0.23257915184569208,0.23257915184569208,LogisticRegression_D_undersampled
art,text__art,"""art""",word,-0.22895501839723748,0.22895501839723748,LogisticRegression_D_undersampled
rumi,text__rumi,"""rumi""",word,0.22395717483687735,0.22395717483687735,LogisticRegression_D_undersampled
nature,text__nature,"""nature""",word,0.22355408605388635,0.22355408605388635,LogisticRegression_D_undersampled
poetry,text__poetry,"""poetry""",word,-0.22251595170328067,0.22251595170328067,LogisticRegression_D_undersampled
author,text__author,"""author""",word,0.22090531095702365,0.22090531095702365,LogisticRegression_D_undersampled
new,text__new,"""new""",word,0.22062437362495446,0.22062437362495446,LogisticRegression_D_undersampled
beautiful,text__beautiful,"""beautiful""",word,-0.21518278226010817,0.21518278226010817,LogisticRegression_D_undersampled
lovelace,text__lovelace,"""lovelace""",word,-0.2141873689183324,0.2141873689183324,LogisticRegression_D_undersampled
full,text__full,"""full""",word,0.21413069688579528,0.21413069688579528,LogisticRegression_D_undersampled
fairytale,text__fairytale,"""fairytale""",word,0.21347231674904432,0.21347231674904432,LogisticRegression_D_undersampled
amazing,text__amazing,"""amazing""",word,-0.21179903815002663,0.21179903815002663,LogisticRegression_D_undersampled
homer,text__homer,"""homer""",word,-0.2106255979553839,0.2106255979553839,LogisticRegression_D_undersampled
though,text__though,"""though""",word,-0.2095275924580127,0.2095275924580127,LogisticRegression_D_undersampled
live,text__live,"""live""",word,0.20941995304509614,0.20941995304509614,LogisticRegression_D_undersampled
little,text__little,"""little""",word,0.2093118671846743,0.2093118671846743,LogisticRegression_D_undersampled
reading,text__reading,"""reading""",word,0.20849087909107406,0.20849087909107406,LogisticRegression_D_undersampled
poem,text__poem,"""poem""",word,0.20671958265841253,0.20671958265841253,LogisticRegression_D_undersampled
voice,text__voice,"""voice""",word,0.20639212624074568,0.20639212624074568,LogisticRegression_D_undersampled
beautifully,text__beautifully,"""beautifully""",word,-0.20520396033333957,0.20520396033333957,LogisticRegression_D_undersampled
music,text__music,"""music""",word,0.20492483198567063,0.20492483198567063,LogisticRegression_D_undersampled
hope,text__hope,"""hope""",word,0.20387654013475545,0.20387654013475545,LogisticRegression_D_undersampled
avg_sent_len,numeric__avg_sent_len,avg_sent_len,numeric,0.2020367609163471,0.2020367609163471,LogisticRegression_D_undersampled
u,text__u,"""u""",word,0.2010899673059626,0.2010899673059626,LogisticRegression_D_undersampled
name,text__name,"""name""",word,0.20005524064551808,0.20005524064551808,LogisticRegression_D_undersampled
netgalley,text__netgalley,"""netgalley""",word,0.19985519190149112,0.19985519190149112,LogisticRegression_D_undersampled
ever,text__ever,"""ever""",word,0.1983907181937048,0.1983907181937048,LogisticRegression_D_undersampled
odysseus,text__odysseus,"""odysseus""",word,-0.19597948432919604,0.19597948432919604,LogisticRegression_D_undersampled
princess,text__princess,"""princess""",word,-0.1937856267200308,0.1937856267200308,LogisticRegression_D_undersampled
haiku,text__haiku,"""haiku""",word,0.19370617005847643,0.19370617005847643,LogisticRegression_D_undersampled
shall,text__shall,"""shall""",word,0.19309819116902888,0.19309819116902888,LogisticRegression_D_undersampled
tumblr,text__tumblr,"""tumblr""",word,-0.19272366770913346,0.19272366770913346,LogisticRegression_D_undersampled
fairy,text__fairy,"""fairy""",word,0.1886286230976632,0.1886286230976632,LogisticRegression_D_undersampled
girl,text__girl,"""girl""",word,-0.18765867550107326,0.18765867550107326,LogisticRegression_D_undersampled
without,text__without,"""without""",word,0.18674737181578277,0.18674737181578277,LogisticRegression_D_undersampled
night,text__night,"""night""",word,0.18527745487112443,0.18527745487112443,LogisticRegression_D_undersampled
drawing,text__drawing,"""drawing""",word,-0.1850059825464781,0.1850059825464781,LogisticRegression_D_undersampled
others,text__others,"""others""",word,0.18369685899292212,0.18369685899292212,LogisticRegression_D_undersampled
chapter,text__chapter,"""chapter""",word,-0.18365982344795045,0.18365982344795045,LogisticRegression_D_undersampled
always,text__always,"""always""",word,0.18345126603481332,0.18345126603481332,LogisticRegression_D_undersampled
relationship,text__relationship,"""relationship""",word,-0.1834108115519398,0.1834108115519398,LogisticRegression_D_undersampled
family,text__family,"""family""",word,-0.18092410562809233,0.18092410562809233,LogisticRegression_D_undersampled
much,text__much,"""much""",word,-0.1808416022404895,0.1808416022404895,LogisticRegression_D_undersampled
lang,text__lang,"""lang""",word,-0.17955571646886972,0.17955571646886972,LogisticRegression_D_undersampled
pretty,text__pretty,"""pretty""",word,0.17865727285891578,0.17865727285891578,LogisticRegression_D_undersampled
liked,text__liked,"""liked""",word,-0.17509041110850043,0.17509041110850043,LogisticRegression_D_undersampled
peace,text__peace,"""peace""",word,0.17352214104341024,0.17352214104341024,LogisticRegression_D_undersampled
shire,text__shire,"""shire""",word,-0.17243295345760154,0.17243295345760154,LogisticRegression_D_undersampled
another,text__another,"""another""",word,0.1724016982733352,0.1724016982733352,LogisticRegression_D_undersampled
think,text__think,"""think""",word,-0.17209486115727896,0.17209486115727896,LogisticRegression_D_undersampled
made,text__made,"""made""",word,-0.17200226149621944,0.17200226149621944,LogisticRegression_D_undersampled
quote,numeric__quote,quote,numeric,0.1714422875734812,0.1714422875734812,LogisticRegression_D_undersampled
amanda,text__amanda,"""amanda""",word,-0.17069773191497917,0.17069773191497917,LogisticRegression_D_undersampled
get,text__get,"""get""",word,0.16991642588487632,0.16991642588487632,LogisticRegression_D_undersampled
honest,text__honest,"""honest""",word,0.16977771206895387,0.16977771206895387,LogisticRegression_D_undersampled
word,text__word,"""word""",word,-0.16946161529793902,0.16946161529793902,LogisticRegression_D_undersampled
filled,text__filled,"""filled""",word,0.16899137048004154,0.16899137048004154,LogisticRegression_D_undersampled
dream,text__dream,"""dream""",word,0.16891165523682325,0.16891165523682325,LogisticRegression_D_undersampled
rilke,text__rilke,"""rilke""",word,0.16824905767888138,0.16824905767888138,LogisticRegression_D_undersampled
unique,text__unique,"""unique""",word,0.16725759921440203,0.16725759921440203,LogisticRegression_D_undersampled
done,text__done,"""done""",word,0.1657719161444533,0.1657719161444533,LogisticRegression_D_undersampled
light,text__light,"""light""",word,0.1651230475824099,0.1651230475824099,LogisticRegression_D_undersampled
copy,text__copy,"""copy""",word,0.16442649858438885,0.16442649858438885,LogisticRegression_D_undersampled
nothing,text__nothing,"""nothing""",word,0.16393718442988942,0.16393718442988942,LogisticRegression_D_undersampled
simple,text__simple,"""simple""",word,-0.16371949236597352,0.16371949236597352,LogisticRegression_D_undersampled
lady,text__lady,"""lady""",word,0.1623515586093772,0.1623515586093772,LogisticRegression_D_undersampled
edition,text__edition,"""edition""",word,0.16221546942284748,0.16221546942284748,LogisticRegression_D_undersampled
lost,text__lost,"""lost""",word,0.16159846430193295,0.16159846430193295,LogisticRegression_D_undersampled
getting,text__getting,"""getting""",word,0.16147654017459245,0.16147654017459245,LogisticRegression_D_undersampled
fan,text__fan,"""fan""",word,0.16136325824647896,0.16136325824647896,LogisticRegression_D_undersampled
goodreads,text__goodreads,"""goodreads""",word,0.1611701004370909,0.1611701004370909,LogisticRegression_D_undersampled
one,text__one,"""one""",word,0.1610099693385579,0.1610099693385579,LogisticRegression_D_undersampled
bark,text__bark,"""bark""",word,0.15981906499629822,0.15981906499629822,LogisticRegression_D_undersampled
blog,text__blog,"""blog""",word,0.15948536667555885,0.15948536667555885,LogisticRegression_D_undersampled
yet,text__yet,"""yet""",word,-0.15941497657024997,0.15941497657024997,LogisticRegression_D_undersampled
quite,text__quite,"""quite""",word,0.15938023956071626,0.15938023956071626,LogisticRegression_D_undersampled
tale,text__tale,"""tale""",word,0.15935785345705378,0.15935785345705378,LogisticRegression_D_undersampled
last,text__last,"""last""",word,0.15915350533507894,0.15915350533507894,LogisticRegression_D_undersampled
free,text__free,"""free""",word,0.15894038161497398,0.15894038161497398,LogisticRegression_D_undersampled
matter,text__matter,"""matter""",word,0.1581711686944856,0.1581711686944856,LogisticRegression_D_undersampled
single,text__single,"""single""",word,-0.15759860753262742,0.15759860753262742,LogisticRegression_D_undersampled
majority,text__majority,"""majority""",word,0.15729405802846352,0.15729405802846352,LogisticRegression_D_undersampled
painful,text__painful,"""painful""",word,-0.15688318824073744,0.15688318824073744,LogisticRegression_D_undersampled
section,text__section,"""section""",word,-0.1558014902395676,0.1558014902395676,LogisticRegression_D_undersampled
fell,text__fell,"""fell""",word,0.15561067541362766,0.15561067541362766,LogisticRegression_D_undersampled
growing,text__growing,"""growing""",word,-0.15415512067126633,0.15415512067126633,LogisticRegression_D_undersampled
old,text__old,"""old""",word,0.15406755633556501,0.15406755633556501,LogisticRegression_D_undersampled
oliver,text__oliver,"""oliver""",word,0.15398127570151232,0.15398127570151232,LogisticRegression_D_undersampled
days_since_review,numeric__days_since_review,days_since_review,numeric,0.15379628575842016,0.15379628575842016,LogisticRegression_D_undersampled
howl,text__howl,"""howl""",word,-0.1528474732403211,0.1528474732403211,LogisticRegression_D_undersampled
work,text__work,"""work""",word,0.15249663744666309,0.15249663744666309,LogisticRegression_D_undersampled
iliad,text__iliad,"""iliad""",word,-0.1521461967223088,0.1521461967223088,LogisticRegression_D_undersampled
ending,text__ending,"""ending""",word,0.15158824071683563,0.15158824071683563,LogisticRegression_D_undersampled
death,text__death,"""death""",word,0.15007807451204086,0.15007807451204086,LogisticRegression_D_undersampled
rankine,text__rankine,"""rankine""",word,-0.1497390585186972,0.1497390585186972,LogisticRegression_D_undersampled
first,text__first,"""first""",word,-0.14939542135166883,0.14939542135166883,LogisticRegression_D_undersampled
place,text__place,"""place""",word,0.14891449020158468,0.14891449020158468,LogisticRegression_D_undersampled
line,text__line,"""line""",word,-0.14880396422337336,0.14880396422337336,LogisticRegression_D_undersampled
heart,text__heart,"""heart""",word,0.14856978227975037,0.14856978227975037,LogisticRegression_D_undersampled
mouth,text__mouth,"""mouth""",word,-0.14856255657460582,0.14856255657460582,LogisticRegression_D_undersampled
breaking,text__breaking,"""breaking""",word,-0.14831732451909546,0.14831732451909546,LogisticRegression_D_undersampled
included,text__included,"""included""",word,0.14725852382632618,0.14725852382632618,LogisticRegression_D_undersampled
talent,text__talent,"""talent""",word,0.14705668982935372,0.14705668982935372,LogisticRegression_D_undersampled
reality,text__reality,"""reality""",word,0.14474383876394417,0.14474383876394417,LogisticRegression_D_undersampled
connected,text__connected,"""connected""",word,-0.14320222066413882,0.14320222066413882,LogisticRegression_D_undersampled
darkness,text__darkness,"""darkness""",word,0.14290151474490093,0.14290151474490093,LogisticRegression_D_undersampled
achilles,text__achilles,"""achilles""",word,-0.1427654722316865,0.1427654722316865,LogisticRegression_D_undersampled
dog,text__dog,"""dog""",word,0.14265607717380852,0.14265607717380852,LogisticRegression_D_undersampled
emily,text__emily,"""emily""",word,0.14261213173275647,0.14261213173275647,LogisticRegression_D_undersampled
important,text__important,"""important""",word,-0.14257080268281255,0.14257080268281255,LogisticRegression_D_undersampled
profound,text__profound,"""profound""",word,0.14205399650066874,0.14205399650066874,LogisticRegression_D_undersampled
hype,text__hype,"""hype""",word,-0.14204346436404391,0.14204346436404391,LogisticRegression_D_undersampled
arc,text__arc,"""arc""",word,0.14094617045010704,0.14094617045010704,LogisticRegression_D_undersampled
far,text__far,"""far""",word,0.14092980876233277,0.14092980876233277,LogisticRegression_D_undersampled
age,text__age,"""age""",word,-0.14011036517249584,0.14011036517249584,LogisticRegression_D_undersampled
justice,text__justice,"""justice""",word,0.13944609147828452,0.13944609147828452,LogisticRegression_D_undersampled
sad,text__sad,"""sad""",word,-0.13929808150146897,0.13929808150146897,LogisticRegression_D_undersampled
wine,text__wine,"""wine""",word,0.13860788670253651,0.13860788670253651,LogisticRegression_D_undersampled
enjoyed,text__enjoyed,"""enjoyed""",word,0.13786602709836654,0.13786602709836654,LogisticRegression_D_undersampled
jacqueline,text__jacqueline,"""jacqueline""",word,-0.13769202076095188,0.13769202076095188,LogisticRegression_D_undersampled
even,text__even,"""even""",word,-0.13409502249504343,0.13409502249504343,LogisticRegression_D_undersampled
discovered,text__discovered,"""discovered""",word,0.13186139753983842,0.13186139753983842,LogisticRegression_D_undersampled
oh,text__oh,"""oh""",word,0.13159101227436798,0.13159101227436798,LogisticRegression_D_undersampled
forward,text__forward,"""forward""",word,0.13121297036917853,0.13121297036917853,LogisticRegression_D_undersampled
actually,text__actually,"""actually""",word,-0.13044945284616016,0.13044945284616016,LogisticRegression_D_undersampled
short,text__short,"""short""",word,0.13016183747019008,0.13016183747019008,LogisticRegression_D_undersampled
gorgeous,text__gorgeous,"""gorgeous""",word,-0.12980611074269086,0.12980611074269086,LogisticRegression_D_undersampled
exchange,text__exchange,"""exchange""",word,0.12919053343156633,0.12919053343156633,LogisticRegression_D_undersampled
everyone,text__everyone,"""everyone""",word,-0.12870154372795403,0.12870154372795403,LogisticRegression_D_undersampled
may,text__may,"""may""",word,0.12782214692566943,0.12782214692566943,LogisticRegression_D_undersampled
loved,text__loved,"""loved""",word,0.1276830031431181,0.1276830031431181,LogisticRegression_D_undersampled
milton,text__milton,"""milton""",word,-0.12738520179758134,0.12738520179758134,LogisticRegression_D_undersampled
rate,text__rate,"""rate""",word,-0.1271823533644826,0.1271823533644826,LogisticRegression_D_undersampled
hurting,text__hurting,"""hurting""",word,-0.12684093608474675,0.12684093608474675,LogisticRegression_D_undersampled
gave,text__gave,"""gave""",word,-0.1263351622679124,0.1263351622679124,LogisticRegression_D_undersampled
home,text__home,"""home""",word,-0.12610176874786758,0.12610176874786758,LogisticRegression_D_undersampled
need,text__need,"""need""",word,0.12608402858216014,0.12608402858216014,LogisticRegression_D_undersampled
wish,text__wish,"""wish""",word,0.1259955290899815,0.1259955290899815,LogisticRegression_D_undersampled
fifth,text__fifth,"""fifth""",word,0.12595777918331447,0.12595777918331447,LogisticRegression_D_undersampled
salt,text__salt,"""salt""",word,0.12563936912645945,0.12563936912645945,LogisticRegression_D_undersampled
would,text__would,"""would""",word,0.125127108296717,0.125127108296717,LogisticRegression_D_undersampled
holly,text__holly,"""holly""",word,-0.12493410877935424,0.12493410877935424,LogisticRegression_D_undersampled
passage,text__passage,"""passage""",word,0.12456877160588045,0.12456877160588045,LogisticRegression_D_undersampled
inside,text__inside,"""inside""",word,0.12438988208606752,0.12438988208606752,LogisticRegression_D_undersampled
epic,text__epic,"""epic""",word,-0.12360528457967009,0.12360528457967009,LogisticRegression_D_undersampled
feminist,text__feminist,"""feminist""",word,-0.12275741454874643,0.12275741454874643,LogisticRegression_D_undersampled
go,text__go,"""go""",word,0.122640883126349,0.122640883126349,LogisticRegression_D_undersampled
wrong,text__wrong,"""wrong""",word,0.12185717175789006,0.12185717175789006,LogisticRegression_D_undersampled
earth,text__earth,"""earth""",word,0.12151151407102198,0.12151151407102198,LogisticRegression_D_undersampled
best,text__best,"""best""",word,0.12138690841055026,0.12138690841055026,LogisticRegression_D_undersampled
never,text__never,"""never""",word,0.1201821428173603,0.1201821428173603,LogisticRegression_D_undersampled
modern,text__modern,"""modern""",word,0.11988457266473057,0.11988457266473057,LogisticRegression_D_undersampled
asked,text__asked,"""asked""",word,0.11979091620662208,0.11979091620662208,LogisticRegression_D_undersampled
four,text__four,"""four""",word,-0.11966368935848243,0.11966368935848243,LogisticRegression_D_undersampled
white,text__white,"""white""",word,0.11914380995827588,0.11914380995827588,LogisticRegression_D_undersampled
lot,text__lot,"""lot""",word,-0.1188996765937629,0.1188996765937629,LogisticRegression_D_undersampled
violence,text__violence,"""violence""",word,-0.11869234792151877,0.11869234792151877,LogisticRegression_D_undersampled
relate,text__relate,"""relate""",word,-0.11868929511423947,0.11868929511423947,LogisticRegression_D_undersampled
sweet,text__sweet,"""sweet""",word,-0.1186817409912273,0.1186817409912273,LogisticRegression_D_undersampled
pack,text__pack,"""pack""",word,-0.11813674624861235,0.11813674624861235,LogisticRegression_D_undersampled
needed,text__needed,"""needed""",word,-0.11786594161127426,0.11786594161127426,LogisticRegression_D_undersampled
completely,text__completely,"""completely""",word,0.11746051276998931,0.11746051276998931,LogisticRegression_D_undersampled
week,text__week,"""week""",word,-0.11718380239888179,0.11718380239888179,LogisticRegression_D_undersampled
athena,text__athena,"""athena""",word,-0.11693636511935564,0.11693636511935564,LogisticRegression_D_undersampled
impact,text__impact,"""impact""",word,-0.11683360107228695,0.11683360107228695,LogisticRegression_D_undersampled
leav,text__leav,"""leav""",word,-0.11624656430745688,0.11624656430745688,LogisticRegression_D_undersampled
idea,text__idea,"""idea""",word,0.11604123557619526,0.11604123557619526,LogisticRegression_D_undersampled
layer,text__layer,"""layer""",word,0.11537057018811564,0.11537057018811564,LogisticRegression_D_undersampled
know,text__know,"""know""",word,0.1152019606950057,0.1152019606950057,LogisticRegression_D_undersampled
gender,text__gender,"""gender""",word,0.11479796589352517,0.11479796589352517,LogisticRegression_D_undersampled
marissa,text__marissa,"""marissa""",word,-0.11467928510204765,0.11467928510204765,LogisticRegression_D_undersampled
soul,text__soul,"""soul""",word,0.11409964091321333,0.11409964091321333,LogisticRegression_D_undersampled
eat,text__eat,"""eat""",word,0.11344264150513479,0.11344264150513479,LogisticRegression_D_undersampled
andrea,text__andrea,"""andrea""",word,-0.11309715107465552,0.11309715107465552,LogisticRegression_D_undersampled
hero,text__hero,"""hero""",word,-0.11264781206617784,0.11264781206617784,LogisticRegression_D_undersampled
agamemnon,text__agamemnon,"""agamemnon""",word,-0.11250687842782556,0.11250687842782556,LogisticRegression_D_undersampled
dealing,text__dealing,"""dealing""",word,-0.11247048008257189,0.11247048008257189,LogisticRegression_D_undersampled
received,text__received,"""received""",word,0.11245522786699715,0.11245522786699715,LogisticRegression_D_undersampled
come,text__come,"""come""",word,0.11218323773795519,0.11218323773795519,LogisticRegression_D_undersampled
kept,text__kept,"""kept""",word,-0.11177295865022877,0.11177295865022877,LogisticRegression_D_undersampled
easy,text__easy,"""easy""",word,-0.1112061157748267,0.1112061157748267,LogisticRegression_D_undersampled
inspired,text__inspired,"""inspired""",word,-0.11089093901013958,0.11089093901013958,LogisticRegression_D_undersampled
set,text__set,"""set""",word,0.11071216451819427,0.11071216451819427,LogisticRegression_D_undersampled
better,text__better,"""better""",word,0.11046230336902596,0.11046230336902596,LogisticRegression_D_undersampled
appreciate,text__appreciate,"""appreciate""",word,0.11035491572519115,0.11035491572519115,LogisticRegression_D_undersampled
pct_verbs,numeric__pct_verbs,pct_verbs,numeric,-0.11031866765901643,0.11031866765901643,LogisticRegression_D_undersampled
favourite,text__favourite,"""favourite""",word,0.10971089962436681,0.10971089962436681,LogisticRegression_D_undersampled
doubt,text__doubt,"""doubt""",word,0.10919171177488635,0.10919171177488635,LogisticRegression_D_undersampled
translation,text__translation,"""translation""",word,0.10831800179888665,0.10831800179888665,LogisticRegression_D_undersampled
son,text__son,"""son""",word,-0.1076918923769398,0.1076918923769398,LogisticRegression_D_undersampled
generally,text__generally,"""generally""",word,0.10766756876513957,0.10766756876513957,LogisticRegression_D_undersampled
tell,text__tell,"""tell""",word,-0.1071502234837071,0.1071502234837071,LogisticRegression_D_undersampled
instead,text__instead,"""instead""",word,0.10611898780313735,0.10611898780313735,LogisticRegression_D_undersampled
take,text__take,"""take""",word,0.10572192142217703,0.10572192142217703,LogisticRegression_D_undersampled
told,text__told,"""told""",word,0.10556310375591452,0.10556310375591452,LogisticRegression_D_undersampled
second,text__second,"""second""",word,-0.10524896671019847,0.10524896671019847,LogisticRegression_D_undersampled
behind,text__behind,"""behind""",word,0.1050333399574843,0.1050333399574843,LogisticRegression_D_undersampled
collins,text__collins,"""collins""",word,0.10497544513277046,0.10497544513277046,LogisticRegression_D_undersampled
student,text__student,"""student""",word,0.10483900032551208,0.10483900032551208,LogisticRegression_D_undersampled
teacher,text__teacher,"""teacher""",word,-0.1048253670428536,0.1048253670428536,LogisticRegression_D_undersampled
quick,text__quick,"""quick""",word,-0.10479092151525732,0.10479092151525732,LogisticRegression_D_undersampled
romance,text__romance,"""romance""",word,0.10440285815360242,0.10440285815360242,LogisticRegression_D_undersampled
cold,text__cold,"""cold""",word,0.10439270224922831,0.10439270224922831,LogisticRegression_D_undersampled
wonderfully,text__wonderfully,"""wonderfully""",word,0.1037509540033421,0.1037509540033421,LogisticRegression_D_undersampled
love,text__love,"""love""",word,0.10371308679664755,0.10371308679664755,LogisticRegression_D_undersampled
south,text__south,"""south""",word,-0.10366961694804844,0.10366961694804844,LogisticRegression_D_undersampled
video,text__video,"""video""",word,0.1036026318548601,0.1036026318548601,LogisticRegression_D_undersampled
emerson,text__emerson,"""emerson""",word,0.10351963352864864,0.10351963352864864,LogisticRegression_D_undersampled
kwame,text__kwame,"""kwame""",word,0.10334696989342446,0.10334696989342446,LogisticRegression_D_undersampled
difficult,text__difficult,"""difficult""",word,-0.10311162907052268,0.10311162907052268,LogisticRegression_D_undersampled
connect,text__connect,"""connect""",word,-0.10309449062860006,0.10309449062860006,LogisticRegression_D_undersampled
right,text__right,"""right""",word,0.10299898637128231,0.10299898637128231,LogisticRegression_D_undersampled
grade,text__grade,"""grade""",word,0.10207573431160406,0.10207573431160406,LogisticRegression_D_undersampled
forgot,text__forgot,"""forgot""",word,0.10150823467778211,0.10150823467778211,LogisticRegression_D_undersampled
immediately,text__immediately,"""immediately""",word,-0.10123955532280382,0.10123955532280382,LogisticRegression_D_undersampled
poseidon,text__poseidon,"""poseidon""",word,0.10119912526742467,0.10119912526742467,LogisticRegression_D_undersampled
joy,text__joy,"""joy""",word,0.1009846042462224,0.1009846042462224,LogisticRegression_D_undersampled
round,text__round,"""round""",word,0.10065207273732996,0.10065207273732996,LogisticRegression_D_undersampled
warsan,text__warsan,"""warsan""",word,-0.10059419300564432,0.10059419300564432,LogisticRegression_D_undersampled
took,text__took,"""took""",word,-0.10057119579108617,0.10057119579108617,LogisticRegression_D_undersampled
sentiment,numeric__sentiment,sentiment,numeric,-0.1004781447491278,0.1004781447491278,LogisticRegression_D_undersampled
weave,text__weave,"""weave""",word,-0.10004066546562417,0.10004066546562417,LogisticRegression_D_undersampled
lose,text__lose,"""lose""",word,0.10002352011256876,0.10002352011256876,LogisticRegression_D_undersampled
going,text__going,"""going""",word,0.09970070540516554,0.09970070540516554,LogisticRegression_D_undersampled
penguin,text__penguin,"""penguin""",word,0.09967295439031347,0.09967295439031347,LogisticRegression_D_undersampled
odyssey,text__odyssey,"""odyssey""",word,-0.09950336471011893,0.09950336471011893,LogisticRegression_D_undersampled
big,text__big,"""big""",word,0.09939861257462203,0.09939861257462203,LogisticRegression_D_undersampled
stuff,text__stuff,"""stuff""",word,0.0992795986284631,0.0992795986284631,LogisticRegression_D_undersampled
aloud,text__aloud,"""aloud""",word,0.09924145404737456,0.09924145404737456,LogisticRegression_D_undersampled
hamlet,text__hamlet,"""hamlet""",word,-0.09922574222555837,0.09922574222555837,LogisticRegression_D_undersampled
chaos,text__chaos,"""chaos""",word,0.09902445219904234,0.09902445219904234,LogisticRegression_D_undersampled
fantastic,text__fantastic,"""fantastic""",word,-0.09899143969707071,0.09899143969707071,LogisticRegression_D_undersampled
blade,text__blade,"""blade""",word,0.09878428004772423,0.09878428004772423,LogisticRegression_D_undersampled
elementary,text__elementary,"""elementary""",word,0.09872954949406751,0.09872954949406751,LogisticRegression_D_undersampled
slightly,text__slightly,"""slightly""",word,-0.09861103485451464,0.09861103485451464,LogisticRegression_D_undersampled
blue,text__blue,"""blue""",word,0.09850265833534935,0.09850265833534935,LogisticRegression_D_undersampled
ginsberg,text__ginsberg,"""ginsberg""",word,-0.09846090085461025,0.09846090085461025,LogisticRegression_D_undersampled
song,text__song,"""song""",word,0.0984055543191817,0.0984055543191817,LogisticRegression_D_undersampled
several,text__several,"""several""",word,0.09828376569639474,0.09828376569639474,LogisticRegression_D_undersampled
thus,text__thus,"""thus""",word,0.09791245708011671,0.09791245708011671,LogisticRegression_D_undersampled
resonate,text__resonate,"""resonate""",word,-0.09776324890908426,0.09776324890908426,LogisticRegression_D_undersampled
bit,text__bit,"""bit""",word,0.09776054369369011,0.09776054369369011,LogisticRegression_D_undersampled
brought,text__brought,"""brought""",word,0.09759912796887854,0.09759912796887854,LogisticRegression_D_undersampled
solitude,text__solitude,"""solitude""",word,-0.09753620715440721,0.09753620715440721,LogisticRegression_D_undersampled
nabokov,text__nabokov,"""nabokov""",word,0.09747628930995013,0.09747628930995013,LogisticRegression_D_undersampled
check,text__check,"""check""",word,0.0974171500565558,0.0974171500565558,LogisticRegression_D_undersampled
extraordinary,text__extraordinary,"""extraordinary""",word,-0.09740670406650503,0.09740670406650503,LogisticRegression_D_undersampled
depression,text__depression,"""depression""",word,0.09720215487197487,0.09720215487197487,LogisticRegression_D_undersampled
helped,text__helped,"""helped""",word,-0.09714857048079255,0.09714857048079255,LogisticRegression_D_undersampled
man,text__man,"""man""",word,0.09707172306640546,0.09707172306640546,LogisticRegression_D_undersampled
tolkien,text__tolkien,"""tolkien""",word,0.0965681097269296,0.0965681097269296,LogisticRegression_D_undersampled
century,text__century,"""century""",word,0.09656420076815352,0.09656420076815352,LogisticRegression_D_undersampled
eve,text__eve,"""eve""",word,-0.09629984659822968,0.09629984659822968,LogisticRegression_D_undersampled
erotic,text__erotic,"""erotic""",word,0.09625204729160133,0.09625204729160133,LogisticRegression_D_undersampled
relatable,text__relatable,"""relatable""",word,-0.09620108432526271,0.09620108432526271,LogisticRegression_D_undersampled
dull,text__dull,"""dull""",word,0.09608582986054388,0.09608582986054388,LogisticRegression_D_undersampled
understand,text__understand,"""understand""",word,0.09606310774390646,0.09606310774390646,LogisticRegression_D_undersampled
expected,text__expected,"""expected""",word,-0.09559062907486197,0.09559062907486197,LogisticRegression_D_undersampled
soon,text__soon,"""soon""",word,0.09548926364377339,0.09548926364377339,LogisticRegression_D_undersampled
struck,text__struck,"""struck""",word,-0.09537930535788847,0.09537930535788847,LogisticRegression_D_undersampled
enjoyable,text__enjoyable,"""enjoyable""",word,0.09523536329510217,0.09523536329510217,LogisticRegression_D_undersampled
version,text__version,"""version""",word,0.09522478939576401,0.09522478939576401,LogisticRegression_D_undersampled
contains,text__contains,"""contains""",word,0.09515207178806058,0.09515207178806058,LogisticRegression_D_undersampled
essay,text__essay,"""essay""",word,0.0951518792499484,0.0951518792499484,LogisticRegression_D_undersampled
anthology,text__anthology,"""anthology""",word,0.09514503486282279,0.09514503486282279,LogisticRegression_D_undersampled
stuck,text__stuck,"""stuck""",word,0.09487849835718315,0.09487849835718315,LogisticRegression_D_undersampled
mother,text__mother,"""mother""",word,-0.09470645234846024,0.09470645234846024,LogisticRegression_D_undersampled
power,text__power,"""power""",word,-0.09402611478582072,0.09402611478582072,LogisticRegression_D_undersampled
writer,text__writer,"""writer""",word,0.09367232999194192,0.09367232999194192,LogisticRegression_D_undersampled
troy,text__troy,"""troy""",word,-0.09363220945462115,0.09363220945462115,LogisticRegression_D_undersampled
multiple,text__multiple,"""multiple""",word,-0.09330936438170165,0.09330936438170165,LogisticRegression_D_undersampled
afraid,text__afraid,"""afraid""",word,0.09320968145734321,0.09320968145734321,LogisticRegression_D_undersampled
adored,text__adored,"""adored""",word,0.09305137476371929,0.09305137476371929,LogisticRegression_D_undersampled
thousand,text__thousand,"""thousand""",word,0.09288565270290708,0.09288565270290708,LogisticRegression_D_undersampled
chose,text__chose,"""chose""",word,0.09280227901251231,0.09280227901251231,LogisticRegression_D_undersampled
award,text__award,"""award""",word,-0.09276098775184108,0.09276098775184108,LogisticRegression_D_undersampled
heartbreak,text__heartbreak,"""heartbreak""",word,-0.0924521819942851,0.0924521819942851,LogisticRegression_D_undersampled
longer,text__longer,"""longer""",word,-0.09237600101789722,0.09237600101789722,LogisticRegression_D_undersampled
pop,text__pop,"""pop""",word,0.09220276157006808,0.09220276157006808,LogisticRegression_D_undersampled
crush,text__crush,"""crush""",word,-0.09203820161583892,0.09203820161583892,LogisticRegression_D_undersampled
sing,text__sing,"""sing""",word,0.09196466453427722,0.09196466453427722,LogisticRegression_D_undersampled
truth,text__truth,"""truth""",word,0.09195536312255427,0.09195536312255427,LogisticRegression_D_undersampled
care,text__care,"""care""",word,0.09179708915029712,0.09179708915029712,LogisticRegression_D_undersampled
like,text__like,"""like""",word,0.09172069282149212,0.09172069282149212,LogisticRegression_D_undersampled
follow,text__follow,"""follow""",word,-0.09169380486132446,0.09169380486132446,LogisticRegression_D_undersampled
longing,text__longing,"""longing""",word,0.0916339041600534,0.0916339041600534,LogisticRegression_D_undersampled
memory,text__memory,"""memory""",word,-0.0911139096863525,0.0911139096863525,LogisticRegression_D_undersampled
fuck,text__fuck,"""fuck""",word,0.09088253516626463,0.09088253516626463,LogisticRegression_D_undersampled
shot,text__shot,"""shot""",word,0.09075184100769124,0.09075184100769124,LogisticRegression_D_undersampled
exist,text__exist,"""exist""",word,0.08987806904502381,0.08987806904502381,LogisticRegression_D_undersampled
simply,text__simply,"""simply""",word,-0.08947239239720811,0.08947239239720811,LogisticRegression_D_undersampled
character,text__character,"""character""",word,0.08933702398888085,0.08933702398888085,LogisticRegression_D_undersampled
instagram,text__instagram,"""instagram""",word,0.08854017477097822,0.08854017477097822,LogisticRegression_D_undersampled
grasp,text__grasp,"""grasp""",word,0.0885235412850114,0.0885235412850114,LogisticRegression_D_undersampled
loving,text__loving,"""loving""",word,-0.0884139469310861,0.0884139469310861,LogisticRegression_D_undersampled
comment,text__comment,"""comment""",word,0.08833538109437228,0.08833538109437228,LogisticRegression_D_undersampled
basketball,text__basketball,"""basketball""",word,-0.08819372395409579,0.08819372395409579,LogisticRegression_D_undersampled
exactly,text__exactly,"""exactly""",word,0.08819047148255534,0.08819047148255534,LogisticRegression_D_undersampled
nearly,text__nearly,"""nearly""",word,0.08803112260112213,0.08803112260112213,LogisticRegression_D_undersampled
provided,text__provided,"""provided""",word,0.08797263231026922,0.08797263231026922,LogisticRegression_D_undersampled
special,text__special,"""special""",word,0.08788767350345174,0.08788767350345174,LogisticRegression_D_undersampled
wonderful,text__wonderful,"""wonderful""",word,-0.08769332690152423,0.08769332690152423,LogisticRegression_D_undersampled
illness,text__illness,"""illness""",word,0.0873856024306125,0.0873856024306125,LogisticRegression_D_undersampled
suitor,text__suitor,"""suitor""",word,-0.08734722693630464,0.08734722693630464,LogisticRegression_D_undersampled
talk,text__talk,"""talk""",word,0.08733568683657143,0.08733568683657143,LogisticRegression_D_undersampled
plath,text__plath,"""plath""",word,-0.08727676853867752,0.08727676853867752,LogisticRegression_D_undersampled
desire,text__desire,"""desire""",word,0.087263947706955,0.087263947706955,LogisticRegression_D_undersampled
terrible,text__terrible,"""terrible""",word,-0.08710220771126718,0.08710220771126718,LogisticRegression_D_undersampled
favorite,text__favorite,"""favorite""",word,-0.08688272251064362,0.08688272251064362,LogisticRegression_D_undersampled
lucky,text__lucky,"""lucky""",word,0.08675968662992907,0.08675968662992907,LogisticRegression_D_undersampled
personally,text__personally,"""personally""",word,-0.08667957151886028,0.08667957151886028,LogisticRegression_D_undersampled
hughes,text__hughes,"""hughes""",word,-0.08661486566110095,0.08661486566110095,LogisticRegression_D_undersampled
pct_adj,numeric__pct_adj,pct_adj,numeric,-0.08638862615440814,0.08638862615440814,LogisticRegression_D_undersampled
record,text__record,"""record""",word,0.08633724107222929,0.08633724107222929,LogisticRegression_D_undersampled
loud,text__loud,"""loud""",word,0.08630493564227361,0.08630493564227361,LogisticRegression_D_undersampled
lonely,text__lonely,"""lonely""",word,0.08625751194691192,0.08625751194691192,LogisticRegression_D_undersampled
touching,text__touching,"""touching""",word,-0.08615827610527318,0.08615827610527318,LogisticRegression_D_undersampled
worst,text__worst,"""worst""",word,0.08613797913211202,0.08613797913211202,LogisticRegression_D_undersampled
rock,text__rock,"""rock""",word,0.08602358312551561,0.08602358312551561,LogisticRegression_D_undersampled
depressing,text__depressing,"""depressing""",word,-0.08583687826769672,0.08583687826769672,LogisticRegression_D_undersampled
especially,text__especially,"""especially""",word,-0.08582586000140341,0.08582586000140341,LogisticRegression_D_undersampled
friend,text__friend,"""friend""",word,-0.08582182627711715,0.08582182627711715,LogisticRegression_D_undersampled
daughter,text__daughter,"""daughter""",word,-0.08575657544830377,0.08575657544830377,LogisticRegression_D_undersampled
consciousness,text__consciousness,"""consciousness""",word,0.0857518669084974,0.0857518669084974,LogisticRegression_D_undersampled
complicated,text__complicated,"""complicated""",word,-0.08569827506689914,0.08569827506689914,LogisticRegression_D_undersampled
damn,text__damn,"""damn""",word,0.0849515989535663,0.0849515989535663,LogisticRegression_D_undersampled
social,text__social,"""social""",word,0.08461318688178307,0.08461318688178307,LogisticRegression_D_undersampled
air,text__air,"""air""",word,0.08454193528042744,0.08454193528042744,LogisticRegression_D_undersampled
managed,text__managed,"""managed""",word,0.0842894525042168,0.0842894525042168,LogisticRegression_D_undersampled
divorce,text__divorce,"""divorce""",word,0.08415209670974241,0.08415209670974241,LogisticRegression_D_undersampled
five,text__five,"""five""",word,0.0838827423944492,0.0838827423944492,LogisticRegression_D_undersampled
extremely,text__extremely,"""extremely""",word,-0.08379346849972039,0.08379346849972039,LogisticRegression_D_undersampled
keep,text__keep,"""keep""",word,0.08371593018974424,0.08371593018974424,LogisticRegression_D_undersampled
letter,text__letter,"""letter""",word,0.0836829366959803,0.0836829366959803,LogisticRegression_D_undersampled
got,text__got,"""got""",word,0.0835896340583183,0.0835896340583183,LogisticRegression_D_undersampled
american,text__american,"""american""",word,-0.0835800205383465,0.0835800205383465,LogisticRegression_D_undersampled
chance,text__chance,"""chance""",word,0.08353709486294199,0.08353709486294199,LogisticRegression_D_undersampled
heavy,text__heavy,"""heavy""",word,-0.0834582670905296,0.0834582670905296,LogisticRegression_D_undersampled
necessary,text__necessary,"""necessary""",word,0.08343019553980306,0.08343019553980306,LogisticRegression_D_undersampled
strongly,text__strongly,"""strongly""",word,-0.08329926331626829,0.08329926331626829,LogisticRegression_D_undersampled
feeling,text__feeling,"""feeling""",word,0.08284738648147719,0.08284738648147719,LogisticRegression_D_undersampled
red,text__red,"""red""",word,0.08271298587025654,0.08271298587025654,LogisticRegression_D_undersampled
reminder,text__reminder,"""reminder""",word,-0.08233445169795114,0.08233445169795114,LogisticRegression_D_undersampled
fagles,text__fagles,"""fagles""",word,-0.08175666356258494,0.08175666356258494,LogisticRegression_D_undersampled
changed,text__changed,"""changed""",word,-0.08146796851435574,0.08146796851435574,LogisticRegression_D_undersampled
fairly,text__fairly,"""fairly""",word,-0.08145024991608975,0.08145024991608975,LogisticRegression_D_undersampled
arthur,text__arthur,"""arthur""",word,0.0813232425576262,0.0813232425576262,LogisticRegression_D_undersampled
card,text__card,"""card""",word,0.08116912696032923,0.08116912696032923,LogisticRegression_D_undersampled
sibling,text__sibling,"""sibling""",word,-0.08115994404269615,0.08115994404269615,LogisticRegression_D_undersampled
want,text__want,"""want""",word,0.08106674804964244,0.08106674804964244,LogisticRegression_D_undersampled
false,text__false,"""false""",word,0.0810168024540807,0.0810168024540807,LogisticRegression_D_undersampled
run,text__run,"""run""",word,0.08090326085146826,0.08090326085146826,LogisticRegression_D_undersampled
grew,text__grew,"""grew""",word,0.08084012074482459,0.08084012074482459,LogisticRegression_D_undersampled
really,text__really,"""really""",word,-0.08069209025854825,0.08069209025854825,LogisticRegression_D_undersampled
brutal,text__brutal,"""brutal""",word,0.08045759230109473,0.08045759230109473,LogisticRegression_D_undersampled
dad,text__dad,"""dad""",word,0.08045103046507551,0.08045103046507551,LogisticRegression_D_undersampled
people,text__people,"""people""",word,-0.08042067091293303,0.08042067091293303,LogisticRegression_D_undersampled
opinion,text__opinion,"""opinion""",word,0.08034842086469639,0.08034842086469639,LogisticRegression_D_undersampled
catch,text__catch,"""catch""",word,0.08031141576235927,0.08031141576235927,LogisticRegression_D_undersampled
movie,text__movie,"""movie""",word,0.08026965889483242,0.08026965889483242,LogisticRegression_D_undersampled
conversation,text__conversation,"""conversation""",word,-0.08014037749177647,0.08014037749177647,LogisticRegression_D_undersampled
winter,text__winter,"""winter""",word,0.08004147037164278,0.08004147037164278,LogisticRegression_D_undersampled
couple,text__couple,"""couple""",word,-0.07999887849962294,0.07999887849962294,LogisticRegression_D_undersampled
seriously,text__seriously,"""seriously""",word,0.07999858444479903,0.07999858444479903,LogisticRegression_D_undersampled
via,text__via,"""via""",word,0.0798423339435649,0.0798423339435649,LogisticRegression_D_undersampled
shit,text__shit,"""shit""",word,0.07981169420541606,0.07981169420541606,LogisticRegression_D_undersampled
canto,text__canto,"""canto""",word,0.07972661095221346,0.07972661095221346,LogisticRegression_D_undersampled
seems,text__seems,"""seems""",word,0.07962156402849549,0.07962156402849549,LogisticRegression_D_undersampled
national,text__national,"""national""",word,-0.07959646560028906,0.07959646560028906,LogisticRegression_D_undersampled
poetic,text__poetic,"""poetic""",word,0.07956649311226262,0.07956649311226262,LogisticRegression_D_undersampled
together,text__together,"""together""",word,-0.07954485772543957,0.07954485772543957,LogisticRegression_D_undersampled
term,text__term,"""term""",word,0.07944619176511214,0.07944619176511214,LogisticRegression_D_undersampled
liz,text__liz,"""liz""",word,0.07930661079662668,0.07930661079662668,LogisticRegression_D_undersampled
charming,text__charming,"""charming""",word,0.07919829813257193,0.07919829813257193,LogisticRegression_D_undersampled
hold,text__hold,"""hold""",word,0.07908529355731797,0.07908529355731797,LogisticRegression_D_undersampled
prejudice,text__prejudice,"""prejudice""",word,-0.07906141196916615,0.07906141196916615,LogisticRegression_D_undersampled
case,text__case,"""case""",word,0.07903642757336445,0.07903642757336445,LogisticRegression_D_undersampled
answer,text__answer,"""answer""",word,0.07886153215898424,0.07886153215898424,LogisticRegression_D_undersampled
angel,text__angel,"""angel""",word,0.07868806636519694,0.07868806636519694,LogisticRegression_D_undersampled
great,text__great,"""great""",word,0.07865844683846461,0.07865844683846461,LogisticRegression_D_undersampled
interesting,text__interesting,"""interesting""",word,0.07858215535157315,0.07858215535157315,LogisticRegression_D_undersampled
winner,text__winner,"""winner""",word,-0.07855680135072504,0.07855680135072504,LogisticRegression_D_undersampled
william,text__william,"""william""",word,0.07852709095761677,0.07852709095761677,LogisticRegression_D_undersampled
fine,text__fine,"""fine""",word,0.07840573649559325,0.07840573649559325,LogisticRegression_D_undersampled
brown,text__brown,"""brown""",word,-0.07838545167524603,0.07838545167524603,LogisticRegression_D_undersampled
straight,text__straight,"""straight""",word,0.07831851564518762,0.07831851564518762,LogisticRegression_D_undersampled
passed,text__passed,"""passed""",word,0.0782081983022623,0.0782081983022623,LogisticRegression_D_undersampled
jack,text__jack,"""jack""",word,-0.07794359536860515,0.07794359536860515,LogisticRegression_D_undersampled
picture,text__picture,"""picture""",word,0.07776825637878733,0.07776825637878733,LogisticRegression_D_undersampled
sort,text__sort,"""sort""",word,-0.07775153678529227,0.07775153678529227,LogisticRegression_D_undersampled
gibran,text__gibran,"""gibran""",word,0.07757426512657893,0.07757426512657893,LogisticRegression_D_undersampled
youtube,text__youtube,"""youtube""",word,0.07747218788593348,0.07747218788593348,LogisticRegression_D_undersampled
found,text__found,"""found""",word,0.0774526037624288,0.0774526037624288,LogisticRegression_D_undersampled
wall,text__wall,"""wall""",word,0.07736627634427688,0.07736627634427688,LogisticRegression_D_undersampled
amazon,text__amazon,"""amazon""",word,0.0772546713463461,0.0772546713463461,LogisticRegression_D_undersampled
path,text__path,"""path""",word,0.07708437457116409,0.07708437457116409,LogisticRegression_D_undersampled
started,text__started,"""started""",word,0.07684855941993234,0.07684855941993234,LogisticRegression_D_undersampled
giving,text__giving,"""giving""",word,0.07676403011705193,0.07676403011705193,LogisticRegression_D_undersampled
rose,text__rose,"""rose""",word,0.0767205644986472,0.0767205644986472,LogisticRegression_D_undersampled
bear,text__bear,"""bear""",word,0.07670050755242032,0.07670050755242032,LogisticRegression_D_undersampled
yeah,text__yeah,"""yeah""",word,0.07644846837258476,0.07644846837258476,LogisticRegression_D_undersampled
cover,text__cover,"""cover""",word,0.0764032156857836,0.0764032156857836,LogisticRegression_D_undersampled
cute,text__cute,"""cute""",word,-0.07630311950359761,0.07630311950359761,LogisticRegression_D_undersampled
prison,text__prison,"""prison""",word,0.07629483605218329,0.07629483605218329,LogisticRegression_D_undersampled
good,text__good,"""good""",word,-0.07628586761336967,0.07628586761336967,LogisticRegression_D_undersampled
died,text__died,"""died""",word,0.07626122692454791,0.07626122692454791,LogisticRegression_D_undersampled
guess,text__guess,"""guess""",word,-0.07619451120641806,0.07619451120641806,LogisticRegression_D_undersampled
pleasure,text__pleasure,"""pleasure""",word,0.07599704013008078,0.07599704013008078,LogisticRegression_D_undersampled
call,text__call,"""call""",word,-0.07598780500746567,0.07598780500746567,LogisticRegression_D_undersampled
teenage,text__teenage,"""teenage""",word,0.0759109746522827,0.0759109746522827,LogisticRegression_D_undersampled
hit,text__hit,"""hit""",word,-0.07579818869141962,0.07579818869141962,LogisticRegression_D_undersampled
exquisite,text__exquisite,"""exquisite""",word,0.07577153837674835,0.07577153837674835,LogisticRegression_D_undersampled
femininity,text__femininity,"""femininity""",word,-0.07573024236251072,0.07573024236251072,LogisticRegression_D_undersampled
allowed,text__allowed,"""allowed""",word,0.0756152201660674,0.0756152201660674,LogisticRegression_D_undersampled
different,text__different,"""different""",word,0.07523432355658964,0.07523432355658964,LogisticRegression_D_undersampled
dear,text__dear,"""dear""",word,0.07523272455669136,0.07523272455669136,LogisticRegression_D_undersampled
pretentious,text__pretentious,"""pretentious""",word,0.07489798474004254,0.07489798474004254,LogisticRegression_D_undersampled
lived,text__lived,"""lived""",word,0.07477762654005295,0.07477762654005295,LogisticRegression_D_undersampled
pg,text__pg,"""pg""",word,-0.07470344009033845,0.07470344009033845,LogisticRegression_D_undersampled
seeing,text__seeing,"""seeing""",word,0.0747002249260683,0.0747002249260683,LogisticRegression_D_undersampled
message,text__message,"""message""",word,-0.07463806013587068,0.07463806013587068,LogisticRegression_D_undersampled
tender,text__tender,"""tender""",word,0.07461861435026762,0.07461861435026762,LogisticRegression_D_undersampled
selection,text__selection,"""selection""",word,0.07455540737106661,0.07455540737106661,LogisticRegression_D_undersampled
mystery,text__mystery,"""mystery""",word,0.07450832013534485,0.07450832013534485,LogisticRegression_D_undersampled
maybe,text__maybe,"""maybe""",word,-0.07409559558188758,0.07409559558188758,LogisticRegression_D_undersampled
quickly,text__quickly,"""quickly""",word,0.07400985776647014,0.07400985776647014,LogisticRegression_D_undersampled
moment,text__moment,"""moment""",word,0.07396740550497913,0.07396740550497913,LogisticRegression_D_undersampled
sense,text__sense,"""sense""",word,-0.07384753911622244,0.07384753911622244,LogisticRegression_D_undersampled
everywhere,text__everywhere,"""everywhere""",word,-0.07371695120621266,0.07371695120621266,LogisticRegression_D_undersampled
folk,text__folk,"""folk""",word,-0.07371151842885393,0.07371151842885393,LogisticRegression_D_undersampled
david,text__david,"""david""",word,0.07365763683419785,0.07365763683419785,LogisticRegression_D_undersampled
whitman,text__whitman,"""whitman""",word,0.07355803424524217,0.07355803424524217,LogisticRegression_D_undersampled
currently,text__currently,"""currently""",word,-0.0735214660551539,0.0735214660551539,LogisticRegression_D_undersampled
excuse,text__excuse,"""excuse""",word,-0.07350008075382265,0.07350008075382265,LogisticRegression_D_undersampled
excited,text__excited,"""excited""",word,0.07348698259790482,0.07348698259790482,LogisticRegression_D_undersampled
reviewer,text__reviewer,"""reviewer""",word,-0.07341859143025817,0.07341859143025817,LogisticRegression_D_undersampled
roll,text__roll,"""roll""",word,0.07329535422454754,0.07329535422454754,LogisticRegression_D_undersampled
respect,text__respect,"""respect""",word,0.07329396055243527,0.07329396055243527,LogisticRegression_D_undersampled
watched,text__watched,"""watched""",word,0.07322595544904041,0.07322595544904041,LogisticRegression_D_undersampled
recommend,text__recommend,"""recommend""",word,-0.07312728380074349,0.07312728380074349,LogisticRegression_D_undersampled
mental,text__mental,"""mental""",word,0.07307740724492041,0.07307740724492041,LogisticRegression_D_undersampled
thanks,text__thanks,"""thanks""",word,0.0729637280448355,0.0729637280448355,LogisticRegression_D_undersampled
forever,text__forever,"""forever""",word,-0.07296284166226663,0.07296284166226663,LogisticRegression_D_undersampled
text,text__text,"""text""",word,-0.07289592152434733,0.07289592152434733,LogisticRegression_D_undersampled
tragedy,text__tragedy,"""tragedy""",word,-0.07274734504379957,0.07274734504379957,LogisticRegression_D_undersampled
racism,text__racism,"""racism""",word,-0.0726963936294793,0.0726963936294793,LogisticRegression_D_undersampled
share,text__share,"""share""",word,-0.07251107798260292,0.07251107798260292,LogisticRegression_D_undersampled
strength,text__strength,"""strength""",word,-0.07250127382032232,0.07250127382032232,LogisticRegression_D_undersampled
metaphor,text__metaphor,"""metaphor""",word,0.07246820669161533,0.07246820669161533,LogisticRegression_D_undersampled
write,text__write,"""write""",word,-0.07230428118731416,0.07230428118731416,LogisticRegression_D_undersampled
lust,text__lust,"""lust""",word,0.072088643975832,0.072088643975832,LogisticRegression_D_undersampled
health,text__health,"""health""",word,0.072052200511345,0.072052200511345,LogisticRegression_D_undersampled
floor,text__floor,"""floor""",word,0.07184074909849675,0.07184074909849675,LogisticRegression_D_undersampled
fire,text__fire,"""fire""",word,0.07160751263607915,0.07160751263607915,LogisticRegression_D_undersampled
certainly,text__certainly,"""certainly""",word,-0.07155769934370693,0.07155769934370693,LogisticRegression_D_undersampled
green,text__green,"""green""",word,-0.07132055597069638,0.07132055597069638,LogisticRegression_D_undersampled
dreaming,text__dreaming,"""dreaming""",word,-0.07129611119952267,0.07129611119952267,LogisticRegression_D_undersampled
imagery,text__imagery,"""imagery""",word,0.07111296011803978,0.07111296011803978,LogisticRegression_D_undersampled
roman,text__roman,"""roman""",word,-0.0711063358839405,0.0711063358839405,LogisticRegression_D_undersampled
civil,text__civil,"""civil""",word,-0.07086956244129505,0.07086956244129505,LogisticRegression_D_undersampled
musical,text__musical,"""musical""",word,-0.07077992318963357,0.07077992318963357,LogisticRegression_D_undersampled
finished,text__finished,"""finished""",word,-0.07067480725921456,0.07067480725921456,LogisticRegression_D_undersampled
train,text__train,"""train""",word,-0.07062454693574662,0.07062454693574662,LogisticRegression_D_undersampled
return,text__return,"""return""",word,-0.07058590662847718,0.07058590662847718,LogisticRegression_D_undersampled
difference,text__difference,"""difference""",word,0.070553605715107,0.070553605715107,LogisticRegression_D_undersampled
kasienka,text__kasienka,"""kasienka""",word,0.07052031635680861,0.07052031635680861,LogisticRegression_D_undersampled
wonder,text__wonder,"""wonder""",word,0.07044139600879369,0.07044139600879369,LogisticRegression_D_undersampled
amazed,text__amazed,"""amazed""",word,-0.07027970933909723,0.07027970933909723,LogisticRegression_D_undersampled
small,text__small,"""small""",word,0.07011468115372886,0.07011468115372886,LogisticRegression_D_undersampled
door,text__door,"""door""",word,0.0701076972535775,0.0701076972535775,LogisticRegression_D_undersampled
carolina,text__carolina,"""carolina""",word,-0.07005951521055298,0.07005951521055298,LogisticRegression_D_undersampled
struggle,text__struggle,"""struggle""",word,-0.06996154599492174,0.06996154599492174,LogisticRegression_D_undersampled
offer,text__offer,"""offer""",word,0.06980104482971144,0.06980104482971144,LogisticRegression_D_undersampled
met,text__met,"""met""",word,-0.06978960268319936,0.06978960268319936,LogisticRegression_D_undersampled
relevant,text__relevant,"""relevant""",word,-0.06978679764650302,0.06978679764650302,LogisticRegression_D_undersampled
created,text__created,"""created""",word,-0.06960283137335138,0.06960283137335138,LogisticRegression_D_undersampled
slow,text__slow,"""slow""",word,0.06959622263270393,0.06959622263270393,LogisticRegression_D_undersampled
debut,text__debut,"""debut""",word,0.0693683628628542,0.0693683628628542,LogisticRegression_D_undersampled
heard,text__heard,"""heard""",word,0.06903524672089938,0.06903524672089938,LogisticRegression_D_undersampled
brilliant,text__brilliant,"""brilliant""",word,0.06900877367904093,0.06900877367904093,LogisticRegression_D_undersampled
sword,text__sword,"""sword""",word,0.06888489121551951,0.06888489121551951,LogisticRegression_D_undersampled
might,text__might,"""might""",word,0.06886718043179034,0.06886718043179034,LogisticRegression_D_undersampled
unknown,text__unknown,"""unknown""",word,0.06881371076787632,0.06881371076787632,LogisticRegression_D_undersampled
clever,text__clever,"""clever""",word,0.06878657976980207,0.06878657976980207,LogisticRegression_D_undersampled
similar,text__similar,"""similar""",word,-0.06873521270623957,0.06873521270623957,LogisticRegression_D_undersampled
aeneid,text__aeneid,"""aeneid""",word,-0.0686705946366663,0.0686705946366663,LogisticRegression_D_undersampled
born,text__born,"""born""",word,0.06865944592043764,0.06865944592043764,LogisticRegression_D_undersampled
sitting,text__sitting,"""sitting""",word,-0.06861887521966713,0.06861887521966713,LogisticRegression_D_undersampled
silverstein,text__silverstein,"""silverstein""",word,-0.0686054240670126,0.0686054240670126,LogisticRegression_D_undersampled
lesson,text__lesson,"""lesson""",word,0.06853290005016502,0.06853290005016502,LogisticRegression_D_undersampled
believe,text__believe,"""believe""",word,0.06851275932232355,0.06851275932232355,LogisticRegression_D_undersampled
fill,text__fill,"""fill""",word,0.06837456695190394,0.06837456695190394,LogisticRegression_D_undersampled
post,text__post,"""post""",word,0.06835327609256207,0.06835327609256207,LogisticRegression_D_undersampled
core,text__core,"""core""",word,-0.06824349008611719,0.06824349008611719,LogisticRegression_D_undersampled
leave,text__leave,"""leave""",word,0.06813176636441387,0.06813176636441387,LogisticRegression_D_undersampled
anne,text__anne,"""anne""",word,-0.0680203262271253,0.0680203262271253,LogisticRegression_D_undersampled
james,text__james,"""james""",word,0.06801513411484017,0.06801513411484017,LogisticRegression_D_undersampled
worry,text__worry,"""worry""",word,0.0678599158277608,0.0678599158277608,LogisticRegression_D_undersampled
certain,text__certain,"""certain""",word,0.06778473476711867,0.06778473476711867,LogisticRegression_D_undersampled
myth,text__myth,"""myth""",word,0.0677727094814244,0.0677727094814244,LogisticRegression_D_undersampled
familiar,text__familiar,"""familiar""",word,0.0676499063291008,0.0676499063291008,LogisticRegression_D_undersampled
reread,text__reread,"""reread""",word,-0.0674798659583373,0.0674798659583373,LogisticRegression_D_undersampled
citizen,text__citizen,"""citizen""",word,-0.0674641250411867,0.0674641250411867,LogisticRegression_D_undersampled
capture,text__capture,"""capture""",word,0.0674196998146616,0.0674196998146616,LogisticRegression_D_undersampled
comfort,text__comfort,"""comfort""",word,-0.06709727505002754,0.06709727505002754,LogisticRegression_D_undersampled
mirror,text__mirror,"""mirror""",word,0.06702274865584441,0.06702274865584441,LogisticRegression_D_undersampled
horror,text__horror,"""horror""",word,0.06699596943428511,0.06699596943428511,LogisticRegression_D_undersampled
hot,text__hot,"""hot""",word,0.06691760940948946,0.06691760940948946,LogisticRegression_D_undersampled
captured,text__captured,"""captured""",word,-0.06690655141520434,0.06690655141520434,LogisticRegression_D_undersampled
original,text__original,"""original""",word,0.06678563361653529,0.06678563361653529,LogisticRegression_D_undersampled
connection,text__connection,"""connection""",word,0.06669419218585629,0.06669419218585629,LogisticRegression_D_undersampled
aspect,text__aspect,"""aspect""",word,-0.06664006066917803,0.06664006066917803,LogisticRegression_D_undersampled
lit,text__lit,"""lit""",word,-0.06650734278564945,0.06650734278564945,LogisticRegression_D_undersampled
listening,text__listening,"""listening""",word,0.06647722923141164,0.06647722923141164,LogisticRegression_D_undersampled
professor,text__professor,"""professor""",word,-0.06641274335537138,0.06641274335537138,LogisticRegression_D_undersampled
turn,text__turn,"""turn""",word,0.06635821632950474,0.06635821632950474,LogisticRegression_D_undersampled
billy,text__billy,"""billy""",word,0.06630601915986703,0.06630601915986703,LogisticRegression_D_undersampled
hidden,text__hidden,"""hidden""",word,0.06611462163303,0.06611462163303,LogisticRegression_D_undersampled
rhyming,text__rhyming,"""rhyming""",word,0.06602955335879947,0.06602955335879947,LogisticRegression_D_undersampled
three,text__three,"""three""",word,-0.06590308555269188,0.06590308555269188,LogisticRegression_D_undersampled
various,text__various,"""various""",word,0.06583807856394493,0.06583807856394493,LogisticRegression_D_undersampled
classic,text__classic,"""classic""",word,-0.06563320620999871,0.06563320620999871,LogisticRegression_D_undersampled
mostly,text__mostly,"""mostly""",word,-0.06556949334299329,0.06556949334299329,LogisticRegression_D_undersampled
less,text__less,"""less""",word,-0.0655661209485755,0.0655661209485755,LogisticRegression_D_undersampled
visual,text__visual,"""visual""",word,-0.06554211614541725,0.06554211614541725,LogisticRegression_D_undersampled
road,text__road,"""road""",word,0.06533991044647282,0.06533991044647282,LogisticRegression_D_undersampled
true,text__true,"""true""",word,0.06517845764530808,0.06517845764530808,LogisticRegression_D_undersampled
spent,text__spent,"""spent""",word,0.06508007515135023,0.06508007515135023,LogisticRegression_D_undersampled
among,text__among,"""among""",word,0.06494898283362646,0.06494898283362646,LogisticRegression_D_undersampled
refreshing,text__refreshing,"""refreshing""",word,-0.0648830685357114,0.0648830685357114,LogisticRegression_D_undersampled
rich,text__rich,"""rich""",word,0.0648140310851044,0.0648140310851044,LogisticRegression_D_undersampled
tea,text__tea,"""tea""",word,-0.06478600124255585,0.06478600124255585,LogisticRegression_D_undersampled
eternal,text__eternal,"""eternal""",word,0.06467360484620327,0.06467360484620327,LogisticRegression_D_undersampled
closer,text__closer,"""closer""",word,-0.06464878705497924,0.06464878705497924,LogisticRegression_D_undersampled
link,text__link,"""link""",word,0.06458554977138375,0.06458554977138375,LogisticRegression_D_undersampled
twitter,text__twitter,"""twitter""",word,0.06452895135352762,0.06452895135352762,LogisticRegression_D_undersampled
bought,text__bought,"""bought""",word,-0.06451445111726238,0.06451445111726238,LogisticRegression_D_undersampled
anyway,text__anyway,"""anyway""",word,-0.06448753790573188,0.06448753790573188,LogisticRegression_D_undersampled
current,text__current,"""current""",word,-0.06448359957579623,0.06448359957579623,LogisticRegression_D_undersampled
pick,text__pick,"""pick""",word,0.06439794377282398,0.06439794377282398,LogisticRegression_D_undersampled
time,text__time,"""time""",word,-0.0643899412683673,0.0643899412683673,LogisticRegression_D_undersampled
bunch,text__bunch,"""bunch""",word,0.06420610112863379,0.06420610112863379,LogisticRegression_D_undersampled
performance,text__performance,"""performance""",word,0.0641765672912799,0.0641765672912799,LogisticRegression_D_undersampled
sick,text__sick,"""sick""",word,0.06414197885217704,0.06414197885217704,LogisticRegression_D_undersampled
animal,text__animal,"""animal""",word,0.06408890330305939,0.06408890330305939,LogisticRegression_D_undersampled
inspire,text__inspire,"""inspire""",word,0.06404209283885894,0.06404209283885894,LogisticRegression_D_undersampled
spanish,text__spanish,"""spanish""",word,0.06375869629871013,0.06375869629871013,LogisticRegression_D_undersampled
whenever,text__whenever,"""whenever""",word,-0.06372469150859206,0.06372469150859206,LogisticRegression_D_undersampled
happening,text__happening,"""happening""",word,0.06367842557529858,0.06367842557529858,LogisticRegression_D_undersampled
wild,text__wild,"""wild""",word,0.06348209556723876,0.06348209556723876,LogisticRegression_D_undersampled
loss,text__loss,"""loss""",word,-0.0634683088023944,0.0634683088023944,LogisticRegression_D_undersampled
somebody,text__somebody,"""somebody""",word,0.06343946955603517,0.06343946955603517,LogisticRegression_D_undersampled
interested,text__interested,"""interested""",word,0.06337812409035161,0.06337812409035161,LogisticRegression_D_undersampled
least,text__least,"""least""",word,0.06337609671210746,0.06337609671210746,LogisticRegression_D_undersampled
master,text__master,"""master""",word,0.06335332767379606,0.06335332767379606,LogisticRegression_D_undersampled
grandfather,text__grandfather,"""grandfather""",word,-0.06335139300185455,0.06335139300185455,LogisticRegression_D_undersampled
break,text__break,"""break""",word,-0.06309835754056356,0.06309835754056356,LogisticRegression_D_undersampled
missed,text__missed,"""missed""",word,0.0630470123512767,0.0630470123512767,LogisticRegression_D_undersampled
alexander,text__alexander,"""alexander""",word,0.06266602030051864,0.06266602030051864,LogisticRegression_D_undersampled
prefer,text__prefer,"""prefer""",word,-0.06259107163476726,0.06259107163476726,LogisticRegression_D_undersampled
race,text__race,"""race""",word,-0.062154942463635544,0.062154942463635544,LogisticRegression_D_undersampled
vast,text__vast,"""vast""",word,0.06214868515341957,0.06214868515341957,LogisticRegression_D_undersampled
dickinson,text__dickinson,"""dickinson""",word,0.0620792571954547,0.0620792571954547,LogisticRegression_D_undersampled
gift,text__gift,"""gift""",word,0.061967622541840725,0.061967622541840725,LogisticRegression_D_undersampled
sensitive,text__sensitive,"""sensitive""",word,-0.06191609148482862,0.06191609148482862,LogisticRegression_D_undersampled
generation,text__generation,"""generation""",word,-0.06181892865735429,0.06181892865735429,LogisticRegression_D_undersampled
honesty,text__honesty,"""honesty""",word,-0.061683773930427246,0.061683773930427246,LogisticRegression_D_undersampled
indian,text__indian,"""indian""",word,0.06167257552161372,0.06167257552161372,LogisticRegression_D_undersampled
triangle,text__triangle,"""triangle""",word,-0.061575774393748194,0.061575774393748194,LogisticRegression_D_undersampled
despite,text__despite,"""despite""",word,0.061544624884996235,0.061544624884996235,LogisticRegression_D_undersampled
learned,text__learned,"""learned""",word,0.06143034097747495,0.06143034097747495,LogisticRegression_D_undersampled
contain,text__contain,"""contain""",word,0.06134703146181042,0.06134703146181042,LogisticRegression_D_undersampled
ovid,text__ovid,"""ovid""",word,-0.06115212664946296,0.06115212664946296,LogisticRegression_D_undersampled
promise,text__promise,"""promise""",word,-0.06113040840336109,0.06113040840336109,LogisticRegression_D_undersampled
joke,text__joke,"""joke""",word,0.061077546520214784,0.061077546520214784,LogisticRegression_D_undersampled
felt,text__felt,"""felt""",word,0.061048422870463324,0.061048422870463324,LogisticRegression_D_undersampled
spoke,text__spoke,"""spoke""",word,-0.06101266139956883,0.06101266139956883,LogisticRegression_D_undersampled
simplicity,text__simplicity,"""simplicity""",word,-0.061000772550639765,0.061000772550639765,LogisticRegression_D_undersampled
field,text__field,"""field""",word,0.06081573948097454,0.06081573948097454,LogisticRegression_D_undersampled
broken,text__broken,"""broken""",word,-0.060812792263658884,0.060812792263658884,LogisticRegression_D_undersampled
room,text__room,"""room""",word,0.06078072670743601,0.06078072670743601,LogisticRegression_D_undersampled
style,text__style,"""style""",word,0.060705507527609864,0.060705507527609864,LogisticRegression_D_undersampled
self,text__self,"""self""",word,-0.0606963602697814,0.0606963602697814,LogisticRegression_D_undersampled
description,text__description,"""description""",word,0.06061634626455005,0.06061634626455005,LogisticRegression_D_undersampled
gawain,text__gawain,"""gawain""",word,-0.06057677882805596,0.06057677882805596,LogisticRegression_D_undersampled
gon,text__gon,"""gon""",word,-0.060498577666313016,0.060498577666313016,LogisticRegression_D_undersampled
waheed,text__waheed,"""waheed""",word,-0.060465698353684774,0.060465698353684774,LogisticRegression_D_undersampled
deserve,text__deserve,"""deserve""",word,-0.06034656544948524,0.06034656544948524,LogisticRegression_D_undersampled
emotional,text__emotional,"""emotional""",word,-0.060313645391091214,0.060313645391091214,LogisticRegression_D_undersampled
bridge,text__bridge,"""bridge""",word,-0.060272339261713964,0.060272339261713964,LogisticRegression_D_undersampled
blood,text__blood,"""blood""",word,0.06025299062896051,0.06025299062896051,LogisticRegression_D_undersampled
sat,text__sat,"""sat""",word,-0.06017201472765162,0.06017201472765162,LogisticRegression_D_undersampled
laughing,text__laughing,"""laughing""",word,0.06011120386745652,0.06011120386745652,LogisticRegression_D_undersampled
grows,text__grows,"""grows""",word,-0.0600982947945818,0.0600982947945818,LogisticRegression_D_undersampled
began,text__began,"""began""",word,0.0600614000934663,0.0600614000934663,LogisticRegression_D_undersampled
passion,text__passion,"""passion""",word,0.06001751655644169,0.06001751655644169,LogisticRegression_D_undersampled
adam,text__adam,"""adam""",word,-0.059849443192111655,0.059849443192111655,LogisticRegression_D_undersampled
nobody,text__nobody,"""nobody""",word,-0.059811146000092845,0.059811146000092845,LogisticRegression_D_undersampled
probably,text__probably,"""probably""",word,0.05975321259962345,0.05975321259962345,LogisticRegression_D_undersampled
knew,text__knew,"""knew""",word,0.059741154003110884,0.059741154003110884,LogisticRegression_D_undersampled
creating,text__creating,"""creating""",word,-0.05968731482474036,0.05968731482474036,LogisticRegression_D_undersampled
used,text__used,"""used""",word,-0.05964183876581224,0.05964183876581224,LogisticRegression_D_undersampled
seen,text__seen,"""seen""",word,-0.05962096280005068,0.05962096280005068,LogisticRegression_D_undersampled
decide,text__decide,"""decide""",word,-0.05947280294933593,0.05947280294933593,LogisticRegression_D_undersampled
queen,text__queen,"""queen""",word,0.05945336285028315,0.05945336285028315,LogisticRegression_D_undersampled
stick,text__stick,"""stick""",word,-0.05924721671616533,0.05924721671616533,LogisticRegression_D_undersampled
exception,text__exception,"""exception""",word,0.059243716285222583,0.059243716285222583,LogisticRegression_D_undersampled
blown,text__blown,"""blown""",word,-0.059233342518415465,0.059233342518415465,LogisticRegression_D_undersampled
ton,text__ton,"""ton""",word,0.05919406346767824,0.05919406346767824,LogisticRegression_D_undersampled
perhaps,text__perhaps,"""perhaps""",word,0.05914808711395291,0.05914808711395291,LogisticRegression_D_undersampled
find,text__find,"""find""",word,0.05906782504726499,0.05906782504726499,LogisticRegression_D_undersampled
given,text__given,"""given""",word,0.059065837247266675,0.059065837247266675,LogisticRegression_D_undersampled
see,text__see,"""see""",word,0.05904697392213419,0.05904697392213419,LogisticRegression_D_undersampled
town,text__town,"""town""",word,0.05901613117923325,0.05901613117923325,LogisticRegression_D_undersampled
serious,text__serious,"""serious""",word,0.05881628252655128,0.05881628252655128,LogisticRegression_D_undersampled
drinking,text__drinking,"""drinking""",word,0.058810230376294244,0.058810230376294244,LogisticRegression_D_undersampled
main,text__main,"""main""",word,-0.05876154497516139,0.05876154497516139,LogisticRegression_D_undersampled
father,text__father,"""father""",word,0.05874189514005302,0.05874189514005302,LogisticRegression_D_undersampled
said,text__said,"""said""",word,-0.0585621222896739,0.0585621222896739,LogisticRegression_D_undersampled
importance,text__importance,"""importance""",word,-0.05848656488009769,0.05848656488009769,LogisticRegression_D_undersampled
trojan,text__trojan,"""trojan""",word,-0.05843039198006736,0.05843039198006736,LogisticRegression_D_undersampled
choose,text__choose,"""choose""",word,-0.058402186177751655,0.058402186177751655,LogisticRegression_D_undersampled
england,text__england,"""england""",word,0.05834752542258829,0.05834752542258829,LogisticRegression_D_undersampled
published,text__published,"""published""",word,0.058337373093917025,0.058337373093917025,LogisticRegression_D_undersampled
famous,text__famous,"""famous""",word,0.058291861139209374,0.058291861139209374,LogisticRegression_D_undersampled
whole,text__whole,"""whole""",word,-0.058209338698261934,0.058209338698261934,LogisticRegression_D_undersampled
perfect,text__perfect,"""perfect""",word,-0.05809543392043361,0.05809543392043361,LogisticRegression_D_undersampled
thoroughly,text__thoroughly,"""thoroughly""",word,0.058083042410080866,0.058083042410080866,LogisticRegression_D_undersampled
stage,text__stage,"""stage""",word,0.0580455332442639,0.0580455332442639,LogisticRegression_D_undersampled
random,text__random,"""random""",word,-0.057914840364743245,0.057914840364743245,LogisticRegression_D_undersampled
remain,text__remain,"""remain""",word,-0.05783027502808336,0.05783027502808336,LogisticRegression_D_undersampled
ride,text__ride,"""ride""",word,0.05776187093182037,0.05776187093182037,LogisticRegression_D_undersampled
literally,text__literally,"""literally""",word,0.057560972392172456,0.057560972392172456,LogisticRegression_D_undersampled
commentary,text__commentary,"""commentary""",word,0.05753553325168979,0.05753553325168979,LogisticRegression_D_undersampled
seemed,text__seemed,"""seemed""",word,-0.05747005035664288,0.05747005035664288,LogisticRegression_D_undersampled
open,text__open,"""open""",word,-0.05740179667166415,0.05740179667166415,LogisticRegression_D_undersampled
rating_diff,numeric__rating_diff,rating_diff,numeric,-0.057398554216209374,0.057398554216209374,LogisticRegression_D_undersampled
john,text__john,"""john""",word,0.05739493713656683,0.05739493713656683,LogisticRegression_D_undersampled
memorable,text__memorable,"""memorable""",word,0.0573379671053774,0.0573379671053774,LogisticRegression_D_undersampled
sylvia,text__sylvia,"""sylvia""",word,-0.05733771399489757,0.05733771399489757,LogisticRegression_D_undersampled
nice,text__nice,"""nice""",word,-0.05724765807430924,0.05724765807430924,LogisticRegression_D_undersampled
deeper,text__deeper,"""deeper""",word,0.05704306947775314,0.05704306947775314,LogisticRegression_D_undersampled
creates,text__creates,"""creates""",word,0.05700465734187166,0.05700465734187166,LogisticRegression_D_undersampled
sorrow,text__sorrow,"""sorrow""",word,0.056937431604554486,0.056937431604554486,LogisticRegression_D_undersampled
plus,text__plus,"""plus""",word,0.056922879833323926,0.056922879833323926,LogisticRegression_D_undersampled
process,text__process,"""process""",word,0.05683715344945443,0.05683715344945443,LogisticRegression_D_undersampled
usual,text__usual,"""usual""",word,-0.05679172628799203,0.05679172628799203,LogisticRegression_D_undersampled
hand,text__hand,"""hand""",word,0.05675932146444795,0.05675932146444795,LogisticRegression_D_undersampled
mean,text__mean,"""mean""",word,0.05667922950608701,0.05667922950608701,LogisticRegression_D_undersampled
cool,text__cool,"""cool""",word,0.05662804316043026,0.05662804316043026,LogisticRegression_D_undersampled
meaningful,text__meaningful,"""meaningful""",word,0.05659973559393106,0.05659973559393106,LogisticRegression_D_undersampled
http,text__http,"""http""",word,0.05654870711624463,0.05654870711624463,LogisticRegression_D_undersampled
amount,text__amount,"""amount""",word,-0.05640678799081551,0.05640678799081551,LogisticRegression_D_undersampled
university,text__university,"""university""",word,0.05633021697346266,0.05633021697346266,LogisticRegression_D_undersampled
raw,text__raw,"""raw""",word,0.056218543573610516,0.056218543573610516,LogisticRegression_D_undersampled
bring,text__bring,"""bring""",word,0.05621670451403579,0.05621670451403579,LogisticRegression_D_undersampled
regret,text__regret,"""regret""",word,-0.05620349240332049,0.05620349240332049,LogisticRegression_D_undersampled
granted,text__granted,"""granted""",word,-0.05611389624700928,0.05611389624700928,LogisticRegression_D_undersampled
haunting,text__haunting,"""haunting""",word,0.05609553410140532,0.05609553410140532,LogisticRegression_D_undersampled
make,text__make,"""make""",word,0.055828966998170935,0.055828966998170935,LogisticRegression_D_undersampled
virgil,text__virgil,"""virgil""",word,0.055795573761421,0.055795573761421,LogisticRegression_D_undersampled
despair,text__despair,"""despair""",word,0.055774218367121355,0.055774218367121355,LogisticRegression_D_undersampled
showed,text__showed,"""showed""",word,0.05575315198972952,0.05575315198972952,LogisticRegression_D_undersampled
hundred,text__hundred,"""hundred""",word,0.05574644718883812,0.05574644718883812,LogisticRegression_D_undersampled
theme,text__theme,"""theme""",word,0.05569882427990822,0.05569882427990822,LogisticRegression_D_undersampled
painting,text__painting,"""painting""",word,-0.05567440582538322,0.05567440582538322,LogisticRegression_D_undersampled
challenge,text__challenge,"""challenge""",word,0.055665101667771666,0.055665101667771666,LogisticRegression_D_undersampled
illustration,text__illustration,"""illustration""",word,-0.055661603989086636,0.055661603989086636,LogisticRegression_D_undersampled
wanted,text__wanted,"""wanted""",word,0.05560200293954101,0.05560200293954101,LogisticRegression_D_undersampled
cruel,text__cruel,"""cruel""",word,0.05545195756527185,0.05545195756527185,LogisticRegression_D_undersampled
violent,text__violent,"""violent""",word,-0.05544143753788165,0.05544143753788165,LogisticRegression_D_undersampled
ya,text__ya,"""ya""",word,0.05533364057291246,0.05533364057291246,LogisticRegression_D_undersampled
aeneas,text__aeneas,"""aeneas""",word,-0.05524164997510513,0.05524164997510513,LogisticRegression_D_undersampled
disturbing,text__disturbing,"""disturbing""",word,0.05510448010703766,0.05510448010703766,LogisticRegression_D_undersampled
plan,text__plan,"""plan""",word,0.05509830348908786,0.05509830348908786,LogisticRegression_D_undersampled
hill,text__hill,"""hill""",word,0.05503808015707347,0.05503808015707347,LogisticRegression_D_undersampled
rhythm,text__rhythm,"""rhythm""",word,0.05501731443502804,0.05501731443502804,LogisticRegression_D_undersampled
bird,text__bird,"""bird""",word,0.05487748918783019,0.05487748918783019,LogisticRegression_D_undersampled
devil,text__devil,"""devil""",word,0.05485127488360076,0.05485127488360076,LogisticRegression_D_undersampled
help,text__help,"""help""",word,0.054800050415743685,0.054800050415743685,LogisticRegression_D_undersampled
gay,text__gay,"""gay""",word,0.054723937578536885,0.054723937578536885,LogisticRegression_D_undersampled
plot,text__plot,"""plot""",word,0.05467073812545266,0.05467073812545266,LogisticRegression_D_undersampled
film,text__film,"""film""",word,0.05457829601209953,0.05457829601209953,LogisticRegression_D_undersampled
admit,text__admit,"""admit""",word,-0.05457300638920446,0.05457300638920446,LogisticRegression_D_undersampled
entertaining,text__entertaining,"""entertaining""",word,0.05450925924682823,0.05450925924682823,LogisticRegression_D_undersampled
narrator,text__narrator,"""narrator""",word,0.0544369508769504,0.0544369508769504,LogisticRegression_D_undersampled
game,text__game,"""game""",word,-0.054348105876264347,0.054348105876264347,LogisticRegression_D_undersampled
hear,text__hear,"""hear""",word,-0.05429427990697822,0.05429427990697822,LogisticRegression_D_undersampled
humor,text__humor,"""humor""",word,0.054197419287304316,0.054197419287304316,LogisticRegression_D_undersampled
table,text__table,"""table""",word,0.054197363917355634,0.054197363917355634,LogisticRegression_D_undersampled
warrior,text__warrior,"""warrior""",word,-0.05416392370883178,0.05416392370883178,LogisticRegression_D_undersampled
necessarily,text__necessarily,"""necessarily""",word,-0.05404216178377809,0.05404216178377809,LogisticRegression_D_undersampled
basic,text__basic,"""basic""",word,-0.05402518240266035,0.05402518240266035,LogisticRegression_D_undersampled
talked,text__talked,"""talked""",word,-0.053922249345180376,0.053922249345180376,LogisticRegression_D_undersampled
specific,text__specific,"""specific""",word,-0.0538614544907696,0.0538614544907696,LogisticRegression_D_undersampled
related,text__related,"""related""",word,0.05379967675583053,0.05379967675583053,LogisticRegression_D_undersampled
yellow,text__yellow,"""yellow""",word,0.05379315705197102,0.05379315705197102,LogisticRegression_D_undersampled
companion,text__companion,"""companion""",word,0.05378575779905869,0.05378575779905869,LogisticRegression_D_undersampled
meditation,text__meditation,"""meditation""",word,0.05378242210355878,0.05378242210355878,LogisticRegression_D_undersampled
kind,text__kind,"""kind""",word,-0.053736641619311645,0.053736641619311645,LogisticRegression_D_undersampled
normally,text__normally,"""normally""",word,0.05366959856804696,0.05366959856804696,LogisticRegression_D_undersampled
kill,text__kill,"""kill""",word,0.0535449649123955,0.0535449649123955,LogisticRegression_D_undersampled
parent,text__parent,"""parent""",word,0.05353955599489953,0.05353955599489953,LogisticRegression_D_undersampled
circle,text__circle,"""circle""",word,0.053502596443878656,0.053502596443878656,LogisticRegression_D_undersampled
thinking,text__thinking,"""thinking""",word,0.05347003441634388,0.05347003441634388,LogisticRegression_D_undersampled
forget,text__forget,"""forget""",word,0.0534658758979288,0.0534658758979288,LogisticRegression_D_undersampled
guy,text__guy,"""guy""",word,0.05332769242105242,0.05332769242105242,LogisticRegression_D_undersampled
third,text__third,"""third""",word,-0.05327957786103386,0.05327957786103386,LogisticRegression_D_undersampled
moon,text__moon,"""moon""",word,0.05327316740261849,0.05327316740261849,LogisticRegression_D_undersampled
york,text__york,"""york""",word,-0.05325855627473911,0.05325855627473911,LogisticRegression_D_undersampled
rough,text__rough,"""rough""",word,-0.05304499454466497,0.05304499454466497,LogisticRegression_D_undersampled
rereading,text__rereading,"""rereading""",word,-0.05291281138499027,0.05291281138499027,LogisticRegression_D_undersampled
laughed,text__laughed,"""laughed""",word,0.0527628686440698,0.0527628686440698,LogisticRegression_D_undersampled
hard,text__hard,"""hard""",word,0.05269490274727016,0.05269490274727016,LogisticRegression_D_undersampled
ohio,text__ohio,"""ohio""",word,-0.05267928298725792,0.05267928298725792,LogisticRegression_D_undersampled
two,text__two,"""two""",word,-0.05262166138833201,0.05262166138833201,LogisticRegression_D_undersampled
still,text__still,"""still""",word,-0.05257159738049764,0.05257159738049764,LogisticRegression_D_undersampled
reference,text__reference,"""reference""",word,0.052535693037252376,0.052535693037252376,LogisticRegression_D_undersampled
crazy,text__crazy,"""crazy""",word,0.05248756641520304,0.05248756641520304,LogisticRegression_D_undersampled
view,text__view,"""view""",word,0.052397283710589444,0.052397283710589444,LogisticRegression_D_undersampled
nicu,text__nicu,"""nicu""",word,0.052321199417814136,0.052321199417814136,LogisticRegression_D_undersampled
incredible,text__incredible,"""incredible""",word,-0.05231918572965181,0.05231918572965181,LogisticRegression_D_undersampled
listen,text__listen,"""listen""",word,0.0522850093270183,0.0522850093270183,LogisticRegression_D_undersampled
kid,text__kid,"""kid""",word,-0.0522611668699567,0.0522611668699567,LogisticRegression_D_undersampled
satan,text__satan,"""satan""",word,-0.05214346343621731,0.05214346343621731,LogisticRegression_D_undersampled
wrote,text__wrote,"""wrote""",word,0.05213393326588393,0.05213393326588393,LogisticRegression_D_undersampled
listened,text__listened,"""listened""",word,0.05198755698548937,0.05198755698548937,LogisticRegression_D_undersampled
whether,text__whether,"""whether""",word,0.05193167546660468,0.05193167546660468,LogisticRegression_D_undersampled
female,text__female,"""female""",word,-0.05177863545239551,0.05177863545239551,LogisticRegression_D_undersampled
news,text__news,"""news""",word,0.051717603235259035,0.051717603235259035,LogisticRegression_D_undersampled
draw,text__draw,"""draw""",word,-0.051685667910707396,0.051685667910707396,LogisticRegression_D_undersampled
flow,text__flow,"""flow""",word,0.05165655422391751,0.05165655422391751,LogisticRegression_D_undersampled
suicide,text__suicide,"""suicide""",word,0.0516481727404807,0.0516481727404807,LogisticRegression_D_undersampled
mix,text__mix,"""mix""",word,0.051531440015207756,0.051531440015207756,LogisticRegression_D_undersampled
happened,text__happened,"""happened""",word,0.05143745254452183,0.05143745254452183,LogisticRegression_D_undersampled
regardless,text__regardless,"""regardless""",word,0.051373705950127156,0.051373705950127156,LogisticRegression_D_undersampled
shelf,text__shelf,"""shelf""",word,-0.05134483628224701,0.05134483628224701,LogisticRegression_D_undersampled
witness,text__witness,"""witness""",word,-0.05134059084949533,0.05134059084949533,LogisticRegression_D_undersampled
brave,text__brave,"""brave""",word,0.05134048440882385,0.05134048440882385,LogisticRegression_D_undersampled
complex,text__complex,"""complex""",word,-0.05131395704523685,0.05131395704523685,LogisticRegression_D_undersampled
sin,text__sin,"""sin""",word,0.051301209047941915,0.051301209047941915,LogisticRegression_D_undersampled
misadventure,text__misadventure,"""misadventure""",word,-0.051203876815383645,0.051203876815383645,LogisticRegression_D_undersampled
rhyme,text__rhyme,"""rhyme""",word,-0.05118452532988457,0.05118452532988457,LogisticRegression_D_undersampled
appreciated,text__appreciated,"""appreciated""",word,-0.051167700730681345,0.051167700730681345,LogisticRegression_D_undersampled
rule,text__rule,"""rule""",word,0.051155230688227575,0.051155230688227575,LogisticRegression_D_undersampled
novel,text__novel,"""novel""",word,0.051149656523474536,0.051149656523474536,LogisticRegression_D_undersampled
english,text__english,"""english""",word,0.05109104486546658,0.05109104486546658,LogisticRegression_D_undersampled
comedy,text__comedy,"""comedy""",word,0.05106070510682335,0.05106070510682335,LogisticRegression_D_undersampled
ridiculous,text__ridiculous,"""ridiculous""",word,0.05104429683401016,0.05104429683401016,LogisticRegression_D_undersampled
fighting,text__fighting,"""fighting""",word,-0.051028948987927175,0.051028948987927175,LogisticRegression_D_undersampled
breath,text__breath,"""breath""",word,0.050989289236248146,0.050989289236248146,LogisticRegression_D_undersampled
ahead,text__ahead,"""ahead""",word,0.05092388159478572,0.05092388159478572,LogisticRegression_D_undersampled
repeated,text__repeated,"""repeated""",word,-0.05091727042367998,0.05091727042367998,LogisticRegression_D_undersampled
anymore,text__anymore,"""anymore""",word,0.05085949114915742,0.05085949114915742,LogisticRegression_D_undersampled
ask,text__ask,"""ask""",word,0.050809065163317166,0.050809065163317166,LogisticRegression_D_undersampled
stopped,text__stopped,"""stopped""",word,0.050802558702007415,0.050802558702007415,LogisticRegression_D_undersampled
user_rating,numeric__user_rating,user_rating,numeric,0.05078042913661742,0.05078042913661742,LogisticRegression_D_undersampled
excellent,text__excellent,"""excellent""",word,0.05068514524800938,0.05068514524800938,LogisticRegression_D_undersampled
sadness,text__sadness,"""sadness""",word,-0.050669631772525106,0.050669631772525106,LogisticRegression_D_undersampled
season,text__season,"""season""",word,0.050661107197242594,0.050661107197242594,LogisticRegression_D_undersampled
city,text__city,"""city""",word,-0.050639559098363054,0.050639559098363054,LogisticRegression_D_undersampled
prufrock,text__prufrock,"""prufrock""",word,0.05049739333553916,0.05049739333553916,LogisticRegression_D_undersampled
could,text__could,"""could""",word,-0.0504195495658748,0.0504195495658748,LogisticRegression_D_undersampled
sit,text__sit,"""sit""",word,0.05039300133585108,0.05039300133585108,LogisticRegression_D_undersampled
explain,text__explain,"""explain""",word,0.05021316386930998,0.05021316386930998,LogisticRegression_D_undersampled
lupita,text__lupita,"""lupita""",word,-0.05014318677417809,0.05014318677417809,LogisticRegression_D_undersampled
overall,text__overall,"""overall""",word,-0.05012191079762566,0.05012191079762566,LogisticRegression_D_undersampled
sleep,text__sleep,"""sleep""",word,0.050070283434382475,0.050070283434382475,LogisticRegression_D_undersampled
hour,text__hour,"""hour""",word,-0.05003924290642519,0.05003924290642519,LogisticRegression_D_undersampled
clothes,text__clothes,"""clothes""",word,0.0499928889376485,0.0499928889376485,LogisticRegression_D_undersampled
decided,text__decided,"""decided""",word,-0.04998909637382006,0.04998909637382006,LogisticRegression_D_undersampled
sarah,text__sarah,"""sarah""",word,0.049891450417775145,0.049891450417775145,LogisticRegression_D_undersampled
latin,text__latin,"""latin""",word,-0.04969963322695462,0.04969963322695462,LogisticRegression_D_undersampled
drunk,text__drunk,"""drunk""",word,0.04969432525387932,0.04969432525387932,LogisticRegression_D_undersampled
measure,text__measure,"""measure""",word,0.04964657366405168,0.04964657366405168,LogisticRegression_D_undersampled
enjoyment,text__enjoyment,"""enjoyment""",word,0.049604697981130375,0.049604697981130375,LogisticRegression_D_undersampled
became,text__became,"""became""",word,0.049408128570333595,0.049408128570333595,LogisticRegression_D_undersampled
penelope,text__penelope,"""penelope""",word,-0.04936018481570142,0.04936018481570142,LogisticRegression_D_undersampled
discover,text__discover,"""discover""",word,0.049325439820996866,0.049325439820996866,LogisticRegression_D_undersampled
tv,text__tv,"""tv""",word,0.04925633750858921,0.04925633750858921,LogisticRegression_D_undersampled
sky,text__sky,"""sky""",word,0.04922750893544465,0.04922750893544465,LogisticRegression_D_undersampled
greatest,text__greatest,"""greatest""",word,-0.049163884582362205,0.049163884582362205,LogisticRegression_D_undersampled
living,text__living,"""living""",word,0.04915690218646761,0.04915690218646761,LogisticRegression_D_undersampled
required,text__required,"""required""",word,-0.04906105298505801,0.04906105298505801,LogisticRegression_D_undersampled
daily,text__daily,"""daily""",word,0.04892656965595968,0.04892656965595968,LogisticRegression_D_undersampled
occasionally,text__occasionally,"""occasionally""",word,0.04883313668405348,0.04883313668405348,LogisticRegression_D_undersampled
rage,text__rage,"""rage""",word,0.048776421296885815,0.048776421296885815,LogisticRegression_D_undersampled
williams,text__williams,"""williams""",word,-0.048765933465752045,0.048765933465752045,LogisticRegression_D_undersampled
tired,text__tired,"""tired""",word,0.048728806146115834,0.048728806146115834,LogisticRegression_D_undersampled
control,text__control,"""control""",word,0.048702410813454625,0.048702410813454625,LogisticRegression_D_undersampled
young,text__young,"""young""",word,-0.04868097147988436,0.04868097147988436,LogisticRegression_D_undersampled
killed,text__killed,"""killed""",word,-0.04867376202060455,0.04867376202060455,LogisticRegression_D_undersampled
entry,text__entry,"""entry""",word,-0.048601115321017116,0.048601115321017116,LogisticRegression_D_undersampled
describing,text__describing,"""describing""",word,0.04859141899805173,0.04859141899805173,LogisticRegression_D_undersampled
boy,text__boy,"""boy""",word,-0.04856346019664946,0.04856346019664946,LogisticRegression_D_undersampled
dying,text__dying,"""dying""",word,-0.04833760191222689,0.04833760191222689,LogisticRegression_D_undersampled
begin,text__begin,"""begin""",word,0.04828885159173243,0.04828885159173243,LogisticRegression_D_undersampled
teen,text__teen,"""teen""",word,-0.04820920365302821,0.04820920365302821,LogisticRegression_D_undersampled
fresh,text__fresh,"""fresh""",word,0.04813790950467949,0.04813790950467949,LogisticRegression_D_undersampled
higher,text__higher,"""higher""",word,0.04813424794311168,0.04813424794311168,LogisticRegression_D_undersampled
month,text__month,"""month""",word,-0.04810261061543459,0.04810261061543459,LogisticRegression_D_undersampled
beauty,text__beauty,"""beauty""",word,0.04801371138773222,0.04801371138773222,LogisticRegression_D_undersampled
series,text__series,"""series""",word,0.047933159915613116,0.047933159915613116,LogisticRegression_D_undersampled
perfectly,text__perfectly,"""perfectly""",word,0.04792225594979714,0.04792225594979714,LogisticRegression_D_undersampled
mistake,text__mistake,"""mistake""",word,0.047895579693612446,0.047895579693612446,LogisticRegression_D_undersampled
kiss,text__kiss,"""kiss""",word,-0.04789477782708919,0.04789477782708919,LogisticRegression_D_undersampled
statement,text__statement,"""statement""",word,-0.04785971658439168,0.04785971658439168,LogisticRegression_D_undersampled
element,text__element,"""element""",word,-0.04782587349196668,0.04782587349196668,LogisticRegression_D_undersampled
impressive,text__impressive,"""impressive""",word,0.04779836926480028,0.04779836926480028,LogisticRegression_D_undersampled
taken,text__taken,"""taken""",word,0.047793152726875524,0.047793152726875524,LogisticRegression_D_undersampled
life,text__life,"""life""",word,0.04773753709674721,0.04773753709674721,LogisticRegression_D_undersampled
comfortable,text__comfortable,"""comfortable""",word,-0.04773736229360784,0.04773736229360784,LogisticRegression_D_undersampled
context,text__context,"""context""",word,0.0475688863495328,0.0475688863495328,LogisticRegression_D_undersampled
truly,text__truly,"""truly""",word,-0.047519677314871875,0.047519677314871875,LogisticRegression_D_undersampled
order,text__order,"""order""",word,-0.04751751045554056,0.04751751045554056,LogisticRegression_D_undersampled
holding,text__holding,"""holding""",word,-0.04735110941361815,0.04735110941361815,LogisticRegression_D_undersampled
lack,text__lack,"""lack""",word,0.047328673389704215,0.047328673389704215,LogisticRegression_D_undersampled
deep,text__deep,"""deep""",word,-0.047143955547677335,0.047143955547677335,LogisticRegression_D_undersampled
verse,text__verse,"""verse""",word,-0.047030320967083816,0.047030320967083816,LogisticRegression_D_undersampled
deserves,text__deserves,"""deserves""",word,-0.04693793368502119,0.04693793368502119,LogisticRegression_D_undersampled
laugh,text__laugh,"""laugh""",word,0.046887735721266546,0.046887735721266546,LogisticRegression_D_undersampled
paris,text__paris,"""paris""",word,-0.046860293717519735,0.046860293717519735,LogisticRegression_D_undersampled
reach,text__reach,"""reach""",word,0.04684765431792239,0.04684765431792239,LogisticRegression_D_undersampled
influence,text__influence,"""influence""",word,-0.04671731963076253,0.04671731963076253,LogisticRegression_D_undersampled
engaging,text__engaging,"""engaging""",word,-0.04658674779966625,0.04658674779966625,LogisticRegression_D_undersampled
meter,text__meter,"""meter""",word,0.04651369285357063,0.04651369285357063,LogisticRegression_D_undersampled
loneliness,text__loneliness,"""loneliness""",word,0.04638930822741306,0.04638930822741306,LogisticRegression_D_undersampled
interest,text__interest,"""interest""",word,0.046366764244514885,0.046366764244514885,LogisticRegression_D_undersampled
piece,text__piece,"""piece""",word,0.04629159992197415,0.04629159992197415,LogisticRegression_D_undersampled
agree,text__agree,"""agree""",word,-0.04628572211363523,0.04628572211363523,LogisticRegression_D_undersampled
understood,text__understood,"""understood""",word,0.0462293853654365,0.0462293853654365,LogisticRegression_D_undersampled
ala,text__ala,"""ala""",word,-0.04622102197316084,0.04622102197316084,LogisticRegression_D_undersampled
unfortunately,text__unfortunately,"""unfortunately""",word,0.04619984456576158,0.04619984456576158,LogisticRegression_D_undersampled
around,text__around,"""around""",word,-0.046161786255134805,0.046161786255134805,LogisticRegression_D_undersampled
divine,text__divine,"""divine""",word,0.04610488926173745,0.04610488926173745,LogisticRegression_D_undersampled
tend,text__tend,"""tend""",word,-0.04600839627696682,0.04600839627696682,LogisticRegression_D_undersampled
highly,text__highly,"""highly""",word,-0.0459472252582104,0.0459472252582104,LogisticRegression_D_undersampled
form,text__form,"""form""",word,0.04592028725243473,0.04592028725243473,LogisticRegression_D_undersampled
willing,text__willing,"""willing""",word,0.045919330419974494,0.045919330419974494,LogisticRegression_D_undersampled
upon,text__upon,"""upon""",word,-0.04588847692333096,0.04588847692333096,LogisticRegression_D_undersampled
horrible,text__horrible,"""horrible""",word,0.0458808352093558,0.0458808352093558,LogisticRegression_D_undersampled
release,text__release,"""release""",word,-0.04586977056665937,0.04586977056665937,LogisticRegression_D_undersampled
often,text__often,"""often""",word,0.04582303758333945,0.04582303758333945,LogisticRegression_D_undersampled
magical,text__magical,"""magical""",word,0.045652791815473104,0.045652791815473104,LogisticRegression_D_undersampled
trust,text__trust,"""trust""",word,-0.04564350337546834,0.04564350337546834,LogisticRegression_D_undersampled
entirely,text__entirely,"""entirely""",word,0.045631410276160626,0.045631410276160626,LogisticRegression_D_undersampled
format,text__format,"""format""",word,-0.045615326267828694,0.045615326267828694,LogisticRegression_D_undersampled
covered,text__covered,"""covered""",word,-0.045605289895362354,0.045605289895362354,LogisticRegression_D_undersampled
oldest,text__oldest,"""oldest""",word,-0.04557368012181083,0.04557368012181083,LogisticRegression_D_undersampled
eating,text__eating,"""eating""",word,0.04548524301006253,0.04548524301006253,LogisticRegression_D_undersampled
visit,text__visit,"""visit""",word,0.045475223920036924,0.045475223920036924,LogisticRegression_D_undersampled
ellen,text__ellen,"""ellen""",word,-0.04546581711979799,0.04546581711979799,LogisticRegression_D_undersampled
calling,text__calling,"""calling""",word,-0.045453946100300166,0.045453946100300166,LogisticRegression_D_undersampled
attempt,text__attempt,"""attempt""",word,0.04544354063683449,0.04544354063683449,LogisticRegression_D_undersampled
becomes,text__becomes,"""becomes""",word,0.045433643395970044,0.045433643395970044,LogisticRegression_D_undersampled
study,text__study,"""study""",word,0.04540258195649745,0.04540258195649745,LogisticRegression_D_undersampled
fantasy,text__fantasy,"""fantasy""",word,0.04523836207247921,0.04523836207247921,LogisticRegression_D_undersampled
skin,text__skin,"""skin""",word,0.04523696958807225,0.04523696958807225,LogisticRegression_D_undersampled
society,text__society,"""society""",word,-0.045215171223768356,0.045215171223768356,LogisticRegression_D_undersampled
information,text__information,"""information""",word,0.04519038724055459,0.04519038724055459,LogisticRegression_D_undersampled
course,text__course,"""course""",word,-0.04511146424240932,0.04511146424240932,LogisticRegression_D_undersampled
extra,text__extra,"""extra""",word,0.04508620067988744,0.04508620067988744,LogisticRegression_D_undersampled
drug,text__drug,"""drug""",word,0.0450696960032843,0.0450696960032843,LogisticRegression_D_undersampled
awful,text__awful,"""awful""",word,-0.04503794483772861,0.04503794483772861,LogisticRegression_D_undersampled
throw,text__throw,"""throw""",word,0.04496064856174181,0.04496064856174181,LogisticRegression_D_undersampled
die,text__die,"""die""",word,0.044946748522705596,0.044946748522705596,LogisticRegression_D_undersampled
bookstore,text__bookstore,"""bookstore""",word,-0.04490894248605171,0.04490894248605171,LogisticRegression_D_undersampled
dirty,text__dirty,"""dirty""",word,0.04488183031549929,0.04488183031549929,LogisticRegression_D_undersampled
god,text__god,"""god""",word,0.04483578652334412,0.04483578652334412,LogisticRegression_D_undersampled
understanding,text__understanding,"""understanding""",word,0.04481788861297364,0.04481788861297364,LogisticRegression_D_undersampled
absolute,text__absolute,"""absolute""",word,0.044787248673216165,0.044787248673216165,LogisticRegression_D_undersampled
image,text__image,"""image""",word,0.044760391791720686,0.044760391791720686,LogisticRegression_D_undersampled
allow,text__allow,"""allow""",word,-0.044709387594472405,0.044709387594472405,LogisticRegression_D_undersampled
event,text__event,"""event""",word,-0.04469547324217472,0.04469547324217472,LogisticRegression_D_undersampled
opening,text__opening,"""opening""",word,-0.04467068229873511,0.04467068229873511,LogisticRegression_D_undersampled
sun,text__sun,"""sun""",word,0.044593920968418424,0.044593920968418424,LogisticRegression_D_undersampled
shared,text__shared,"""shared""",word,0.04453326211428663,0.04453326211428663,LogisticRegression_D_undersampled
decision,text__decision,"""decision""",word,0.04438132386334958,0.04438132386334958,LogisticRegression_D_undersampled
cloud,text__cloud,"""cloud""",word,0.044366711943458675,0.044366711943458675,LogisticRegression_D_undersampled
body,text__body,"""body""",word,-0.0443331866066624,0.0443331866066624,LogisticRegression_D_undersampled
excerpt,text__excerpt,"""excerpt""",word,0.044325879921516764,0.044325879921516764,LogisticRegression_D_undersampled
gut,text__gut,"""gut""",word,-0.04418859566665337,0.04418859566665337,LogisticRegression_D_undersampled
everyday,text__everyday,"""everyday""",word,0.04412527237651686,0.04412527237651686,LogisticRegression_D_undersampled
jess,text__jess,"""jess""",word,0.044074351609367575,0.044074351609367575,LogisticRegression_D_undersampled
evocative,text__evocative,"""evocative""",word,0.04405023002900064,0.04405023002900064,LogisticRegression_D_undersampled
tone,text__tone,"""tone""",word,0.04395804876282681,0.04395804876282681,LogisticRegression_D_undersampled
enter,text__enter,"""enter""",word,-0.04390312160839914,0.04390312160839914,LogisticRegression_D_undersampled
towards,text__towards,"""towards""",word,-0.04388660180001195,0.04388660180001195,LogisticRegression_D_undersampled
walk,text__walk,"""walk""",word,0.043668030112099174,0.043668030112099174,LogisticRegression_D_undersampled
therefore,text__therefore,"""therefore""",word,0.043615158020931674,0.043615158020931674,LogisticRegression_D_undersampled
everybody,text__everybody,"""everybody""",word,-0.043558849938152594,0.043558849938152594,LogisticRegression_D_undersampled
flower,text__flower,"""flower""",word,0.04351197393644349,0.04351197393644349,LogisticRegression_D_undersampled
repetitive,text__repetitive,"""repetitive""",word,-0.0434876230420597,0.0434876230420597,LogisticRegression_D_undersampled
feminism,text__feminism,"""feminism""",word,-0.04347476236837591,0.04347476236837591,LogisticRegression_D_undersampled
broke,text__broke,"""broke""",word,-0.04342085623968388,0.04342085623968388,LogisticRegression_D_undersampled
looking,text__looking,"""looking""",word,0.04331882797448557,0.04331882797448557,LogisticRegression_D_undersampled
stop,text__stop,"""stop""",word,0.04326200425619467,0.04326200425619467,LogisticRegression_D_undersampled
r,text__r,"""r""",word,-0.04310954350149326,0.04310954350149326,LogisticRegression_D_undersampled
change,text__change,"""change""",word,-0.0431043701545358,0.0431043701545358,LogisticRegression_D_undersampled
goddess,text__goddess,"""goddess""",word,-0.0430941281472697,0.0430941281472697,LogisticRegression_D_undersampled
onto,text__onto,"""onto""",word,0.04303056135746998,0.04303056135746998,LogisticRegression_D_undersampled
express,text__express,"""express""",word,0.04295107581499832,0.04295107581499832,LogisticRegression_D_undersampled
effect,text__effect,"""effect""",word,0.04294345772894957,0.04294345772894957,LogisticRegression_D_undersampled
easily,text__easily,"""easily""",word,-0.04291838755659592,0.04291838755659592,LogisticRegression_D_undersampled
angry,text__angry,"""angry""",word,0.042840546934343096,0.042840546934343096,LogisticRegression_D_undersampled
tried,text__tried,"""tried""",word,-0.04283429999575317,0.04283429999575317,LogisticRegression_D_undersampled
na,text__na,"""na""",word,-0.04279809066326076,0.04279809066326076,LogisticRegression_D_undersampled
fun,text__fun,"""fun""",word,0.04260079297462312,0.04260079297462312,LogisticRegression_D_undersampled
western,text__western,"""western""",word,-0.04255273534423027,0.04255273534423027,LogisticRegression_D_undersampled
earlier,text__earlier,"""earlier""",word,0.042505145320439204,0.042505145320439204,LogisticRegression_D_undersampled
continue,text__continue,"""continue""",word,0.042409692715225274,0.042409692715225274,LogisticRegression_D_undersampled
local,text__local,"""local""",word,0.04233508035596407,0.04233508035596407,LogisticRegression_D_undersampled
strike,text__strike,"""strike""",word,0.04231782145249971,0.04231782145249971,LogisticRegression_D_undersampled
baby,text__baby,"""baby""",word,0.0420579840936386,0.0420579840936386,LogisticRegression_D_undersampled
honestly,text__honestly,"""honestly""",word,0.04204815696910133,0.04204815696910133,LogisticRegression_D_undersampled
knight,text__knight,"""knight""",word,0.04200751570362704,0.04200751570362704,LogisticRegression_D_undersampled
empowering,text__empowering,"""empowering""",word,-0.04199015566383981,0.04199015566383981,LogisticRegression_D_undersampled
secret,text__secret,"""secret""",word,0.04194558869517325,0.04194558869517325,LogisticRegression_D_undersampled
well,text__well,"""well""",word,-0.04189603001043659,0.04189603001043659,LogisticRegression_D_undersampled
realized,text__realized,"""realized""",word,0.04185772345294762,0.04185772345294762,LogisticRegression_D_undersampled
along,text__along,"""along""",word,-0.04179317213253429,0.04179317213253429,LogisticRegression_D_undersampled
utterly,text__utterly,"""utterly""",word,-0.04171357116838349,0.04171357116838349,LogisticRegression_D_undersampled
revolution,text__revolution,"""revolution""",word,0.04164218575424157,0.04164218575424157,LogisticRegression_D_undersampled
length,text__length,"""length""",word,0.04152775753823062,0.04152775753823062,LogisticRegression_D_undersampled
sake,text__sake,"""sake""",word,-0.041505752283882875,0.041505752283882875,LogisticRegression_D_undersampled
separate,text__separate,"""separate""",word,-0.04144521713592718,0.04144521713592718,LogisticRegression_D_undersampled
walt,text__walt,"""walt""",word,0.04142733357350452,0.04142733357350452,LogisticRegression_D_undersampled
include,text__include,"""include""",word,0.04132475035675509,0.04132475035675509,LogisticRegression_D_undersampled
beast,text__beast,"""beast""",word,0.04123645212988899,0.04123645212988899,LogisticRegression_D_undersampled
memoir,text__memoir,"""memoir""",word,-0.041197029800112535,0.041197029800112535,LogisticRegression_D_undersampled
sigh,text__sigh,"""sigh""",word,-0.04116805294702711,0.04116805294702711,LogisticRegression_D_undersampled
funny,text__funny,"""funny""",word,0.040957600956197694,0.040957600956197694,LogisticRegression_D_undersampled
scattered,text__scattered,"""scattered""",word,-0.040832291603122524,0.040832291603122524,LogisticRegression_D_undersampled
deeply,text__deeply,"""deeply""",word,-0.04080729250095324,0.04080729250095324,LogisticRegression_D_undersampled
aware,text__aware,"""aware""",word,-0.04076202758762938,0.04076202758762938,LogisticRegression_D_undersampled
being,text__being,"""being""",word,0.040759481664362274,0.040759481664362274,LogisticRegression_D_undersampled
pas,text__pas,"""pas""",word,-0.04052299539697704,0.04052299539697704,LogisticRegression_D_undersampled
ultimately,text__ultimately,"""ultimately""",word,0.040456913679259104,0.040456913679259104,LogisticRegression_D_undersampled
pulled,text__pulled,"""pulled""",word,-0.040447293518202955,0.040447293518202955,LogisticRegression_D_undersampled
french,text__french,"""french""",word,-0.04037285087845392,0.04037285087845392,LogisticRegression_D_undersampled
vision,text__vision,"""vision""",word,-0.040312973188346146,0.040312973188346146,LogisticRegression_D_undersampled
unlike,text__unlike,"""unlike""",word,-0.04022718202376915,0.04022718202376915,LogisticRegression_D_undersampled
saw,text__saw,"""saw""",word,0.04022413567760505,0.04022413567760505,LogisticRegression_D_undersampled
shadow,text__shadow,"""shadow""",word,-0.04021097060734256,0.04021097060734256,LogisticRegression_D_undersampled
personal,text__personal,"""personal""",word,-0.040159486735347666,0.040159486735347666,LogisticRegression_D_undersampled
genius,text__genius,"""genius""",word,0.0401535635772515,0.0401535635772515,LogisticRegression_D_undersampled
b,text__b,"""b""",word,0.040120898219422156,0.040120898219422156,LogisticRegression_D_undersampled
greek,text__greek,"""greek""",word,0.04004847598133953,0.04004847598133953,LogisticRegression_D_undersampled
stand,text__stand,"""stand""",word,0.03994373958204429,0.03994373958204429,LogisticRegression_D_undersampled
positive,text__positive,"""positive""",word,0.039929709696930944,0.039929709696930944,LogisticRegression_D_undersampled
wise,text__wise,"""wise""",word,0.03983204081259484,0.03983204081259484,LogisticRegression_D_undersampled
surprised,text__surprised,"""surprised""",word,-0.0397689351986788,0.0397689351986788,LogisticRegression_D_undersampled
drink,text__drink,"""drink""",word,0.03973501758411224,0.03973501758411224,LogisticRegression_D_undersampled
holy,text__holy,"""holy""",word,0.03966901701601855,0.03966901701601855,LogisticRegression_D_undersampled
traditional,text__traditional,"""traditional""",word,-0.039656124731518014,0.039656124731518014,LogisticRegression_D_undersampled
blind,text__blind,"""blind""",word,0.03965305350790596,0.03965305350790596,LogisticRegression_D_undersampled
cliche,text__cliche,"""cliche""",word,0.03961543328298558,0.03961543328298558,LogisticRegression_D_undersampled
evening,text__evening,"""evening""",word,0.039476991114485424,0.039476991114485424,LogisticRegression_D_undersampled
odd,text__odd,"""odd""",word,-0.03928470881393388,0.03928470881393388,LogisticRegression_D_undersampled
marriage,text__marriage,"""marriage""",word,-0.039280381406345946,0.039280381406345946,LogisticRegression_D_undersampled
working,text__working,"""working""",word,-0.03923353044742615,0.03923353044742615,LogisticRegression_D_undersampled
innocence,text__innocence,"""innocence""",word,-0.03920715048258152,0.03920715048258152,LogisticRegression_D_undersampled
war,text__war,"""war""",word,-0.03918470577079903,0.03918470577079903,LogisticRegression_D_undersampled
type,text__type,"""type""",word,-0.039141360139791866,0.039141360139791866,LogisticRegression_D_undersampled
look,text__look,"""look""",word,0.03885187501558824,0.03885187501558824,LogisticRegression_D_undersampled
teenager,text__teenager,"""teenager""",word,0.03883531402123752,0.03883531402123752,LogisticRegression_D_undersampled
spot,text__spot,"""spot""",word,-0.038780807243888556,0.038780807243888556,LogisticRegression_D_undersampled
try,text__try,"""try""",word,0.038773155132886504,0.038773155132886504,LogisticRegression_D_undersampled
hilarious,text__hilarious,"""hilarious""",word,0.03871581142934497,0.03871581142934497,LogisticRegression_D_undersampled
inner,text__inner,"""inner""",word,0.03870933406233236,0.03870933406233236,LogisticRegression_D_undersampled
distance,text__distance,"""distance""",word,-0.03870158662544421,0.03870158662544421,LogisticRegression_D_undersampled
seek,text__seek,"""seek""",word,0.03866300215986784,0.03866300215986784,LogisticRegression_D_undersampled
eliot,text__eliot,"""eliot""",word,-0.03848506428585961,0.03848506428585961,LogisticRegression_D_undersampled
basho,text__basho,"""basho""",word,0.03843829022188817,0.03843829022188817,LogisticRegression_D_undersampled
number,text__number,"""number""",word,0.03839602424857468,0.03839602424857468,LogisticRegression_D_undersampled
brother,text__brother,"""brother""",word,0.038390300606136074,0.038390300606136074,LogisticRegression_D_undersampled
none,text__none,"""none""",word,0.03831262969357995,0.03831262969357995,LogisticRegression_D_undersampled
asking,text__asking,"""asking""",word,0.03817330927544366,0.03817330927544366,LogisticRegression_D_undersampled
typical,text__typical,"""typical""",word,-0.03813753509297311,0.03813753509297311,LogisticRegression_D_undersampled
ugly,text__ugly,"""ugly""",word,-0.03804847758300125,0.03804847758300125,LogisticRegression_D_undersampled
level,text__level,"""level""",word,-0.03794110799117589,0.03794110799117589,LogisticRegression_D_undersampled
manages,text__manages,"""manages""",word,0.03784006925896129,0.03784006925896129,LogisticRegression_D_undersampled
bad,text__bad,"""bad""",word,0.03779997164198614,0.03779997164198614,LogisticRegression_D_undersampled
us,text__us,"""us""",word,-0.037783522642200605,0.037783522642200605,LogisticRegression_D_undersampled
till,text__till,"""till""",word,0.037635823245241416,0.037635823245241416,LogisticRegression_D_undersampled
spend,text__spend,"""spend""",word,-0.03760267574249907,0.03760267574249907,LogisticRegression_D_undersampled
apart,text__apart,"""apart""",word,-0.03759725097831295,0.03759725097831295,LogisticRegression_D_undersampled
wind,text__wind,"""wind""",word,0.03759388419921821,0.03759388419921821,LogisticRegression_D_undersampled
originally,text__originally,"""originally""",word,-0.03752190056529534,0.03752190056529534,LogisticRegression_D_undersampled
knowledge,text__knowledge,"""knowledge""",word,-0.03745148806784712,0.03745148806784712,LogisticRegression_D_undersampled
frost,text__frost,"""frost""",word,-0.037368849219564904,0.037368849219564904,LogisticRegression_D_undersampled
choice,text__choice,"""choice""",word,0.03733990184253039,0.03733990184253039,LogisticRegression_D_undersampled
endless,text__endless,"""endless""",word,0.03724493734523313,0.03724493734523313,LogisticRegression_D_undersampled
avoid,text__avoid,"""avoid""",word,-0.037178067589924896,0.037178067589924896,LogisticRegression_D_undersampled
close,text__close,"""close""",word,-0.03714708138323426,0.03714708138323426,LogisticRegression_D_undersampled
bloom,text__bloom,"""bloom""",word,-0.037137230803526,0.037137230803526,LogisticRegression_D_undersampled
general,text__general,"""general""",word,-0.037076929122592917,0.037076929122592917,LogisticRegression_D_undersampled
recognize,text__recognize,"""recognize""",word,0.03704203201228548,0.03704203201228548,LogisticRegression_D_undersampled
constantly,text__constantly,"""constantly""",word,-0.037007756493767564,0.037007756493767564,LogisticRegression_D_undersampled
money,text__money,"""money""",word,0.03693589789815971,0.03693589789815971,LogisticRegression_D_undersampled
birthday,text__birthday,"""birthday""",word,0.036895942216065666,0.036895942216065666,LogisticRegression_D_undersampled
concept,text__concept,"""concept""",word,0.036754488758657056,0.036754488758657056,LogisticRegression_D_undersampled
passionate,text__passionate,"""passionate""",word,0.036713143890018334,0.036713143890018334,LogisticRegression_D_undersampled
say,text__say,"""say""",word,0.036557844943484664,0.036557844943484664,LogisticRegression_D_undersampled
dy,text__dy,"""dy""",word,-0.03655129129704353,0.03655129129704353,LogisticRegression_D_undersampled
lay,text__lay,"""lay""",word,0.03648839595334787,0.03648839595334787,LogisticRegression_D_undersampled
point,text__point,"""point""",word,0.03646647969198545,0.03646647969198545,LogisticRegression_D_undersampled
pause,text__pause,"""pause""",word,-0.036378601474306375,0.036378601474306375,LogisticRegression_D_undersampled
individual,text__individual,"""individual""",word,0.03629149575128422,0.03629149575128422,LogisticRegression_D_undersampled
cut,text__cut,"""cut""",word,0.03628818927548246,0.03628818927548246,LogisticRegression_D_undersampled
contemporary,text__contemporary,"""contemporary""",word,-0.03627581489271924,0.03627581489271924,LogisticRegression_D_undersampled
horse,text__horse,"""horse""",word,0.03625228807491329,0.03625228807491329,LogisticRegression_D_undersampled
neruda,text__neruda,"""neruda""",word,0.03619295474327809,0.03619295474327809,LogisticRegression_D_undersampled
object,text__object,"""object""",word,0.036120923170900154,0.036120923170900154,LogisticRegression_D_undersampled
humanity,text__humanity,"""humanity""",word,-0.036100688560449394,0.036100688560449394,LogisticRegression_D_undersampled
half,text__half,"""half""",word,-0.03609871829257838,0.03609871829257838,LogisticRegression_D_undersampled
rape,text__rape,"""rape""",word,-0.03607415563451274,0.03607415563451274,LogisticRegression_D_undersampled
madness,text__madness,"""madness""",word,0.03603829768830726,0.03603829768830726,LogisticRegression_D_undersampled
intended,text__intended,"""intended""",word,0.03598942312695249,0.03598942312695249,LogisticRegression_D_undersampled
men,text__men,"""men""",word,0.03597088628550138,0.03597088628550138,LogisticRegression_D_undersampled
due,text__due,"""due""",word,0.03593928509770863,0.03593928509770863,LogisticRegression_D_undersampled
wake,text__wake,"""wake""",word,0.03591713828346674,0.03591713828346674,LogisticRegression_D_undersampled
question,text__question,"""question""",word,-0.03589049864992075,0.03589049864992075,LogisticRegression_D_undersampled
happy,text__happy,"""happy""",word,-0.035847627592059506,0.035847627592059506,LogisticRegression_D_undersampled
source,text__source,"""source""",word,0.03581968516750887,0.03581968516750887,LogisticRegression_D_undersampled
natural,text__natural,"""natural""",word,0.035799069632942424,0.035799069632942424,LogisticRegression_D_undersampled
sharing,text__sharing,"""sharing""",word,0.03576647886368831,0.03576647886368831,LogisticRegression_D_undersampled
stream,text__stream,"""stream""",word,-0.035765081893385856,0.035765081893385856,LogisticRegression_D_undersampled
expectation,text__expectation,"""expectation""",word,0.035739314966606185,0.035739314966606185,LogisticRegression_D_undersampled
movement,text__movement,"""movement""",word,-0.035643425328205955,0.035643425328205955,LogisticRegression_D_undersampled
weak,text__weak,"""weak""",word,-0.035630459395245506,0.035630459395245506,LogisticRegression_D_undersampled
smile,text__smile,"""smile""",word,0.03561508561826738,0.03561508561826738,LogisticRegression_D_undersampled
rather,text__rather,"""rather""",word,0.03560320889764625,0.03560320889764625,LogisticRegression_D_undersampled
suck,text__suck,"""suck""",word,0.03559577248508126,0.03559577248508126,LogisticRegression_D_undersampled
hardly,text__hardly,"""hardly""",word,0.035369865818763294,0.035369865818763294,LogisticRegression_D_undersampled
pale,text__pale,"""pale""",word,0.0353038244970421,0.0353038244970421,LogisticRegression_D_undersampled
sadly,text__sadly,"""sadly""",word,0.03525745757822529,0.03525745757822529,LogisticRegression_D_undersampled
real,text__real,"""real""",word,0.035237960808191235,0.035237960808191235,LogisticRegression_D_undersampled
wing,text__wing,"""wing""",word,-0.035230289522550355,0.035230289522550355,LogisticRegression_D_undersampled
ate,text__ate,"""ate""",word,-0.035123155799647844,0.035123155799647844,LogisticRegression_D_undersampled
difficulty,text__difficulty,"""difficulty""",word,-0.035085602238067094,0.035085602238067094,LogisticRegression_D_undersampled
silly,text__silly,"""silly""",word,0.03505984120972394,0.03505984120972394,LogisticRegression_D_undersampled
must,text__must,"""must""",word,0.03501023090152314,0.03501023090152314,LogisticRegression_D_undersampled
whatever,text__whatever,"""whatever""",word,0.0349402463623194,0.0349402463623194,LogisticRegression_D_undersampled
note,text__note,"""note""",word,0.03490471800774119,0.03490471800774119,LogisticRegression_D_undersampled
glass,text__glass,"""glass""",word,0.03489835369610944,0.03489835369610944,LogisticRegression_D_undersampled
person,text__person,"""person""",word,-0.03485102447208026,0.03485102447208026,LogisticRegression_D_undersampled
running,text__running,"""running""",word,0.03468623296260985,0.03468623296260985,LogisticRegression_D_undersampled
infinite,text__infinite,"""infinite""",word,0.034642956364581055,0.034642956364581055,LogisticRegression_D_undersampled
comparison,text__comparison,"""comparison""",word,-0.03458330136551874,0.03458330136551874,LogisticRegression_D_undersampled
andrew,text__andrew,"""andrew""",word,0.03455897300924832,0.03455897300924832,LogisticRegression_D_undersampled
fear,text__fear,"""fear""",word,0.03455770049728827,0.03455770049728827,LogisticRegression_D_undersampled
weird,text__weird,"""weird""",word,0.03445489573035287,0.03445489573035287,LogisticRegression_D_undersampled
supposed,text__supposed,"""supposed""",word,-0.034442378918142176,0.034442378918142176,LogisticRegression_D_undersampled
heartbreaking,text__heartbreaking,"""heartbreaking""",word,-0.03444231384028622,0.03444231384028622,LogisticRegression_D_undersampled
discussion,text__discussion,"""discussion""",word,-0.03432581234818117,0.03432581234818117,LogisticRegression_D_undersampled
dragon,text__dragon,"""dragon""",word,-0.034325570227857094,0.034325570227857094,LogisticRegression_D_undersampled
drive,text__drive,"""drive""",word,0.034316955400299616,0.034316955400299616,LogisticRegression_D_undersampled
account,text__account,"""account""",word,0.03430423409273271,0.03430423409273271,LogisticRegression_D_undersampled
depth,text__depth,"""depth""",word,-0.034286881241228105,0.034286881241228105,LogisticRegression_D_undersampled
touched,text__touched,"""touched""",word,-0.03420725533553498,0.03420725533553498,LogisticRegression_D_undersampled
meh,text__meh,"""meh""",word,0.034197336862936835,0.034197336862936835,LogisticRegression_D_undersampled
human,text__human,"""human""",word,0.03418877921107825,0.03418877921107825,LogisticRegression_D_undersampled
echo,text__echo,"""echo""",word,-0.034063068360478156,0.034063068360478156,LogisticRegression_D_undersampled
translated,text__translated,"""translated""",word,0.03398768295529584,0.03398768295529584,LogisticRegression_D_undersampled
intrigued,text__intrigued,"""intrigued""",word,0.0339221558503482,0.0339221558503482,LogisticRegression_D_undersampled
wood,text__wood,"""wood""",word,0.03391265636272884,0.03391265636272884,LogisticRegression_D_undersampled
aesthetic,text__aesthetic,"""aesthetic""",word,-0.03383898610385456,0.03383898610385456,LogisticRegression_D_undersampled
court,text__court,"""court""",word,0.03376501055021945,0.03376501055021945,LogisticRegression_D_undersampled
married,text__married,"""married""",word,-0.03375897480335858,0.03375897480335858,LogisticRegression_D_undersampled
sexton,text__sexton,"""sexton""",word,-0.033755516842788554,0.033755516842788554,LogisticRegression_D_undersampled
somewhere,text__somewhere,"""somewhere""",word,-0.033719479957620216,0.033719479957620216,LogisticRegression_D_undersampled
poor,text__poor,"""poor""",word,0.03371091797654116,0.03371091797654116,LogisticRegression_D_undersampled
college,text__college,"""college""",word,-0.033693220013154335,0.033693220013154335,LogisticRegression_D_undersampled
face,text__face,"""face""",word,0.03366404738083753,0.03366404738083753,LogisticRegression_D_undersampled
bukowski,text__bukowski,"""bukowski""",word,0.0336635714044168,0.0336635714044168,LogisticRegression_D_undersampled
meant,text__meant,"""meant""",word,0.033562112764385095,0.033562112764385095,LogisticRegression_D_undersampled
genre,text__genre,"""genre""",word,-0.03354073617847235,0.03354073617847235,LogisticRegression_D_undersampled
exciting,text__exciting,"""exciting""",word,0.033532868331265314,0.033532868331265314,LogisticRegression_D_undersampled
quiet,text__quiet,"""quiet""",word,0.03340891868125779,0.03340891868125779,LogisticRegression_D_undersampled
purpose,text__purpose,"""purpose""",word,0.03331652633807219,0.03331652633807219,LogisticRegression_D_undersampled
later,text__later,"""later""",word,-0.03328521858999239,0.03328521858999239,LogisticRegression_D_undersampled
neither,text__neither,"""neither""",word,-0.033283894864328006,0.033283894864328006,LogisticRegression_D_undersampled
fail,text__fail,"""fail""",word,-0.033257475393917144,0.033257475393917144,LogisticRegression_D_undersampled
charles,text__charles,"""charles""",word,-0.03323906828972408,0.03323906828972408,LogisticRegression_D_undersampled
phrase,text__phrase,"""phrase""",word,0.033228406943316545,0.033228406943316545,LogisticRegression_D_undersampled
la,text__la,"""la""",word,0.03317683800757368,0.03317683800757368,LogisticRegression_D_undersampled
worse,text__worse,"""worse""",word,0.033127577327304265,0.033127577327304265,LogisticRegression_D_undersampled
hole,text__hole,"""hole""",word,0.0330470261757673,0.0330470261757673,LogisticRegression_D_undersampled
silent,text__silent,"""silent""",word,0.0330081827982094,0.0330081827982094,LogisticRegression_D_undersampled
explore,text__explore,"""explore""",word,-0.0329721885092575,0.0329721885092575,LogisticRegression_D_undersampled
lord,text__lord,"""lord""",word,-0.032892234546273325,0.032892234546273325,LogisticRegression_D_undersampled
named,text__named,"""named""",word,0.032851965875137,0.032851965875137,LogisticRegression_D_undersampled
split,text__split,"""split""",word,-0.032847134631685905,0.032847134631685905,LogisticRegression_D_undersampled
consider,text__consider,"""consider""",word,-0.0328087465643803,0.0328087465643803,LogisticRegression_D_undersampled
variety,text__variety,"""variety""",word,0.03266931779313742,0.03266931779313742,LogisticRegression_D_undersampled
drama,text__drama,"""drama""",word,-0.03255619291451849,0.03255619291451849,LogisticRegression_D_undersampled
using,text__using,"""using""",word,-0.03252416916245533,0.03252416916245533,LogisticRegression_D_undersampled
obvious,text__obvious,"""obvious""",word,0.032317052778550265,0.032317052778550265,LogisticRegression_D_undersampled
thing,text__thing,"""thing""",word,-0.032288509921139415,0.032288509921139415,LogisticRegression_D_undersampled
blake,text__blake,"""blake""",word,-0.032234794567374665,0.032234794567374665,LogisticRegression_D_undersampled
insightful,text__insightful,"""insightful""",word,-0.03222913003859074,0.03222913003859074,LogisticRegression_D_undersampled
enjoying,text__enjoying,"""enjoying""",word,-0.03208603241903606,0.03208603241903606,LogisticRegression_D_undersampled
speaker,text__speaker,"""speaker""",word,-0.032065882903701874,0.032065882903701874,LogisticRegression_D_undersampled
passing,text__passing,"""passing""",word,0.0320143490178641,0.0320143490178641,LogisticRegression_D_undersampled
laughter,text__laughter,"""laughter""",word,-0.03198003531217614,0.03198003531217614,LogisticRegression_D_undersampled
experience,text__experience,"""experience""",word,0.031938981932144686,0.031938981932144686,LogisticRegression_D_undersampled
head,text__head,"""head""",word,0.031901141651781255,0.031901141651781255,LogisticRegression_D_undersampled
leaving,text__leaving,"""leaving""",word,0.03190003537832237,0.03190003537832237,LogisticRegression_D_undersampled
drop,text__drop,"""drop""",word,0.031856518760196975,0.031856518760196975,LogisticRegression_D_undersampled
fate,text__fate,"""fate""",word,-0.031855661744564744,0.031855661744564744,LogisticRegression_D_undersampled
repeat,text__repeat,"""repeat""",word,0.03161899597201639,0.03161899597201639,LogisticRegression_D_undersampled
dead,text__dead,"""dead""",word,0.03161245211259731,0.03161245211259731,LogisticRegression_D_undersampled
introduced,text__introduced,"""introduced""",word,0.03152771416253278,0.03152771416253278,LogisticRegression_D_undersampled
incredibly,text__incredibly,"""incredibly""",word,0.03145648725618989,0.03145648725618989,LogisticRegression_D_undersampled
sent,text__sent,"""sent""",word,0.031422883061119636,0.031422883061119636,LogisticRegression_D_undersampled
absolutely,text__absolutely,"""absolutely""",word,0.03140861709994146,0.03140861709994146,LogisticRegression_D_undersampled
making,text__making,"""making""",word,-0.031381731859314074,0.031381731859314074,LogisticRegression_D_undersampled
newbery,text__newbery,"""newbery""",word,-0.03132320521468522,0.03132320521468522,LogisticRegression_D_undersampled
mortal,text__mortal,"""mortal""",word,0.03129340825791715,0.03129340825791715,LogisticRegression_D_undersampled
critic,text__critic,"""critic""",word,0.031279911153156245,0.031279911153156245,LogisticRegression_D_undersampled
intense,text__intense,"""intense""",word,0.031277184972455456,0.031277184972455456,LogisticRegression_D_undersampled
manner,text__manner,"""manner""",word,-0.031238220125846067,0.031238220125846067,LogisticRegression_D_undersampled
scheme,text__scheme,"""scheme""",word,0.03121391546219522,0.03121391546219522,LogisticRegression_D_undersampled
stranger,text__stranger,"""stranger""",word,-0.03117435792895464,0.03117435792895464,LogisticRegression_D_undersampled
law,text__law,"""law""",word,0.031127820784658373,0.031127820784658373,LogisticRegression_D_undersampled
rating,text__rating,"""rating""",word,-0.031101074664199778,0.031101074664199778,LogisticRegression_D_undersampled
soldier,text__soldier,"""soldier""",word,-0.030925939972477275,0.030925939972477275,LogisticRegression_D_undersampled
attention,text__attention,"""attention""",word,0.03084393693745299,0.03084393693745299,LogisticRegression_D_undersampled
thin,text__thin,"""thin""",word,0.030822821958442177,0.030822821958442177,LogisticRegression_D_undersampled
added,text__added,"""added""",word,0.03077950001486284,0.03077950001486284,LogisticRegression_D_undersampled
magic,text__magic,"""magic""",word,0.03075919355099735,0.03075919355099735,LogisticRegression_D_undersampled
surely,text__surely,"""surely""",word,0.03074735379870234,0.03074735379870234,LogisticRegression_D_undersampled
striking,text__striking,"""striking""",word,0.030650091617491285,0.030650091617491285,LogisticRegression_D_undersampled
branch,text__branch,"""branch""",word,0.030585883446365283,0.030585883446365283,LogisticRegression_D_undersampled
paragraph,text__paragraph,"""paragraph""",word,-0.030497545881762414,0.030497545881762414,LogisticRegression_D_undersampled
biggest,text__biggest,"""biggest""",word,-0.030493999825622665,0.030493999825622665,LogisticRegression_D_undersampled
hirsch,text__hirsch,"""hirsch""",word,0.030460524456335167,0.030460524456335167,LogisticRegression_D_undersampled
spoken,text__spoken,"""spoken""",word,0.030448003883343656,0.030448003883343656,LogisticRegression_D_undersampled
thee,text__thee,"""thee""",word,0.030431316217547272,0.030431316217547272,LogisticRegression_D_undersampled
setting,text__setting,"""setting""",word,0.030420718522262392,0.030420718522262392,LogisticRegression_D_undersampled
identity,text__identity,"""identity""",word,-0.03030021078621971,0.03030021078621971,LogisticRegression_D_undersampled
unless,text__unless,"""unless""",word,0.03027892334468769,0.03027892334468769,LogisticRegression_D_undersampled
class,text__class,"""class""",word,-0.03027622903550798,0.03027622903550798,LogisticRegression_D_undersampled
jump,text__jump,"""jump""",word,0.030270972916785283,0.030270972916785283,LogisticRegression_D_undersampled
aside,text__aside,"""aside""",word,-0.030233928430530542,0.030233928430530542,LogisticRegression_D_undersampled
okay,text__okay,"""okay""",word,-0.03021775665100178,0.03021775665100178,LogisticRegression_D_undersampled
support,text__support,"""support""",word,0.030154013735880565,0.030154013735880565,LogisticRegression_D_undersampled
compared,text__compared,"""compared""",word,0.030101483776916654,0.030101483776916654,LogisticRegression_D_undersampled
carried,text__carried,"""carried""",word,0.030032151973067425,0.030032151973067425,LogisticRegression_D_undersampled
worthy,text__worthy,"""worthy""",word,0.03002657372799017,0.03002657372799017,LogisticRegression_D_undersampled
crow,text__crow,"""crow""",word,-0.030022218605678958,0.030022218605678958,LogisticRegression_D_undersampled
mark,text__mark,"""mark""",word,-0.029962224610201902,0.029962224610201902,LogisticRegression_D_undersampled
end,text__end,"""end""",word,0.029831383997868482,0.029831383997868482,LogisticRegression_D_undersampled
final,text__final,"""final""",word,-0.029765299878014236,0.029765299878014236,LogisticRegression_D_undersampled
honor,text__honor,"""honor""",word,-0.02974397168779883,0.02974397168779883,LogisticRegression_D_undersampled
yesterday,text__yesterday,"""yesterday""",word,0.029743887155967236,0.029743887155967236,LogisticRegression_D_undersampled
changing,text__changing,"""changing""",word,-0.029718509479211123,0.029718509479211123,LogisticRegression_D_undersampled
complete,text__complete,"""complete""",word,0.029714430679727424,0.029714430679727424,LogisticRegression_D_undersampled
able,text__able,"""able""",word,0.029670415677950934,0.029670415677950934,LogisticRegression_D_undersampled
task,text__task,"""task""",word,0.029452321855391532,0.029452321855391532,LogisticRegression_D_undersampled
audience,text__audience,"""audience""",word,-0.029379608543148097,0.029379608543148097,LogisticRegression_D_undersampled
state,text__state,"""state""",word,-0.029289540177046325,0.029289540177046325,LogisticRegression_D_undersampled
shine,text__shine,"""shine""",word,0.029268753253661402,0.029268753253661402,LogisticRegression_D_undersampled
josh,text__josh,"""josh""",word,-0.029223184740866288,0.029223184740866288,LogisticRegression_D_undersampled
treat,text__treat,"""treat""",word,-0.029205216978249193,0.029205216978249193,LogisticRegression_D_undersampled
guide,text__guide,"""guide""",word,-0.029180212066548594,0.029180212066548594,LogisticRegression_D_undersampled
whose,text__whose,"""whose""",word,0.029133137338942773,0.029133137338942773,LogisticRegression_D_undersampled
window,text__window,"""window""",word,-0.02899835777265951,0.02899835777265951,LogisticRegression_D_undersampled
falling,text__falling,"""falling""",word,-0.028975709945636863,0.028975709945636863,LogisticRegression_D_undersampled
page,text__page,"""page""",word,-0.028865118219633702,0.028865118219633702,LogisticRegression_D_undersampled
journal,text__journal,"""journal""",word,-0.02884322959388918,0.02884322959388918,LogisticRegression_D_undersampled
string,text__string,"""string""",word,0.028830178759156402,0.028830178759156402,LogisticRegression_D_undersampled
miss,text__miss,"""miss""",word,-0.028731987126357272,0.028731987126357272,LogisticRegression_D_undersampled
success,text__success,"""success""",word,0.028706647086964646,0.028706647086964646,LogisticRegression_D_undersampled
teeth,text__teeth,"""teeth""",word,0.028680626153619018,0.028680626153619018,LogisticRegression_D_undersampled
husband,text__husband,"""husband""",word,-0.02865245998865174,0.02865245998865174,LogisticRegression_D_undersampled
intimate,text__intimate,"""intimate""",word,0.0286384073185326,0.0286384073185326,LogisticRegression_D_undersampled
recommended,text__recommended,"""recommended""",word,-0.028591092255619954,0.028591092255619954,LogisticRegression_D_undersampled
popular,text__popular,"""popular""",word,0.0285460711888342,0.0285460711888342,LogisticRegression_D_undersampled
accept,text__accept,"""accept""",word,0.028494603460607823,0.028494603460607823,LogisticRegression_D_undersampled
interpretation,text__interpretation,"""interpretation""",word,0.028480825747867523,0.028480825747867523,LogisticRegression_D_undersampled
job,text__job,"""job""",word,-0.028440676235314245,0.028440676235314245,LogisticRegression_D_undersampled
delight,text__delight,"""delight""",word,0.028342122815064052,0.028342122815064052,LogisticRegression_D_undersampled
surface,text__surface,"""surface""",word,-0.02833633959536531,0.02833633959536531,LogisticRegression_D_undersampled
easier,text__easier,"""easier""",word,-0.02830298790146683,0.02830298790146683,LogisticRegression_D_undersampled
wanting,text__wanting,"""wanting""",word,-0.028230303711196496,0.028230303711196496,LogisticRegression_D_undersampled
fair,text__fair,"""fair""",word,-0.028219612761922204,0.028219612761922204,LogisticRegression_D_undersampled
stay,text__stay,"""stay""",word,0.028208184793649064,0.028208184793649064,LogisticRegression_D_undersampled
dance,text__dance,"""dance""",word,-0.028181392471346753,0.028181392471346753,LogisticRegression_D_undersampled
system,text__system,"""system""",word,0.028163188592912437,0.028163188592912437,LogisticRegression_D_undersampled
tomorrow,text__tomorrow,"""tomorrow""",word,-0.028146680176536567,0.028146680176536567,LogisticRegression_D_undersampled
escape,text__escape,"""escape""",word,0.028134309574403858,0.028134309574403858,LogisticRegression_D_undersampled
brilliance,text__brilliance,"""brilliance""",word,-0.028134158977144785,0.028134158977144785,LogisticRegression_D_undersampled
birth,text__birth,"""birth""",word,-0.02811162916749814,0.02811162916749814,LogisticRegression_D_undersampled
force,text__force,"""force""",word,0.028085113903161926,0.028085113903161926,LogisticRegression_D_undersampled
brief,text__brief,"""brief""",word,0.02802815802087598,0.02802815802087598,LogisticRegression_D_undersampled
tear,text__tear,"""tear""",word,-0.027996272755943775,0.027996272755943775,LogisticRegression_D_undersampled
hell,text__hell,"""hell""",word,0.027970452284292773,0.027970452284292773,LogisticRegression_D_undersampled
shel,text__shel,"""shel""",word,-0.02780889850490669,0.02780889850490669,LogisticRegression_D_undersampled
divided,text__divided,"""divided""",word,-0.02779264735833047,0.02779264735833047,LogisticRegression_D_undersampled
although,text__although,"""although""",word,-0.027744920198156185,0.027744920198156185,LogisticRegression_D_undersampled
friendship,text__friendship,"""friendship""",word,-0.027733983345849634,0.027733983345849634,LogisticRegression_D_undersampled
six,text__six,"""six""",word,0.027720212916033146,0.027720212916033146,LogisticRegression_D_undersampled
toward,text__toward,"""toward""",word,0.027695886322465117,0.027695886322465117,LogisticRegression_D_undersampled
touch,text__touch,"""touch""",word,-0.027675071344880134,0.027675071344880134,LogisticRegression_D_undersampled
lullaby,text__lullaby,"""lullaby""",word,0.027645858960688014,0.027645858960688014,LogisticRegression_D_undersampled
army,text__army,"""army""",word,0.027582273858793614,0.027582273858793614,LogisticRegression_D_undersampled
knowing,text__knowing,"""knowing""",word,0.02754755442243002,0.02754755442243002,LogisticRegression_D_undersampled
space,text__space,"""space""",word,0.02734653166723192,0.02734653166723192,LogisticRegression_D_undersampled
eventually,text__eventually,"""eventually""",word,0.027342203220543645,0.027342203220543645,LogisticRegression_D_undersampled
intention,text__intention,"""intention""",word,-0.027300504713398007,0.027300504713398007,LogisticRegression_D_undersampled
cat,text__cat,"""cat""",word,0.027272185841142337,0.027272185841142337,LogisticRegression_D_undersampled
suffer,text__suffer,"""suffer""",word,0.027256414516961473,0.027256414516961473,LogisticRegression_D_undersampled
outside,text__outside,"""outside""",word,-0.027208113673469165,0.027208113673469165,LogisticRegression_D_undersampled
seeking,text__seeking,"""seeking""",word,0.02701329242813661,0.02701329242813661,LogisticRegression_D_undersampled
star,text__star,"""star""",word,-0.02700723003331249,0.02700723003331249,LogisticRegression_D_undersampled
letting,text__letting,"""letting""",word,-0.026988419266627907,0.026988419266627907,LogisticRegression_D_undersampled
wondering,text__wondering,"""wondering""",word,-0.0269710955839323,0.0269710955839323,LogisticRegression_D_undersampled
online,text__online,"""online""",word,0.026943567667315423,0.026943567667315423,LogisticRegression_D_undersampled
suffering,text__suffering,"""suffering""",word,0.02691436505518111,0.02691436505518111,LogisticRegression_D_undersampled
paradise,text__paradise,"""paradise""",word,-0.026899498905234773,0.026899498905234773,LogisticRegression_D_undersampled
turning,text__turning,"""turning""",word,-0.026894532892516143,0.026894532892516143,LogisticRegression_D_undersampled
combination,text__combination,"""combination""",word,0.026834116389781972,0.026834116389781972,LogisticRegression_D_undersampled
attitude,text__attitude,"""attitude""",word,0.026780269773687436,0.026780269773687436,LogisticRegression_D_undersampled
spread,text__spread,"""spread""",word,0.026738002109412476,0.026738002109412476,LogisticRegression_D_undersampled
anger,text__anger,"""anger""",word,0.02673484897393984,0.02673484897393984,LogisticRegression_D_undersampled
includes,text__includes,"""includes""",word,-0.026722500798229815,0.026722500798229815,LogisticRegression_D_undersampled
value,text__value,"""value""",word,-0.026717032254464264,0.026717032254464264,LogisticRegression_D_undersampled
super,text__super,"""super""",word,-0.026698493482096672,0.026698493482096672,LogisticRegression_D_undersampled
shepard,text__shepard,"""shepard""",word,-0.026688188112622885,0.026688188112622885,LogisticRegression_D_undersampled
younger,text__younger,"""younger""",word,0.026632199827061814,0.026632199827061814,LogisticRegression_D_undersampled
wit,text__wit,"""wit""",word,0.026545994047944863,0.026545994047944863,LogisticRegression_D_undersampled
dialogue,text__dialogue,"""dialogue""",word,-0.02649835862843949,0.02649835862843949,LogisticRegression_D_undersampled
lacking,text__lacking,"""lacking""",word,-0.02646910754285541,0.02646910754285541,LogisticRegression_D_undersampled
sharp,text__sharp,"""sharp""",word,0.026461695280938363,0.026461695280938363,LogisticRegression_D_undersampled
mad,text__mad,"""mad""",word,-0.026434781348708115,0.026434781348708115,LogisticRegression_D_undersampled
hearing,text__hearing,"""hearing""",word,0.026365447526600395,0.026365447526600395,LogisticRegression_D_undersampled
handful,text__handful,"""handful""",word,-0.0263412890990464,0.0263412890990464,LogisticRegression_D_undersampled
finish,text__finish,"""finish""",word,0.026304300319353484,0.026304300319353484,LogisticRegression_D_undersampled
ready,text__ready,"""ready""",word,-0.0262904107805301,0.0262904107805301,LogisticRegression_D_undersampled
ferlinghetti,text__ferlinghetti,"""ferlinghetti""",word,-0.02623843766690363,0.02623843766690363,LogisticRegression_D_undersampled
merely,text__merely,"""merely""",word,0.02620486906369424,0.02620486906369424,LogisticRegression_D_undersampled
affair,text__affair,"""affair""",word,-0.02615333441638386,0.02615333441638386,LogisticRegression_D_undersampled
becoming,text__becoming,"""becoming""",word,-0.02614171614750008,0.02614171614750008,LogisticRegression_D_undersampled
beneath,text__beneath,"""beneath""",word,0.02605019667699249,0.02605019667699249,LogisticRegression_D_undersampled
else,text__else,"""else""",word,0.025861018388449765,0.025861018388449765,LogisticRegression_D_undersampled
speaks,text__speaks,"""speaks""",word,0.025803817632421573,0.025803817632421573,LogisticRegression_D_undersampled
spring,text__spring,"""spring""",word,-0.025803570909512522,0.025803570909512522,LogisticRegression_D_undersampled
expressed,text__expressed,"""expressed""",word,-0.025787227187921674,0.025787227187921674,LogisticRegression_D_undersampled
whilst,text__whilst,"""whilst""",word,0.02578586123824611,0.02578586123824611,LogisticRegression_D_undersampled
held,text__held,"""held""",word,-0.025750678097713146,0.025750678097713146,LogisticRegression_D_undersampled
equal,text__equal,"""equal""",word,0.025738210262283595,0.025738210262283595,LogisticRegression_D_undersampled
gotten,text__gotten,"""gotten""",word,-0.025723912821607246,0.025723912821607246,LogisticRegression_D_undersampled
advice,text__advice,"""advice""",word,0.025695254883582538,0.025695254883582538,LogisticRegression_D_undersampled
universal,text__universal,"""universal""",word,-0.025597389916323113,0.025597389916323113,LogisticRegression_D_undersampled
rest,text__rest,"""rest""",word,0.02554970756294043,0.02554970756294043,LogisticRegression_D_undersampled
flesh,text__flesh,"""flesh""",word,0.02552231401582312,0.02552231401582312,LogisticRegression_D_undersampled
effort,text__effort,"""effort""",word,0.025492138077922142,0.025492138077922142,LogisticRegression_D_undersampled
gentle,text__gentle,"""gentle""",word,0.02548547018041995,0.02548547018041995,LogisticRegression_D_undersampled
mom,text__mom,"""mom""",word,0.02544793045553283,0.02544793045553283,LogisticRegression_D_undersampled
foot,text__foot,"""foot""",word,0.02541923463392614,0.02541923463392614,LogisticRegression_D_undersampled
gem,text__gem,"""gem""",word,0.025416342299321906,0.025416342299321906,LogisticRegression_D_undersampled
creation,text__creation,"""creation""",word,-0.02535508529279384,0.02535508529279384,LogisticRegression_D_undersampled
speaking,text__speaking,"""speaking""",word,-0.025325549028039393,0.025325549028039393,LogisticRegression_D_undersampled
audio,text__audio,"""audio""",word,0.025256730671426187,0.025256730671426187,LogisticRegression_D_undersampled
smell,text__smell,"""smell""",word,0.025029116246641614,0.025029116246641614,LogisticRegression_D_undersampled
strong,text__strong,"""strong""",word,0.025024468778796657,0.025024468778796657,LogisticRegression_D_undersampled
common,text__common,"""common""",word,0.025013669700175267,0.025013669700175267,LogisticRegression_D_undersampled
detail,text__detail,"""detail""",word,0.02500031687690347,0.02500031687690347,LogisticRegression_D_undersampled
root,text__root,"""root""",word,0.02497870460341012,0.02497870460341012,LogisticRegression_D_undersampled
except,text__except,"""except""",word,-0.024957508310146086,0.024957508310146086,LogisticRegression_D_undersampled
since,text__since,"""since""",word,0.024946623350430217,0.024946623350430217,LogisticRegression_D_undersampled
subject,text__subject,"""subject""",word,-0.02493045242447684,0.02493045242447684,LogisticRegression_D_undersampled
expect,text__expect,"""expect""",word,-0.024809077449445847,0.024809077449445847,LogisticRegression_D_undersampled
seem,text__seem,"""seem""",word,-0.024794799016677707,0.024794799016677707,LogisticRegression_D_undersampled
hector,text__hector,"""hector""",word,-0.024745911450977688,0.024745911450977688,LogisticRegression_D_undersampled
male,text__male,"""male""",word,0.024723307381770993,0.024723307381770993,LogisticRegression_D_undersampled
compilation,text__compilation,"""compilation""",word,-0.024716595742106842,0.024716595742106842,LogisticRegression_D_undersampled
exact,text__exact,"""exact""",word,-0.02471133560832501,0.02471133560832501,LogisticRegression_D_undersampled
cultural,text__cultural,"""cultural""",word,0.024558505374829794,0.024558505374829794,LogisticRegression_D_undersampled
hide,text__hide,"""hide""",word,0.024556107184327956,0.024556107184327956,LogisticRegression_D_undersampled
minute,text__minute,"""minute""",word,-0.02447034791278407,0.02447034791278407,LogisticRegression_D_undersampled
compelling,text__compelling,"""compelling""",word,-0.024455498052507074,0.024455498052507074,LogisticRegression_D_undersampled
provides,text__provides,"""provides""",word,0.024454202171040794,0.024454202171040794,LogisticRegression_D_undersampled
bar,text__bar,"""bar""",word,-0.024419819196519088,0.024419819196519088,LogisticRegression_D_undersampled
audiobook,text__audiobook,"""audiobook""",word,-0.024402712406656635,0.024402712406656635,LogisticRegression_D_undersampled
curious,text__curious,"""curious""",word,0.024318810145228662,0.024318810145228662,LogisticRegression_D_undersampled
moved,text__moved,"""moved""",word,-0.024306438803089966,0.024306438803089966,LogisticRegression_D_undersampled
focused,text__focused,"""focused""",word,-0.02429347198886259,0.02429347198886259,LogisticRegression_D_undersampled
presence,text__presence,"""presence""",word,0.02427826573832426,0.02427826573832426,LogisticRegression_D_undersampled
dylan,text__dylan,"""dylan""",word,-0.02427428586709131,0.02427428586709131,LogisticRegression_D_undersampled
battle,text__battle,"""battle""",word,-0.024268268050950084,0.024268268050950084,LogisticRegression_D_undersampled
pace,text__pace,"""pace""",word,-0.024264102028512386,0.024264102028512386,LogisticRegression_D_undersampled
brings,text__brings,"""brings""",word,-0.024168776541369667,0.024168776541369667,LogisticRegression_D_undersampled
hate,text__hate,"""hate""",word,-0.02414713833574862,0.02414713833574862,LogisticRegression_D_undersampled
proud,text__proud,"""proud""",word,0.02414449748293177,0.02414449748293177,LogisticRegression_D_undersampled
saying,text__saying,"""saying""",word,0.024135233409002158,0.024135233409002158,LogisticRegression_D_undersampled
party,text__party,"""party""",word,-0.02408817602640858,0.02408817602640858,LogisticRegression_D_undersampled
writes,text__writes,"""writes""",word,0.024080715575437527,0.024080715575437527,LogisticRegression_D_undersampled
appear,text__appear,"""appear""",word,-0.024056576947124382,0.024056576947124382,LogisticRegression_D_undersampled
north,text__north,"""north""",word,-0.024034709145418588,0.024034709145418588,LogisticRegression_D_undersampled
jazz,text__jazz,"""jazz""",word,-0.02400067975623719,0.02400067975623719,LogisticRegression_D_undersampled
count,text__count,"""count""",word,-0.02394648042186603,0.02394648042186603,LogisticRegression_D_undersampled
explored,text__explored,"""explored""",word,-0.02392216991979546,0.02392216991979546,LogisticRegression_D_undersampled
physical,text__physical,"""physical""",word,0.023881023032372765,0.023881023032372765,LogisticRegression_D_undersampled
house,text__house,"""house""",word,0.023854309944226965,0.023854309944226965,LogisticRegression_D_undersampled
waste,text__waste,"""waste""",word,0.02383818779878806,0.02383818779878806,LogisticRegression_D_undersampled
robert,text__robert,"""robert""",word,0.023836783837941602,0.023836783837941602,LogisticRegression_D_undersampled
michael,text__michael,"""michael""",word,-0.023774419612973604,0.023774419612973604,LogisticRegression_D_undersampled
happiness,text__happiness,"""happiness""",word,0.023773053521342853,0.023773053521342853,LogisticRegression_D_undersampled
away,text__away,"""away""",word,-0.02370848500555861,0.02370848500555861,LogisticRegression_D_undersampled
treasure,text__treasure,"""treasure""",word,-0.023560743348348265,0.023560743348348265,LogisticRegression_D_undersampled
street,text__street,"""street""",word,-0.023510546369910276,0.023510546369910276,LogisticRegression_D_undersampled
cast,text__cast,"""cast""",word,-0.023480474330261,0.023480474330261,LogisticRegression_D_undersampled
key,text__key,"""key""",word,-0.02341672909871575,0.02341672909871575,LogisticRegression_D_undersampled
fast,text__fast,"""fast""",word,-0.023355592119426866,0.023355592119426866,LogisticRegression_D_undersampled
innocent,text__innocent,"""innocent""",word,0.023296574704056185,0.023296574704056185,LogisticRegression_D_undersampled
lip,text__lip,"""lip""",word,0.023257122589616923,0.023257122589616923,LogisticRegression_D_undersampled
disappointed,text__disappointed,"""disappointed""",word,0.023221919084728974,0.023221919084728974,LogisticRegression_D_undersampled
ancient,text__ancient,"""ancient""",word,0.02319860230648725,0.02319860230648725,LogisticRegression_D_undersampled
stanza,text__stanza,"""stanza""",word,-0.023161087255227135,0.023161087255227135,LogisticRegression_D_undersampled
pablo,text__pablo,"""pablo""",word,-0.023127698625967946,0.023127698625967946,LogisticRegression_D_undersampled
surprise,text__surprise,"""surprise""",word,0.023026707152391176,0.023026707152391176,LogisticRegression_D_undersampled
pain,text__pain,"""pain""",word,-0.023010264093399277,0.023010264093399277,LogisticRegression_D_undersampled
marked,text__marked,"""marked""",word,-0.023004651183906977,0.023004651183906977,LogisticRegression_D_undersampled
forgotten,text__forgotten,"""forgotten""",word,0.022970952713384236,0.022970952713384236,LogisticRegression_D_undersampled
disorder,text__disorder,"""disorder""",word,0.022916571623733784,0.022916571623733784,LogisticRegression_D_undersampled
next,text__next,"""next""",word,0.022906108230937677,0.022906108230937677,LogisticRegression_D_undersampled
genuine,text__genuine,"""genuine""",word,0.02287633467123529,0.02287633467123529,LogisticRegression_D_undersampled
mood,text__mood,"""mood""",word,0.0227852725652575,0.0227852725652575,LogisticRegression_D_undersampled
seven,text__seven,"""seven""",word,-0.022779424769138266,0.022779424769138266,LogisticRegression_D_undersampled
iii,text__iii,"""iii""",word,0.022776724644884987,0.022776724644884987,LogisticRegression_D_undersampled
faith,text__faith,"""faith""",word,0.022696907780426094,0.022696907780426094,LogisticRegression_D_undersampled
nick,text__nick,"""nick""",word,-0.022652268379631905,0.022652268379631905,LogisticRegression_D_undersampled
left,text__left,"""left""",word,0.022635374922058003,0.022635374922058003,LogisticRegression_D_undersampled
lyrical,text__lyrical,"""lyrical""",word,-0.022549867417356484,0.022549867417356484,LogisticRegression_D_undersampled
fit,text__fit,"""fit""",word,-0.02253367070147818,0.02253367070147818,LogisticRegression_D_undersampled
romantic,text__romantic,"""romantic""",word,0.022495837407029772,0.022495837407029772,LogisticRegression_D_undersampled
twice,text__twice,"""twice""",word,-0.022470299491018395,0.022470299491018395,LogisticRegression_D_undersampled
mainly,text__mainly,"""mainly""",word,0.022468191139578233,0.022468191139578233,LogisticRegression_D_undersampled
ear,text__ear,"""ear""",word,0.022421981296522134,0.022421981296522134,LogisticRegression_D_undersampled
rare,text__rare,"""rare""",word,-0.022381201898861038,0.022381201898861038,LogisticRegression_D_undersampled
grandmother,text__grandmother,"""grandmother""",word,-0.02236223828085912,0.02236223828085912,LogisticRegression_D_undersampled
awe,text__awe,"""awe""",word,0.022278707561380087,0.022278707561380087,LogisticRegression_D_undersampled
brooklyn,text__brooklyn,"""brooklyn""",word,-0.02226926111832763,0.02226926111832763,LogisticRegression_D_undersampled
absence,text__absence,"""absence""",word,-0.022244102924797476,0.022244102924797476,LogisticRegression_D_undersampled
put,text__put,"""put""",word,0.022202902761051278,0.022202902761051278,LogisticRegression_D_undersampled
taste,text__taste,"""taste""",word,0.022154687462517968,0.022154687462517968,LogisticRegression_D_undersampled
cry,text__cry,"""cry""",word,0.02213035698287719,0.02213035698287719,LogisticRegression_D_undersampled
protagonist,text__protagonist,"""protagonist""",word,-0.022110684038497808,0.022110684038497808,LogisticRegression_D_undersampled
adult,text__adult,"""adult""",word,-0.022001131003543797,0.022001131003543797,LogisticRegression_D_undersampled
hopefully,text__hopefully,"""hopefully""",word,0.021973841237735617,0.021973841237735617,LogisticRegression_D_undersampled
material,text__material,"""material""",word,0.021927783825613664,0.021927783825613664,LogisticRegression_D_undersampled
based,text__based,"""based""",word,0.021912300968168583,0.021912300968168583,LogisticRegression_D_undersampled
political,text__political,"""political""",word,-0.021901363642968887,0.021901363642968887,LogisticRegression_D_undersampled
notice,text__notice,"""notice""",word,-0.021898259682170188,0.021898259682170188,LogisticRegression_D_undersampled
impression,text__impression,"""impression""",word,0.021871167063934112,0.021871167063934112,LogisticRegression_D_undersampled
buying,text__buying,"""buying""",word,0.02181585006338618,0.02181585006338618,LogisticRegression_D_undersampled
likely,text__likely,"""likely""",word,-0.021795704060650088,0.021795704060650088,LogisticRegression_D_undersampled
somehow,text__somehow,"""somehow""",word,-0.02176209355574078,0.02176209355574078,LogisticRegression_D_undersampled
twenty,text__twenty,"""twenty""",word,-0.02170567574538652,0.02170567574538652,LogisticRegression_D_undersampled
e,text__e,"""e""",word,0.021660764352683097,0.021660764352683097,LogisticRegression_D_undersampled
paint,text__paint,"""paint""",word,0.021655798558518034,0.021655798558518034,LogisticRegression_D_undersampled
powerful,text__powerful,"""powerful""",word,-0.021642230029206726,0.021642230029206726,LogisticRegression_D_undersampled
tower,text__tower,"""tower""",word,-0.021597202565033568,0.021597202565033568,LogisticRegression_D_undersampled
diary,text__diary,"""diary""",word,-0.02150690753327155,0.02150690753327155,LogisticRegression_D_undersampled
judge,text__judge,"""judge""",word,0.02146004968060161,0.02146004968060161,LogisticRegression_D_undersampled
search,text__search,"""search""",word,-0.02143235344854424,0.02143235344854424,LogisticRegression_D_undersampled
contained,text__contained,"""contained""",word,0.021373040402606402,0.021373040402606402,LogisticRegression_D_undersampled
move,text__move,"""move""",word,0.021340981917338995,0.021340981917338995,LogisticRegression_D_undersampled
potential,text__potential,"""potential""",word,0.0213324949951795,0.0213324949951795,LogisticRegression_D_undersampled
alive,text__alive,"""alive""",word,0.021255314213140676,0.021255314213140676,LogisticRegression_D_undersampled
moral,text__moral,"""moral""",word,-0.02123323685720567,0.02123323685720567,LogisticRegression_D_undersampled
criticism,text__criticism,"""criticism""",word,-0.02121164245504812,0.02121164245504812,LogisticRegression_D_undersampled
inspiring,text__inspiring,"""inspiring""",word,-0.021168163219141597,0.021168163219141597,LogisticRegression_D_undersampled
lift,text__lift,"""lift""",word,0.02111049115551324,0.02111049115551324,LogisticRegression_D_undersampled
grief,text__grief,"""grief""",word,0.02107494159187498,0.02107494159187498,LogisticRegression_D_undersampled
reflection,text__reflection,"""reflection""",word,0.021057270020142828,0.021057270020142828,LogisticRegression_D_undersampled
prize,text__prize,"""prize""",word,0.020867103426548857,0.020867103426548857,LogisticRegression_D_undersampled
beat,text__beat,"""beat""",word,0.020859540479432715,0.020859540479432715,LogisticRegression_D_undersampled
warning,text__warning,"""warning""",word,0.020848148318164828,0.020848148318164828,LogisticRegression_D_undersampled
wait,text__wait,"""wait""",word,-0.020804512091427592,0.020804512091427592,LogisticRegression_D_undersampled
tonight,text__tonight,"""tonight""",word,-0.02078288763120446,0.02078288763120446,LogisticRegression_D_undersampled
forced,text__forced,"""forced""",word,-0.020746145034352157,0.020746145034352157,LogisticRegression_D_undersampled
vivid,text__vivid,"""vivid""",word,0.02068396815599639,0.02068396815599639,LogisticRegression_D_undersampled
car,text__car,"""car""",word,0.020676639375955572,0.020676639375955572,LogisticRegression_D_undersampled
public,text__public,"""public""",word,-0.02062412753844589,0.02062412753844589,LogisticRegression_D_undersampled
teaching,text__teaching,"""teaching""",word,-0.020603367349479734,0.020603367349479734,LogisticRegression_D_undersampled
rain,text__rain,"""rain""",word,-0.020596818169521164,0.020596818169521164,LogisticRegression_D_undersampled
cancer,text__cancer,"""cancer""",word,-0.020579677824346387,0.020579677824346387,LogisticRegression_D_undersampled
win,text__win,"""win""",word,0.020575528380846156,0.020575528380846156,LogisticRegression_D_undersampled
uncomfortable,text__uncomfortable,"""uncomfortable""",word,-0.020573852378103448,0.020573852378103448,LogisticRegression_D_undersampled
tough,text__tough,"""tough""",word,-0.020570392513605772,0.020570392513605772,LogisticRegression_D_undersampled
late,text__late,"""late""",word,-0.020548495866488537,0.020548495866488537,LogisticRegression_D_undersampled
asks,text__asks,"""asks""",word,-0.020546673344866928,0.020546673344866928,LogisticRegression_D_undersampled
keeping,text__keeping,"""keeping""",word,-0.020532839459939268,0.020532839459939268,LogisticRegression_D_undersampled
ground,text__ground,"""ground""",word,0.02049829725501274,0.02049829725501274,LogisticRegression_D_undersampled
poignant,text__poignant,"""poignant""",word,-0.020494075303812344,0.020494075303812344,LogisticRegression_D_undersampled
fight,text__fight,"""fight""",word,-0.020467929002294025,0.020467929002294025,LogisticRegression_D_undersampled
moving,text__moving,"""moving""",word,-0.020455915018341594,0.020455915018341594,LogisticRegression_D_undersampled
sometimes,text__sometimes,"""sometimes""",word,0.020436936316667074,0.020436936316667074,LogisticRegression_D_undersampled
community,text__community,"""community""",word,-0.020403673746294128,0.020403673746294128,LogisticRegression_D_undersampled
grateful,text__grateful,"""grateful""",word,-0.02035717308497221,0.02035717308497221,LogisticRegression_D_undersampled
definitely,text__definitely,"""definitely""",word,0.020327939228139996,0.020327939228139996,LogisticRegression_D_undersampled
punch,text__punch,"""punch""",word,-0.0202999655497506,0.0202999655497506,LogisticRegression_D_undersampled
singing,text__singing,"""singing""",word,0.02025806628662151,0.02025806628662151,LogisticRegression_D_undersampled
pull,text__pull,"""pull""",word,0.02018675046870997,0.02018675046870997,LogisticRegression_D_undersampled
notion,text__notion,"""notion""",word,-0.02017115974336675,0.02017115974336675,LogisticRegression_D_undersampled
showing,text__showing,"""showing""",word,0.0200952580365902,0.0200952580365902,LogisticRegression_D_undersampled
philosophy,text__philosophy,"""philosophy""",word,-0.020079521124853308,0.020079521124853308,LogisticRegression_D_undersampled
twist,text__twist,"""twist""",word,-0.020009829640772966,0.020009829640772966,LogisticRegression_D_undersampled
reached,text__reached,"""reached""",word,-0.02000622126885876,0.02000622126885876,LogisticRegression_D_undersampled
food,text__food,"""food""",word,0.019934741126981088,0.019934741126981088,LogisticRegression_D_undersampled
drawn,text__drawn,"""drawn""",word,0.019894520226174935,0.019894520226174935,LogisticRegression_D_undersampled
heartache,text__heartache,"""heartache""",word,-0.019868912222627245,0.019868912222627245,LogisticRegression_D_undersampled
adventure,text__adventure,"""adventure""",word,-0.019864304173387082,0.019864304173387082,LogisticRegression_D_undersampled
discus,text__discus,"""discus""",word,0.019812636074863818,0.019812636074863818,LogisticRegression_D_undersampled
nonetheless,text__nonetheless,"""nonetheless""",word,0.01979631616361207,0.01979631616361207,LogisticRegression_D_undersampled
larger,text__larger,"""larger""",word,0.019789220493352893,0.019789220493352893,LogisticRegression_D_undersampled
talking,text__talking,"""talking""",word,0.01975002800186041,0.01975002800186041,LogisticRegression_D_undersampled
hurt,text__hurt,"""hurt""",word,-0.019744397766312004,0.019744397766312004,LogisticRegression_D_undersampled
scholar,text__scholar,"""scholar""",word,0.019678564299054343,0.019678564299054343,LogisticRegression_D_undersampled
experienced,text__experienced,"""experienced""",word,0.019631426098130424,0.019631426098130424,LogisticRegression_D_undersampled
came,text__came,"""came""",word,0.01958078899860309,0.01958078899860309,LogisticRegression_D_undersampled
usually,text__usually,"""usually""",word,-0.019543524441458352,0.019543524441458352,LogisticRegression_D_undersampled
distant,text__distant,"""distant""",word,0.019500933956972468,0.019500933956972468,LogisticRegression_D_undersampled
weight,text__weight,"""weight""",word,-0.01949785724511417,0.01949785724511417,LogisticRegression_D_undersampled
girlfriend,text__girlfriend,"""girlfriend""",word,0.019485810831679815,0.019485810831679815,LogisticRegression_D_undersampled
suddenly,text__suddenly,"""suddenly""",word,-0.019470125302650288,0.019470125302650288,LogisticRegression_D_undersampled
meet,text__meet,"""meet""",word,-0.01941576290641871,0.01941576290641871,LogisticRegression_D_undersampled
confusing,text__confusing,"""confusing""",word,-0.019412035280958338,0.019412035280958338,LogisticRegression_D_undersampled
sleeping,text__sleeping,"""sleeping""",word,0.019271002289187024,0.019271002289187024,LogisticRegression_D_undersampled
silence,text__silence,"""silence""",word,-0.01915912790458627,0.01915912790458627,LogisticRegression_D_undersampled
shame,text__shame,"""shame""",word,0.019133826175240943,0.019133826175240943,LogisticRegression_D_undersampled
highlight,text__highlight,"""highlight""",word,-0.019082360341997485,0.019082360341997485,LogisticRegression_D_undersampled
major,text__major,"""major""",word,-0.019070758093884643,0.019070758093884643,LogisticRegression_D_undersampled
slowly,text__slowly,"""slowly""",word,0.019044535772444318,0.019044535772444318,LogisticRegression_D_undersampled
impressed,text__impressed,"""impressed""",word,0.0190148501784382,0.0190148501784382,LogisticRegression_D_undersampled
finally,text__finally,"""finally""",word,-0.018962894359346918,0.018962894359346918,LogisticRegression_D_undersampled
river,text__river,"""river""",word,0.018786289432432848,0.018786289432432848,LogisticRegression_D_undersampled
avg_word_len,numeric__avg_word_len,avg_word_len,numeric,0.018775597150012407,0.018775597150012407,LogisticRegression_D_undersampled
boring,text__boring,"""boring""",word,-0.01876374471669644,0.01876374471669644,LogisticRegression_D_undersampled
titled,text__titled,"""titled""",word,0.01875102404884674,0.01875102404884674,LogisticRegression_D_undersampled
cause,text__cause,"""cause""",word,-0.018639979607032696,0.018639979607032696,LogisticRegression_D_undersampled
bitter,text__bitter,"""bitter""",word,0.01863233931818444,0.01863233931818444,LogisticRegression_D_undersampled
speech,text__speech,"""speech""",word,0.01862070401465942,0.01862070401465942,LogisticRegression_D_undersampled
early,text__early,"""early""",word,-0.018601067132325382,0.018601067132325382,LogisticRegression_D_undersampled
rise,text__rise,"""rise""",word,-0.01860004133734733,0.01860004133734733,LogisticRegression_D_undersampled
pity,text__pity,"""pity""",word,-0.01855665139144794,0.01855665139144794,LogisticRegression_D_undersampled
bone,text__bone,"""bone""",word,0.018549758093742787,0.018549758093742787,LogisticRegression_D_undersampled
hopkins,text__hopkins,"""hopkins""",word,-0.01853217264393962,0.01853217264393962,LogisticRegression_D_undersampled
tiny,text__tiny,"""tiny""",word,0.018531408857308643,0.018531408857308643,LogisticRegression_D_undersampled
beyond,text__beyond,"""beyond""",word,0.018517991682877304,0.018517991682877304,LogisticRegression_D_undersampled
center,text__center,"""center""",word,-0.0184090176169416,0.0184090176169416,LogisticRegression_D_undersampled
fragment,text__fragment,"""fragment""",word,0.018365962578936072,0.018365962578936072,LogisticRegression_D_undersampled
looked,text__looked,"""looked""",word,-0.01818672033393295,0.01818672033393295,LogisticRegression_D_undersampled
bible,text__bible,"""bible""",word,-0.01811140505021282,0.01811140505021282,LogisticRegression_D_undersampled
called,text__called,"""called""",word,-0.018081959470154032,0.018081959470154032,LogisticRegression_D_undersampled
warm,text__warm,"""warm""",word,0.01793722075348455,0.01793722075348455,LogisticRegression_D_undersampled
analysis,text__analysis,"""analysis""",word,-0.017924520760088374,0.017924520760088374,LogisticRegression_D_undersampled
carry,text__carry,"""carry""",word,-0.01790438227304944,0.01790438227304944,LogisticRegression_D_undersampled
evil,text__evil,"""evil""",word,0.017872695116176552,0.017872695116176552,LogisticRegression_D_undersampled
thomas,text__thomas,"""thomas""",word,-0.017869516279209924,0.017869516279209924,LogisticRegression_D_undersampled
helen,text__helen,"""helen""",word,-0.0178657042074753,0.0178657042074753,LogisticRegression_D_undersampled
capable,text__capable,"""capable""",word,0.017846833249915428,0.017846833249915428,LogisticRegression_D_undersampled
snippet,text__snippet,"""snippet""",word,0.017776460898736145,0.017776460898736145,LogisticRegression_D_undersampled
entire,text__entire,"""entire""",word,0.017759226295147573,0.017759226295147573,LogisticRegression_D_undersampled
growth,text__growth,"""growth""",word,-0.01766696965491504,0.01766696965491504,LogisticRegression_D_undersampled
ocean,text__ocean,"""ocean""",word,-0.01765610577681842,0.01765610577681842,LogisticRegression_D_undersampled
date,text__date,"""date""",word,-0.017648821123123163,0.017648821123123163,LogisticRegression_D_undersampled
pct_nouns,numeric__pct_nouns,pct_nouns,numeric,-0.017642969686505312,0.017642969686505312,LogisticRegression_D_undersampled
internet,text__internet,"""internet""",word,0.0176048653348274,0.0176048653348274,LogisticRegression_D_undersampled
forth,text__forth,"""forth""",word,-0.017603068755356065,0.017603068755356065,LogisticRegression_D_undersampled
inferno,text__inferno,"""inferno""",word,0.017538277918859476,0.017538277918859476,LogisticRegression_D_undersampled
cup,text__cup,"""cup""",word,0.01752108244710505,0.01752108244710505,LogisticRegression_D_undersampled
intelligent,text__intelligent,"""intelligent""",word,0.017463219684655577,0.017463219684655577,LogisticRegression_D_undersampled
either,text__either,"""either""",word,0.017444085264547476,0.017444085264547476,LogisticRegression_D_undersampled
youth,text__youth,"""youth""",word,-0.01742035129965692,0.01742035129965692,LogisticRegression_D_undersampled
learning,text__learning,"""learning""",word,-0.017340163960033312,0.017340163960033312,LogisticRegression_D_undersampled
soft,text__soft,"""soft""",word,-0.017213961057228187,0.017213961057228187,LogisticRegression_D_undersampled
fucking,text__fucking,"""fucking""",word,0.017194472718966753,0.017194472718966753,LogisticRegression_D_undersampled
translator,text__translator,"""translator""",word,0.017180220400453826,0.017180220400453826,LogisticRegression_D_undersampled
dante,text__dante,"""dante""",word,-0.017162947868356492,0.017162947868356492,LogisticRegression_D_undersampled
glory,text__glory,"""glory""",word,0.017155221043250145,0.017155221043250145,LogisticRegression_D_undersampled
lie,text__lie,"""lie""",word,0.017149075951883502,0.017149075951883502,LogisticRegression_D_undersampled
day,text__day,"""day""",word,-0.017081869842695125,0.017081869842695125,LogisticRegression_D_undersampled
content,text__content,"""content""",word,-0.01704738439833585,0.01704738439833585,LogisticRegression_D_undersampled
older,text__older,"""older""",word,0.016986977875322423,0.016986977875322423,LogisticRegression_D_undersampled
starting,text__starting,"""starting""",word,0.016916231757284596,0.016916231757284596,LogisticRegression_D_undersampled
etc,text__etc,"""etc""",word,-0.016901567599711613,0.016901567599711613,LogisticRegression_D_undersampled
le,text__le,"""le""",word,-0.01686351070493631,0.01686351070493631,LogisticRegression_D_undersampled
claim,text__claim,"""claim""",word,0.016856705969834372,0.016856705969834372,LogisticRegression_D_undersampled
grace,text__grace,"""grace""",word,0.016845961656932223,0.016845961656932223,LogisticRegression_D_undersampled
stood,text__stood,"""stood""",word,-0.016841103988159512,0.016841103988159512,LogisticRegression_D_undersampled
clear,text__clear,"""clear""",word,-0.016835448497719434,0.016835448497719434,LogisticRegression_D_undersampled
remembered,text__remembered,"""remembered""",word,-0.016786674858517907,0.016786674858517907,LogisticRegression_D_undersampled
sorry,text__sorry,"""sorry""",word,-0.016782500116349824,0.016782500116349824,LogisticRegression_D_undersampled
lifetime,text__lifetime,"""lifetime""",word,-0.016740756228801845,0.016740756228801845,LogisticRegression_D_undersampled
grow,text__grow,"""grow""",word,0.016726277625074087,0.016726277625074087,LogisticRegression_D_undersampled
store,text__store,"""store""",word,0.016696465279377272,0.016696465279377272,LogisticRegression_D_undersampled
high,text__high,"""high""",word,-0.016630512659524015,0.016630512659524015,LogisticRegression_D_undersampled
suggests,text__suggests,"""suggests""",word,0.016615269946606365,0.016615269946606365,LogisticRegression_D_undersampled
placed,text__placed,"""placed""",word,-0.016615128271388484,0.016615128271388484,LogisticRegression_D_undersampled
island,text__island,"""island""",word,0.016609617575962687,0.016609617575962687,LogisticRegression_D_undersampled
fruit,text__fruit,"""fruit""",word,0.01657359192548769,0.01657359192548769,LogisticRegression_D_undersampled
color,text__color,"""color""",word,0.01649235488732829,0.01649235488732829,LogisticRegression_D_undersampled
figure,text__figure,"""figure""",word,-0.016448802144136025,0.016448802144136025,LogisticRegression_D_undersampled
cummings,text__cummings,"""cummings""",word,0.016409109210974302,0.016409109210974302,LogisticRegression_D_undersampled
show,text__show,"""show""",word,0.01637568959510904,0.01637568959510904,LogisticRegression_D_undersampled
build,text__build,"""build""",word,0.01637025625831312,0.01637025625831312,LogisticRegression_D_undersampled
ten,text__ten,"""ten""",word,0.01636619209315918,0.01636619209315918,LogisticRegression_D_undersampled
harder,text__harder,"""harder""",word,0.016332405878115547,0.016332405878115547,LogisticRegression_D_undersampled
otherwise,text__otherwise,"""otherwise""",word,-0.016306685632696265,0.016306685632696265,LogisticRegression_D_undersampled
ago,text__ago,"""ago""",word,0.01624704464907123,0.01624704464907123,LogisticRegression_D_undersampled
taught,text__taught,"""taught""",word,0.016233196204970587,0.016233196204970587,LogisticRegression_D_undersampled
ok,text__ok,"""ok""",word,0.0161496484307225,0.0161496484307225,LogisticRegression_D_undersampled
sheer,text__sheer,"""sheer""",word,0.016120291850799422,0.016120291850799422,LogisticRegression_D_undersampled
intriguing,text__intriguing,"""intriguing""",word,0.01609883836047356,0.01609883836047356,LogisticRegression_D_undersampled
describe,text__describe,"""describe""",word,0.016091851622631215,0.016091851622631215,LogisticRegression_D_undersampled
subtle,text__subtle,"""subtle""",word,-0.016012209946431037,0.016012209946431037,LogisticRegression_D_undersampled
happen,text__happen,"""happen""",word,-0.0159963178798995,0.0159963178798995,LogisticRegression_D_undersampled
specifically,text__specifically,"""specifically""",word,-0.015913516963413036,0.015913516963413036,LogisticRegression_D_undersampled
repetition,text__repetition,"""repetition""",word,-0.015894716019454774,0.015894716019454774,LogisticRegression_D_undersampled
claudia,text__claudia,"""claudia""",word,-0.015844090218696313,0.015844090218696313,LogisticRegression_D_undersampled
pen,text__pen,"""pen""",word,-0.01583691536756006,0.01583691536756006,LogisticRegression_D_undersampled
become,text__become,"""become""",word,-0.015786117738579446,0.015786117738579446,LogisticRegression_D_undersampled
writing,text__writing,"""writing""",word,-0.015779587394199723,0.015779587394199723,LogisticRegression_D_undersampled
direct,text__direct,"""direct""",word,-0.015756190614195743,0.015756190614195743,LogisticRegression_D_undersampled
alone,text__alone,"""alone""",word,-0.015754917659816355,0.015754917659816355,LogisticRegression_D_undersampled
delightful,text__delightful,"""delightful""",word,-0.015575678672561984,0.015575678672561984,LogisticRegression_D_undersampled
woman,text__woman,"""woman""",word,-0.015512277901514618,0.015512277901514618,LogisticRegression_D_undersampled
sign,text__sign,"""sign""",word,-0.015490104961062633,0.015490104961062633,LogisticRegression_D_undersampled
every,text__every,"""every""",word,0.015483504218227015,0.015483504218227015,LogisticRegression_D_undersampled
culture,text__culture,"""culture""",word,0.015481575860844777,0.015481575860844777,LogisticRegression_D_undersampled
add,text__add,"""add""",word,-0.015459470998011938,0.015459470998011938,LogisticRegression_D_undersampled
coming,text__coming,"""coming""",word,-0.01543465016623511,0.01543465016623511,LogisticRegression_D_undersampled
bed,text__bed,"""bed""",word,0.015411973101879134,0.015411973101879134,LogisticRegression_D_undersampled
please,text__please,"""please""",word,-0.015339120922467581,0.015339120922467581,LogisticRegression_D_undersampled
paper,text__paper,"""paper""",word,-0.015292601531754747,0.015292601531754747,LogisticRegression_D_undersampled
glimpse,text__glimpse,"""glimpse""",word,-0.015253437164896843,0.015253437164896843,LogisticRegression_D_undersampled
quote,text__quote,"""quote""",word,-0.015232786149942936,0.015232786149942936,LogisticRegression_D_undersampled
leaf,text__leaf,"""leaf""",word,-0.015019893630308546,0.015019893630308546,LogisticRegression_D_undersampled
appeal,text__appeal,"""appeal""",word,0.014938872263620145,0.014938872263620145,LogisticRegression_D_undersampled
artist,text__artist,"""artist""",word,-0.014908932448278803,0.014908932448278803,LogisticRegression_D_undersampled
ted,text__ted,"""ted""",word,0.014850960324047677,0.014850960324047677,LogisticRegression_D_undersampled
ideal,text__ideal,"""ideal""",word,0.014839757989026066,0.014839757989026066,LogisticRegression_D_undersampled
ring,text__ring,"""ring""",word,0.014838861309727657,0.014838861309727657,LogisticRegression_D_undersampled
standing,text__standing,"""standing""",word,-0.014837018378129152,0.014837018378129152,LogisticRegression_D_undersampled
fully,text__fully,"""fully""",word,0.014761224435634367,0.014761224435634367,LogisticRegression_D_undersampled
admire,text__admire,"""admire""",word,-0.014664233196039113,0.014664233196039113,LogisticRegression_D_undersampled
stunning,text__stunning,"""stunning""",word,-0.014654749687098153,0.014654749687098153,LogisticRegression_D_undersampled
shock,text__shock,"""shock""",word,0.014590965684049401,0.014590965684049401,LogisticRegression_D_undersampled
clearly,text__clearly,"""clearly""",word,0.01444647448367167,0.01444647448367167,LogisticRegression_D_undersampled
leg,text__leg,"""leg""",word,-0.014437339021125957,0.014437339021125957,LogisticRegression_D_undersampled
enough,text__enough,"""enough""",word,-0.014409713190624241,0.014409713190624241,LogisticRegression_D_undersampled
someone,text__someone,"""someone""",word,0.014383108212519825,0.014383108212519825,LogisticRegression_D_undersampled
however,text__however,"""however""",word,0.014306622247049603,0.014306622247049603,LogisticRegression_D_undersampled
use,text__use,"""use""",word,0.014271025458112022,0.014271025458112022,LogisticRegression_D_undersampled
large,text__large,"""large""",word,-0.014218577288550882,0.014218577288550882,LogisticRegression_D_undersampled
welcome,text__welcome,"""welcome""",word,0.014216855557314261,0.014216855557314261,LogisticRegression_D_undersampled
dry,text__dry,"""dry""",word,-0.014208259502074553,0.014208259502074553,LogisticRegression_D_undersampled
breathtaking,text__breathtaking,"""breathtaking""",word,-0.01412587340169407,0.01412587340169407,LogisticRegression_D_undersampled
heaven,text__heaven,"""heaven""",word,0.014096350183529793,0.014096350183529793,LogisticRegression_D_undersampled
barely,text__barely,"""barely""",word,-0.01407957868643872,0.01407957868643872,LogisticRegression_D_undersampled
spirit,text__spirit,"""spirit""",word,-0.014046782270435812,0.014046782270435812,LogisticRegression_D_undersampled
shallow,text__shallow,"""shallow""",word,0.014031013350293399,0.014031013350293399,LogisticRegression_D_undersampled
everything,text__everything,"""everything""",word,0.01383950631430816,0.01383950631430816,LogisticRegression_D_undersampled
side,text__side,"""side""",word,0.013792686562695345,0.013792686562695345,LogisticRegression_D_undersampled
universe,text__universe,"""universe""",word,0.01377939260796054,0.01377939260796054,LogisticRegression_D_undersampled
top,text__top,"""top""",word,-0.013778283033917219,0.013778283033917219,LogisticRegression_D_undersampled
building,text__building,"""building""",word,0.013718339002025976,0.013718339002025976,LogisticRegression_D_undersampled
critical,text__critical,"""critical""",word,-0.013715696815247477,0.013715696815247477,LogisticRegression_D_undersampled
learn,text__learn,"""learn""",word,0.013650392572724896,0.013650392572724896,LogisticRegression_D_undersampled
speak,text__speak,"""speak""",word,-0.013634466303380601,0.013634466303380601,LogisticRegression_D_undersampled
burn,text__burn,"""burn""",word,0.013433070056957538,0.013433070056957538,LogisticRegression_D_undersampled
energy,text__energy,"""energy""",word,0.01340711384469158,0.01340711384469158,LogisticRegression_D_undersampled
child,text__child,"""child""",word,-0.013399320582685021,0.013399320582685021,LogisticRegression_D_undersampled
fall,text__fall,"""fall""",word,0.013359890496657855,0.013359890496657855,LogisticRegression_D_undersampled
returning,text__returning,"""returning""",word,0.013296872477434746,0.013296872477434746,LogisticRegression_D_undersampled
kinbote,text__kinbote,"""kinbote""",word,0.013285935887242264,0.013285935887242264,LogisticRegression_D_undersampled
wow,text__wow,"""wow""",word,0.01328179766683487,0.01328179766683487,LogisticRegression_D_undersampled
thread,text__thread,"""thread""",word,0.01327965114932464,0.01327965114932464,LogisticRegression_D_undersampled
snow,text__snow,"""snow""",word,0.013233147230596721,0.013233147230596721,LogisticRegression_D_undersampled
beside,text__beside,"""beside""",word,-0.013221282509430086,0.013221282509430086,LogisticRegression_D_undersampled
sexual,text__sexual,"""sexual""",word,-0.013175865964266122,0.013175865964266122,LogisticRegression_D_undersampled
ship,text__ship,"""ship""",word,-0.013132448509895823,0.013132448509895823,LogisticRegression_D_undersampled
discussed,text__discussed,"""discussed""",word,0.01313106623732229,0.01313106623732229,LogisticRegression_D_undersampled
went,text__went,"""went""",word,0.013102159983379156,0.013102159983379156,LogisticRegression_D_undersampled
creative,text__creative,"""creative""",word,0.01309030511515768,0.01309030511515768,LogisticRegression_D_undersampled
monster,text__monster,"""monster""",word,-0.013036994632132834,0.013036994632132834,LogisticRegression_D_undersampled
considering,text__considering,"""considering""",word,-0.013016896750952547,0.013016896750952547,LogisticRegression_D_undersampled
fellow,text__fellow,"""fellow""",word,-0.012993754030211095,0.012993754030211095,LogisticRegression_D_undersampled
considered,text__considered,"""considered""",word,-0.012986979635103865,0.012986979635103865,LogisticRegression_D_undersampled
failed,text__failed,"""failed""",word,0.012976032384594556,0.012976032384594556,LogisticRegression_D_undersampled
send,text__send,"""send""",word,0.012945128453176608,0.012945128453176608,LogisticRegression_D_undersampled
convey,text__convey,"""convey""",word,0.012935745214354193,0.012935745214354193,LogisticRegression_D_undersampled
fascinating,text__fascinating,"""fascinating""",word,-0.012905993623559287,0.012905993623559287,LogisticRegression_D_undersampled
known,text__known,"""known""",word,-0.012816040420896247,0.012816040420896247,LogisticRegression_D_undersampled
caught,text__caught,"""caught""",word,0.012709635987198382,0.012709635987198382,LogisticRegression_D_undersampled
ice,text__ice,"""ice""",word,0.01270096016515034,0.01270096016515034,LogisticRegression_D_undersampled
degree,text__degree,"""degree""",word,0.012639166937847978,0.012639166937847978,LogisticRegression_D_undersampled
krishna,text__krishna,"""krishna""",word,0.012581223872833374,0.012581223872833374,LogisticRegression_D_undersampled
play,text__play,"""play""",word,0.012570735738609288,0.012570735738609288,LogisticRegression_D_undersampled
forest,text__forest,"""forest""",word,0.012539402469641595,0.012539402469641595,LogisticRegression_D_undersampled
spoiler,text__spoiler,"""spoiler""",word,-0.012531256275218913,0.012531256275218913,LogisticRegression_D_undersampled
wo,text__wo,"""wo""",word,0.012505866678630273,0.012505866678630273,LogisticRegression_D_undersampled
trauma,text__trauma,"""trauma""",word,-0.01250151109251666,0.01250151109251666,LogisticRegression_D_undersampled
tragic,text__tragic,"""tragic""",word,0.012461992940989715,0.012461992940989715,LogisticRegression_D_undersampled
allows,text__allows,"""allows""",word,-0.012430715386050907,0.012430715386050907,LogisticRegression_D_undersampled
million,text__million,"""million""",word,0.012226933087712303,0.012226933087712303,LogisticRegression_D_undersampled
finger,text__finger,"""finger""",word,-0.01221682392511352,0.01221682392511352,LogisticRegression_D_undersampled
reflects,text__reflects,"""reflects""",word,-0.012112423847313047,0.012112423847313047,LogisticRegression_D_undersampled
immigrant,text__immigrant,"""immigrant""",word,0.012012318698470999,0.012012318698470999,LogisticRegression_D_undersampled
eye,text__eye,"""eye""",word,-0.012007101644006339,0.012007101644006339,LogisticRegression_D_undersampled
twin,text__twin,"""twin""",word,-0.011976906548837391,0.011976906548837391,LogisticRegression_D_undersampled
surprisingly,text__surprisingly,"""surprisingly""",word,0.011895393635611644,0.011895393635611644,LogisticRegression_D_undersampled
rome,text__rome,"""rome""",word,0.011850734829260596,0.011850734829260596,LogisticRegression_D_undersampled
dawn,text__dawn,"""dawn""",word,0.011661555358515827,0.011661555358515827,LogisticRegression_D_undersampled
thought,text__thought,"""thought""",word,0.011610870923688194,0.011610870923688194,LogisticRegression_D_undersampled
stone,text__stone,"""stone""",word,0.01159368795321524,0.01159368795321524,LogisticRegression_D_undersampled
de,text__de,"""de""",word,0.011528910368640066,0.011528910368640066,LogisticRegression_D_undersampled
poe,text__poe,"""poe""",word,-0.011492537541190161,0.011492537541190161,LogisticRegression_D_undersampled
according,text__according,"""according""",word,0.011447965066575645,0.011447965066575645,LogisticRegression_D_undersampled
argument,text__argument,"""argument""",word,-0.011443495637136817,0.011443495637136817,LogisticRegression_D_undersampled
fault,text__fault,"""fault""",word,0.011350643136880226,0.011350643136880226,LogisticRegression_D_undersampled
teach,text__teach,"""teach""",word,-0.01132698304713076,0.01132698304713076,LogisticRegression_D_undersampled
scene,text__scene,"""scene""",word,0.011289948923619439,0.011289948923619439,LogisticRegression_D_undersampled
pride,text__pride,"""pride""",word,0.01125521344805063,0.01125521344805063,LogisticRegression_D_undersampled
opposite,text__opposite,"""opposite""",word,0.011249138804968781,0.011249138804968781,LogisticRegression_D_undersampled
zombie,text__zombie,"""zombie""",word,0.011223545896164732,0.011223545896164732,LogisticRegression_D_undersampled
progress,text__progress,"""progress""",word,-0.01121668409732162,0.01121668409732162,LogisticRegression_D_undersampled
dust,text__dust,"""dust""",word,-0.011174831880331209,0.011174831880331209,LogisticRegression_D_undersampled
almost,text__almost,"""almost""",word,0.011065560569504073,0.011065560569504073,LogisticRegression_D_undersampled
played,text__played,"""played""",word,0.01106386300203554,0.01106386300203554,LogisticRegression_D_undersampled
particularly,text__particularly,"""particularly""",word,0.011003350681065073,0.011003350681065073,LogisticRegression_D_undersampled
killing,text__killing,"""killing""",word,0.01098569084341419,0.01098569084341419,LogisticRegression_D_undersampled
library,text__library,"""library""",word,0.010895855791796189,0.010895855791796189,LogisticRegression_D_undersampled
bright,text__bright,"""bright""",word,0.010851182789881937,0.010851182789881937,LogisticRegression_D_undersampled
lead,text__lead,"""lead""",word,0.010838487687597854,0.010838487687597854,LogisticRegression_D_undersampled
remarkable,text__remarkable,"""remarkable""",word,-0.010771697491867432,0.010771697491867432,LogisticRegression_D_undersampled
thank,text__thank,"""thank""",word,0.010755156785645053,0.010755156785645053,LogisticRegression_D_undersampled
trick,text__trick,"""trick""",word,-0.010754235608205254,0.010754235608205254,LogisticRegression_D_undersampled
goal,text__goal,"""goal""",word,0.01074988732770595,0.01074988732770595,LogisticRegression_D_undersampled
chosen,text__chosen,"""chosen""",word,-0.010739576048814814,0.010739576048814814,LogisticRegression_D_undersampled
sonnet,text__sonnet,"""sonnet""",word,-0.010722498455575142,0.010722498455575142,LogisticRegression_D_undersampled
sentence,text__sentence,"""sentence""",word,-0.010709352951002818,0.010709352951002818,LogisticRegression_D_undersampled
masterpiece,text__masterpiece,"""masterpiece""",word,-0.010682327213937819,0.010682327213937819,LogisticRegression_D_undersampled
strange,text__strange,"""strange""",word,-0.010669015757377427,0.010669015757377427,LogisticRegression_D_undersampled
totally,text__totally,"""totally""",word,0.010573287624674969,0.010573287624674969,LogisticRegression_D_undersampled
opened,text__opened,"""opened""",word,-0.010532518138851315,0.010532518138851315,LogisticRegression_D_undersampled
result,text__result,"""result""",word,0.010442106199962348,0.010442106199962348,LogisticRegression_D_undersampled
dislike,text__dislike,"""dislike""",word,0.010406229320030968,0.010406229320030968,LogisticRegression_D_undersampled
feed,text__feed,"""feed""",word,0.010309382724324218,0.010309382724324218,LogisticRegression_D_undersampled
childhood,text__childhood,"""childhood""",word,0.01026692311772726,0.01026692311772726,LogisticRegression_D_undersampled
sugar,text__sugar,"""sugar""",word,-0.010226881972523406,0.010226881972523406,LogisticRegression_D_undersampled
burning,text__burning,"""burning""",word,-0.010209042419783005,0.010209042419783005,LogisticRegression_D_undersampled
adore,text__adore,"""adore""",word,0.01018872448886789,0.01018872448886789,LogisticRegression_D_undersampled
address,text__address,"""address""",word,0.010152399506036493,0.010152399506036493,LogisticRegression_D_undersampled
resonated,text__resonated,"""resonated""",word,0.010118692322295642,0.010118692322295642,LogisticRegression_D_undersampled
zeus,text__zeus,"""zeus""",word,-0.010113632009490454,0.010113632009490454,LogisticRegression_D_undersampled
issue,text__issue,"""issue""",word,-0.010102673917119451,0.010102673917119451,LogisticRegression_D_undersampled
player,text__player,"""player""",word,-0.010065918604333039,0.010065918604333039,LogisticRegression_D_undersampled
storm,text__storm,"""storm""",word,0.01002091197739395,0.01002091197739395,LogisticRegression_D_undersampled
suggest,text__suggest,"""suggest""",word,-0.009994072932109906,0.009994072932109906,LogisticRegression_D_undersampled
hair,text__hair,"""hair""",word,0.009991843948546807,0.009991843948546807,LogisticRegression_D_undersampled
language,text__language,"""language""",word,-0.009954847488259554,0.009954847488259554,LogisticRegression_D_undersampled
throughout,text__throughout,"""throughout""",word,0.009887169765688519,0.009887169765688519,LogisticRegression_D_undersampled
glad,text__glad,"""glad""",word,-0.009870166292983512,0.009870166292983512,LogisticRegression_D_undersampled
read,text__read,"""read""",word,-0.009857342362600812,0.009857342362600812,LogisticRegression_D_undersampled
present,text__present,"""present""",word,-0.009820465154998743,0.009820465154998743,LogisticRegression_D_undersampled
carefully,text__carefully,"""carefully""",word,-0.009775152155948253,0.009775152155948253,LogisticRegression_D_undersampled
act,text__act,"""act""",word,0.009684594050383187,0.009684594050383187,LogisticRegression_D_undersampled
revenge,text__revenge,"""revenge""",word,-0.00963279659451552,0.00963279659451552,LogisticRegression_D_undersampled
playing,text__playing,"""playing""",word,-0.009610151204677456,0.009610151204677456,LogisticRegression_D_undersampled
ability,text__ability,"""ability""",word,0.00959962701913225,0.00959962701913225,LogisticRegression_D_undersampled
latter,text__latter,"""latter""",word,-0.009567123411757198,0.009567123411757198,LogisticRegression_D_undersampled
whisper,text__whisper,"""whisper""",word,-0.009544364034697958,0.009544364034697958,LogisticRegression_D_undersampled
mere,text__mere,"""mere""",word,-0.009469308875432934,0.009469308875432934,LogisticRegression_D_undersampled
hated,text__hated,"""hated""",word,-0.009433423072431552,0.009433423072431552,LogisticRegression_D_undersampled
title,text__title,"""title""",word,0.009324354411389194,0.009324354411389194,LogisticRegression_D_undersampled
ordinary,text__ordinary,"""ordinary""",word,-0.009318045801581742,0.009318045801581742,LogisticRegression_D_undersampled
breathe,text__breathe,"""breathe""",word,-0.009275994973010031,0.009275994973010031,LogisticRegression_D_undersampled
emotion,text__emotion,"""emotion""",word,0.009216492738434463,0.009216492738434463,LogisticRegression_D_undersampled
telling,text__telling,"""telling""",word,-0.009186530855800071,0.009186530855800071,LogisticRegression_D_undersampled
yes,text__yes,"""yes""",word,-0.009178452684413658,0.009178452684413658,LogisticRegression_D_undersampled
america,text__america,"""america""",word,-0.009159563664854346,0.009159563664854346,LogisticRegression_D_undersampled
worth,text__worth,"""worth""",word,0.009149896503287482,0.009149896503287482,LogisticRegression_D_undersampled
reader,text__reader,"""reader""",word,-0.009106498675089265,0.009106498675089265,LogisticRegression_D_undersampled
impossible,text__impossible,"""impossible""",word,-0.00902140896237949,0.00902140896237949,LogisticRegression_D_undersampled
literary,text__literary,"""literary""",word,0.00900910097090516,0.00900910097090516,LogisticRegression_D_undersampled
recent,text__recent,"""recent""",word,-0.008983196611489932,0.008983196611489932,LogisticRegression_D_undersampled
grass,text__grass,"""grass""",word,-0.00895720208957562,0.00895720208957562,LogisticRegression_D_undersampled
land,text__land,"""land""",word,0.008953493266185825,0.008953493266185825,LogisticRegression_D_undersampled
background,text__background,"""background""",word,0.008796627488876817,0.008796627488876817,LogisticRegression_D_undersampled
mountain,text__mountain,"""mountain""",word,0.008788186348780267,0.008788186348780267,LogisticRegression_D_undersampled
thou,text__thou,"""thou""",word,-0.00874544816851313,0.00874544816851313,LogisticRegression_D_undersampled
something,text__something,"""something""",word,0.008684490695404466,0.008684490695404466,LogisticRegression_D_undersampled
king,text__king,"""king""",word,-0.008624616095576819,0.008624616095576819,LogisticRegression_D_undersampled
lover,text__lover,"""lover""",word,0.008623106251631683,0.008623106251631683,LogisticRegression_D_undersampled
overly,text__overly,"""overly""",word,-0.008579167667125048,0.008579167667125048,LogisticRegression_D_undersampled
concern,text__concern,"""concern""",word,0.008561173754376518,0.008561173754376518,LogisticRegression_D_undersampled
gold,text__gold,"""gold""",word,0.00853683954855795,0.00853683954855795,LogisticRegression_D_undersampled
observation,text__observation,"""observation""",word,0.008525353713225233,0.008525353713225233,LogisticRegression_D_undersampled
described,text__described,"""described""",word,-0.008479874078266598,0.008479874078266598,LogisticRegression_D_undersampled
literature,text__literature,"""literature""",word,-0.008479634398127905,0.008479634398127905,LogisticRegression_D_undersampled
focus,text__focus,"""focus""",word,0.008449034121142368,0.008449034121142368,LogisticRegression_D_undersampled
stupid,text__stupid,"""stupid""",word,0.00835956932818039,0.00835956932818039,LogisticRegression_D_undersampled
bored,text__bored,"""bored""",word,0.00827687069205592,0.00827687069205592,LogisticRegression_D_undersampled
long,text__long,"""long""",word,-0.008274385777693896,0.008274385777693896,LogisticRegression_D_undersampled
country,text__country,"""country""",word,0.008214801698807839,0.008214801698807839,LogisticRegression_D_undersampled
ball,text__ball,"""ball""",word,-0.00808684231142485,0.00808684231142485,LogisticRegression_D_undersampled
hoping,text__hoping,"""hoping""",word,0.008060350340967984,0.008060350340967984,LogisticRegression_D_undersampled
follows,text__follows,"""follows""",word,0.007959052392621749,0.007959052392621749,LogisticRegression_D_undersampled
waiting,text__waiting,"""waiting""",word,-0.007879909907993324,0.007879909907993324,LogisticRegression_D_undersampled
presented,text__presented,"""presented""",word,-0.007877925301300631,0.007877925301300631,LogisticRegression_D_undersampled
directly,text__directly,"""directly""",word,0.00785704131643405,0.00785704131643405,LogisticRegression_D_undersampled
within,text__within,"""within""",word,-0.007795367829823911,0.007795367829823911,LogisticRegression_D_undersampled
safe,text__safe,"""safe""",word,-0.0077909367113639955,0.0077909367113639955,LogisticRegression_D_undersampled
apparently,text__apparently,"""apparently""",word,0.0077785754122067395,0.0077785754122067395,LogisticRegression_D_undersampled
shakespeare,text__shakespeare,"""shakespeare""",word,-0.007759241362776156,0.007759241362776156,LogisticRegression_D_undersampled
negative,text__negative,"""negative""",word,0.00771817275467211,0.00771817275467211,LogisticRegression_D_undersampled
topic,text__topic,"""topic""",word,-0.00765076403088666,0.00765076403088666,LogisticRegression_D_undersampled
fourth,text__fourth,"""fourth""",word,-0.007638320809665134,0.007638320809665134,LogisticRegression_D_undersampled
today,text__today,"""today""",word,0.007623946064150414,0.007623946064150414,LogisticRegression_D_undersampled
explores,text__explores,"""explores""",word,-0.007596750644971657,0.007596750644971657,LogisticRegression_D_undersampled
project,text__project,"""project""",word,-0.007593437593462266,0.007593437593462266,LogisticRegression_D_undersampled
werewolf,text__werewolf,"""werewolf""",word,0.007543285984499238,0.007543285984499238,LogisticRegression_D_undersampled
sport,text__sport,"""sport""",word,0.007530706618736043,0.007530706618736043,LogisticRegression_D_undersampled
indeed,text__indeed,"""indeed""",word,-0.007521962207420082,0.007521962207420082,LogisticRegression_D_undersampled
water,text__water,"""water""",word,0.007441355959822826,0.007441355959822826,LogisticRegression_D_undersampled
travel,text__travel,"""travel""",word,0.007396821978052533,0.007396821978052533,LogisticRegression_D_undersampled
moloch,text__moloch,"""moloch""",word,-0.007372144750928865,0.007372144750928865,LogisticRegression_D_undersampled
sir,text__sir,"""sir""",word,0.007367496567480198,0.007367496567480198,LogisticRegression_D_undersampled
mine,text__mine,"""mine""",word,0.007366530101614044,0.007366530101614044,LogisticRegression_D_undersampled
ended,text__ended,"""ended""",word,0.007242454514199809,0.007242454514199809,LogisticRegression_D_undersampled
pattern,text__pattern,"""pattern""",word,0.0072389896290229626,0.0072389896290229626,LogisticRegression_D_undersampled
emotionally,text__emotionally,"""emotionally""",word,-0.007218291762722522,0.007218291762722522,LogisticRegression_D_undersampled
closed,text__closed,"""closed""",word,-0.007209894863384203,0.007209894863384203,LogisticRegression_D_undersampled
mythology,text__mythology,"""mythology""",word,-0.007189748002755491,0.007189748002755491,LogisticRegression_D_undersampled
noble,text__noble,"""noble""",word,-0.0071657912099648904,0.0071657912099648904,LogisticRegression_D_undersampled
quality,text__quality,"""quality""",word,0.00715662680829601,0.00715662680829601,LogisticRegression_D_undersampled
across,text__across,"""across""",word,-0.007118063699082994,0.007118063699082994,LogisticRegression_D_undersampled
near,text__near,"""near""",word,0.0071023316998346684,0.0071023316998346684,LogisticRegression_D_undersampled
mention,text__mention,"""mention""",word,0.00709264641612666,0.00709264641612666,LogisticRegression_D_undersampled
following,text__following,"""following""",word,0.007075758786695984,0.007075758786695984,LogisticRegression_D_undersampled
besides,text__besides,"""besides""",word,0.007056194169283955,0.007056194169283955,LogisticRegression_D_undersampled
situation,text__situation,"""situation""",word,0.0070401788235608335,0.0070401788235608335,LogisticRegression_D_undersampled
period,text__period,"""period""",word,-0.007030342128331987,0.007030342128331987,LogisticRegression_D_undersampled
remains,text__remains,"""remains""",word,0.00692173113221734,0.00692173113221734,LogisticRegression_D_undersampled
portrayed,text__portrayed,"""portrayed""",word,-0.006894931800649504,0.006894931800649504,LogisticRegression_D_undersampled
future,text__future,"""future""",word,-0.0068327649142164645,0.0068327649142164645,LogisticRegression_D_undersampled
essence,text__essence,"""essence""",word,-0.006818973595443991,0.006818973595443991,LogisticRegression_D_undersampled
realistic,text__realistic,"""realistic""",word,0.006808572240796545,0.006808572240796545,LogisticRegression_D_undersampled
confused,text__confused,"""confused""",word,-0.006798276969815693,0.006798276969815693,LogisticRegression_D_undersampled
plant,text__plant,"""plant""",word,0.006772910918115492,0.006772910918115492,LogisticRegression_D_undersampled
talented,text__talented,"""talented""",word,-0.006711972474485934,0.006711972474485934,LogisticRegression_D_undersampled
ultimate,text__ultimate,"""ultimate""",word,0.006698251087995704,0.006698251087995704,LogisticRegression_D_undersampled
response,text__response,"""response""",word,0.006664765700770633,0.006664765700770633,LogisticRegression_D_undersampled
lyric,text__lyric,"""lyric""",word,0.006662803672319544,0.006662803672319544,LogisticRegression_D_undersampled
regard,text__regard,"""regard""",word,-0.006619511248197206,0.006619511248197206,LogisticRegression_D_undersampled
beyonce,text__beyonce,"""beyonce""",word,0.006567794985624673,0.006567794985624673,LogisticRegression_D_undersampled
plain,text__plain,"""plain""",word,-0.006552761139717021,0.006552761139717021,LogisticRegression_D_undersampled
plenty,text__plenty,"""plenty""",word,0.006531810821730663,0.006531810821730663,LogisticRegression_D_undersampled
personality,text__personality,"""personality""",word,0.006482423032050603,0.006482423032050603,LogisticRegression_D_undersampled
sexuality,text__sexuality,"""sexuality""",word,-0.006479907610146482,0.006479907610146482,LogisticRegression_D_undersampled
blow,text__blow,"""blow""",word,0.006438848503967859,0.006438848503967859,LogisticRegression_D_undersampled
start,text__start,"""start""",word,0.006426213177534896,0.006426213177534896,LogisticRegression_D_undersampled
finding,text__finding,"""finding""",word,-0.006377073977384335,0.006377073977384335,LogisticRegression_D_undersampled
compare,text__compare,"""compare""",word,0.006335855624577641,0.006335855624577641,LogisticRegression_D_undersampled
creature,text__creature,"""creature""",word,0.006322958240188656,0.006322958240188656,LogisticRegression_D_undersampled
basically,text__basically,"""basically""",word,0.006284212827937203,0.006284212827937203,LogisticRegression_D_undersampled
golden,text__golden,"""golden""",word,0.006200140552619119,0.006200140552619119,LogisticRegression_D_undersampled
hey,text__hey,"""hey""",word,-0.006179450118993547,0.006179450118993547,LogisticRegression_D_undersampled
naked,text__naked,"""naked""",word,0.006142494259287249,0.006142494259287249,LogisticRegression_D_undersampled
lovely,text__lovely,"""lovely""",word,-0.006141338029182222,0.006141338029182222,LogisticRegression_D_undersampled
simplistic,text__simplistic,"""simplistic""",word,-0.0060650895414761105,0.0060650895414761105,LogisticRegression_D_undersampled
involved,text__involved,"""involved""",word,0.006024617921420833,0.006024617921420833,LogisticRegression_D_undersampled
perspective,text__perspective,"""perspective""",word,-0.005987416521111996,0.005987416521111996,LogisticRegression_D_undersampled
group,text__group,"""group""",word,0.0059574100559476525,0.0059574100559476525,LogisticRegression_D_undersampled
fly,text__fly,"""fly""",word,-0.005932822700788312,0.005932822700788312,LogisticRegression_D_undersampled
fact,text__fact,"""fact""",word,0.0059038045028488376,0.0059038045028488376,LogisticRegression_D_undersampled
give,text__give,"""give""",word,-0.005889583563205988,0.005889583563205988,LogisticRegression_D_undersampled
wide,text__wide,"""wide""",word,-0.005881569306380171,0.005881569306380171,LogisticRegression_D_undersampled
crime,text__crime,"""crime""",word,0.005881433035143551,0.005881433035143551,LogisticRegression_D_undersampled
low,text__low,"""low""",word,-0.005866376393386015,0.005866376393386015,LogisticRegression_D_undersampled
picking,text__picking,"""picking""",word,0.00585917266668555,0.00585917266668555,LogisticRegression_D_undersampled
wisdom,text__wisdom,"""wisdom""",word,0.005856393382206075,0.005856393382206075,LogisticRegression_D_undersampled
led,text__led,"""led""",word,0.005762918725854201,0.005762918725854201,LogisticRegression_D_undersampled
bother,text__bother,"""bother""",word,-0.005762597822682166,0.005762597822682166,LogisticRegression_D_undersampled
surprising,text__surprising,"""surprising""",word,0.005641358233832838,0.005641358233832838,LogisticRegression_D_undersampled
obviously,text__obviously,"""obviously""",word,-0.005590394443645478,0.005590394443645478,LogisticRegression_D_undersampled
nevertheless,text__nevertheless,"""nevertheless""",word,-0.005582686624058199,0.005582686624058199,LogisticRegression_D_undersampled
reaction,text__reaction,"""reaction""",word,0.005568061531128098,0.005568061531128098,LogisticRegression_D_undersampled
structure,text__structure,"""structure""",word,-0.005527973985182067,0.005527973985182067,LogisticRegression_D_undersampled
reminded,text__reminded,"""reminded""",word,0.005515365651985092,0.005515365651985092,LogisticRegression_D_undersampled
existence,text__existence,"""existence""",word,-0.005490115575627112,0.005490115575627112,LogisticRegression_D_undersampled
recently,text__recently,"""recently""",word,0.005489628786447884,0.005489628786447884,LogisticRegression_D_undersampled
christian,text__christian,"""christian""",word,-0.0054523719980272,0.0054523719980272,LogisticRegression_D_undersampled
publisher,text__publisher,"""publisher""",word,0.00534953794902642,0.00534953794902642,LogisticRegression_D_undersampled
trouble,text__trouble,"""trouble""",word,0.005327489220425595,0.005327489220425595,LogisticRegression_D_undersampled
match,text__match,"""match""",word,0.005308393989567941,0.005308393989567941,LogisticRegression_D_undersampled
school,text__school,"""school""",word,0.005267134019644744,0.005267134019644744,LogisticRegression_D_undersampled
black,text__black,"""black""",word,0.005248835944687801,0.005248835944687801,LogisticRegression_D_undersampled
anything,text__anything,"""anything""",word,-0.0052126239360112195,0.0052126239360112195,LogisticRegression_D_undersampled
noticed,text__noticed,"""noticed""",word,-0.005120071147485126,0.005120071147485126,LogisticRegression_D_undersampled
classical,text__classical,"""classical""",word,0.00510341362962745,0.00510341362962745,LogisticRegression_D_undersampled
deal,text__deal,"""deal""",word,-0.005043664298581948,0.005043664298581948,LogisticRegression_D_undersampled
feature,text__feature,"""feature""",word,-0.005023538156559466,0.005023538156559466,LogisticRegression_D_undersampled
save,text__save,"""save""",word,0.005021076725170442,0.005021076725170442,LogisticRegression_D_undersampled
torn,text__torn,"""torn""",word,0.005013574874819406,0.005013574874819406,LogisticRegression_D_undersampled
also,text__also,"""also""",word,-0.004968547283904747,0.004968547283904747,LogisticRegression_D_undersampled
greater,text__greater,"""greater""",word,0.004958930127185279,0.004958930127185279,LogisticRegression_D_undersampled
enemy,text__enemy,"""enemy""",word,0.0049488411568191166,0.0049488411568191166,LogisticRegression_D_undersampled
introduction,text__introduction,"""introduction""",word,-0.004947088461922185,0.004947088461922185,LogisticRegression_D_undersampled
imagination,text__imagination,"""imagination""",word,-0.004932242853736726,0.004932242853736726,LogisticRegression_D_undersampled
equally,text__equally,"""equally""",word,0.00492738378703002,0.00492738378703002,LogisticRegression_D_undersampled
narrative,text__narrative,"""narrative""",word,-0.004917570571203851,0.004917570571203851,LogisticRegression_D_undersampled
sudden,text__sudden,"""sudden""",word,0.004904991556776917,0.004904991556776917,LogisticRegression_D_undersampled
sister,text__sister,"""sister""",word,-0.00487637318301583,0.00487637318301583,LogisticRegression_D_undersampled
patience,text__patience,"""patience""",word,-0.004854943272491075,0.004854943272491075,LogisticRegression_D_undersampled
list,text__list,"""list""",word,-0.004811775033711852,0.004811775033711852,LogisticRegression_D_undersampled
praise,text__praise,"""praise""",word,0.004806861180397405,0.004806861180397405,LogisticRegression_D_undersampled
beloved,text__beloved,"""beloved""",word,0.00470512026772033,0.00470512026772033,LogisticRegression_D_undersampled
sure,text__sure,"""sure""",word,-0.0046984179191196535,0.0046984179191196535,LogisticRegression_D_undersampled
wife,text__wife,"""wife""",word,0.004691019552206681,0.004691019552206681,LogisticRegression_D_undersampled
accessible,text__accessible,"""accessible""",word,0.004639536171082397,0.004639536171082397,LogisticRegression_D_undersampled
former,text__former,"""former""",word,0.004545646364966326,0.004545646364966326,LogisticRegression_D_undersampled
nietzsche,text__nietzsche,"""nietzsche""",word,0.00453323651266326,0.00453323651266326,LogisticRegression_D_undersampled
beginning,text__beginning,"""beginning""",word,0.004511895220314515,0.004511895220314515,LogisticRegression_D_undersampled
tongue,text__tongue,"""tongue""",word,0.004468509704377116,0.004468509704377116,LogisticRegression_D_undersampled
particular,text__particular,"""particular""",word,0.004460732282180116,0.004460732282180116,LogisticRegression_D_undersampled
followed,text__followed,"""followed""",word,-0.004443453293872971,0.004443453293872971,LogisticRegression_D_undersampled
huge,text__huge,"""huge""",word,0.0044430752602877596,0.0044430752602877596,LogisticRegression_D_undersampled
sound,text__sound,"""sound""",word,0.004437586008219155,0.004437586008219155,LogisticRegression_D_undersampled
historical,text__historical,"""historical""",word,-0.00442420553829955,0.00442420553829955,LogisticRegression_D_undersampled
past,text__past,"""past""",word,0.00437176823013608,0.00437176823013608,LogisticRegression_D_undersampled
inspiration,text__inspiration,"""inspiration""",word,0.004354155917990334,0.004354155917990334,LogisticRegression_D_undersampled
reminds,text__reminds,"""reminds""",word,-0.00431561567106264,0.00431561567106264,LogisticRegression_D_undersampled
manage,text__manage,"""manage""",word,0.004307195845070837,0.004307195845070837,LogisticRegression_D_undersampled
watching,text__watching,"""watching""",word,0.004245508192280491,0.004245508192280491,LogisticRegression_D_undersampled
ca,text__ca,"""ca""",word,0.004196660086042038,0.004196660086042038,LogisticRegression_D_undersampled
elegant,text__elegant,"""elegant""",word,0.004163441491405394,0.004163441491405394,LogisticRegression_D_undersampled
era,text__era,"""era""",word,-0.004155129592927419,0.004155129592927419,LogisticRegression_D_undersampled
religious,text__religious,"""religious""",word,0.003960670841973435,0.003960670841973435,LogisticRegression_D_undersampled
provide,text__provide,"""provide""",word,0.003950402038691324,0.003950402038691324,LogisticRegression_D_undersampled
worked,text__worked,"""worked""",word,0.00394439873341506,0.00394439873341506,LogisticRegression_D_undersampled
turned,text__turned,"""turned""",word,-0.003802877855300904,0.003802877855300904,LogisticRegression_D_undersampled
reflect,text__reflect,"""reflect""",word,0.0037875620868717246,0.0037875620868717246,LogisticRegression_D_undersampled
track,text__track,"""track""",word,-0.003778755202734152,0.003778755202734152,LogisticRegression_D_undersampled
belief,text__belief,"""belief""",word,0.0037679974300694028,0.0037679974300694028,LogisticRegression_D_undersampled
sea,text__sea,"""sea""",word,0.0037661991410602867,0.0037661991410602867,LogisticRegression_D_undersampled
appears,text__appears,"""appears""",word,-0.0036781015191066834,0.0036781015191066834,LogisticRegression_D_undersampled
empty,text__empty,"""empty""",word,-0.003648745039240157,0.003648745039240157,LogisticRegression_D_undersampled
remind,text__remind,"""remind""",word,0.0036324954212950183,0.0036324954212950183,LogisticRegression_D_undersampled
gone,text__gone,"""gone""",word,0.003561741102610948,0.003561741102610948,LogisticRegression_D_undersampled
create,text__create,"""create""",word,-0.003542234694964371,0.003542234694964371,LogisticRegression_D_undersampled
unfinished,text__unfinished,"""unfinished""",word,-0.003455285548114936,0.003455285548114936,LogisticRegression_D_undersampled
ah,text__ah,"""ah""",word,0.003418512565660837,0.003418512565660837,LogisticRegression_D_undersampled
eight,text__eight,"""eight""",word,-0.0034163807067622166,0.0034163807067622166,LogisticRegression_D_undersampled
graphic,text__graphic,"""graphic""",word,-0.0033980418929305464,0.0033980418929305464,LogisticRegression_D_undersampled
putting,text__putting,"""putting""",word,0.003359802777762437,0.003359802777762437,LogisticRegression_D_undersampled
realize,text__realize,"""realize""",word,0.0033498680149103705,0.0033498680149103705,LogisticRegression_D_undersampled
insight,text__insight,"""insight""",word,0.0032986711190672634,0.0032986711190672634,LogisticRegression_D_undersampled
wound,text__wound,"""wound""",word,-0.0032658411964076395,0.0032658411964076395,LogisticRegression_D_undersampled
anyone,text__anyone,"""anyone""",word,0.0031270009747045076,0.0031270009747045076,LogisticRegression_D_undersampled
opportunity,text__opportunity,"""opportunity""",word,0.0031054291049007615,0.0031054291049007615,LogisticRegression_D_undersampled
actual,text__actual,"""actual""",word,-0.0030720819200100663,0.0030720819200100663,LogisticRegression_D_undersampled
enjoy,text__enjoy,"""enjoy""",word,-0.003047897945040496,0.003047897945040496,LogisticRegression_D_undersampled
brain,text__brain,"""brain""",word,0.0030290747867820476,0.0030290747867820476,LogisticRegression_D_undersampled
ii,text__ii,"""ii""",word,0.0030059334763634406,0.0030059334763634406,LogisticRegression_D_undersampled
corner,text__corner,"""corner""",word,0.0029872831852752984,0.0029872831852752984,LogisticRegression_D_undersampled
shut,text__shut,"""shut""",word,-0.0028918418131009863,0.0028918418131009863,LogisticRegression_D_undersampled
bell,text__bell,"""bell""",word,0.0028759963719979472,0.0028759963719979472,LogisticRegression_D_undersampled
imagine,text__imagine,"""imagine""",word,0.0028369331186369096,0.0028369331186369096,LogisticRegression_D_undersampled
weakness,text__weakness,"""weakness""",word,-0.002784174437252168,0.002784174437252168,LogisticRegression_D_undersampled
flat,text__flat,"""flat""",word,-0.0027520837787810134,0.0027520837787810134,LogisticRegression_D_undersampled
suppose,text__suppose,"""suppose""",word,0.002712436744195568,0.002712436744195568,LogisticRegression_D_undersampled
medium,text__medium,"""medium""",word,0.002677496259411942,0.002677496259411942,LogisticRegression_D_undersampled
morning,text__morning,"""morning""",word,-0.002651866305008766,0.002651866305008766,LogisticRegression_D_undersampled
ghost,text__ghost,"""ghost""",word,-0.002631866434522831,0.002631866434522831,LogisticRegression_D_undersampled
missing,text__missing,"""missing""",word,0.0026207799696404176,0.0026207799696404176,LogisticRegression_D_undersampled
expecting,text__expecting,"""expecting""",word,0.0025964035221920593,0.0025964035221920593,LogisticRegression_D_undersampled
fiction,text__fiction,"""fiction""",word,-0.0025951741675946357,0.0025951741675946357,LogisticRegression_D_undersampled
remember,text__remember,"""remember""",word,0.0025894633259946004,0.0025894633259946004,LogisticRegression_D_undersampled
encounter,text__encounter,"""encounter""",word,-0.0025616459653316154,0.0025616459653316154,LogisticRegression_D_undersampled
tradition,text__tradition,"""tradition""",word,-0.00255976295850275,0.00255976295850275,LogisticRegression_D_undersampled
normal,text__normal,"""normal""",word,0.0025283533118971493,0.0025283533118971493,LogisticRegression_D_undersampled
step,text__step,"""step""",word,-0.002504933927567928,0.002504933927567928,LogisticRegression_D_undersampled
shade,text__shade,"""shade""",word,-0.0024878280905651297,0.0024878280905651297,LogisticRegression_D_undersampled
condition,text__condition,"""condition""",word,0.002473885859212851,0.002473885859212851,LogisticRegression_D_undersampled
watch,text__watch,"""watch""",word,-0.002464960922556919,0.002464960922556919,LogisticRegression_D_undersampled
fallen,text__fallen,"""fallen""",word,0.002439878888263286,0.002439878888263286,LogisticRegression_D_undersampled
mr,text__mr,"""mr""",word,-0.002424851771658735,0.002424851771658735,LogisticRegression_D_undersampled
solid,text__solid,"""solid""",word,0.0024155963680377954,0.0024155963680377954,LogisticRegression_D_undersampled
smart,text__smart,"""smart""",word,-0.0023683945267861245,0.0023683945267861245,LogisticRegression_D_undersampled
instance,text__instance,"""instance""",word,0.002324499810644997,0.002324499810644997,LogisticRegression_D_undersampled
somewhat,text__somewhat,"""somewhat""",word,-0.002323091891414186,0.002323091891414186,LogisticRegression_D_undersampled
punctuation,text__punctuation,"""punctuation""",word,0.002288687749014418,0.002288687749014418,LogisticRegression_D_undersampled
essentially,text__essentially,"""essentially""",word,-0.0022870290229570194,0.0022870290229570194,LogisticRegression_D_undersampled
previous,text__previous,"""previous""",word,-0.002282186353396322,0.002282186353396322,LogisticRegression_D_undersampled
lying,text__lying,"""lying""",word,0.0022590954995744144,0.0022590954995744144,LogisticRegression_D_undersampled
craft,text__craft,"""craft""",word,0.0022311563380108157,0.0022311563380108157,LogisticRegression_D_undersampled
trial,text__trial,"""trial""",word,0.002179312545244437,0.002179312545244437,LogisticRegression_D_undersampled
conflict,text__conflict,"""conflict""",word,-0.002173919039380923,0.002173919039380923,LogisticRegression_D_undersampled
skill,text__skill,"""skill""",word,-0.002163443762824843,0.002163443762824843,LogisticRegression_D_undersampled
september,text__september,"""september""",word,0.002144498938471708,0.002144498938471708,LogisticRegression_D_undersampled
coffee,text__coffee,"""coffee""",word,0.002143877471138347,0.002143877471138347,LogisticRegression_D_undersampled
baudelaire,text__baudelaire,"""baudelaire""",word,-0.0021027607144606395,0.0021027607144606395,LogisticRegression_D_undersampled
wear,text__wear,"""wear""",word,0.0021026313144836637,0.0021026313144836637,LogisticRegression_D_undersampled
rarely,text__rarely,"""rarely""",word,-0.002062264152925386,0.002062264152925386,LogisticRegression_D_undersampled
tree,text__tree,"""tree""",word,0.002020083309253531,0.002020083309253531,LogisticRegression_D_undersampled
example,text__example,"""example""",word,-0.0019817461795987377,0.0019817461795987377,LogisticRegression_D_undersampled
spiritual,text__spiritual,"""spiritual""",word,0.0019585306705613547,0.0019585306705613547,LogisticRegression_D_undersampled
publishing,text__publishing,"""publishing""",word,0.0019066835789760075,0.0019066835789760075,LogisticRegression_D_undersampled
volume,text__volume,"""volume""",word,-0.0018594955505197536,0.0018594955505197536,LogisticRegression_D_undersampled
gilgamesh,text__gilgamesh,"""gilgamesh""",word,0.0018577913691969798,0.0018577913691969798,LogisticRegression_D_undersampled
selected,text__selected,"""selected""",word,-0.001832372997457042,0.001832372997457042,LogisticRegression_D_undersampled
sight,text__sight,"""sight""",word,0.0017575671998909714,0.0017575671998909714,LogisticRegression_D_undersampled
religion,text__religion,"""religion""",word,0.0017431932300668172,0.0017431932300668172,LogisticRegression_D_undersampled
trying,text__trying,"""trying""",word,0.00173060785681098,0.00173060785681098,LogisticRegression_D_undersampled
buy,text__buy,"""buy""",word,-0.0016902823035491853,0.0016902823035491853,LogisticRegression_D_undersampled
mixed,text__mixed,"""mixed""",word,-0.001669422996865403,0.001669422996865403,LogisticRegression_D_undersampled
expression,text__expression,"""expression""",word,0.0016613183720103242,0.0016613183720103242,LogisticRegression_D_undersampled
already,text__already,"""already""",word,-0.0016173751574969982,0.0016173751574969982,LogisticRegression_D_undersampled
thy,text__thy,"""thy""",word,-0.0015981711139759602,0.0015981711139759602,LogisticRegression_D_undersampled
taking,text__taking,"""taking""",word,0.0013540136702876896,0.0013540136702876896,LogisticRegression_D_undersampled
possibly,text__possibly,"""possibly""",word,0.001323708924182466,0.001323708924182466,LogisticRegression_D_undersampled
cried,text__cried,"""cried""",word,-0.001275240960726406,0.001275240960726406,LogisticRegression_D_undersampled
prose,text__prose,"""prose""",word,-0.0012710304103956984,0.0012710304103956984,LogisticRegression_D_undersampled
murder,text__murder,"""murder""",word,0.0012684782831332865,0.0012684782831332865,LogisticRegression_D_undersampled
history,text__history,"""history""",word,-0.0012548325004891512,0.0012548325004891512,LogisticRegression_D_undersampled
happens,text__happens,"""happens""",word,-0.001251975492943059,0.001251975492943059,LogisticRegression_D_undersampled
mind,text__mind,"""mind""",word,-0.0012351959008670343,0.0012351959008670343,LogisticRegression_D_undersampled
reason,text__reason,"""reason""",word,-0.0012159433089943806,0.0012159433089943806,LogisticRegression_D_undersampled
available,text__available,"""available""",word,-0.0012016352380571605,0.0012016352380571605,LogisticRegression_D_undersampled
prince,text__prince,"""prince""",word,-0.0011846311555789427,0.0011846311555789427,LogisticRegression_D_undersampled
wave,text__wave,"""wave""",word,0.00114300160323317,0.00114300160323317,LogisticRegression_D_undersampled
range,text__range,"""range""",word,0.001061142961732419,0.001061142961732419,LogisticRegression_D_undersampled
addition,text__addition,"""addition""",word,0.0010576155780225734,0.0010576155780225734,LogisticRegression_D_undersampled
raise,text__raise,"""raise""",word,0.0010298771898445852,0.0010298771898445852,LogisticRegression_D_undersampled
problem,text__problem,"""problem""",word,-0.0010016491927563888,0.0010016491927563888,LogisticRegression_D_undersampled
including,text__including,"""including""",word,-0.0009908674701183484,0.0009908674701183484,LogisticRegression_D_undersampled
grown,text__grown,"""grown""",word,0.0009793501859515106,0.0009793501859515106,LogisticRegression_D_undersampled
flame,text__flame,"""flame""",word,0.0009605138024455841,0.0009605138024455841,LogisticRegression_D_undersampled
action,text__action,"""action""",word,-0.0009338174541699646,0.0009338174541699646,LogisticRegression_D_undersampled
jb,text__jb,"""jb""",word,0.000877751705040333,0.000877751705040333,LogisticRegression_D_undersampled
heartfelt,text__heartfelt,"""heartfelt""",word,-0.0008651499869160301,0.0008651499869160301,LogisticRegression_D_undersampled
pay,text__pay,"""pay""",word,-0.0008396260557210903,0.0008396260557210903,LogisticRegression_D_undersampled
freedom,text__freedom,"""freedom""",word,0.0008315165452478017,0.0008315165452478017,LogisticRegression_D_undersampled
meaning,text__meaning,"""meaning""",word,-0.0008279065183825505,0.0008279065183825505,LogisticRegression_D_undersampled
picked,text__picked,"""picked""",word,-0.0008249980036954834,0.0008249980036954834,LogisticRegression_D_undersampled
complexity,text__complexity,"""complexity""",word,-0.0008175701031290512,0.0008175701031290512,LogisticRegression_D_undersampled
describes,text__describes,"""describes""",word,-0.0008095988923449101,0.0008095988923449101,LogisticRegression_D_undersampled
mentioned,text__mentioned,"""mentioned""",word,0.0008012988626038884,0.0008012988626038884,LogisticRegression_D_undersampled
matthew,text__matthew,"""matthew""",word,0.0007840251891213154,0.0007840251891213154,LogisticRegression_D_undersampled
role,text__role,"""role""",word,-0.000761565397617472,0.000761565397617472,LogisticRegression_D_undersampled
middle,text__middle,"""middle""",word,0.0007335146163957028,0.0007335146163957028,LogisticRegression_D_undersampled
possible,text__possible,"""possible""",word,0.0007227149128103015,0.0007227149128103015,LogisticRegression_D_undersampled
conclusion,text__conclusion,"""conclusion""",word,-0.0007130043807023098,0.0007130043807023098,LogisticRegression_D_undersampled
awesome,text__awesome,"""awesome""",word,0.0006688460316361818,0.0006688460316361818,LogisticRegression_D_undersampled
regarding,text__regarding,"""regarding""",word,-0.000651378758333025,0.000651378758333025,LogisticRegression_D_undersampled
searching,text__searching,"""searching""",word,0.0006449693991339684,0.0006449693991339684,LogisticRegression_D_undersampled
losing,text__losing,"""losing""",word,0.0006178859284947958,0.0006178859284947958,LogisticRegression_D_undersampled
embrace,text__embrace,"""embrace""",word,0.0006103721608630325,0.0006103721608630325,LogisticRegression_D_undersampled
approach,text__approach,"""approach""",word,0.0005994631645511941,0.0005994631645511941,LogisticRegression_D_undersampled
struggling,text__struggling,"""struggling""",word,0.0005898744544110198,0.0005898744544110198,LogisticRegression_D_undersampled
arm,text__arm,"""arm""",word,0.0005210545027002182,0.0005210545027002182,LogisticRegression_D_undersampled
shape,text__shape,"""shape""",word,0.0004467032177921956,0.0004467032177921956,LogisticRegression_D_undersampled
acceptance,text__acceptance,"""acceptance""",word,0.0004330006150277409,0.0004330006150277409,LogisticRegression_D_undersampled
cross,text__cross,"""cross""",word,0.0004319639329228435,0.0004319639329228435,LogisticRegression_D_undersampled
thoughtful,text__thoughtful,"""thoughtful""",word,-0.0004125979473977723,0.0004125979473977723,LogisticRegression_D_undersampled
feather,text__feather,"""feather""",word,0.00037235834050377756,0.00037235834050377756,LogisticRegression_D_undersampled
tagore,text__tagore,"""tagore""",word,0.0003719198235443231,0.0003719198235443231,LogisticRegression_D_undersampled
formatting,text__formatting,"""formatting""",word,-0.0003701448093129209,0.0003701448093129209,LogisticRegression_D_undersampled
pure,text__pure,"""pure""",word,-0.00034280058992185647,0.00034280058992185647,LogisticRegression_D_undersampled
crossover,text__crossover,"""crossover""",word,0.00030855225178006584,0.00030855225178006584,LogisticRegression_D_undersampled
front,text__front,"""front""",word,-0.0002460836922218157,0.0002460836922218157,LogisticRegression_D_undersampled
summer,text__summer,"""summer""",word,-0.00020960465352424897,0.00020960465352424897,LogisticRegression_D_undersampled
walking,text__walking,"""walking""",word,-0.00020487549529620241,0.00020487549529620241,LogisticRegression_D_undersampled
garden,text__garden,"""garden""",word,-0.0001512146561730896,0.0001512146561730896,LogisticRegression_D_undersampled
sex,text__sex,"""sex""",word,6.167751357594544e-05,6.167751357594544e-05,LogisticRegression_D_undersampled
courage,text__courage,"""courage""",word,-5.1023280656409235e-05,5.1023280656409235e-05,LogisticRegression_D_undersampled
recall,text__recall,"""recall""",word,3.721880929422589e-05,3.721880929422589e-05,LogisticRegression_D_undersampled
journey,text__journey,"""journey""",word,5.1181855818402335e-06,5.1181855818402335e-06,LogisticRegression_D_undersampled
