feature,feature_id,display_feature,feature_type,mean_absolute_shap,mean_signed_shap,sample_standard_error_abs_shap,experiment
quote,numeric__quote,quote,numeric,0.02841076714421875,-0.011841172591666714,0.002275689785166522,NeuralNetwork_D_undersampled
days_since_review,numeric__days_since_review,days_since_review,numeric,0.02502637300370893,-0.010778023584035632,0.0035818876114091674,NeuralNetwork_D_undersampled
avg_sent_len,numeric__avg_sent_len,avg_sent_len,numeric,0.021464188021247912,-0.018448075367849485,0.004427767855329624,NeuralNetwork_D_undersampled
user_reviews,numeric__user_reviews,user_reviews,numeric,0.019404459142399817,0.0007709885622988383,0.007184235580170097,NeuralNetwork_D_undersampled
pct_verbs,numeric__pct_verbs,pct_verbs,numeric,0.01845550925038261,0.00037806441646111034,0.005179643987950887,NeuralNetwork_D_undersampled
num_words,numeric__num_words,num_words,numeric,0.0177611562887373,-0.0015635281390838313,0.002733290490832663,NeuralNetwork_D_undersampled
sentiment,numeric__sentiment,sentiment,numeric,0.015594577788767093,0.003891031430138988,0.0037260587612621323,NeuralNetwork_D_undersampled
pct_adj,numeric__pct_adj,pct_adj,numeric,0.006325154521024057,-0.0029134988409282247,0.0020319459419325817,NeuralNetwork_D_undersampled
avg_word_len,numeric__avg_word_len,avg_word_len,numeric,0.0018823729305292123,-0.0018823729305292123,0.0015380931997162925,NeuralNetwork_D_undersampled
follow,text__follow,"""follow""",word,0.0018542964329682264,-0.0018542964329682264,0.001854296432968227,NeuralNetwork_D_undersampled
review,text__review,"""review""",word,0.0014823694026528712,0.0014823694026528712,0.0012052755113118323,NeuralNetwork_D_undersampled
stanza,text__stanza,"""stanza""",word,0.0013534868491948803,0.0006301246718980444,0.0010408165353512583,NeuralNetwork_D_undersampled
whether,text__whether,"""whether""",word,0.0011268257982533275,-0.0011268257982533275,0.0007441208849778025,NeuralNetwork_D_undersampled
lyrical,text__lyrical,"""lyrical""",word,0.0010693355963382666,-0.0004616331466846743,0.0006592464033252466,NeuralNetwork_D_undersampled
thank,text__thank,"""thank""",word,0.0009808491431695713,-0.0002478247648310756,0.0005099985317065239,NeuralNetwork_D_undersampled
everyday,text__everyday,"""everyday""",word,0.0009235761154313366,-0.0009235761154313366,0.0005674831245425512,NeuralNetwork_D_undersampled
gibran,text__gibran,"""gibran""",word,0.0008857651861879129,0.0008857651861879129,0.000885765186187913,NeuralNetwork_D_undersampled
hamlet,text__hamlet,"""hamlet""",word,0.0008599314735974827,-0.0008599314735974827,0.0008599314735974829,NeuralNetwork_D_undersampled
sarah,text__sarah,"""sarah""",word,0.0008347077923016406,0.0008347077923016406,0.0008347077923016407,NeuralNetwork_D_undersampled
sing,text__sing,"""sing""",word,0.0008259878151385711,0.00038162605231230616,0.0006342566996432156,NeuralNetwork_D_undersampled
various,text__various,"""various""",word,0.0007894798694887244,0.0007894798694887244,0.0006308464172186066,NeuralNetwork_D_undersampled
see,text__see,"""see""",word,0.0007770292227777864,0.0001256485594751508,0.0005449758378981954,NeuralNetwork_D_undersampled
poetic,text__poetic,"""poetic""",word,0.0007446445666079759,0.0007446445666079759,0.0007446445666079766,NeuralNetwork_D_undersampled
leaf,text__leaf,"""leaf""",word,0.0007162371162644598,4.0517781898909726e-05,0.0004542422235788846,NeuralNetwork_D_undersampled
honey,text__honey,"""honey""",word,0.0007084123137563084,-0.0007084123137563084,0.0004968159014189079,NeuralNetwork_D_undersampled
little,text__little,"""little""",word,0.0007048560251027578,4.3179186615375e-05,0.000406952791398727,NeuralNetwork_D_undersampled
shit,text__shit,"""shit""",word,0.0006992215648317819,0.0006023093827846314,0.0006504626405429585,NeuralNetwork_D_undersampled
eve,text__eve,"""eve""",word,0.000691445375415823,0.000691445375415823,0.0006914453754158228,NeuralNetwork_D_undersampled
maybe,text__maybe,"""maybe""",word,0.0006897401804257321,-0.00028780163557209573,0.0005066678523997462,NeuralNetwork_D_undersampled
bible,text__bible,"""bible""",word,0.0006885143008452067,-0.0006885143008452067,0.000548472868160877,NeuralNetwork_D_undersampled
girl,text__girl,"""girl""",word,0.0006843459891781763,-0.0006843459891781763,0.0006843459891781762,NeuralNetwork_D_undersampled
oliver,text__oliver,"""oliver""",word,0.0006814522050586936,7.591771857706807e-06,0.0004712997663987183,NeuralNetwork_D_undersampled
started,text__started,"""started""",word,0.0006738125010350655,-0.0006738125010350655,0.0005548025333098499,NeuralNetwork_D_undersampled
translation,text__translation,"""translation""",word,0.0006681251376638666,0.0006681251376638666,0.00047007809028921764,NeuralNetwork_D_undersampled
around,text__around,"""around""",word,0.0006610586247653553,0.0006610586247653553,0.00045916019644446325,NeuralNetwork_D_undersampled
rating_diff,numeric__rating_diff,rating_diff,numeric,0.0006604103448963255,0.00030201707534514936,0.0003682410007269507,NeuralNetwork_D_undersampled
mother,text__mother,"""mother""",word,0.0006268918248747109,-0.0006268918248747109,0.000626891824874711,NeuralNetwork_D_undersampled
break,text__break,"""break""",word,0.0006242953445529262,-0.0006242953445529262,0.0006242953445529266,NeuralNetwork_D_undersampled
one,text__one,"""one""",word,0.0006235175512785424,0.0006235175512785424,0.0006235175512785423,NeuralNetwork_D_undersampled
incredibly,text__incredibly,"""incredibly""",word,0.0006212434794509266,0.0005227584772505113,0.000571979597340998,NeuralNetwork_D_undersampled
satan,text__satan,"""satan""",word,0.0006079960782943472,-6.191519276646301e-05,0.000362762324132218,NeuralNetwork_D_undersampled
certainly,text__certainly,"""certainly""",word,0.0006072830440935843,-0.0006072830440935843,0.00045642306625081334,NeuralNetwork_D_undersampled
tragedy,text__tragedy,"""tragedy""",word,0.0005972047045437704,-0.0005972047045437704,0.0004740085944638015,NeuralNetwork_D_undersampled
feel,text__feel,"""feel""",word,0.000586900630736272,-0.000586900630736272,0.0005869006307362721,NeuralNetwork_D_undersampled
fly,text__fly,"""fly""",word,0.0005827833745182884,-0.00047949880294373453,0.0004021935316215255,NeuralNetwork_D_undersampled
touching,text__touching,"""touching""",word,0.0005826329613362401,-0.0005826329613362401,0.00047506806281321485,NeuralNetwork_D_undersampled
poetry,text__poetry,"""poetry""",word,0.0005778596429863413,-0.0005778596429863413,0.0003999167550743566,NeuralNetwork_D_undersampled
user_rating,numeric__user_rating,user_rating,numeric,0.0005626706649495595,0.0005626706649495595,0.0005626706649495596,NeuralNetwork_D_undersampled
enough,text__enough,"""enough""",word,0.000555520243392058,0.000555520243392058,0.0004294403502171506,NeuralNetwork_D_undersampled
light,text__light,"""light""",word,0.0005488847861223724,-0.0005488847861223724,0.0005488847861223723,NeuralNetwork_D_undersampled
another,text__another,"""another""",word,0.0005464208789288911,-0.0005464208789288911,0.0003151176120749263,NeuralNetwork_D_undersampled
may,text__may,"""may""",word,0.0005414119970381179,0.0005414119970381179,0.000541411997038118,NeuralNetwork_D_undersampled
track,text__track,"""track""",word,0.0005293782542713381,-0.0005293782542713381,0.000529378254271338,NeuralNetwork_D_undersampled
healing,text__healing,"""healing""",word,0.0005256642072416943,-0.0005256642072416943,0.0004309722132697843,NeuralNetwork_D_undersampled
school,text__school,"""school""",word,0.0005172502042745578,-6.249508401605006e-05,0.0003605486844263934,NeuralNetwork_D_undersampled
wait,text__wait,"""wait""",word,0.0005082841776283931,0.0005082841776283931,0.0005082841776283936,NeuralNetwork_D_undersampled
effort,text__effort,"""effort""",word,0.0005013968007704762,0.00019670114068259974,0.00037472786270442384,NeuralNetwork_D_undersampled
country,text__country,"""country""",word,0.0004990122430213734,-0.0004990122430213734,0.00038153809192922606,NeuralNetwork_D_undersampled
god,text__god,"""god""",word,0.0004969415291848126,-0.0004969415291848126,0.0004969415291848128,NeuralNetwork_D_undersampled
loss,text__loss,"""loss""",word,0.0004964975390471745,-0.0004964975390471745,0.00036788466664412723,NeuralNetwork_D_undersampled
short,text__short,"""short""",word,0.0004918684039626694,-0.0004281475058458982,0.0004597259692341015,NeuralNetwork_D_undersampled
easy,text__easy,"""easy""",word,0.000488732243058395,-0.000488732243058395,0.0004887322430583947,NeuralNetwork_D_undersampled
simple,text__simple,"""simple""",word,0.0004886377150960728,-0.0003901004901994604,0.00035409826186294074,NeuralNetwork_D_undersampled
room,text__room,"""room""",word,0.0004885810931359427,-0.0004885810931359427,0.0004885810931359429,NeuralNetwork_D_undersampled
talking,text__talking,"""talking""",word,0.00047458797947205387,0.00047458797947205387,0.00047458797947205403,NeuralNetwork_D_undersampled
would,text__would,"""would""",word,0.00047068308654159464,-0.00047068308654159464,0.00047068308654159475,NeuralNetwork_D_undersampled
general,text__general,"""general""",word,0.00046902359222279305,-0.00046847844129299264,0.0003780315005436568,NeuralNetwork_D_undersampled
lot,text__lot,"""lot""",word,0.00046608999752228926,-0.00046608999752228926,0.0003223388148131354,NeuralNetwork_D_undersampled
tired,text__tired,"""tired""",word,0.00046113472152292467,-0.00046113472152292467,0.00028792925559550567,NeuralNetwork_D_undersampled
well,text__well,"""well""",word,0.00046025426033202325,-0.00046025426033202325,0.00046025426033202325,NeuralNetwork_D_undersampled
touched,text__touched,"""touched""",word,0.0004585935050630347,0.0001422693237404397,0.00033338023450687397,NeuralNetwork_D_undersampled
day,text__day,"""day""",word,0.0004547381428192292,-0.0004547381428192292,0.0004547381428192293,NeuralNetwork_D_undersampled
whisper,text__whisper,"""whisper""",word,0.000445396233577454,-0.000445396233577454,0.0003449864680635685,NeuralNetwork_D_undersampled
depression,text__depression,"""depression""",word,0.0004427741931293751,-0.0004427741931293751,0.00034718970120955225,NeuralNetwork_D_undersampled
money,text__money,"""money""",word,0.00044269657519891006,0.00044269657519891006,0.00044269657519891006,NeuralNetwork_D_undersampled
literary,text__literary,"""literary""",word,0.00042310622092841236,-0.00012726339719868558,0.00030670473573909696,NeuralNetwork_D_undersampled
go,text__go,"""go""",word,0.0004211645724762208,0.0004211645724762208,0.00042116457247622075,NeuralNetwork_D_undersampled
similar,text__similar,"""similar""",word,0.000420695563783347,-0.000420695563783347,0.00024887544549152775,NeuralNetwork_D_undersampled
tear,text__tear,"""tear""",word,0.00041887973511807344,-0.00041887973511807344,0.00041887973511807344,NeuralNetwork_D_undersampled
know,text__know,"""know""",word,0.0004152099401103569,-0.0001618347598992692,0.0003100265144461005,NeuralNetwork_D_undersampled
late,text__late,"""late""",word,0.00040608529334899417,-4.418096077352917e-05,0.00028264137730224964,NeuralNetwork_D_undersampled
except,text__except,"""except""",word,0.00040536532762212255,-0.00040536532762212255,0.00029129681784089724,NeuralNetwork_D_undersampled
shadow,text__shadow,"""shadow""",word,0.00040496221458239534,-0.00040496221458239534,0.0004049622145823954,NeuralNetwork_D_undersampled
baby,text__baby,"""baby""",word,0.0004029299464226416,0.0004029299464226416,0.0004029299464226416,NeuralNetwork_D_undersampled
also,text__also,"""also""",word,0.00040260018944305583,-0.00040260018944305583,0.00040260018944305594,NeuralNetwork_D_undersampled
mean,text__mean,"""mean""",word,0.00039810784470964124,0.00039810784470964124,0.0003981078447096414,NeuralNetwork_D_undersampled
hurt,text__hurt,"""hurt""",word,0.0003964076898057885,0.0003964076898057885,0.0003964076898057885,NeuralNetwork_D_undersampled
final,text__final,"""final""",word,0.0003938254765954733,-0.0003938254765954733,0.0003938254765954735,NeuralNetwork_D_undersampled
disorder,text__disorder,"""disorder""",word,0.0003872206630018992,-0.0003872206630018992,0.00038722066300189917,NeuralNetwork_D_undersampled
rich,text__rich,"""rich""",word,0.00038512622627762095,0.00038512622627762095,0.0003851262262776211,NeuralNetwork_D_undersampled
marriage,text__marriage,"""marriage""",word,0.0003713175924382416,-0.0003713175924382416,0.0003713175924382416,NeuralNetwork_D_undersampled
entire,text__entire,"""entire""",word,0.0003702468512665096,-0.0003702468512665096,0.0002578062474153633,NeuralNetwork_D_undersampled
left,text__left,"""left""",word,0.0003682806913411641,-0.0003682806913411641,0.00036828069134116413,NeuralNetwork_D_undersampled
scene,text__scene,"""scene""",word,0.0003674550311553413,0.00013732203148735878,0.0002727909920670182,NeuralNetwork_D_undersampled
sitting,text__sitting,"""sitting""",word,0.0003589960320289147,-0.00019794232604814304,0.0002864955902562031,NeuralNetwork_D_undersampled
tongue,text__tongue,"""tongue""",word,0.0003584869354236442,-0.0003584869354236442,0.00027093289193927335,NeuralNetwork_D_undersampled
ca,text__ca,"""ca""",word,0.00035835524602419004,-0.00035835524602419004,0.00035835524602418993,NeuralNetwork_D_undersampled
lost,text__lost,"""lost""",word,0.00035163063200999286,-0.00035163063200999286,0.000351630632009993,NeuralNetwork_D_undersampled
lack,text__lack,"""lack""",word,0.00034689291776621053,-0.00034689291776621053,0.0003468929177662103,NeuralNetwork_D_undersampled
difficult,text__difficult,"""difficult""",word,0.0003460020740422484,-0.0003460020740422484,0.0003460020740422483,NeuralNetwork_D_undersampled
emerson,text__emerson,"""emerson""",word,0.00034156430439340234,-0.00034156430439340234,0.0002720793125920464,NeuralNetwork_D_undersampled
excellent,text__excellent,"""excellent""",word,0.00033681971631717276,0.00033681971631717276,0.00033681971631717287,NeuralNetwork_D_undersampled
struck,text__struck,"""struck""",word,0.00033551116645159397,-0.00033551116645159397,0.00023927396607201391,NeuralNetwork_D_undersampled
think,text__think,"""think""",word,0.0003353832586255657,0.0003353832586255657,0.00033538325862556576,NeuralNetwork_D_undersampled
u,text__u,"""u""",word,0.00033480021933721436,-0.00033480021933721436,0.0003348002193372144,NeuralNetwork_D_undersampled
taken,text__taken,"""taken""",word,0.0003320710483068467,-0.0003320710483068467,0.00025728727005379837,NeuralNetwork_D_undersampled
meant,text__meant,"""meant""",word,0.00033103236383703075,0.00033103236383703075,0.0003310323638370308,NeuralNetwork_D_undersampled
inside,text__inside,"""inside""",word,0.00033020556136047706,-0.00033020556136047706,0.00033020556136047706,NeuralNetwork_D_undersampled
note,text__note,"""note""",word,0.0003238788266934848,0.0003238788266934848,0.00032387882669348476,NeuralNetwork_D_undersampled
felt,text__felt,"""felt""",word,0.0003218139787493275,0.0003218139787493275,0.0003218139787493275,NeuralNetwork_D_undersampled
netgalley,text__netgalley,"""netgalley""",word,0.0003202347949324077,-0.0003202347949324077,0.0003054300175279257,NeuralNetwork_D_undersampled
enjoyed,text__enjoyed,"""enjoyed""",word,0.00031841069807422997,0.00031841069807422997,0.0003184106980742299,NeuralNetwork_D_undersampled
grew,text__grew,"""grew""",word,0.00031759863143737113,0.00031759863143737113,0.0003175986314373713,NeuralNetwork_D_undersampled
blood,text__blood,"""blood""",word,0.00030993372747646885,-0.0002881166325585005,0.00017252827551613448,NeuralNetwork_D_undersampled
done,text__done,"""done""",word,0.00030144594496435553,-0.00030144594496435553,0.00030144594496435553,NeuralNetwork_D_undersampled
could,text__could,"""could""",word,0.0002968263221938158,-0.0002968263221938158,0.00029682632219381577,NeuralNetwork_D_undersampled
adam,text__adam,"""adam""",word,0.0002939642134825671,-0.0002939642134825671,0.000239806528073076,NeuralNetwork_D_undersampled
offer,text__offer,"""offer""",word,0.0002926248013424227,-0.0002926248013424227,0.00029262480134242266,NeuralNetwork_D_undersampled
grass,text__grass,"""grass""",word,0.00028791508280310885,-0.00028791508280310885,0.000204057695792424,NeuralNetwork_D_undersampled
somewhere,text__somewhere,"""somewhere""",word,0.0002878049415697145,-0.0002878049415697145,0.00020091733024680882,NeuralNetwork_D_undersampled
milk,text__milk,"""milk""",word,0.00028762153161068505,0.00011054599831344209,0.00021433746378937585,NeuralNetwork_D_undersampled
peace,text__peace,"""peace""",word,0.00028686328103501985,0.00028686328103501985,0.0002868632810350198,NeuralNetwork_D_undersampled
letter,text__letter,"""letter""",word,0.0002866325423103232,-3.2709622708837885e-05,0.00019962784837064296,NeuralNetwork_D_undersampled
young,text__young,"""young""",word,0.0002831595797051708,0.0002831595797051708,0.0002831595797051708,NeuralNetwork_D_undersampled
parent,text__parent,"""parent""",word,0.0002787643924403816,-0.0002787643924403816,0.00027876439244038155,NeuralNetwork_D_undersampled
island,text__island,"""island""",word,0.000278729664175058,-0.000278729664175058,0.0002787296641750582,NeuralNetwork_D_undersampled
definitely,text__definitely,"""definitely""",word,0.00027847235647068477,-0.00027847235647068477,0.0002784723564706849,NeuralNetwork_D_undersampled
key,text__key,"""key""",word,0.00027561868408573943,-0.00022221239792734326,0.00024918671598170164,NeuralNetwork_D_undersampled
excerpt,text__excerpt,"""excerpt""",word,0.00027555909890659015,0.00027555909890659015,0.0002755590989065901,NeuralNetwork_D_undersampled
picked,text__picked,"""picked""",word,0.00027432191002333686,-0.00027432191002333686,0.00027432191002333675,NeuralNetwork_D_undersampled
second,text__second,"""second""",word,0.0002688176882570048,-0.0002688176882570048,0.0002688176882570048,NeuralNetwork_D_undersampled
extraordinary,text__extraordinary,"""extraordinary""",word,0.0002669330384330049,-0.0002669330384330049,0.00026693303843300506,NeuralNetwork_D_undersampled
idea,text__idea,"""idea""",word,0.00026379037345906545,0.00026379037345906545,0.0002637903734590655,NeuralNetwork_D_undersampled
last,text__last,"""last""",word,0.00026086751514255434,-0.00026086751514255434,0.0002608675151425543,NeuralNetwork_D_undersampled
great,text__great,"""great""",word,0.00026010470762775174,0.00026010470762775174,0.0002601047076277517,NeuralNetwork_D_undersampled
author,text__author,"""author""",word,0.00025946844835533317,-0.00025946844835533317,0.00025946844835533306,NeuralNetwork_D_undersampled
next,text__next,"""next""",word,0.00025907898658103224,0.00025907898658103224,0.0002590789865810323,NeuralNetwork_D_undersampled
good,text__good,"""good""",word,0.00025365988072127466,-0.00025365988072127466,0.0002536598807212747,NeuralNetwork_D_undersampled
student,text__student,"""student""",word,0.00024998109646009954,-0.00024998109646009954,0.0002499810964600996,NeuralNetwork_D_undersampled
sky,text__sky,"""sky""",word,0.0002498616372137033,-0.0002498616372137033,0.00024986163721370307,NeuralNetwork_D_undersampled
step,text__step,"""step""",word,0.00024924285429513463,-0.00024924285429513463,0.0002492428542951348,NeuralNetwork_D_undersampled
along,text__along,"""along""",word,0.0002454070301605242,-0.0002454070301605242,0.0002454070301605243,NeuralNetwork_D_undersampled
make,text__make,"""make""",word,0.0002443879517254638,-0.0002443879517254638,0.00024438795172546384,NeuralNetwork_D_undersampled
seek,text__seek,"""seek""",word,0.00024355939795582952,0.00024355939795582952,0.00024355939795582963,NeuralNetwork_D_undersampled
rage,text__rage,"""rage""",word,0.00024268426229613358,-0.00024268426229613358,0.00024268426229613377,NeuralNetwork_D_undersampled
ugly,text__ugly,"""ugly""",word,0.0002422777671140301,0.0002422777671140301,0.00024227776711403007,NeuralNetwork_D_undersampled
strong,text__strong,"""strong""",word,0.0002420717788215206,0.0002420717788215206,0.0002420717788215208,NeuralNetwork_D_undersampled
somehow,text__somehow,"""somehow""",word,0.00024092431545664315,-0.00024092431545664315,0.00024092431545664315,NeuralNetwork_D_undersampled
hear,text__hear,"""hear""",word,0.00023870641925766427,-0.00023870641925766427,0.0002387064192576642,NeuralNetwork_D_undersampled
meditation,text__meditation,"""meditation""",word,0.0002359758020780354,-0.0002359758020780354,0.00023597580207803545,NeuralNetwork_D_undersampled
prefer,text__prefer,"""prefer""",word,0.00023520778393099355,0.00023520778393099355,0.00023520778393099366,NeuralNetwork_D_undersampled
ended,text__ended,"""ended""",word,0.0002346448197235987,8.180861978981132e-06,0.0001623794835625528,NeuralNetwork_D_undersampled
unknown,text__unknown,"""unknown""",word,0.00023296584040928696,0.00023296584040928696,0.00023296584040928694,NeuralNetwork_D_undersampled
matter,text__matter,"""matter""",word,0.00022563675068550495,-0.00021565351567299902,0.00022048451012580107,NeuralNetwork_D_undersampled
due,text__due,"""due""",word,0.00022562462353502605,0.00022562462353502605,0.00020335741094406638,NeuralNetwork_D_undersampled
face,text__face,"""face""",word,0.00022466777144847084,0.00022466777144847084,0.00022466777144847087,NeuralNetwork_D_undersampled
help,text__help,"""help""",word,0.00021357263057576053,-0.00021357263057576053,0.00021357263057576056,NeuralNetwork_D_undersampled
edition,text__edition,"""edition""",word,0.00021204541033468028,-0.00021204541033468028,0.00021204541033468022,NeuralNetwork_D_undersampled
accept,text__accept,"""accept""",word,0.0002104459445828006,-0.0001458626475200378,0.00017967039808487444,NeuralNetwork_D_undersampled
hope,text__hope,"""hope""",word,0.00020594065059647507,-0.00020594065059647507,0.00020594065059647518,NeuralNetwork_D_undersampled
follows,text__follows,"""follows""",word,0.0002037244077501816,-0.0002037244077501816,0.0002037244077501817,NeuralNetwork_D_undersampled
pause,text__pause,"""pause""",word,0.00019903210914800498,0.00019903210914800498,0.000199032109148005,NeuralNetwork_D_undersampled
either,text__either,"""either""",word,0.00019358701624084838,-0.00019358701624084838,0.00019358701624084843,NeuralNetwork_D_undersampled
sat,text__sat,"""sat""",word,0.00019284058042529884,-0.00019284058042529884,0.00019284058042529884,NeuralNetwork_D_undersampled
fall,text__fall,"""fall""",word,0.00019173797637342141,0.00019173797637342141,0.00019173797637342147,NeuralNetwork_D_undersampled
inspired,text__inspired,"""inspired""",word,0.00018688846778292258,-0.00018688846778292258,0.00018688846778292266,NeuralNetwork_D_undersampled
hot,text__hot,"""hot""",word,0.000186700939074226,-0.000186700939074226,0.00018670093907422613,NeuralNetwork_D_undersampled
special,text__special,"""special""",word,0.00018410108397923661,0.00016353018551689484,0.00017367270057156976,NeuralNetwork_D_undersampled
poet,text__poet,"""poet""",word,0.00018367830565129266,0.00018367830565129266,0.0001836783056512927,NeuralNetwork_D_undersampled
better,text__better,"""better""",word,0.00018323913736703124,0.00018323913736703124,0.0001832391373670313,NeuralNetwork_D_undersampled
growing,text__growing,"""growing""",word,0.0001821107946530171,-0.0001821107946530171,0.00018211079465301714,NeuralNetwork_D_undersampled
consider,text__consider,"""consider""",word,0.000181921604233907,-0.000181921604233907,0.000181921604233907,NeuralNetwork_D_undersampled
complicated,text__complicated,"""complicated""",word,0.00017795947191493228,9.614818026743148e-05,0.00014131355529175708,NeuralNetwork_D_undersampled
original,text__original,"""original""",word,0.0001762665475282706,0.0001762665475282706,0.00017626654752827078,NeuralNetwork_D_undersampled
etc,text__etc,"""etc""",word,0.00017601364296295345,-0.00017601364296295345,0.00017601364296295345,NeuralNetwork_D_undersampled
closed,text__closed,"""closed""",word,0.00017345635798847721,-0.00017345635798847721,0.00017345635798847727,NeuralNetwork_D_undersampled
visit,text__visit,"""visit""",word,0.00017196614332741584,0.00017196614332741584,0.00017196614332741584,NeuralNetwork_D_undersampled
came,text__came,"""came""",word,0.0001687783650822672,-0.0001687783650822672,0.00016877836508226728,NeuralNetwork_D_undersampled
revenge,text__revenge,"""revenge""",word,0.000167945155000469,0.000167945155000469,0.00011615682679125633,NeuralNetwork_D_undersampled
repetition,text__repetition,"""repetition""",word,0.0001652796666542744,0.0001652796666542744,0.00016527966665427437,NeuralNetwork_D_undersampled
less,text__less,"""less""",word,0.00016360804734558024,0.00016360804734558024,0.00016360804734558024,NeuralNetwork_D_undersampled
comment,text__comment,"""comment""",word,0.00016261270112063043,-0.00016261270112063043,0.0001626127011206304,NeuralNetwork_D_undersampled
life,text__life,"""life""",word,0.00016181908047438332,-0.00016181908047438332,0.00016181908047438335,NeuralNetwork_D_undersampled
surprising,text__surprising,"""surprising""",word,0.00015949179537802524,-0.00015949179537802524,0.00015949179537802532,NeuralNetwork_D_undersampled
genuine,text__genuine,"""genuine""",word,0.0001529120867320519,-0.0001529120867320519,0.00015291208673205188,NeuralNetwork_D_undersampled
empty,text__empty,"""empty""",word,0.00014919783820221643,-0.00014919783820221643,0.00014919783820221643,NeuralNetwork_D_undersampled
favorite,text__favorite,"""favorite""",word,0.0001481309784434238,-0.0001481309784434238,0.00014813097844342378,NeuralNetwork_D_undersampled
deep,text__deep,"""deep""",word,0.0001479354643030847,-0.0001479354643030847,0.00014793546430308472,NeuralNetwork_D_undersampled
get,text__get,"""get""",word,0.00014711039339002378,0.00014711039339002378,0.0001471103933900239,NeuralNetwork_D_undersampled
paradise,text__paradise,"""paradise""",word,0.00014241855755156108,-0.00014241855755156108,0.00014241855755156108,NeuralNetwork_D_undersampled
wonderfully,text__wonderfully,"""wonderfully""",word,0.00014050372983799545,0.00014050372983799545,0.00014050372983799545,NeuralNetwork_D_undersampled
literature,text__literature,"""literature""",word,0.00013656377223777058,-0.00013656377223777058,0.00012633240355149154,NeuralNetwork_D_undersampled
measure,text__measure,"""measure""",word,0.00013574777699692134,-0.00013574777699692134,0.0001357477769969213,NeuralNetwork_D_undersampled
told,text__told,"""told""",word,0.00013333702246661603,-0.00013333702246661603,9.734793650740801e-05,NeuralNetwork_D_undersampled
best,text__best,"""best""",word,0.00013206041207876543,-0.00013206041207876543,0.00013206041207876532,NeuralNetwork_D_undersampled
written,text__written,"""written""",word,0.000128128673387968,-0.000128128673387968,0.00012812867338796798,NeuralNetwork_D_undersampled
absolutely,text__absolutely,"""absolutely""",word,0.0001263699931728322,0.0001263699931728322,0.0001263699931728323,NeuralNetwork_D_undersampled
till,text__till,"""till""",word,0.00012618706613287133,-0.00012618706613287133,0.00012618706613287128,NeuralNetwork_D_undersampled
chapter,text__chapter,"""chapter""",word,0.00012392625468646336,-0.00012392625468646336,0.0001239262546864634,NeuralNetwork_D_undersampled
memoir,text__memoir,"""memoir""",word,0.00012241313980900157,-0.00012241313980900157,0.00012241313980900162,NeuralNetwork_D_undersampled
highly,text__highly,"""highly""",word,0.00012197953601653782,-0.00012197953601653782,0.00012197953601653786,NeuralNetwork_D_undersampled
ghost,text__ghost,"""ghost""",word,0.00012187645723056932,0.00012187645723056932,0.00012187645723056933,NeuralNetwork_D_undersampled
cry,text__cry,"""cry""",word,0.00011736345454043571,0.00011736345454043571,0.00011736345454043571,NeuralNetwork_D_undersampled
oh,text__oh,"""oh""",word,0.00011563714039821342,0.00011563714039821342,0.0001156371403982134,NeuralNetwork_D_undersampled
understand,text__understand,"""understand""",word,0.00011512493240324752,0.00011512493240324752,0.00011512493240324755,NeuralNetwork_D_undersampled
art,text__art,"""art""",word,0.00011324865203561938,-0.00011324865203561938,0.00011324865203561945,NeuralNetwork_D_undersampled
michael,text__michael,"""michael""",word,0.00011275663591738618,-0.00011275663591738618,0.00011275663591738616,NeuralNetwork_D_undersampled
version,text__version,"""version""",word,0.00010684644287738247,-0.00010684644287738247,0.0001068464428773825,NeuralNetwork_D_undersampled
everyone,text__everyone,"""everyone""",word,0.0001043499423920771,-0.0001043499423920771,0.00010434994239207716,NeuralNetwork_D_undersampled
illness,text__illness,"""illness""",word,0.00010082111641725775,0.00010082111641725775,0.0001008211164172578,NeuralNetwork_D_undersampled
woman,text__woman,"""woman""",word,9.922653527879601e-05,9.922653527879601e-05,8.125475931519033e-05,NeuralNetwork_D_undersampled
escape,text__escape,"""escape""",word,9.917433182171734e-05,-9.917433182171734e-05,9.917433182171737e-05,NeuralNetwork_D_undersampled
choice,text__choice,"""choice""",word,9.854929787600214e-05,-9.854929787600214e-05,9.854929787600215e-05,NeuralNetwork_D_undersampled
five,text__five,"""five""",word,9.745588616117474e-05,-9.745588616117474e-05,9.745588616117475e-05,NeuralNetwork_D_undersampled
place,text__place,"""place""",word,9.674642031676647e-05,-9.674642031676647e-05,9.674642031676647e-05,NeuralNetwork_D_undersampled
asked,text__asked,"""asked""",word,9.52433333570006e-05,9.52433333570006e-05,9.524333335700062e-05,NeuralNetwork_D_undersampled
find,text__find,"""find""",word,9.445005250039714e-05,-9.445005250039714e-05,9.445005250039716e-05,NeuralNetwork_D_undersampled
beautiful,text__beautiful,"""beautiful""",word,9.351858498184993e-05,-9.351858498184993e-05,9.351858498184998e-05,NeuralNetwork_D_undersampled
within,text__within,"""within""",word,9.213677971327299e-05,9.213677971327299e-05,9.213677971327305e-05,NeuralNetwork_D_undersampled
okay,text__okay,"""okay""",word,9.186004538831652e-05,9.186004538831652e-05,9.186004538831652e-05,NeuralNetwork_D_undersampled
believe,text__believe,"""believe""",word,8.51238394801255e-05,8.51238394801255e-05,8.512383948012553e-05,NeuralNetwork_D_undersampled
getting,text__getting,"""getting""",word,8.415017332732515e-05,-8.415017332732515e-05,8.415017332732515e-05,NeuralNetwork_D_undersampled
anything,text__anything,"""anything""",word,8.293605805164684e-05,-8.293605805164684e-05,8.293605805164684e-05,NeuralNetwork_D_undersampled
even,text__even,"""even""",word,8.28118219319535e-05,8.28118219319535e-05,8.28118219319535e-05,NeuralNetwork_D_undersampled
being,text__being,"""being""",word,7.998560282825541e-05,-7.998560282825541e-05,7.998560282825543e-05,NeuralNetwork_D_undersampled
turn,text__turn,"""turn""",word,7.776000188932595e-05,-7.776000188932595e-05,7.776000188932598e-05,NeuralNetwork_D_undersampled
write,text__write,"""write""",word,7.760258966184856e-05,7.760258966184856e-05,7.760258966184856e-05,NeuralNetwork_D_undersampled
time,text__time,"""time""",word,7.227158131046697e-05,7.227158131046697e-05,7.2271581310467e-05,NeuralNetwork_D_undersampled
kind,text__kind,"""kind""",word,6.714442831673777e-05,-6.765899352785253e-07,4.6437246145872086e-05,NeuralNetwork_D_undersampled
reflects,text__reflects,"""reflects""",word,6.67398978542506e-05,6.67398978542506e-05,6.67398978542506e-05,NeuralNetwork_D_undersampled
love,text__love,"""love""",word,6.563146867232401e-05,6.563146867232401e-05,6.563146867232401e-05,NeuralNetwork_D_undersampled
expression,text__expression,"""expression""",word,6.434545100823405e-05,-6.434545100823405e-05,6.434545100823405e-05,NeuralNetwork_D_undersampled
joy,text__joy,"""joy""",word,5.3000695312378075e-05,5.3000695312378075e-05,5.3000695312378075e-05,NeuralNetwork_D_undersampled
complex,text__complex,"""complex""",word,5.26428704413587e-05,5.26428704413587e-05,5.26428704413587e-05,NeuralNetwork_D_undersampled
verse,text__verse,"""verse""",word,5.00005659900951e-05,-5.00005659900951e-05,5.000056599009507e-05,NeuralNetwork_D_undersampled
process,text__process,"""process""",word,4.946898262219017e-05,-4.946898262219017e-05,4.946898262219017e-05,NeuralNetwork_D_undersampled
reflect,text__reflect,"""reflect""",word,4.881771346416467e-05,4.881771346416467e-05,4.8817713464164684e-05,NeuralNetwork_D_undersampled
originally,text__originally,"""originally""",word,4.4180364652628237e-05,-4.4180364652628237e-05,4.418036465262822e-05,NeuralNetwork_D_undersampled
fully,text__fully,"""fully""",word,2.4499305697316474e-05,-2.4499305697316474e-05,2.4499305697316467e-05,NeuralNetwork_D_undersampled
happy,text__happy,"""happy""",word,2.397221047131818e-05,-2.397221047131818e-05,2.3972210471318176e-05,NeuralNetwork_D_undersampled
text,text__text,"""text""",word,1.9150546365911885e-05,-1.9150546365911885e-05,1.9150546365911882e-05,NeuralNetwork_D_undersampled
ii,text__ii,"""ii""",word,1.6640336984110043e-05,1.6640336984110043e-05,1.6640336984110047e-05,NeuralNetwork_D_undersampled
course,text__course,"""course""",word,1.6491369612872943e-05,-1.6491369612872943e-05,1.649136961287295e-05,NeuralNetwork_D_undersampled
narrator,text__narrator,"""narrator""",word,1.6045403788547178e-05,1.6045403788547178e-05,1.6045403788547188e-05,NeuralNetwork_D_undersampled
take,text__take,"""take""",word,1.377226402006765e-05,-1.377226402006765e-05,1.3772264020067654e-05,NeuralNetwork_D_undersampled
woodson,text__woodson,"""woodson""",word,1.2790159616962888e-05,1.2790159616962888e-05,1.2790159616962886e-05,NeuralNetwork_D_undersampled
quick,text__quick,"""quick""",word,8.23761336884365e-06,8.23761336884365e-06,8.23761336884365e-06,NeuralNetwork_D_undersampled
first,text__first,"""first""",word,7.069021940155537e-06,-7.069021940155537e-06,7.069021940155539e-06,NeuralNetwork_D_undersampled
grace,text__grace,"""grace""",word,3.6078075504663506e-06,3.6078075504663506e-06,3.607807550466351e-06,NeuralNetwork_D_undersampled
reading,text__reading,"""reading""",word,0.0,0.0,0.0,NeuralNetwork_D_undersampled
ready,text__ready,"""ready""",word,0.0,0.0,0.0,NeuralNetwork_D_undersampled
real,text__real,"""real""",word,0.0,0.0,0.0,NeuralNetwork_D_undersampled
recognize,text__recognize,"""recognize""",word,0.0,0.0,0.0,NeuralNetwork_D_undersampled
recently,text__recently,"""recently""",word,0.0,0.0,0.0,NeuralNetwork_D_undersampled
reader,text__reader,"""reader""",word,0.0,0.0,0.0,NeuralNetwork_D_undersampled
realistic,text__realistic,"""realistic""",word,0.0,0.0,0.0,NeuralNetwork_D_undersampled
reality,text__reality,"""reality""",word,0.0,0.0,0.0,NeuralNetwork_D_undersampled
realize,text__realize,"""realize""",word,0.0,0.0,0.0,NeuralNetwork_D_undersampled
received,text__received,"""received""",word,0.0,0.0,0.0,NeuralNetwork_D_undersampled
recall,text__recall,"""recall""",word,0.0,0.0,0.0,NeuralNetwork_D_undersampled
reason,text__reason,"""reason""",word,0.0,0.0,0.0,NeuralNetwork_D_undersampled
really,text__really,"""really""",word,0.0,0.0,0.0,NeuralNetwork_D_undersampled
recent,text__recent,"""recent""",word,0.0,0.0,0.0,NeuralNetwork_D_undersampled
read,text__read,"""read""",word,0.0,0.0,0.0,NeuralNetwork_D_undersampled
reaction,text__reaction,"""reaction""",word,0.0,0.0,0.0,NeuralNetwork_D_undersampled
recommended,text__recommended,"""recommended""",word,0.0,0.0,0.0,NeuralNetwork_D_undersampled
reached,text__reached,"""reached""",word,0.0,0.0,0.0,NeuralNetwork_D_undersampled
record,text__record,"""record""",word,0.0,0.0,0.0,NeuralNetwork_D_undersampled
red,text__red,"""red""",word,0.0,0.0,0.0,NeuralNetwork_D_undersampled
reference,text__reference,"""reference""",word,0.0,0.0,0.0,NeuralNetwork_D_undersampled
reflection,text__reflection,"""reflection""",word,0.0,0.0,0.0,NeuralNetwork_D_undersampled
rarely,text__rarely,"""rarely""",word,0.0,0.0,0.0,NeuralNetwork_D_undersampled
rate,text__rate,"""rate""",word,0.0,0.0,0.0,NeuralNetwork_D_undersampled
rather,text__rather,"""rather""",word,0.0,0.0,0.0,NeuralNetwork_D_undersampled
reach,text__reach,"""reach""",word,0.0,0.0,0.0,NeuralNetwork_D_undersampled
rating,text__rating,"""rating""",word,0.0,0.0,0.0,NeuralNetwork_D_undersampled
raw,text__raw,"""raw""",word,0.0,0.0,0.0,NeuralNetwork_D_undersampled
recommend,text__recommend,"""recommend""",word,0.0,0.0,0.0,NeuralNetwork_D_undersampled
putting,text__putting,"""putting""",word,0.0,0.0,0.0,NeuralNetwork_D_undersampled
quality,text__quality,"""quality""",word,0.0,0.0,0.0,NeuralNetwork_D_undersampled
queen,text__queen,"""queen""",word,0.0,0.0,0.0,NeuralNetwork_D_undersampled
princess,text__princess,"""princess""",word,0.0,0.0,0.0,NeuralNetwork_D_undersampled
prison,text__prison,"""prison""",word,0.0,0.0,0.0,NeuralNetwork_D_undersampled
prize,text__prize,"""prize""",word,0.0,0.0,0.0,NeuralNetwork_D_undersampled
probably,text__probably,"""probably""",word,0.0,0.0,0.0,NeuralNetwork_D_undersampled
problem,text__problem,"""problem""",word,0.0,0.0,0.0,NeuralNetwork_D_undersampled
professor,text__professor,"""professor""",word,0.0,0.0,0.0,NeuralNetwork_D_undersampled
profound,text__profound,"""profound""",word,0.0,0.0,0.0,NeuralNetwork_D_undersampled
progress,text__progress,"""progress""",word,0.0,0.0,0.0,NeuralNetwork_D_undersampled
project,text__project,"""project""",word,0.0,0.0,0.0,NeuralNetwork_D_undersampled
promise,text__promise,"""promise""",word,0.0,0.0,0.0,NeuralNetwork_D_undersampled
rare,text__rare,"""rare""",word,0.0,0.0,0.0,NeuralNetwork_D_undersampled
protagonist,text__protagonist,"""protagonist""",word,0.0,0.0,0.0,NeuralNetwork_D_undersampled
proud,text__proud,"""proud""",word,0.0,0.0,0.0,NeuralNetwork_D_undersampled
provide,text__provide,"""provide""",word,0.0,0.0,0.0,NeuralNetwork_D_undersampled
provided,text__provided,"""provided""",word,0.0,0.0,0.0,NeuralNetwork_D_undersampled
possible,text__possible,"""possible""",word,0.0,0.0,0.0,NeuralNetwork_D_undersampled
possibly,text__possibly,"""possibly""",word,0.0,0.0,0.0,NeuralNetwork_D_undersampled
post,text__post,"""post""",word,0.0,0.0,0.0,NeuralNetwork_D_undersampled
potential,text__potential,"""potential""",word,0.0,0.0,0.0,NeuralNetwork_D_undersampled
power,text__power,"""power""",word,0.0,0.0,0.0,NeuralNetwork_D_undersampled
powerful,text__powerful,"""powerful""",word,0.0,0.0,0.0,NeuralNetwork_D_undersampled
praise,text__praise,"""praise""",word,0.0,0.0,0.0,NeuralNetwork_D_undersampled
prejudice,text__prejudice,"""prejudice""",word,0.0,0.0,0.0,NeuralNetwork_D_undersampled
present,text__present,"""present""",word,0.0,0.0,0.0,NeuralNetwork_D_undersampled
prose,text__prose,"""prose""",word,0.0,0.0,0.0,NeuralNetwork_D_undersampled
question,text__question,"""question""",word,0.0,0.0,0.0,NeuralNetwork_D_undersampled
quickly,text__quickly,"""quickly""",word,0.0,0.0,0.0,NeuralNetwork_D_undersampled
quiet,text__quiet,"""quiet""",word,0.0,0.0,0.0,NeuralNetwork_D_undersampled
quite,text__quite,"""quite""",word,0.0,0.0,0.0,NeuralNetwork_D_undersampled
quote,text__quote,"""quote""",word,0.0,0.0,0.0,NeuralNetwork_D_undersampled
r,text__r,"""r""",word,0.0,0.0,0.0,NeuralNetwork_D_undersampled
race,text__race,"""race""",word,0.0,0.0,0.0,NeuralNetwork_D_undersampled
racism,text__racism,"""racism""",word,0.0,0.0,0.0,NeuralNetwork_D_undersampled
rain,text__rain,"""rain""",word,0.0,0.0,0.0,NeuralNetwork_D_undersampled
raise,text__raise,"""raise""",word,0.0,0.0,0.0,NeuralNetwork_D_undersampled
random,text__random,"""random""",word,0.0,0.0,0.0,NeuralNetwork_D_undersampled
range,text__range,"""range""",word,0.0,0.0,0.0,NeuralNetwork_D_undersampled
rankine,text__rankine,"""rankine""",word,0.0,0.0,0.0,NeuralNetwork_D_undersampled
put,text__put,"""put""",word,0.0,0.0,0.0,NeuralNetwork_D_undersampled
realized,text__realized,"""realized""",word,0.0,0.0,0.0,NeuralNetwork_D_undersampled
provides,text__provides,"""provides""",word,0.0,0.0,0.0,NeuralNetwork_D_undersampled
prufrock,text__prufrock,"""prufrock""",word,0.0,0.0,0.0,NeuralNetwork_D_undersampled
public,text__public,"""public""",word,0.0,0.0,0.0,NeuralNetwork_D_undersampled
published,text__published,"""published""",word,0.0,0.0,0.0,NeuralNetwork_D_undersampled
publisher,text__publisher,"""publisher""",word,0.0,0.0,0.0,NeuralNetwork_D_undersampled
publishing,text__publishing,"""publishing""",word,0.0,0.0,0.0,NeuralNetwork_D_undersampled
pull,text__pull,"""pull""",word,0.0,0.0,0.0,NeuralNetwork_D_undersampled
pulled,text__pulled,"""pulled""",word,0.0,0.0,0.0,NeuralNetwork_D_undersampled
punch,text__punch,"""punch""",word,0.0,0.0,0.0,NeuralNetwork_D_undersampled
punctuation,text__punctuation,"""punctuation""",word,0.0,0.0,0.0,NeuralNetwork_D_undersampled
pure,text__pure,"""pure""",word,0.0,0.0,0.0,NeuralNetwork_D_undersampled
purpose,text__purpose,"""purpose""",word,0.0,0.0,0.0,NeuralNetwork_D_undersampled
rape,text__rape,"""rape""",word,0.0,0.0,0.0,NeuralNetwork_D_undersampled
sea,text__sea,"""sea""",word,0.0,0.0,0.0,NeuralNetwork_D_undersampled
among,text__among,"""among""",word,0.0,0.0,0.0,NeuralNetwork_D_undersampled
amount,text__amount,"""amount""",word,0.0,0.0,0.0,NeuralNetwork_D_undersampled
analysis,text__analysis,"""analysis""",word,0.0,0.0,0.0,NeuralNetwork_D_undersampled
ancient,text__ancient,"""ancient""",word,0.0,0.0,0.0,NeuralNetwork_D_undersampled
andrea,text__andrea,"""andrea""",word,0.0,0.0,0.0,NeuralNetwork_D_undersampled
andrew,text__andrew,"""andrew""",word,0.0,0.0,0.0,NeuralNetwork_D_undersampled
angel,text__angel,"""angel""",word,0.0,0.0,0.0,NeuralNetwork_D_undersampled
anger,text__anger,"""anger""",word,0.0,0.0,0.0,NeuralNetwork_D_undersampled
angry,text__angry,"""angry""",word,0.0,0.0,0.0,NeuralNetwork_D_undersampled
animal,text__animal,"""animal""",word,0.0,0.0,0.0,NeuralNetwork_D_undersampled
anne,text__anne,"""anne""",word,0.0,0.0,0.0,NeuralNetwork_D_undersampled
presence,text__presence,"""presence""",word,0.0,0.0,0.0,NeuralNetwork_D_undersampled
anthology,text__anthology,"""anthology""",word,0.0,0.0,0.0,NeuralNetwork_D_undersampled
rumi,text__rumi,"""rumi""",word,0.0,0.0,0.0,NeuralNetwork_D_undersampled
run,text__run,"""run""",word,0.0,0.0,0.0,NeuralNetwork_D_undersampled
running,text__running,"""running""",word,0.0,0.0,0.0,NeuralNetwork_D_undersampled
road,text__road,"""road""",word,0.0,0.0,0.0,NeuralNetwork_D_undersampled
robert,text__robert,"""robert""",word,0.0,0.0,0.0,NeuralNetwork_D_undersampled
rock,text__rock,"""rock""",word,0.0,0.0,0.0,NeuralNetwork_D_undersampled
role,text__role,"""role""",word,0.0,0.0,0.0,NeuralNetwork_D_undersampled
roll,text__roll,"""roll""",word,0.0,0.0,0.0,NeuralNetwork_D_undersampled
roman,text__roman,"""roman""",word,0.0,0.0,0.0,NeuralNetwork_D_undersampled
romance,text__romance,"""romance""",word,0.0,0.0,0.0,NeuralNetwork_D_undersampled
romantic,text__romantic,"""romantic""",word,0.0,0.0,0.0,NeuralNetwork_D_undersampled
rome,text__rome,"""rome""",word,0.0,0.0,0.0,NeuralNetwork_D_undersampled
answer,text__answer,"""answer""",word,0.0,0.0,0.0,NeuralNetwork_D_undersampled
secret,text__secret,"""secret""",word,0.0,0.0,0.0,NeuralNetwork_D_undersampled
section,text__section,"""section""",word,0.0,0.0,0.0,NeuralNetwork_D_undersampled
seeing,text__seeing,"""seeing""",word,0.0,0.0,0.0,NeuralNetwork_D_undersampled
seeking,text__seeking,"""seeking""",word,0.0,0.0,0.0,NeuralNetwork_D_undersampled
seem,text__seem,"""seem""",word,0.0,0.0,0.0,NeuralNetwork_D_undersampled
seemed,text__seemed,"""seemed""",word,0.0,0.0,0.0,NeuralNetwork_D_undersampled
seems,text__seems,"""seems""",word,0.0,0.0,0.0,NeuralNetwork_D_undersampled
seen,text__seen,"""seen""",word,0.0,0.0,0.0,NeuralNetwork_D_undersampled
selected,text__selected,"""selected""",word,0.0,0.0,0.0,NeuralNetwork_D_undersampled
selection,text__selection,"""selection""",word,0.0,0.0,0.0,NeuralNetwork_D_undersampled
self,text__self,"""self""",word,0.0,0.0,0.0,NeuralNetwork_D_undersampled
send,text__send,"""send""",word,0.0,0.0,0.0,NeuralNetwork_D_undersampled
sense,text__sense,"""sense""",word,0.0,0.0,0.0,NeuralNetwork_D_undersampled
scholar,text__scholar,"""scholar""",word,0.0,0.0,0.0,NeuralNetwork_D_undersampled
sad,text__sad,"""sad""",word,0.0,0.0,0.0,NeuralNetwork_D_undersampled
sadly,text__sadly,"""sadly""",word,0.0,0.0,0.0,NeuralNetwork_D_undersampled
sadness,text__sadness,"""sadness""",word,0.0,0.0,0.0,NeuralNetwork_D_undersampled
safe,text__safe,"""safe""",word,0.0,0.0,0.0,NeuralNetwork_D_undersampled
said,text__said,"""said""",word,0.0,0.0,0.0,NeuralNetwork_D_undersampled
sake,text__sake,"""sake""",word,0.0,0.0,0.0,NeuralNetwork_D_undersampled
salt,text__salt,"""salt""",word,0.0,0.0,0.0,NeuralNetwork_D_undersampled
save,text__save,"""save""",word,0.0,0.0,0.0,NeuralNetwork_D_undersampled
saw,text__saw,"""saw""",word,0.0,0.0,0.0,NeuralNetwork_D_undersampled
say,text__say,"""say""",word,0.0,0.0,0.0,NeuralNetwork_D_undersampled
saying,text__saying,"""saying""",word,0.0,0.0,0.0,NeuralNetwork_D_undersampled
scattered,text__scattered,"""scattered""",word,0.0,0.0,0.0,NeuralNetwork_D_undersampled
scheme,text__scheme,"""scheme""",word,0.0,0.0,0.0,NeuralNetwork_D_undersampled
rupi,text__rupi,"""rupi""",word,0.0,0.0,0.0,NeuralNetwork_D_undersampled
repeat,text__repeat,"""repeat""",word,0.0,0.0,0.0,NeuralNetwork_D_undersampled
repeated,text__repeated,"""repeated""",word,0.0,0.0,0.0,NeuralNetwork_D_undersampled
repetitive,text__repetitive,"""repetitive""",word,0.0,0.0,0.0,NeuralNetwork_D_undersampled
required,text__required,"""required""",word,0.0,0.0,0.0,NeuralNetwork_D_undersampled
reread,text__reread,"""reread""",word,0.0,0.0,0.0,NeuralNetwork_D_undersampled
rereading,text__rereading,"""rereading""",word,0.0,0.0,0.0,NeuralNetwork_D_undersampled
resonate,text__resonate,"""resonate""",word,0.0,0.0,0.0,NeuralNetwork_D_undersampled
resonated,text__resonated,"""resonated""",word,0.0,0.0,0.0,NeuralNetwork_D_undersampled
respect,text__respect,"""respect""",word,0.0,0.0,0.0,NeuralNetwork_D_undersampled
response,text__response,"""response""",word,0.0,0.0,0.0,NeuralNetwork_D_undersampled
refreshing,text__refreshing,"""refreshing""",word,0.0,0.0,0.0,NeuralNetwork_D_undersampled
regard,text__regard,"""regard""",word,0.0,0.0,0.0,NeuralNetwork_D_undersampled
root,text__root,"""root""",word,0.0,0.0,0.0,NeuralNetwork_D_undersampled
regardless,text__regardless,"""regardless""",word,0.0,0.0,0.0,NeuralNetwork_D_undersampled
regret,text__regret,"""regret""",word,0.0,0.0,0.0,NeuralNetwork_D_undersampled
relatable,text__relatable,"""relatable""",word,0.0,0.0,0.0,NeuralNetwork_D_undersampled
relate,text__relate,"""relate""",word,0.0,0.0,0.0,NeuralNetwork_D_undersampled
related,text__related,"""related""",word,0.0,0.0,0.0,NeuralNetwork_D_undersampled
relationship,text__relationship,"""relationship""",word,0.0,0.0,0.0,NeuralNetwork_D_undersampled
release,text__release,"""release""",word,0.0,0.0,0.0,NeuralNetwork_D_undersampled
relevant,text__relevant,"""relevant""",word,0.0,0.0,0.0,NeuralNetwork_D_undersampled
religion,text__religion,"""religion""",word,0.0,0.0,0.0,NeuralNetwork_D_undersampled
religious,text__religious,"""religious""",word,0.0,0.0,0.0,NeuralNetwork_D_undersampled
remain,text__remain,"""remain""",word,0.0,0.0,0.0,NeuralNetwork_D_undersampled
remains,text__remains,"""remains""",word,0.0,0.0,0.0,NeuralNetwork_D_undersampled
remarkable,text__remarkable,"""remarkable""",word,0.0,0.0,0.0,NeuralNetwork_D_undersampled
regarding,text__regarding,"""regarding""",word,0.0,0.0,0.0,NeuralNetwork_D_undersampled
rose,text__rose,"""rose""",word,0.0,0.0,0.0,NeuralNetwork_D_undersampled
rough,text__rough,"""rough""",word,0.0,0.0,0.0,NeuralNetwork_D_undersampled
round,text__round,"""round""",word,0.0,0.0,0.0,NeuralNetwork_D_undersampled
rule,text__rule,"""rule""",word,0.0,0.0,0.0,NeuralNetwork_D_undersampled
america,text__america,"""america""",word,0.0,0.0,0.0,NeuralNetwork_D_undersampled
american,text__american,"""american""",word,0.0,0.0,0.0,NeuralNetwork_D_undersampled
rest,text__rest,"""rest""",word,0.0,0.0,0.0,NeuralNetwork_D_undersampled
result,text__result,"""result""",word,0.0,0.0,0.0,NeuralNetwork_D_undersampled
return,text__return,"""return""",word,0.0,0.0,0.0,NeuralNetwork_D_undersampled
returning,text__returning,"""returning""",word,0.0,0.0,0.0,NeuralNetwork_D_undersampled
reviewer,text__reviewer,"""reviewer""",word,0.0,0.0,0.0,NeuralNetwork_D_undersampled
revolution,text__revolution,"""revolution""",word,0.0,0.0,0.0,NeuralNetwork_D_undersampled
rhyme,text__rhyme,"""rhyme""",word,0.0,0.0,0.0,NeuralNetwork_D_undersampled
reminds,text__reminds,"""reminds""",word,0.0,0.0,0.0,NeuralNetwork_D_undersampled
rhythm,text__rhythm,"""rhythm""",word,0.0,0.0,0.0,NeuralNetwork_D_undersampled
ride,text__ride,"""ride""",word,0.0,0.0,0.0,NeuralNetwork_D_undersampled
ridiculous,text__ridiculous,"""ridiculous""",word,0.0,0.0,0.0,NeuralNetwork_D_undersampled
right,text__right,"""right""",word,0.0,0.0,0.0,NeuralNetwork_D_undersampled
rilke,text__rilke,"""rilke""",word,0.0,0.0,0.0,NeuralNetwork_D_undersampled
ring,text__ring,"""ring""",word,0.0,0.0,0.0,NeuralNetwork_D_undersampled
rise,text__rise,"""rise""",word,0.0,0.0,0.0,NeuralNetwork_D_undersampled
river,text__river,"""river""",word,0.0,0.0,0.0,NeuralNetwork_D_undersampled
remember,text__remember,"""remember""",word,0.0,0.0,0.0,NeuralNetwork_D_undersampled
remembered,text__remembered,"""remembered""",word,0.0,0.0,0.0,NeuralNetwork_D_undersampled
remind,text__remind,"""remind""",word,0.0,0.0,0.0,NeuralNetwork_D_undersampled
reminded,text__reminded,"""reminded""",word,0.0,0.0,0.0,NeuralNetwork_D_undersampled
reminder,text__reminder,"""reminder""",word,0.0,0.0,0.0,NeuralNetwork_D_undersampled
rhyming,text__rhyming,"""rhyming""",word,0.0,0.0,0.0,NeuralNetwork_D_undersampled
notice,text__notice,"""notice""",word,0.0,0.0,0.0,NeuralNetwork_D_undersampled
noticed,text__noticed,"""noticed""",word,0.0,0.0,0.0,NeuralNetwork_D_undersampled
notion,text__notion,"""notion""",word,0.0,0.0,0.0,NeuralNetwork_D_undersampled
novel,text__novel,"""novel""",word,0.0,0.0,0.0,NeuralNetwork_D_undersampled
number,text__number,"""number""",word,0.0,0.0,0.0,NeuralNetwork_D_undersampled
near,text__near,"""near""",word,0.0,0.0,0.0,NeuralNetwork_D_undersampled
nearly,text__nearly,"""nearly""",word,0.0,0.0,0.0,NeuralNetwork_D_undersampled
necessarily,text__necessarily,"""necessarily""",word,0.0,0.0,0.0,NeuralNetwork_D_undersampled
necessary,text__necessary,"""necessary""",word,0.0,0.0,0.0,NeuralNetwork_D_undersampled
need,text__need,"""need""",word,0.0,0.0,0.0,NeuralNetwork_D_undersampled
needed,text__needed,"""needed""",word,0.0,0.0,0.0,NeuralNetwork_D_undersampled
negative,text__negative,"""negative""",word,0.0,0.0,0.0,NeuralNetwork_D_undersampled
poor,text__poor,"""poor""",word,0.0,0.0,0.0,NeuralNetwork_D_undersampled
neruda,text__neruda,"""neruda""",word,0.0,0.0,0.0,NeuralNetwork_D_undersampled
never,text__never,"""never""",word,0.0,0.0,0.0,NeuralNetwork_D_undersampled
nevertheless,text__nevertheless,"""nevertheless""",word,0.0,0.0,0.0,NeuralNetwork_D_undersampled
new,text__new,"""new""",word,0.0,0.0,0.0,NeuralNetwork_D_undersampled
newbery,text__newbery,"""newbery""",word,0.0,0.0,0.0,NeuralNetwork_D_undersampled
news,text__news,"""news""",word,0.0,0.0,0.0,NeuralNetwork_D_undersampled
nice,text__nice,"""nice""",word,0.0,0.0,0.0,NeuralNetwork_D_undersampled
nick,text__nick,"""nick""",word,0.0,0.0,0.0,NeuralNetwork_D_undersampled
music,text__music,"""music""",word,0.0,0.0,0.0,NeuralNetwork_D_undersampled
musical,text__musical,"""musical""",word,0.0,0.0,0.0,NeuralNetwork_D_undersampled
must,text__must,"""must""",word,0.0,0.0,0.0,NeuralNetwork_D_undersampled
mystery,text__mystery,"""mystery""",word,0.0,0.0,0.0,NeuralNetwork_D_undersampled
myth,text__myth,"""myth""",word,0.0,0.0,0.0,NeuralNetwork_D_undersampled
neither,text__neither,"""neither""",word,0.0,0.0,0.0,NeuralNetwork_D_undersampled
otherwise,text__otherwise,"""otherwise""",word,0.0,0.0,0.0,NeuralNetwork_D_undersampled
outside,text__outside,"""outside""",word,0.0,0.0,0.0,NeuralNetwork_D_undersampled
overall,text__overall,"""overall""",word,0.0,0.0,0.0,NeuralNetwork_D_undersampled
object,text__object,"""object""",word,0.0,0.0,0.0,NeuralNetwork_D_undersampled
observation,text__observation,"""observation""",word,0.0,0.0,0.0,NeuralNetwork_D_undersampled
obvious,text__obvious,"""obvious""",word,0.0,0.0,0.0,NeuralNetwork_D_undersampled
obviously,text__obviously,"""obviously""",word,0.0,0.0,0.0,NeuralNetwork_D_undersampled
occasionally,text__occasionally,"""occasionally""",word,0.0,0.0,0.0,NeuralNetwork_D_undersampled
ocean,text__ocean,"""ocean""",word,0.0,0.0,0.0,NeuralNetwork_D_undersampled
odd,text__odd,"""odd""",word,0.0,0.0,0.0,NeuralNetwork_D_undersampled
odysseus,text__odysseus,"""odysseus""",word,0.0,0.0,0.0,NeuralNetwork_D_undersampled
odyssey,text__odyssey,"""odyssey""",word,0.0,0.0,0.0,NeuralNetwork_D_undersampled
often,text__often,"""often""",word,0.0,0.0,0.0,NeuralNetwork_D_undersampled
nothing,text__nothing,"""nothing""",word,0.0,0.0,0.0,NeuralNetwork_D_undersampled
ok,text__ok,"""ok""",word,0.0,0.0,0.0,NeuralNetwork_D_undersampled
old,text__old,"""old""",word,0.0,0.0,0.0,NeuralNetwork_D_undersampled
older,text__older,"""older""",word,0.0,0.0,0.0,NeuralNetwork_D_undersampled
nicu,text__nicu,"""nicu""",word,0.0,0.0,0.0,NeuralNetwork_D_undersampled
nietzsche,text__nietzsche,"""nietzsche""",word,0.0,0.0,0.0,NeuralNetwork_D_undersampled
night,text__night,"""night""",word,0.0,0.0,0.0,NeuralNetwork_D_undersampled
noble,text__noble,"""noble""",word,0.0,0.0,0.0,NeuralNetwork_D_undersampled
nobody,text__nobody,"""nobody""",word,0.0,0.0,0.0,NeuralNetwork_D_undersampled
none,text__none,"""none""",word,0.0,0.0,0.0,NeuralNetwork_D_undersampled
nonetheless,text__nonetheless,"""nonetheless""",word,0.0,0.0,0.0,NeuralNetwork_D_undersampled
normal,text__normal,"""normal""",word,0.0,0.0,0.0,NeuralNetwork_D_undersampled
normally,text__normally,"""normally""",word,0.0,0.0,0.0,NeuralNetwork_D_undersampled
north,text__north,"""north""",word,0.0,0.0,0.0,NeuralNetwork_D_undersampled
ohio,text__ohio,"""ohio""",word,0.0,0.0,0.0,NeuralNetwork_D_undersampled
miss,text__miss,"""miss""",word,0.0,0.0,0.0,NeuralNetwork_D_undersampled
missed,text__missed,"""missed""",word,0.0,0.0,0.0,NeuralNetwork_D_undersampled
missing,text__missing,"""missing""",word,0.0,0.0,0.0,NeuralNetwork_D_undersampled
mistake,text__mistake,"""mistake""",word,0.0,0.0,0.0,NeuralNetwork_D_undersampled
mix,text__mix,"""mix""",word,0.0,0.0,0.0,NeuralNetwork_D_undersampled
mixed,text__mixed,"""mixed""",word,0.0,0.0,0.0,NeuralNetwork_D_undersampled
modern,text__modern,"""modern""",word,0.0,0.0,0.0,NeuralNetwork_D_undersampled
moloch,text__moloch,"""moloch""",word,0.0,0.0,0.0,NeuralNetwork_D_undersampled
mom,text__mom,"""mom""",word,0.0,0.0,0.0,NeuralNetwork_D_undersampled
moment,text__moment,"""moment""",word,0.0,0.0,0.0,NeuralNetwork_D_undersampled
monster,text__monster,"""monster""",word,0.0,0.0,0.0,NeuralNetwork_D_undersampled
month,text__month,"""month""",word,0.0,0.0,0.0,NeuralNetwork_D_undersampled
mood,text__mood,"""mood""",word,0.0,0.0,0.0,NeuralNetwork_D_undersampled
mythology,text__mythology,"""mythology""",word,0.0,0.0,0.0,NeuralNetwork_D_undersampled
mention,text__mention,"""mention""",word,0.0,0.0,0.0,NeuralNetwork_D_undersampled
mentioned,text__mentioned,"""mentioned""",word,0.0,0.0,0.0,NeuralNetwork_D_undersampled
mere,text__mere,"""mere""",word,0.0,0.0,0.0,NeuralNetwork_D_undersampled
merely,text__merely,"""merely""",word,0.0,0.0,0.0,NeuralNetwork_D_undersampled
message,text__message,"""message""",word,0.0,0.0,0.0,NeuralNetwork_D_undersampled
met,text__met,"""met""",word,0.0,0.0,0.0,NeuralNetwork_D_undersampled
metaphor,text__metaphor,"""metaphor""",word,0.0,0.0,0.0,NeuralNetwork_D_undersampled
meter,text__meter,"""meter""",word,0.0,0.0,0.0,NeuralNetwork_D_undersampled
middle,text__middle,"""middle""",word,0.0,0.0,0.0,NeuralNetwork_D_undersampled
might,text__might,"""might""",word,0.0,0.0,0.0,NeuralNetwork_D_undersampled
million,text__million,"""million""",word,0.0,0.0,0.0,NeuralNetwork_D_undersampled
milton,text__milton,"""milton""",word,0.0,0.0,0.0,NeuralNetwork_D_undersampled
mind,text__mind,"""mind""",word,0.0,0.0,0.0,NeuralNetwork_D_undersampled
mental,text__mental,"""mental""",word,0.0,0.0,0.0,NeuralNetwork_D_undersampled
na,text__na,"""na""",word,0.0,0.0,0.0,NeuralNetwork_D_undersampled
nabokov,text__nabokov,"""nabokov""",word,0.0,0.0,0.0,NeuralNetwork_D_undersampled
naked,text__naked,"""naked""",word,0.0,0.0,0.0,NeuralNetwork_D_undersampled
name,text__name,"""name""",word,0.0,0.0,0.0,NeuralNetwork_D_undersampled
named,text__named,"""named""",word,0.0,0.0,0.0,NeuralNetwork_D_undersampled
narrative,text__narrative,"""narrative""",word,0.0,0.0,0.0,NeuralNetwork_D_undersampled
national,text__national,"""national""",word,0.0,0.0,0.0,NeuralNetwork_D_undersampled
natural,text__natural,"""natural""",word,0.0,0.0,0.0,NeuralNetwork_D_undersampled
nature,text__nature,"""nature""",word,0.0,0.0,0.0,NeuralNetwork_D_undersampled
moon,text__moon,"""moon""",word,0.0,0.0,0.0,NeuralNetwork_D_undersampled
moral,text__moral,"""moral""",word,0.0,0.0,0.0,NeuralNetwork_D_undersampled
morning,text__morning,"""morning""",word,0.0,0.0,0.0,NeuralNetwork_D_undersampled
mortal,text__mortal,"""mortal""",word,0.0,0.0,0.0,NeuralNetwork_D_undersampled
misadventure,text__misadventure,"""misadventure""",word,0.0,0.0,0.0,NeuralNetwork_D_undersampled
mountain,text__mountain,"""mountain""",word,0.0,0.0,0.0,NeuralNetwork_D_undersampled
mouth,text__mouth,"""mouth""",word,0.0,0.0,0.0,NeuralNetwork_D_undersampled
move,text__move,"""move""",word,0.0,0.0,0.0,NeuralNetwork_D_undersampled
moved,text__moved,"""moved""",word,0.0,0.0,0.0,NeuralNetwork_D_undersampled
movement,text__movement,"""movement""",word,0.0,0.0,0.0,NeuralNetwork_D_undersampled
movie,text__movie,"""movie""",word,0.0,0.0,0.0,NeuralNetwork_D_undersampled
moving,text__moving,"""moving""",word,0.0,0.0,0.0,NeuralNetwork_D_undersampled
mr,text__mr,"""mr""",word,0.0,0.0,0.0,NeuralNetwork_D_undersampled
much,text__much,"""much""",word,0.0,0.0,0.0,NeuralNetwork_D_undersampled
multiple,text__multiple,"""multiple""",word,0.0,0.0,0.0,NeuralNetwork_D_undersampled
murder,text__murder,"""murder""",word,0.0,0.0,0.0,NeuralNetwork_D_undersampled
minute,text__minute,"""minute""",word,0.0,0.0,0.0,NeuralNetwork_D_undersampled
mirror,text__mirror,"""mirror""",word,0.0,0.0,0.0,NeuralNetwork_D_undersampled
mostly,text__mostly,"""mostly""",word,0.0,0.0,0.0,NeuralNetwork_D_undersampled
placed,text__placed,"""placed""",word,0.0,0.0,0.0,NeuralNetwork_D_undersampled
plain,text__plain,"""plain""",word,0.0,0.0,0.0,NeuralNetwork_D_undersampled
plan,text__plan,"""plan""",word,0.0,0.0,0.0,NeuralNetwork_D_undersampled
plant,text__plant,"""plant""",word,0.0,0.0,0.0,NeuralNetwork_D_undersampled
plath,text__plath,"""plath""",word,0.0,0.0,0.0,NeuralNetwork_D_undersampled
play,text__play,"""play""",word,0.0,0.0,0.0,NeuralNetwork_D_undersampled
played,text__played,"""played""",word,0.0,0.0,0.0,NeuralNetwork_D_undersampled
player,text__player,"""player""",word,0.0,0.0,0.0,NeuralNetwork_D_undersampled
playing,text__playing,"""playing""",word,0.0,0.0,0.0,NeuralNetwork_D_undersampled
penguin,text__penguin,"""penguin""",word,0.0,0.0,0.0,NeuralNetwork_D_undersampled
people,text__people,"""people""",word,0.0,0.0,0.0,NeuralNetwork_D_undersampled
perfect,text__perfect,"""perfect""",word,0.0,0.0,0.0,NeuralNetwork_D_undersampled
others,text__others,"""others""",word,0.0,0.0,0.0,NeuralNetwork_D_undersampled
performance,text__performance,"""performance""",word,0.0,0.0,0.0,NeuralNetwork_D_undersampled
perhaps,text__perhaps,"""perhaps""",word,0.0,0.0,0.0,NeuralNetwork_D_undersampled
period,text__period,"""period""",word,0.0,0.0,0.0,NeuralNetwork_D_undersampled
person,text__person,"""person""",word,0.0,0.0,0.0,NeuralNetwork_D_undersampled
personal,text__personal,"""personal""",word,0.0,0.0,0.0,NeuralNetwork_D_undersampled
personality,text__personality,"""personality""",word,0.0,0.0,0.0,NeuralNetwork_D_undersampled
personally,text__personally,"""personally""",word,0.0,0.0,0.0,NeuralNetwork_D_undersampled
perspective,text__perspective,"""perspective""",word,0.0,0.0,0.0,NeuralNetwork_D_undersampled
peter,text__peter,"""peter""",word,0.0,0.0,0.0,NeuralNetwork_D_undersampled
pg,text__pg,"""pg""",word,0.0,0.0,0.0,NeuralNetwork_D_undersampled
philosophy,text__philosophy,"""philosophy""",word,0.0,0.0,0.0,NeuralNetwork_D_undersampled
phrase,text__phrase,"""phrase""",word,0.0,0.0,0.0,NeuralNetwork_D_undersampled
particular,text__particular,"""particular""",word,0.0,0.0,0.0,NeuralNetwork_D_undersampled
perfectly,text__perfectly,"""perfectly""",word,0.0,0.0,0.0,NeuralNetwork_D_undersampled
presented,text__presented,"""presented""",word,0.0,0.0,0.0,NeuralNetwork_D_undersampled
pretentious,text__pretentious,"""pretentious""",word,0.0,0.0,0.0,NeuralNetwork_D_undersampled
pretty,text__pretty,"""pretty""",word,0.0,0.0,0.0,NeuralNetwork_D_undersampled
previous,text__previous,"""previous""",word,0.0,0.0,0.0,NeuralNetwork_D_undersampled
pride,text__pride,"""pride""",word,0.0,0.0,0.0,NeuralNetwork_D_undersampled
prince,text__prince,"""prince""",word,0.0,0.0,0.0,NeuralNetwork_D_undersampled
please,text__please,"""please""",word,0.0,0.0,0.0,NeuralNetwork_D_undersampled
pleasure,text__pleasure,"""pleasure""",word,0.0,0.0,0.0,NeuralNetwork_D_undersampled
plenty,text__plenty,"""plenty""",word,0.0,0.0,0.0,NeuralNetwork_D_undersampled
plot,text__plot,"""plot""",word,0.0,0.0,0.0,NeuralNetwork_D_undersampled
plus,text__plus,"""plus""",word,0.0,0.0,0.0,NeuralNetwork_D_undersampled
poe,text__poe,"""poe""",word,0.0,0.0,0.0,NeuralNetwork_D_undersampled
poem,text__poem,"""poem""",word,0.0,0.0,0.0,NeuralNetwork_D_undersampled
pity,text__pity,"""pity""",word,0.0,0.0,0.0,NeuralNetwork_D_undersampled
point,text__point,"""point""",word,0.0,0.0,0.0,NeuralNetwork_D_undersampled
political,text__political,"""political""",word,0.0,0.0,0.0,NeuralNetwork_D_undersampled
season,text__season,"""season""",word,0.0,0.0,0.0,NeuralNetwork_D_undersampled
pop,text__pop,"""pop""",word,0.0,0.0,0.0,NeuralNetwork_D_undersampled
popular,text__popular,"""popular""",word,0.0,0.0,0.0,NeuralNetwork_D_undersampled
portrayed,text__portrayed,"""portrayed""",word,0.0,0.0,0.0,NeuralNetwork_D_undersampled
poseidon,text__poseidon,"""poseidon""",word,0.0,0.0,0.0,NeuralNetwork_D_undersampled
positive,text__positive,"""positive""",word,0.0,0.0,0.0,NeuralNetwork_D_undersampled
physical,text__physical,"""physical""",word,0.0,0.0,0.0,NeuralNetwork_D_undersampled
pick,text__pick,"""pick""",word,0.0,0.0,0.0,NeuralNetwork_D_undersampled
picking,text__picking,"""picking""",word,0.0,0.0,0.0,NeuralNetwork_D_undersampled
picture,text__picture,"""picture""",word,0.0,0.0,0.0,NeuralNetwork_D_undersampled
piece,text__piece,"""piece""",word,0.0,0.0,0.0,NeuralNetwork_D_undersampled
poignant,text__poignant,"""poignant""",word,0.0,0.0,0.0,NeuralNetwork_D_undersampled
part,text__part,"""part""",word,0.0,0.0,0.0,NeuralNetwork_D_undersampled
overly,text__overly,"""overly""",word,0.0,0.0,0.0,NeuralNetwork_D_undersampled
ovid,text__ovid,"""ovid""",word,0.0,0.0,0.0,NeuralNetwork_D_undersampled
pablo,text__pablo,"""pablo""",word,0.0,0.0,0.0,NeuralNetwork_D_undersampled
pace,text__pace,"""pace""",word,0.0,0.0,0.0,NeuralNetwork_D_undersampled
pack,text__pack,"""pack""",word,0.0,0.0,0.0,NeuralNetwork_D_undersampled
page,text__page,"""page""",word,0.0,0.0,0.0,NeuralNetwork_D_undersampled
pain,text__pain,"""pain""",word,0.0,0.0,0.0,NeuralNetwork_D_undersampled
painful,text__painful,"""painful""",word,0.0,0.0,0.0,NeuralNetwork_D_undersampled
paint,text__paint,"""paint""",word,0.0,0.0,0.0,NeuralNetwork_D_undersampled
painting,text__painting,"""painting""",word,0.0,0.0,0.0,NeuralNetwork_D_undersampled
pale,text__pale,"""pale""",word,0.0,0.0,0.0,NeuralNetwork_D_undersampled
paper,text__paper,"""paper""",word,0.0,0.0,0.0,NeuralNetwork_D_undersampled
particularly,text__particularly,"""particularly""",word,0.0,0.0,0.0,NeuralNetwork_D_undersampled
anyone,text__anyone,"""anyone""",word,0.0,0.0,0.0,NeuralNetwork_D_undersampled
anyway,text__anyway,"""anyway""",word,0.0,0.0,0.0,NeuralNetwork_D_undersampled
oldest,text__oldest,"""oldest""",word,0.0,0.0,0.0,NeuralNetwork_D_undersampled
online,text__online,"""online""",word,0.0,0.0,0.0,NeuralNetwork_D_undersampled
onto,text__onto,"""onto""",word,0.0,0.0,0.0,NeuralNetwork_D_undersampled
open,text__open,"""open""",word,0.0,0.0,0.0,NeuralNetwork_D_undersampled
opened,text__opened,"""opened""",word,0.0,0.0,0.0,NeuralNetwork_D_undersampled
opening,text__opening,"""opening""",word,0.0,0.0,0.0,NeuralNetwork_D_undersampled
opinion,text__opinion,"""opinion""",word,0.0,0.0,0.0,NeuralNetwork_D_undersampled
opportunity,text__opportunity,"""opportunity""",word,0.0,0.0,0.0,NeuralNetwork_D_undersampled
opposite,text__opposite,"""opposite""",word,0.0,0.0,0.0,NeuralNetwork_D_undersampled
order,text__order,"""order""",word,0.0,0.0,0.0,NeuralNetwork_D_undersampled
ordinary,text__ordinary,"""ordinary""",word,0.0,0.0,0.0,NeuralNetwork_D_undersampled
anymore,text__anymore,"""anymore""",word,0.0,0.0,0.0,NeuralNetwork_D_undersampled
party,text__party,"""party""",word,0.0,0.0,0.0,NeuralNetwork_D_undersampled
pas,text__pas,"""pas""",word,0.0,0.0,0.0,NeuralNetwork_D_undersampled
passage,text__passage,"""passage""",word,0.0,0.0,0.0,NeuralNetwork_D_undersampled
passed,text__passed,"""passed""",word,0.0,0.0,0.0,NeuralNetwork_D_undersampled
passing,text__passing,"""passing""",word,0.0,0.0,0.0,NeuralNetwork_D_undersampled
passion,text__passion,"""passion""",word,0.0,0.0,0.0,NeuralNetwork_D_undersampled
passionate,text__passionate,"""passionate""",word,0.0,0.0,0.0,NeuralNetwork_D_undersampled
past,text__past,"""past""",word,0.0,0.0,0.0,NeuralNetwork_D_undersampled
path,text__path,"""path""",word,0.0,0.0,0.0,NeuralNetwork_D_undersampled
patience,text__patience,"""patience""",word,0.0,0.0,0.0,NeuralNetwork_D_undersampled
pattern,text__pattern,"""pattern""",word,0.0,0.0,0.0,NeuralNetwork_D_undersampled
pay,text__pay,"""pay""",word,0.0,0.0,0.0,NeuralNetwork_D_undersampled
pen,text__pen,"""pen""",word,0.0,0.0,0.0,NeuralNetwork_D_undersampled
paris,text__paris,"""paris""",word,0.0,0.0,0.0,NeuralNetwork_D_undersampled
apart,text__apart,"""apart""",word,0.0,0.0,0.0,NeuralNetwork_D_undersampled
apparently,text__apparently,"""apparently""",word,0.0,0.0,0.0,NeuralNetwork_D_undersampled
appeal,text__appeal,"""appeal""",word,0.0,0.0,0.0,NeuralNetwork_D_undersampled
appear,text__appear,"""appear""",word,0.0,0.0,0.0,NeuralNetwork_D_undersampled
appears,text__appears,"""appears""",word,0.0,0.0,0.0,NeuralNetwork_D_undersampled
appreciate,text__appreciate,"""appreciate""",word,0.0,0.0,0.0,NeuralNetwork_D_undersampled
appreciated,text__appreciated,"""appreciated""",word,0.0,0.0,0.0,NeuralNetwork_D_undersampled
approach,text__approach,"""approach""",word,0.0,0.0,0.0,NeuralNetwork_D_undersampled
arc,text__arc,"""arc""",word,0.0,0.0,0.0,NeuralNetwork_D_undersampled
argument,text__argument,"""argument""",word,0.0,0.0,0.0,NeuralNetwork_D_undersampled
arm,text__arm,"""arm""",word,0.0,0.0,0.0,NeuralNetwork_D_undersampled
army,text__army,"""army""",word,0.0,0.0,0.0,NeuralNetwork_D_undersampled
paragraph,text__paragraph,"""paragraph""",word,0.0,0.0,0.0,NeuralNetwork_D_undersampled
penelope,text__penelope,"""penelope""",word,0.0,0.0,0.0,NeuralNetwork_D_undersampled
try,text__try,"""try""",word,0.0,0.0,0.0,NeuralNetwork_D_undersampled
trying,text__trying,"""trying""",word,0.0,0.0,0.0,NeuralNetwork_D_undersampled
tumblr,text__tumblr,"""tumblr""",word,0.0,0.0,0.0,NeuralNetwork_D_undersampled
turned,text__turned,"""turned""",word,0.0,0.0,0.0,NeuralNetwork_D_undersampled
turning,text__turning,"""turning""",word,0.0,0.0,0.0,NeuralNetwork_D_undersampled
tv,text__tv,"""tv""",word,0.0,0.0,0.0,NeuralNetwork_D_undersampled
twenty,text__twenty,"""twenty""",word,0.0,0.0,0.0,NeuralNetwork_D_undersampled
twice,text__twice,"""twice""",word,0.0,0.0,0.0,NeuralNetwork_D_undersampled
twin,text__twin,"""twin""",word,0.0,0.0,0.0,NeuralNetwork_D_undersampled
tradition,text__tradition,"""tradition""",word,0.0,0.0,0.0,NeuralNetwork_D_undersampled
traditional,text__traditional,"""traditional""",word,0.0,0.0,0.0,NeuralNetwork_D_undersampled
tragic,text__tragic,"""tragic""",word,0.0,0.0,0.0,NeuralNetwork_D_undersampled
train,text__train,"""train""",word,0.0,0.0,0.0,NeuralNetwork_D_undersampled
separate,text__separate,"""separate""",word,0.0,0.0,0.0,NeuralNetwork_D_undersampled
translator,text__translator,"""translator""",word,0.0,0.0,0.0,NeuralNetwork_D_undersampled
trauma,text__trauma,"""trauma""",word,0.0,0.0,0.0,NeuralNetwork_D_undersampled
travel,text__travel,"""travel""",word,0.0,0.0,0.0,NeuralNetwork_D_undersampled
treasure,text__treasure,"""treasure""",word,0.0,0.0,0.0,NeuralNetwork_D_undersampled
treat,text__treat,"""treat""",word,0.0,0.0,0.0,NeuralNetwork_D_undersampled
tree,text__tree,"""tree""",word,0.0,0.0,0.0,NeuralNetwork_D_undersampled
trial,text__trial,"""trial""",word,0.0,0.0,0.0,NeuralNetwork_D_undersampled
triangle,text__triangle,"""triangle""",word,0.0,0.0,0.0,NeuralNetwork_D_undersampled
trick,text__trick,"""trick""",word,0.0,0.0,0.0,NeuralNetwork_D_undersampled
tried,text__tried,"""tried""",word,0.0,0.0,0.0,NeuralNetwork_D_undersampled
trojan,text__trojan,"""trojan""",word,0.0,0.0,0.0,NeuralNetwork_D_undersampled
tolkien,text__tolkien,"""tolkien""",word,0.0,0.0,0.0,NeuralNetwork_D_undersampled
tomorrow,text__tomorrow,"""tomorrow""",word,0.0,0.0,0.0,NeuralNetwork_D_undersampled
translated,text__translated,"""translated""",word,0.0,0.0,0.0,NeuralNetwork_D_undersampled
using,text__using,"""using""",word,0.0,0.0,0.0,NeuralNetwork_D_undersampled
usual,text__usual,"""usual""",word,0.0,0.0,0.0,NeuralNetwork_D_undersampled
usually,text__usually,"""usually""",word,0.0,0.0,0.0,NeuralNetwork_D_undersampled
utterly,text__utterly,"""utterly""",word,0.0,0.0,0.0,NeuralNetwork_D_undersampled
value,text__value,"""value""",word,0.0,0.0,0.0,NeuralNetwork_D_undersampled
variety,text__variety,"""variety""",word,0.0,0.0,0.0,NeuralNetwork_D_undersampled
vast,text__vast,"""vast""",word,0.0,0.0,0.0,NeuralNetwork_D_undersampled
twist,text__twist,"""twist""",word,0.0,0.0,0.0,NeuralNetwork_D_undersampled
twitter,text__twitter,"""twitter""",word,0.0,0.0,0.0,NeuralNetwork_D_undersampled
two,text__two,"""two""",word,0.0,0.0,0.0,NeuralNetwork_D_undersampled
type,text__type,"""type""",word,0.0,0.0,0.0,NeuralNetwork_D_undersampled
typical,text__typical,"""typical""",word,0.0,0.0,0.0,NeuralNetwork_D_undersampled
ultimate,text__ultimate,"""ultimate""",word,0.0,0.0,0.0,NeuralNetwork_D_undersampled
truth,text__truth,"""truth""",word,0.0,0.0,0.0,NeuralNetwork_D_undersampled
uncomfortable,text__uncomfortable,"""uncomfortable""",word,0.0,0.0,0.0,NeuralNetwork_D_undersampled
understanding,text__understanding,"""understanding""",word,0.0,0.0,0.0,NeuralNetwork_D_undersampled
understood,text__understood,"""understood""",word,0.0,0.0,0.0,NeuralNetwork_D_undersampled
unfinished,text__unfinished,"""unfinished""",word,0.0,0.0,0.0,NeuralNetwork_D_undersampled
unfortunately,text__unfortunately,"""unfortunately""",word,0.0,0.0,0.0,NeuralNetwork_D_undersampled
unique,text__unique,"""unique""",word,0.0,0.0,0.0,NeuralNetwork_D_undersampled
universal,text__universal,"""universal""",word,0.0,0.0,0.0,NeuralNetwork_D_undersampled
universe,text__universe,"""universe""",word,0.0,0.0,0.0,NeuralNetwork_D_undersampled
trouble,text__trouble,"""trouble""",word,0.0,0.0,0.0,NeuralNetwork_D_undersampled
troy,text__troy,"""troy""",word,0.0,0.0,0.0,NeuralNetwork_D_undersampled
true,text__true,"""true""",word,0.0,0.0,0.0,NeuralNetwork_D_undersampled
truly,text__truly,"""truly""",word,0.0,0.0,0.0,NeuralNetwork_D_undersampled
trust,text__trust,"""trust""",word,0.0,0.0,0.0,NeuralNetwork_D_undersampled
ultimately,text__ultimately,"""ultimately""",word,0.0,0.0,0.0,NeuralNetwork_D_undersampled
thoughtful,text__thoughtful,"""thoughtful""",word,0.0,0.0,0.0,NeuralNetwork_D_undersampled
thousand,text__thousand,"""thousand""",word,0.0,0.0,0.0,NeuralNetwork_D_undersampled
thread,text__thread,"""thread""",word,0.0,0.0,0.0,NeuralNetwork_D_undersampled
three,text__three,"""three""",word,0.0,0.0,0.0,NeuralNetwork_D_undersampled
throughout,text__throughout,"""throughout""",word,0.0,0.0,0.0,NeuralNetwork_D_undersampled
throw,text__throw,"""throw""",word,0.0,0.0,0.0,NeuralNetwork_D_undersampled
thus,text__thus,"""thus""",word,0.0,0.0,0.0,NeuralNetwork_D_undersampled
thy,text__thy,"""thy""",word,0.0,0.0,0.0,NeuralNetwork_D_undersampled
tiny,text__tiny,"""tiny""",word,0.0,0.0,0.0,NeuralNetwork_D_undersampled
title,text__title,"""title""",word,0.0,0.0,0.0,NeuralNetwork_D_undersampled
adventure,text__adventure,"""adventure""",word,0.0,0.0,0.0,NeuralNetwork_D_undersampled
advice,text__advice,"""advice""",word,0.0,0.0,0.0,NeuralNetwork_D_undersampled
aeneas,text__aeneas,"""aeneas""",word,0.0,0.0,0.0,NeuralNetwork_D_undersampled
ton,text__ton,"""ton""",word,0.0,0.0,0.0,NeuralNetwork_D_undersampled
term,text__term,"""term""",word,0.0,0.0,0.0,NeuralNetwork_D_undersampled
terrible,text__terrible,"""terrible""",word,0.0,0.0,0.0,NeuralNetwork_D_undersampled
thanks,text__thanks,"""thanks""",word,0.0,0.0,0.0,NeuralNetwork_D_undersampled
thee,text__thee,"""thee""",word,0.0,0.0,0.0,NeuralNetwork_D_undersampled
theme,text__theme,"""theme""",word,0.0,0.0,0.0,NeuralNetwork_D_undersampled
therefore,text__therefore,"""therefore""",word,0.0,0.0,0.0,NeuralNetwork_D_undersampled
thin,text__thin,"""thin""",word,0.0,0.0,0.0,NeuralNetwork_D_undersampled
thing,text__thing,"""thing""",word,0.0,0.0,0.0,NeuralNetwork_D_undersampled
thinking,text__thinking,"""thinking""",word,0.0,0.0,0.0,NeuralNetwork_D_undersampled
third,text__third,"""third""",word,0.0,0.0,0.0,NeuralNetwork_D_undersampled
thomas,text__thomas,"""thomas""",word,0.0,0.0,0.0,NeuralNetwork_D_undersampled
thoroughly,text__thoroughly,"""thoroughly""",word,0.0,0.0,0.0,NeuralNetwork_D_undersampled
thou,text__thou,"""thou""",word,0.0,0.0,0.0,NeuralNetwork_D_undersampled
aeneid,text__aeneid,"""aeneid""",word,0.0,0.0,0.0,NeuralNetwork_D_undersampled
tone,text__tone,"""tone""",word,0.0,0.0,0.0,NeuralNetwork_D_undersampled
tonight,text__tonight,"""tonight""",word,0.0,0.0,0.0,NeuralNetwork_D_undersampled
took,text__took,"""took""",word,0.0,0.0,0.0,NeuralNetwork_D_undersampled
top,text__top,"""top""",word,0.0,0.0,0.0,NeuralNetwork_D_undersampled
topic,text__topic,"""topic""",word,0.0,0.0,0.0,NeuralNetwork_D_undersampled
torn,text__torn,"""torn""",word,0.0,0.0,0.0,NeuralNetwork_D_undersampled
totally,text__totally,"""totally""",word,0.0,0.0,0.0,NeuralNetwork_D_undersampled
touch,text__touch,"""touch""",word,0.0,0.0,0.0,NeuralNetwork_D_undersampled
tough,text__tough,"""tough""",word,0.0,0.0,0.0,NeuralNetwork_D_undersampled
toward,text__toward,"""toward""",word,0.0,0.0,0.0,NeuralNetwork_D_undersampled
towards,text__towards,"""towards""",word,0.0,0.0,0.0,NeuralNetwork_D_undersampled
tower,text__tower,"""tower""",word,0.0,0.0,0.0,NeuralNetwork_D_undersampled
town,text__town,"""town""",word,0.0,0.0,0.0,NeuralNetwork_D_undersampled
together,text__together,"""together""",word,0.0,0.0,0.0,NeuralNetwork_D_undersampled
affair,text__affair,"""affair""",word,0.0,0.0,0.0,NeuralNetwork_D_undersampled
afraid,text__afraid,"""afraid""",word,0.0,0.0,0.0,NeuralNetwork_D_undersampled
agamemnon,text__agamemnon,"""agamemnon""",word,0.0,0.0,0.0,NeuralNetwork_D_undersampled
age,text__age,"""age""",word,0.0,0.0,0.0,NeuralNetwork_D_undersampled
ago,text__ago,"""ago""",word,0.0,0.0,0.0,NeuralNetwork_D_undersampled
agree,text__agree,"""agree""",word,0.0,0.0,0.0,NeuralNetwork_D_undersampled
ah,text__ah,"""ah""",word,0.0,0.0,0.0,NeuralNetwork_D_undersampled
ahead,text__ahead,"""ahead""",word,0.0,0.0,0.0,NeuralNetwork_D_undersampled
air,text__air,"""air""",word,0.0,0.0,0.0,NeuralNetwork_D_undersampled
ala,text__ala,"""ala""",word,0.0,0.0,0.0,NeuralNetwork_D_undersampled
alexander,text__alexander,"""alexander""",word,0.0,0.0,0.0,NeuralNetwork_D_undersampled
titled,text__titled,"""titled""",word,0.0,0.0,0.0,NeuralNetwork_D_undersampled
today,text__today,"""today""",word,0.0,0.0,0.0,NeuralNetwork_D_undersampled
aesthetic,text__aesthetic,"""aesthetic""",word,0.0,0.0,0.0,NeuralNetwork_D_undersampled
word,text__word,"""word""",word,0.0,0.0,0.0,NeuralNetwork_D_undersampled
winter,text__winter,"""winter""",word,0.0,0.0,0.0,NeuralNetwork_D_undersampled
wisdom,text__wisdom,"""wisdom""",word,0.0,0.0,0.0,NeuralNetwork_D_undersampled
wise,text__wise,"""wise""",word,0.0,0.0,0.0,NeuralNetwork_D_undersampled
wish,text__wish,"""wish""",word,0.0,0.0,0.0,NeuralNetwork_D_undersampled
wit,text__wit,"""wit""",word,0.0,0.0,0.0,NeuralNetwork_D_undersampled
without,text__without,"""without""",word,0.0,0.0,0.0,NeuralNetwork_D_undersampled
witness,text__witness,"""witness""",word,0.0,0.0,0.0,NeuralNetwork_D_undersampled
wo,text__wo,"""wo""",word,0.0,0.0,0.0,NeuralNetwork_D_undersampled
wonder,text__wonder,"""wonder""",word,0.0,0.0,0.0,NeuralNetwork_D_undersampled
wonderful,text__wonderful,"""wonderful""",word,0.0,0.0,0.0,NeuralNetwork_D_undersampled
achilles,text__achilles,"""achilles""",word,0.0,0.0,0.0,NeuralNetwork_D_undersampled
across,text__across,"""across""",word,0.0,0.0,0.0,NeuralNetwork_D_undersampled
used,text__used,"""used""",word,0.0,0.0,0.0,NeuralNetwork_D_undersampled
whitewolf,text__whitewolf,"""whitewolf""",word,0.0,0.0,0.0,NeuralNetwork_D_undersampled
whitman,text__whitman,"""whitman""",word,0.0,0.0,0.0,NeuralNetwork_D_undersampled
whole,text__whole,"""whole""",word,0.0,0.0,0.0,NeuralNetwork_D_undersampled
whose,text__whose,"""whose""",word,0.0,0.0,0.0,NeuralNetwork_D_undersampled
wide,text__wide,"""wide""",word,0.0,0.0,0.0,NeuralNetwork_D_undersampled
wife,text__wife,"""wife""",word,0.0,0.0,0.0,NeuralNetwork_D_undersampled
wild,text__wild,"""wild""",word,0.0,0.0,0.0,NeuralNetwork_D_undersampled
william,text__william,"""william""",word,0.0,0.0,0.0,NeuralNetwork_D_undersampled
williams,text__williams,"""williams""",word,0.0,0.0,0.0,NeuralNetwork_D_undersampled
willing,text__willing,"""willing""",word,0.0,0.0,0.0,NeuralNetwork_D_undersampled
win,text__win,"""win""",word,0.0,0.0,0.0,NeuralNetwork_D_undersampled
wind,text__wind,"""wind""",word,0.0,0.0,0.0,NeuralNetwork_D_undersampled
window,text__window,"""window""",word,0.0,0.0,0.0,NeuralNetwork_D_undersampled
act,text__act,"""act""",word,0.0,0.0,0.0,NeuralNetwork_D_undersampled
abuse,text__abuse,"""abuse""",word,0.0,0.0,0.0,NeuralNetwork_D_undersampled
acceptance,text__acceptance,"""acceptance""",word,0.0,0.0,0.0,NeuralNetwork_D_undersampled
accessible,text__accessible,"""accessible""",word,0.0,0.0,0.0,NeuralNetwork_D_undersampled
according,text__according,"""according""",word,0.0,0.0,0.0,NeuralNetwork_D_undersampled
account,text__account,"""account""",word,0.0,0.0,0.0,NeuralNetwork_D_undersampled
writer,text__writer,"""writer""",word,0.0,0.0,0.0,NeuralNetwork_D_undersampled
writes,text__writes,"""writes""",word,0.0,0.0,0.0,NeuralNetwork_D_undersampled
writing,text__writing,"""writing""",word,0.0,0.0,0.0,NeuralNetwork_D_undersampled
wrong,text__wrong,"""wrong""",word,0.0,0.0,0.0,NeuralNetwork_D_undersampled
wrote,text__wrote,"""wrote""",word,0.0,0.0,0.0,NeuralNetwork_D_undersampled
ya,text__ya,"""ya""",word,0.0,0.0,0.0,NeuralNetwork_D_undersampled
yeah,text__yeah,"""yeah""",word,0.0,0.0,0.0,NeuralNetwork_D_undersampled
zombie,text__zombie,"""zombie""",word,0.0,0.0,0.0,NeuralNetwork_D_undersampled
zeus,text__zeus,"""zeus""",word,0.0,0.0,0.0,NeuralNetwork_D_undersampled
worked,text__worked,"""worked""",word,0.0,0.0,0.0,NeuralNetwork_D_undersampled
working,text__working,"""working""",word,0.0,0.0,0.0,NeuralNetwork_D_undersampled
world,text__world,"""world""",word,0.0,0.0,0.0,NeuralNetwork_D_undersampled
worry,text__worry,"""worry""",word,0.0,0.0,0.0,NeuralNetwork_D_undersampled
worse,text__worse,"""worse""",word,0.0,0.0,0.0,NeuralNetwork_D_undersampled
worst,text__worst,"""worst""",word,0.0,0.0,0.0,NeuralNetwork_D_undersampled
worth,text__worth,"""worth""",word,0.0,0.0,0.0,NeuralNetwork_D_undersampled
worthy,text__worthy,"""worthy""",word,0.0,0.0,0.0,NeuralNetwork_D_undersampled
wound,text__wound,"""wound""",word,0.0,0.0,0.0,NeuralNetwork_D_undersampled
wow,text__wow,"""wow""",word,0.0,0.0,0.0,NeuralNetwork_D_undersampled
younger,text__younger,"""younger""",word,0.0,0.0,0.0,NeuralNetwork_D_undersampled
youth,text__youth,"""youth""",word,0.0,0.0,0.0,NeuralNetwork_D_undersampled
youtube,text__youtube,"""youtube""",word,0.0,0.0,0.0,NeuralNetwork_D_undersampled
pct_nouns,numeric__pct_nouns,pct_nouns,numeric,0.0,0.0,0.0,NeuralNetwork_D_undersampled
watch,text__watch,"""watch""",word,0.0,0.0,0.0,NeuralNetwork_D_undersampled
watched,text__watched,"""watched""",word,0.0,0.0,0.0,NeuralNetwork_D_undersampled
watching,text__watching,"""watching""",word,0.0,0.0,0.0,NeuralNetwork_D_undersampled
water,text__water,"""water""",word,0.0,0.0,0.0,NeuralNetwork_D_undersampled
wave,text__wave,"""wave""",word,0.0,0.0,0.0,NeuralNetwork_D_undersampled
via,text__via,"""via""",word,0.0,0.0,0.0,NeuralNetwork_D_undersampled
video,text__video,"""video""",word,0.0,0.0,0.0,NeuralNetwork_D_undersampled
view,text__view,"""view""",word,0.0,0.0,0.0,NeuralNetwork_D_undersampled
violence,text__violence,"""violence""",word,0.0,0.0,0.0,NeuralNetwork_D_undersampled
violent,text__violent,"""violent""",word,0.0,0.0,0.0,NeuralNetwork_D_undersampled
virgil,text__virgil,"""virgil""",word,0.0,0.0,0.0,NeuralNetwork_D_undersampled
vision,text__vision,"""vision""",word,0.0,0.0,0.0,NeuralNetwork_D_undersampled
visual,text__visual,"""visual""",word,0.0,0.0,0.0,NeuralNetwork_D_undersampled
wine,text__wine,"""wine""",word,0.0,0.0,0.0,NeuralNetwork_D_undersampled
voice,text__voice,"""voice""",word,0.0,0.0,0.0,NeuralNetwork_D_undersampled
volume,text__volume,"""volume""",word,0.0,0.0,0.0,NeuralNetwork_D_undersampled
waheed,text__waheed,"""waheed""",word,0.0,0.0,0.0,NeuralNetwork_D_undersampled
waiting,text__waiting,"""waiting""",word,0.0,0.0,0.0,NeuralNetwork_D_undersampled
wake,text__wake,"""wake""",word,0.0,0.0,0.0,NeuralNetwork_D_undersampled
walk,text__walk,"""walk""",word,0.0,0.0,0.0,NeuralNetwork_D_undersampled
walking,text__walking,"""walking""",word,0.0,0.0,0.0,NeuralNetwork_D_undersampled
university,text__university,"""university""",word,0.0,0.0,0.0,NeuralNetwork_D_undersampled
unless,text__unless,"""unless""",word,0.0,0.0,0.0,NeuralNetwork_D_undersampled
unlike,text__unlike,"""unlike""",word,0.0,0.0,0.0,NeuralNetwork_D_undersampled
upon,text__upon,"""upon""",word,0.0,0.0,0.0,NeuralNetwork_D_undersampled
us,text__us,"""us""",word,0.0,0.0,0.0,NeuralNetwork_D_undersampled
use,text__use,"""use""",word,0.0,0.0,0.0,NeuralNetwork_D_undersampled
vivid,text__vivid,"""vivid""",word,0.0,0.0,0.0,NeuralNetwork_D_undersampled
wing,text__wing,"""wing""",word,0.0,0.0,0.0,NeuralNetwork_D_undersampled
winner,text__winner,"""winner""",word,0.0,0.0,0.0,NeuralNetwork_D_undersampled
way,text__way,"""way""",word,0.0,0.0,0.0,NeuralNetwork_D_undersampled
weak,text__weak,"""weak""",word,0.0,0.0,0.0,NeuralNetwork_D_undersampled
weakness,text__weakness,"""weakness""",word,0.0,0.0,0.0,NeuralNetwork_D_undersampled
wear,text__wear,"""wear""",word,0.0,0.0,0.0,NeuralNetwork_D_undersampled
weave,text__weave,"""weave""",word,0.0,0.0,0.0,NeuralNetwork_D_undersampled
week,text__week,"""week""",word,0.0,0.0,0.0,NeuralNetwork_D_undersampled
weight,text__weight,"""weight""",word,0.0,0.0,0.0,NeuralNetwork_D_undersampled
weird,text__weird,"""weird""",word,0.0,0.0,0.0,NeuralNetwork_D_undersampled
welcome,text__welcome,"""welcome""",word,0.0,0.0,0.0,NeuralNetwork_D_undersampled
went,text__went,"""went""",word,0.0,0.0,0.0,NeuralNetwork_D_undersampled
werewolf,text__werewolf,"""werewolf""",word,0.0,0.0,0.0,NeuralNetwork_D_undersampled
waste,text__waste,"""waste""",word,0.0,0.0,0.0,NeuralNetwork_D_undersampled
whatever,text__whatever,"""whatever""",word,0.0,0.0,0.0,NeuralNetwork_D_undersampled
whenever,text__whenever,"""whenever""",word,0.0,0.0,0.0,NeuralNetwork_D_undersampled
whilst,text__whilst,"""whilst""",word,0.0,0.0,0.0,NeuralNetwork_D_undersampled
white,text__white,"""white""",word,0.0,0.0,0.0,NeuralNetwork_D_undersampled
wall,text__wall,"""wall""",word,0.0,0.0,0.0,NeuralNetwork_D_undersampled
walt,text__walt,"""walt""",word,0.0,0.0,0.0,NeuralNetwork_D_undersampled
want,text__want,"""want""",word,0.0,0.0,0.0,NeuralNetwork_D_undersampled
wanted,text__wanted,"""wanted""",word,0.0,0.0,0.0,NeuralNetwork_D_undersampled
wanting,text__wanting,"""wanting""",word,0.0,0.0,0.0,NeuralNetwork_D_undersampled
war,text__war,"""war""",word,0.0,0.0,0.0,NeuralNetwork_D_undersampled
warm,text__warm,"""warm""",word,0.0,0.0,0.0,NeuralNetwork_D_undersampled
warning,text__warning,"""warning""",word,0.0,0.0,0.0,NeuralNetwork_D_undersampled
warrior,text__warrior,"""warrior""",word,0.0,0.0,0.0,NeuralNetwork_D_undersampled
warsan,text__warsan,"""warsan""",word,0.0,0.0,0.0,NeuralNetwork_D_undersampled
western,text__western,"""western""",word,0.0,0.0,0.0,NeuralNetwork_D_undersampled
somebody,text__somebody,"""somebody""",word,0.0,0.0,0.0,NeuralNetwork_D_undersampled
someone,text__someone,"""someone""",word,0.0,0.0,0.0,NeuralNetwork_D_undersampled
allowed,text__allowed,"""allowed""",word,0.0,0.0,0.0,NeuralNetwork_D_undersampled
allows,text__allows,"""allows""",word,0.0,0.0,0.0,NeuralNetwork_D_undersampled
almost,text__almost,"""almost""",word,0.0,0.0,0.0,NeuralNetwork_D_undersampled
alone,text__alone,"""alone""",word,0.0,0.0,0.0,NeuralNetwork_D_undersampled
aloud,text__aloud,"""aloud""",word,0.0,0.0,0.0,NeuralNetwork_D_undersampled
already,text__already,"""already""",word,0.0,0.0,0.0,NeuralNetwork_D_undersampled
although,text__although,"""although""",word,0.0,0.0,0.0,NeuralNetwork_D_undersampled
always,text__always,"""always""",word,0.0,0.0,0.0,NeuralNetwork_D_undersampled
amanda,text__amanda,"""amanda""",word,0.0,0.0,0.0,NeuralNetwork_D_undersampled
amazed,text__amazed,"""amazed""",word,0.0,0.0,0.0,NeuralNetwork_D_undersampled
amazing,text__amazing,"""amazing""",word,0.0,0.0,0.0,NeuralNetwork_D_undersampled
though,text__though,"""though""",word,0.0,0.0,0.0,NeuralNetwork_D_undersampled
skin,text__skin,"""skin""",word,0.0,0.0,0.0,NeuralNetwork_D_undersampled
sleep,text__sleep,"""sleep""",word,0.0,0.0,0.0,NeuralNetwork_D_undersampled
sleeping,text__sleeping,"""sleeping""",word,0.0,0.0,0.0,NeuralNetwork_D_undersampled
slightly,text__slightly,"""slightly""",word,0.0,0.0,0.0,NeuralNetwork_D_undersampled
silverstein,text__silverstein,"""silverstein""",word,0.0,0.0,0.0,NeuralNetwork_D_undersampled
simplicity,text__simplicity,"""simplicity""",word,0.0,0.0,0.0,NeuralNetwork_D_undersampled
simplistic,text__simplistic,"""simplistic""",word,0.0,0.0,0.0,NeuralNetwork_D_undersampled
simply,text__simply,"""simply""",word,0.0,0.0,0.0,NeuralNetwork_D_undersampled
sin,text__sin,"""sin""",word,0.0,0.0,0.0,NeuralNetwork_D_undersampled
since,text__since,"""since""",word,0.0,0.0,0.0,NeuralNetwork_D_undersampled
singing,text__singing,"""singing""",word,0.0,0.0,0.0,NeuralNetwork_D_undersampled
single,text__single,"""single""",word,0.0,0.0,0.0,NeuralNetwork_D_undersampled
sir,text__sir,"""sir""",word,0.0,0.0,0.0,NeuralNetwork_D_undersampled
amazon,text__amazon,"""amazon""",word,0.0,0.0,0.0,NeuralNetwork_D_undersampled
somewhat,text__somewhat,"""somewhat""",word,0.0,0.0,0.0,NeuralNetwork_D_undersampled
son,text__son,"""son""",word,0.0,0.0,0.0,NeuralNetwork_D_undersampled
song,text__song,"""song""",word,0.0,0.0,0.0,NeuralNetwork_D_undersampled
sonnet,text__sonnet,"""sonnet""",word,0.0,0.0,0.0,NeuralNetwork_D_undersampled
soon,text__soon,"""soon""",word,0.0,0.0,0.0,NeuralNetwork_D_undersampled
sorrow,text__sorrow,"""sorrow""",word,0.0,0.0,0.0,NeuralNetwork_D_undersampled
sorry,text__sorry,"""sorry""",word,0.0,0.0,0.0,NeuralNetwork_D_undersampled
sort,text__sort,"""sort""",word,0.0,0.0,0.0,NeuralNetwork_D_undersampled
soul,text__soul,"""soul""",word,0.0,0.0,0.0,NeuralNetwork_D_undersampled
sound,text__sound,"""sound""",word,0.0,0.0,0.0,NeuralNetwork_D_undersampled
source,text__source,"""source""",word,0.0,0.0,0.0,NeuralNetwork_D_undersampled
south,text__south,"""south""",word,0.0,0.0,0.0,NeuralNetwork_D_undersampled
space,text__space,"""space""",word,0.0,0.0,0.0,NeuralNetwork_D_undersampled
solitude,text__solitude,"""solitude""",word,0.0,0.0,0.0,NeuralNetwork_D_undersampled
slow,text__slow,"""slow""",word,0.0,0.0,0.0,NeuralNetwork_D_undersampled
slowly,text__slowly,"""slowly""",word,0.0,0.0,0.0,NeuralNetwork_D_undersampled
small,text__small,"""small""",word,0.0,0.0,0.0,NeuralNetwork_D_undersampled
smart,text__smart,"""smart""",word,0.0,0.0,0.0,NeuralNetwork_D_undersampled
smell,text__smell,"""smell""",word,0.0,0.0,0.0,NeuralNetwork_D_undersampled
smile,text__smile,"""smile""",word,0.0,0.0,0.0,NeuralNetwork_D_undersampled
snippet,text__snippet,"""snippet""",word,0.0,0.0,0.0,NeuralNetwork_D_undersampled
snow,text__snow,"""snow""",word,0.0,0.0,0.0,NeuralNetwork_D_undersampled
social,text__social,"""social""",word,0.0,0.0,0.0,NeuralNetwork_D_undersampled
society,text__society,"""society""",word,0.0,0.0,0.0,NeuralNetwork_D_undersampled
soft,text__soft,"""soft""",word,0.0,0.0,0.0,NeuralNetwork_D_undersampled
soldier,text__soldier,"""soldier""",word,0.0,0.0,0.0,NeuralNetwork_D_undersampled
solid,text__solid,"""solid""",word,0.0,0.0,0.0,NeuralNetwork_D_undersampled
spanish,text__spanish,"""spanish""",word,0.0,0.0,0.0,NeuralNetwork_D_undersampled
shared,text__shared,"""shared""",word,0.0,0.0,0.0,NeuralNetwork_D_undersampled
sharing,text__sharing,"""sharing""",word,0.0,0.0,0.0,NeuralNetwork_D_undersampled
sharp,text__sharp,"""sharp""",word,0.0,0.0,0.0,NeuralNetwork_D_undersampled
sheer,text__sheer,"""sheer""",word,0.0,0.0,0.0,NeuralNetwork_D_undersampled
shel,text__shel,"""shel""",word,0.0,0.0,0.0,NeuralNetwork_D_undersampled
shelf,text__shelf,"""shelf""",word,0.0,0.0,0.0,NeuralNetwork_D_undersampled
shepard,text__shepard,"""shepard""",word,0.0,0.0,0.0,NeuralNetwork_D_undersampled
shine,text__shine,"""shine""",word,0.0,0.0,0.0,NeuralNetwork_D_undersampled
ship,text__ship,"""ship""",word,0.0,0.0,0.0,NeuralNetwork_D_undersampled
sensitive,text__sensitive,"""sensitive""",word,0.0,0.0,0.0,NeuralNetwork_D_undersampled
sent,text__sent,"""sent""",word,0.0,0.0,0.0,NeuralNetwork_D_undersampled
sentence,text__sentence,"""sentence""",word,0.0,0.0,0.0,NeuralNetwork_D_undersampled
mine,text__mine,"""mine""",word,0.0,0.0,0.0,NeuralNetwork_D_undersampled
sister,text__sister,"""sister""",word,0.0,0.0,0.0,NeuralNetwork_D_undersampled
series,text__series,"""series""",word,0.0,0.0,0.0,NeuralNetwork_D_undersampled
serious,text__serious,"""serious""",word,0.0,0.0,0.0,NeuralNetwork_D_undersampled
seriously,text__seriously,"""seriously""",word,0.0,0.0,0.0,NeuralNetwork_D_undersampled
set,text__set,"""set""",word,0.0,0.0,0.0,NeuralNetwork_D_undersampled
setting,text__setting,"""setting""",word,0.0,0.0,0.0,NeuralNetwork_D_undersampled
seven,text__seven,"""seven""",word,0.0,0.0,0.0,NeuralNetwork_D_undersampled
several,text__several,"""several""",word,0.0,0.0,0.0,NeuralNetwork_D_undersampled
sex,text__sex,"""sex""",word,0.0,0.0,0.0,NeuralNetwork_D_undersampled
sexton,text__sexton,"""sexton""",word,0.0,0.0,0.0,NeuralNetwork_D_undersampled
sexual,text__sexual,"""sexual""",word,0.0,0.0,0.0,NeuralNetwork_D_undersampled
sexuality,text__sexuality,"""sexuality""",word,0.0,0.0,0.0,NeuralNetwork_D_undersampled
search,text__search,"""search""",word,0.0,0.0,0.0,NeuralNetwork_D_undersampled
searching,text__searching,"""searching""",word,0.0,0.0,0.0,NeuralNetwork_D_undersampled
september,text__september,"""september""",word,0.0,0.0,0.0,NeuralNetwork_D_undersampled
sit,text__sit,"""sit""",word,0.0,0.0,0.0,NeuralNetwork_D_undersampled
situation,text__situation,"""situation""",word,0.0,0.0,0.0,NeuralNetwork_D_undersampled
six,text__six,"""six""",word,0.0,0.0,0.0,NeuralNetwork_D_undersampled
skill,text__skill,"""skill""",word,0.0,0.0,0.0,NeuralNetwork_D_undersampled
alive,text__alive,"""alive""",word,0.0,0.0,0.0,NeuralNetwork_D_undersampled
allow,text__allow,"""allow""",word,0.0,0.0,0.0,NeuralNetwork_D_undersampled
shire,text__shire,"""shire""",word,0.0,0.0,0.0,NeuralNetwork_D_undersampled
shock,text__shock,"""shock""",word,0.0,0.0,0.0,NeuralNetwork_D_undersampled
shot,text__shot,"""shot""",word,0.0,0.0,0.0,NeuralNetwork_D_undersampled
show,text__show,"""show""",word,0.0,0.0,0.0,NeuralNetwork_D_undersampled
showed,text__showed,"""showed""",word,0.0,0.0,0.0,NeuralNetwork_D_undersampled
showing,text__showing,"""showing""",word,0.0,0.0,0.0,NeuralNetwork_D_undersampled
shut,text__shut,"""shut""",word,0.0,0.0,0.0,NeuralNetwork_D_undersampled
share,text__share,"""share""",word,0.0,0.0,0.0,NeuralNetwork_D_undersampled
sick,text__sick,"""sick""",word,0.0,0.0,0.0,NeuralNetwork_D_undersampled
side,text__side,"""side""",word,0.0,0.0,0.0,NeuralNetwork_D_undersampled
sigh,text__sigh,"""sigh""",word,0.0,0.0,0.0,NeuralNetwork_D_undersampled
sight,text__sight,"""sight""",word,0.0,0.0,0.0,NeuralNetwork_D_undersampled
sign,text__sign,"""sign""",word,0.0,0.0,0.0,NeuralNetwork_D_undersampled
silence,text__silence,"""silence""",word,0.0,0.0,0.0,NeuralNetwork_D_undersampled
silent,text__silent,"""silent""",word,0.0,0.0,0.0,NeuralNetwork_D_undersampled
silly,text__silly,"""silly""",word,0.0,0.0,0.0,NeuralNetwork_D_undersampled
shade,text__shade,"""shade""",word,0.0,0.0,0.0,NeuralNetwork_D_undersampled
shakespeare,text__shakespeare,"""shakespeare""",word,0.0,0.0,0.0,NeuralNetwork_D_undersampled
shall,text__shall,"""shall""",word,0.0,0.0,0.0,NeuralNetwork_D_undersampled
shallow,text__shallow,"""shallow""",word,0.0,0.0,0.0,NeuralNetwork_D_undersampled
shame,text__shame,"""shame""",word,0.0,0.0,0.0,NeuralNetwork_D_undersampled
shape,text__shape,"""shape""",word,0.0,0.0,0.0,NeuralNetwork_D_undersampled
sibling,text__sibling,"""sibling""",word,0.0,0.0,0.0,NeuralNetwork_D_undersampled
talk,text__talk,"""talk""",word,0.0,0.0,0.0,NeuralNetwork_D_undersampled
talked,text__talked,"""talked""",word,0.0,0.0,0.0,NeuralNetwork_D_undersampled
task,text__task,"""task""",word,0.0,0.0,0.0,NeuralNetwork_D_undersampled
sugar,text__sugar,"""sugar""",word,0.0,0.0,0.0,NeuralNetwork_D_undersampled
suggest,text__suggest,"""suggest""",word,0.0,0.0,0.0,NeuralNetwork_D_undersampled
suggests,text__suggests,"""suggests""",word,0.0,0.0,0.0,NeuralNetwork_D_undersampled
suicide,text__suicide,"""suicide""",word,0.0,0.0,0.0,NeuralNetwork_D_undersampled
suitor,text__suitor,"""suitor""",word,0.0,0.0,0.0,NeuralNetwork_D_undersampled
summer,text__summer,"""summer""",word,0.0,0.0,0.0,NeuralNetwork_D_undersampled
sun,text__sun,"""sun""",word,0.0,0.0,0.0,NeuralNetwork_D_undersampled
super,text__super,"""super""",word,0.0,0.0,0.0,NeuralNetwork_D_undersampled
support,text__support,"""support""",word,0.0,0.0,0.0,NeuralNetwork_D_undersampled
suppose,text__suppose,"""suppose""",word,0.0,0.0,0.0,NeuralNetwork_D_undersampled
sometimes,text__sometimes,"""sometimes""",word,0.0,0.0,0.0,NeuralNetwork_D_undersampled
sure,text__sure,"""sure""",word,0.0,0.0,0.0,NeuralNetwork_D_undersampled
surely,text__surely,"""surely""",word,0.0,0.0,0.0,NeuralNetwork_D_undersampled
surface,text__surface,"""surface""",word,0.0,0.0,0.0,NeuralNetwork_D_undersampled
surprise,text__surprise,"""surprise""",word,0.0,0.0,0.0,NeuralNetwork_D_undersampled
surprised,text__surprised,"""surprised""",word,0.0,0.0,0.0,NeuralNetwork_D_undersampled
struggle,text__struggle,"""struggle""",word,0.0,0.0,0.0,NeuralNetwork_D_undersampled
struggling,text__struggling,"""struggling""",word,0.0,0.0,0.0,NeuralNetwork_D_undersampled
stuck,text__stuck,"""stuck""",word,0.0,0.0,0.0,NeuralNetwork_D_undersampled
study,text__study,"""study""",word,0.0,0.0,0.0,NeuralNetwork_D_undersampled
stuff,text__stuff,"""stuff""",word,0.0,0.0,0.0,NeuralNetwork_D_undersampled
stunning,text__stunning,"""stunning""",word,0.0,0.0,0.0,NeuralNetwork_D_undersampled
stupid,text__stupid,"""stupid""",word,0.0,0.0,0.0,NeuralNetwork_D_undersampled
style,text__style,"""style""",word,0.0,0.0,0.0,NeuralNetwork_D_undersampled
supposed,text__supposed,"""supposed""",word,0.0,0.0,0.0,NeuralNetwork_D_undersampled
thought,text__thought,"""thought""",word,0.0,0.0,0.0,NeuralNetwork_D_undersampled
taste,text__taste,"""taste""",word,0.0,0.0,0.0,NeuralNetwork_D_undersampled
taught,text__taught,"""taught""",word,0.0,0.0,0.0,NeuralNetwork_D_undersampled
tea,text__tea,"""tea""",word,0.0,0.0,0.0,NeuralNetwork_D_undersampled
teach,text__teach,"""teach""",word,0.0,0.0,0.0,NeuralNetwork_D_undersampled
teacher,text__teacher,"""teacher""",word,0.0,0.0,0.0,NeuralNetwork_D_undersampled
teaching,text__teaching,"""teaching""",word,0.0,0.0,0.0,NeuralNetwork_D_undersampled
ted,text__ted,"""ted""",word,0.0,0.0,0.0,NeuralNetwork_D_undersampled
teen,text__teen,"""teen""",word,0.0,0.0,0.0,NeuralNetwork_D_undersampled
teenage,text__teenage,"""teenage""",word,0.0,0.0,0.0,NeuralNetwork_D_undersampled
teenager,text__teenager,"""teenager""",word,0.0,0.0,0.0,NeuralNetwork_D_undersampled
teeth,text__teeth,"""teeth""",word,0.0,0.0,0.0,NeuralNetwork_D_undersampled
tell,text__tell,"""tell""",word,0.0,0.0,0.0,NeuralNetwork_D_undersampled
talented,text__talented,"""talented""",word,0.0,0.0,0.0,NeuralNetwork_D_undersampled
ten,text__ten,"""ten""",word,0.0,0.0,0.0,NeuralNetwork_D_undersampled
tend,text__tend,"""tend""",word,0.0,0.0,0.0,NeuralNetwork_D_undersampled
tender,text__tender,"""tender""",word,0.0,0.0,0.0,NeuralNetwork_D_undersampled
surprisingly,text__surprisingly,"""surprisingly""",word,0.0,0.0,0.0,NeuralNetwork_D_undersampled
sweet,text__sweet,"""sweet""",word,0.0,0.0,0.0,NeuralNetwork_D_undersampled
sword,text__sword,"""sword""",word,0.0,0.0,0.0,NeuralNetwork_D_undersampled
sylvia,text__sylvia,"""sylvia""",word,0.0,0.0,0.0,NeuralNetwork_D_undersampled
system,text__system,"""system""",word,0.0,0.0,0.0,NeuralNetwork_D_undersampled
table,text__table,"""table""",word,0.0,0.0,0.0,NeuralNetwork_D_undersampled
tagore,text__tagore,"""tagore""",word,0.0,0.0,0.0,NeuralNetwork_D_undersampled
taking,text__taking,"""taking""",word,0.0,0.0,0.0,NeuralNetwork_D_undersampled
tale,text__tale,"""tale""",word,0.0,0.0,0.0,NeuralNetwork_D_undersampled
talent,text__talent,"""talent""",word,0.0,0.0,0.0,NeuralNetwork_D_undersampled
telling,text__telling,"""telling""",word,0.0,0.0,0.0,NeuralNetwork_D_undersampled
star,text__star,"""star""",word,0.0,0.0,0.0,NeuralNetwork_D_undersampled
start,text__start,"""start""",word,0.0,0.0,0.0,NeuralNetwork_D_undersampled
starting,text__starting,"""starting""",word,0.0,0.0,0.0,NeuralNetwork_D_undersampled
state,text__state,"""state""",word,0.0,0.0,0.0,NeuralNetwork_D_undersampled
statement,text__statement,"""statement""",word,0.0,0.0,0.0,NeuralNetwork_D_undersampled
stay,text__stay,"""stay""",word,0.0,0.0,0.0,NeuralNetwork_D_undersampled
stick,text__stick,"""stick""",word,0.0,0.0,0.0,NeuralNetwork_D_undersampled
still,text__still,"""still""",word,0.0,0.0,0.0,NeuralNetwork_D_undersampled
stone,text__stone,"""stone""",word,0.0,0.0,0.0,NeuralNetwork_D_undersampled
stood,text__stood,"""stood""",word,0.0,0.0,0.0,NeuralNetwork_D_undersampled
speak,text__speak,"""speak""",word,0.0,0.0,0.0,NeuralNetwork_D_undersampled
speaker,text__speaker,"""speaker""",word,0.0,0.0,0.0,NeuralNetwork_D_undersampled
speaking,text__speaking,"""speaking""",word,0.0,0.0,0.0,NeuralNetwork_D_undersampled
subject,text__subject,"""subject""",word,0.0,0.0,0.0,NeuralNetwork_D_undersampled
specific,text__specific,"""specific""",word,0.0,0.0,0.0,NeuralNetwork_D_undersampled
specifically,text__specifically,"""specifically""",word,0.0,0.0,0.0,NeuralNetwork_D_undersampled
speech,text__speech,"""speech""",word,0.0,0.0,0.0,NeuralNetwork_D_undersampled
spend,text__spend,"""spend""",word,0.0,0.0,0.0,NeuralNetwork_D_undersampled
spent,text__spent,"""spent""",word,0.0,0.0,0.0,NeuralNetwork_D_undersampled
spirit,text__spirit,"""spirit""",word,0.0,0.0,0.0,NeuralNetwork_D_undersampled
spiritual,text__spiritual,"""spiritual""",word,0.0,0.0,0.0,NeuralNetwork_D_undersampled
split,text__split,"""split""",word,0.0,0.0,0.0,NeuralNetwork_D_undersampled
spoiler,text__spoiler,"""spoiler""",word,0.0,0.0,0.0,NeuralNetwork_D_undersampled
spoke,text__spoke,"""spoke""",word,0.0,0.0,0.0,NeuralNetwork_D_undersampled
spoken,text__spoken,"""spoken""",word,0.0,0.0,0.0,NeuralNetwork_D_undersampled
sport,text__sport,"""sport""",word,0.0,0.0,0.0,NeuralNetwork_D_undersampled
something,text__something,"""something""",word,0.0,0.0,0.0,NeuralNetwork_D_undersampled
speaks,text__speaks,"""speaks""",word,0.0,0.0,0.0,NeuralNetwork_D_undersampled
subtle,text__subtle,"""subtle""",word,0.0,0.0,0.0,NeuralNetwork_D_undersampled
success,text__success,"""success""",word,0.0,0.0,0.0,NeuralNetwork_D_undersampled
suck,text__suck,"""suck""",word,0.0,0.0,0.0,NeuralNetwork_D_undersampled
sudden,text__sudden,"""sudden""",word,0.0,0.0,0.0,NeuralNetwork_D_undersampled
suddenly,text__suddenly,"""suddenly""",word,0.0,0.0,0.0,NeuralNetwork_D_undersampled
suffer,text__suffer,"""suffer""",word,0.0,0.0,0.0,NeuralNetwork_D_undersampled
suffering,text__suffering,"""suffering""",word,0.0,0.0,0.0,NeuralNetwork_D_undersampled
stop,text__stop,"""stop""",word,0.0,0.0,0.0,NeuralNetwork_D_undersampled
stopped,text__stopped,"""stopped""",word,0.0,0.0,0.0,NeuralNetwork_D_undersampled
store,text__store,"""store""",word,0.0,0.0,0.0,NeuralNetwork_D_undersampled
storm,text__storm,"""storm""",word,0.0,0.0,0.0,NeuralNetwork_D_undersampled
story,text__story,"""story""",word,0.0,0.0,0.0,NeuralNetwork_D_undersampled
straight,text__straight,"""straight""",word,0.0,0.0,0.0,NeuralNetwork_D_undersampled
standing,text__standing,"""standing""",word,0.0,0.0,0.0,NeuralNetwork_D_undersampled
stranger,text__stranger,"""stranger""",word,0.0,0.0,0.0,NeuralNetwork_D_undersampled
stream,text__stream,"""stream""",word,0.0,0.0,0.0,NeuralNetwork_D_undersampled
street,text__street,"""street""",word,0.0,0.0,0.0,NeuralNetwork_D_undersampled
strength,text__strength,"""strength""",word,0.0,0.0,0.0,NeuralNetwork_D_undersampled
strike,text__strike,"""strike""",word,0.0,0.0,0.0,NeuralNetwork_D_undersampled
striking,text__striking,"""striking""",word,0.0,0.0,0.0,NeuralNetwork_D_undersampled
string,text__string,"""string""",word,0.0,0.0,0.0,NeuralNetwork_D_undersampled
strongly,text__strongly,"""strongly""",word,0.0,0.0,0.0,NeuralNetwork_D_undersampled
structure,text__structure,"""structure""",word,0.0,0.0,0.0,NeuralNetwork_D_undersampled
spot,text__spot,"""spot""",word,0.0,0.0,0.0,NeuralNetwork_D_undersampled
spread,text__spread,"""spread""",word,0.0,0.0,0.0,NeuralNetwork_D_undersampled
spring,text__spring,"""spring""",word,0.0,0.0,0.0,NeuralNetwork_D_undersampled
stage,text__stage,"""stage""",word,0.0,0.0,0.0,NeuralNetwork_D_undersampled
stand,text__stand,"""stand""",word,0.0,0.0,0.0,NeuralNetwork_D_undersampled
strange,text__strange,"""strange""",word,0.0,0.0,0.0,NeuralNetwork_D_undersampled
elegant,text__elegant,"""elegant""",word,0.0,0.0,0.0,NeuralNetwork_D_undersampled
element,text__element,"""element""",word,0.0,0.0,0.0,NeuralNetwork_D_undersampled
elementary,text__elementary,"""elementary""",word,0.0,0.0,0.0,NeuralNetwork_D_undersampled
eliot,text__eliot,"""eliot""",word,0.0,0.0,0.0,NeuralNetwork_D_undersampled
beside,text__beside,"""beside""",word,0.0,0.0,0.0,NeuralNetwork_D_undersampled
drawn,text__drawn,"""drawn""",word,0.0,0.0,0.0,NeuralNetwork_D_undersampled
dream,text__dream,"""dream""",word,0.0,0.0,0.0,NeuralNetwork_D_undersampled
dreaming,text__dreaming,"""dreaming""",word,0.0,0.0,0.0,NeuralNetwork_D_undersampled
drink,text__drink,"""drink""",word,0.0,0.0,0.0,NeuralNetwork_D_undersampled
drinking,text__drinking,"""drinking""",word,0.0,0.0,0.0,NeuralNetwork_D_undersampled
drive,text__drive,"""drive""",word,0.0,0.0,0.0,NeuralNetwork_D_undersampled
drop,text__drop,"""drop""",word,0.0,0.0,0.0,NeuralNetwork_D_undersampled
ask,text__ask,"""ask""",word,0.0,0.0,0.0,NeuralNetwork_D_undersampled
drunk,text__drunk,"""drunk""",word,0.0,0.0,0.0,NeuralNetwork_D_undersampled
dry,text__dry,"""dry""",word,0.0,0.0,0.0,NeuralNetwork_D_undersampled
dull,text__dull,"""dull""",word,0.0,0.0,0.0,NeuralNetwork_D_undersampled
dust,text__dust,"""dust""",word,0.0,0.0,0.0,NeuralNetwork_D_undersampled
dy,text__dy,"""dy""",word,0.0,0.0,0.0,NeuralNetwork_D_undersampled
dying,text__dying,"""dying""",word,0.0,0.0,0.0,NeuralNetwork_D_undersampled
dylan,text__dylan,"""dylan""",word,0.0,0.0,0.0,NeuralNetwork_D_undersampled
e,text__e,"""e""",word,0.0,0.0,0.0,NeuralNetwork_D_undersampled
discussed,text__discussed,"""discussed""",word,0.0,0.0,0.0,NeuralNetwork_D_undersampled
discussion,text__discussion,"""discussion""",word,0.0,0.0,0.0,NeuralNetwork_D_undersampled
dislike,text__dislike,"""dislike""",word,0.0,0.0,0.0,NeuralNetwork_D_undersampled
distance,text__distance,"""distance""",word,0.0,0.0,0.0,NeuralNetwork_D_undersampled
distant,text__distant,"""distant""",word,0.0,0.0,0.0,NeuralNetwork_D_undersampled
drug,text__drug,"""drug""",word,0.0,0.0,0.0,NeuralNetwork_D_undersampled
english,text__english,"""english""",word,0.0,0.0,0.0,NeuralNetwork_D_undersampled
enjoy,text__enjoy,"""enjoy""",word,0.0,0.0,0.0,NeuralNetwork_D_undersampled
besides,text__besides,"""besides""",word,0.0,0.0,0.0,NeuralNetwork_D_undersampled
beyonce,text__beyonce,"""beyonce""",word,0.0,0.0,0.0,NeuralNetwork_D_undersampled
beyond,text__beyond,"""beyond""",word,0.0,0.0,0.0,NeuralNetwork_D_undersampled
big,text__big,"""big""",word,0.0,0.0,0.0,NeuralNetwork_D_undersampled
biggest,text__biggest,"""biggest""",word,0.0,0.0,0.0,NeuralNetwork_D_undersampled
billy,text__billy,"""billy""",word,0.0,0.0,0.0,NeuralNetwork_D_undersampled
bird,text__bird,"""bird""",word,0.0,0.0,0.0,NeuralNetwork_D_undersampled
birth,text__birth,"""birth""",word,0.0,0.0,0.0,NeuralNetwork_D_undersampled
birthday,text__birthday,"""birthday""",word,0.0,0.0,0.0,NeuralNetwork_D_undersampled
bit,text__bit,"""bit""",word,0.0,0.0,0.0,NeuralNetwork_D_undersampled
bitter,text__bitter,"""bitter""",word,0.0,0.0,0.0,NeuralNetwork_D_undersampled
eight,text__eight,"""eight""",word,0.0,0.0,0.0,NeuralNetwork_D_undersampled
ellen,text__ellen,"""ellen""",word,0.0,0.0,0.0,NeuralNetwork_D_undersampled
else,text__else,"""else""",word,0.0,0.0,0.0,NeuralNetwork_D_undersampled
embrace,text__embrace,"""embrace""",word,0.0,0.0,0.0,NeuralNetwork_D_undersampled
ear,text__ear,"""ear""",word,0.0,0.0,0.0,NeuralNetwork_D_undersampled
earlier,text__earlier,"""earlier""",word,0.0,0.0,0.0,NeuralNetwork_D_undersampled
early,text__early,"""early""",word,0.0,0.0,0.0,NeuralNetwork_D_undersampled
earth,text__earth,"""earth""",word,0.0,0.0,0.0,NeuralNetwork_D_undersampled
easier,text__easier,"""easier""",word,0.0,0.0,0.0,NeuralNetwork_D_undersampled
easily,text__easily,"""easily""",word,0.0,0.0,0.0,NeuralNetwork_D_undersampled
eat,text__eat,"""eat""",word,0.0,0.0,0.0,NeuralNetwork_D_undersampled
eating,text__eating,"""eating""",word,0.0,0.0,0.0,NeuralNetwork_D_undersampled
echo,text__echo,"""echo""",word,0.0,0.0,0.0,NeuralNetwork_D_undersampled
effect,text__effect,"""effect""",word,0.0,0.0,0.0,NeuralNetwork_D_undersampled
black,text__black,"""black""",word,0.0,0.0,0.0,NeuralNetwork_D_undersampled
delightful,text__delightful,"""delightful""",word,0.0,0.0,0.0,NeuralNetwork_D_undersampled
depressing,text__depressing,"""depressing""",word,0.0,0.0,0.0,NeuralNetwork_D_undersampled
depth,text__depth,"""depth""",word,0.0,0.0,0.0,NeuralNetwork_D_undersampled
describe,text__describe,"""describe""",word,0.0,0.0,0.0,NeuralNetwork_D_undersampled
described,text__described,"""described""",word,0.0,0.0,0.0,NeuralNetwork_D_undersampled
describes,text__describes,"""describes""",word,0.0,0.0,0.0,NeuralNetwork_D_undersampled
describing,text__describing,"""describing""",word,0.0,0.0,0.0,NeuralNetwork_D_undersampled
description,text__description,"""description""",word,0.0,0.0,0.0,NeuralNetwork_D_undersampled
deserve,text__deserve,"""deserve""",word,0.0,0.0,0.0,NeuralNetwork_D_undersampled
deserves,text__deserves,"""deserves""",word,0.0,0.0,0.0,NeuralNetwork_D_undersampled
desire,text__desire,"""desire""",word,0.0,0.0,0.0,NeuralNetwork_D_undersampled
despair,text__despair,"""despair""",word,0.0,0.0,0.0,NeuralNetwork_D_undersampled
despite,text__despite,"""despite""",word,0.0,0.0,0.0,NeuralNetwork_D_undersampled
disturbing,text__disturbing,"""disturbing""",word,0.0,0.0,0.0,NeuralNetwork_D_undersampled
daughter,text__daughter,"""daughter""",word,0.0,0.0,0.0,NeuralNetwork_D_undersampled
david,text__david,"""david""",word,0.0,0.0,0.0,NeuralNetwork_D_undersampled
dawn,text__dawn,"""dawn""",word,0.0,0.0,0.0,NeuralNetwork_D_undersampled
de,text__de,"""de""",word,0.0,0.0,0.0,NeuralNetwork_D_undersampled
dead,text__dead,"""dead""",word,0.0,0.0,0.0,NeuralNetwork_D_undersampled
deal,text__deal,"""deal""",word,0.0,0.0,0.0,NeuralNetwork_D_undersampled
dealing,text__dealing,"""dealing""",word,0.0,0.0,0.0,NeuralNetwork_D_undersampled
dear,text__dear,"""dear""",word,0.0,0.0,0.0,NeuralNetwork_D_undersampled
death,text__death,"""death""",word,0.0,0.0,0.0,NeuralNetwork_D_undersampled
debut,text__debut,"""debut""",word,0.0,0.0,0.0,NeuralNetwork_D_undersampled
decide,text__decide,"""decide""",word,0.0,0.0,0.0,NeuralNetwork_D_undersampled
decided,text__decided,"""decided""",word,0.0,0.0,0.0,NeuralNetwork_D_undersampled
decision,text__decision,"""decision""",word,0.0,0.0,0.0,NeuralNetwork_D_undersampled
detail,text__detail,"""detail""",word,0.0,0.0,0.0,NeuralNetwork_D_undersampled
divided,text__divided,"""divided""",word,0.0,0.0,0.0,NeuralNetwork_D_undersampled
divine,text__divine,"""divine""",word,0.0,0.0,0.0,NeuralNetwork_D_undersampled
divorce,text__divorce,"""divorce""",word,0.0,0.0,0.0,NeuralNetwork_D_undersampled
dog,text__dog,"""dog""",word,0.0,0.0,0.0,NeuralNetwork_D_undersampled
door,text__door,"""door""",word,0.0,0.0,0.0,NeuralNetwork_D_undersampled
doubt,text__doubt,"""doubt""",word,0.0,0.0,0.0,NeuralNetwork_D_undersampled
dragon,text__dragon,"""dragon""",word,0.0,0.0,0.0,NeuralNetwork_D_undersampled
drama,text__drama,"""drama""",word,0.0,0.0,0.0,NeuralNetwork_D_undersampled
draw,text__draw,"""draw""",word,0.0,0.0,0.0,NeuralNetwork_D_undersampled
drawing,text__drawing,"""drawing""",word,0.0,0.0,0.0,NeuralNetwork_D_undersampled
devil,text__devil,"""devil""",word,0.0,0.0,0.0,NeuralNetwork_D_undersampled
dialogue,text__dialogue,"""dialogue""",word,0.0,0.0,0.0,NeuralNetwork_D_undersampled
diary,text__diary,"""diary""",word,0.0,0.0,0.0,NeuralNetwork_D_undersampled
delight,text__delight,"""delight""",word,0.0,0.0,0.0,NeuralNetwork_D_undersampled
die,text__die,"""die""",word,0.0,0.0,0.0,NeuralNetwork_D_undersampled
died,text__died,"""died""",word,0.0,0.0,0.0,NeuralNetwork_D_undersampled
difference,text__difference,"""difference""",word,0.0,0.0,0.0,NeuralNetwork_D_undersampled
different,text__different,"""different""",word,0.0,0.0,0.0,NeuralNetwork_D_undersampled
difficulty,text__difficulty,"""difficulty""",word,0.0,0.0,0.0,NeuralNetwork_D_undersampled
direct,text__direct,"""direct""",word,0.0,0.0,0.0,NeuralNetwork_D_undersampled
directly,text__directly,"""directly""",word,0.0,0.0,0.0,NeuralNetwork_D_undersampled
dirty,text__dirty,"""dirty""",word,0.0,0.0,0.0,NeuralNetwork_D_undersampled
disappointed,text__disappointed,"""disappointed""",word,0.0,0.0,0.0,NeuralNetwork_D_undersampled
discover,text__discover,"""discover""",word,0.0,0.0,0.0,NeuralNetwork_D_undersampled
discovered,text__discovered,"""discovered""",word,0.0,0.0,0.0,NeuralNetwork_D_undersampled
discus,text__discus,"""discus""",word,0.0,0.0,0.0,NeuralNetwork_D_undersampled
degree,text__degree,"""degree""",word,0.0,0.0,0.0,NeuralNetwork_D_undersampled
dickinson,text__dickinson,"""dickinson""",word,0.0,0.0,0.0,NeuralNetwork_D_undersampled
familiar,text__familiar,"""familiar""",word,0.0,0.0,0.0,NeuralNetwork_D_undersampled
family,text__family,"""family""",word,0.0,0.0,0.0,NeuralNetwork_D_undersampled
famous,text__famous,"""famous""",word,0.0,0.0,0.0,NeuralNetwork_D_undersampled
fan,text__fan,"""fan""",word,0.0,0.0,0.0,NeuralNetwork_D_undersampled
fantastic,text__fantastic,"""fantastic""",word,0.0,0.0,0.0,NeuralNetwork_D_undersampled
fantasy,text__fantasy,"""fantasy""",word,0.0,0.0,0.0,NeuralNetwork_D_undersampled
far,text__far,"""far""",word,0.0,0.0,0.0,NeuralNetwork_D_undersampled
fascinating,text__fascinating,"""fascinating""",word,0.0,0.0,0.0,NeuralNetwork_D_undersampled
fast,text__fast,"""fast""",word,0.0,0.0,0.0,NeuralNetwork_D_undersampled
fate,text__fate,"""fate""",word,0.0,0.0,0.0,NeuralNetwork_D_undersampled
father,text__father,"""father""",word,0.0,0.0,0.0,NeuralNetwork_D_undersampled
explored,text__explored,"""explored""",word,0.0,0.0,0.0,NeuralNetwork_D_undersampled
explores,text__explores,"""explores""",word,0.0,0.0,0.0,NeuralNetwork_D_undersampled
england,text__england,"""england""",word,0.0,0.0,0.0,NeuralNetwork_D_undersampled
expressed,text__expressed,"""expressed""",word,0.0,0.0,0.0,NeuralNetwork_D_undersampled
exquisite,text__exquisite,"""exquisite""",word,0.0,0.0,0.0,NeuralNetwork_D_undersampled
extra,text__extra,"""extra""",word,0.0,0.0,0.0,NeuralNetwork_D_undersampled
extremely,text__extremely,"""extremely""",word,0.0,0.0,0.0,NeuralNetwork_D_undersampled
eye,text__eye,"""eye""",word,0.0,0.0,0.0,NeuralNetwork_D_undersampled
fact,text__fact,"""fact""",word,0.0,0.0,0.0,NeuralNetwork_D_undersampled
fagles,text__fagles,"""fagles""",word,0.0,0.0,0.0,NeuralNetwork_D_undersampled
fail,text__fail,"""fail""",word,0.0,0.0,0.0,NeuralNetwork_D_undersampled
failed,text__failed,"""failed""",word,0.0,0.0,0.0,NeuralNetwork_D_undersampled
fair,text__fair,"""fair""",word,0.0,0.0,0.0,NeuralNetwork_D_undersampled
fairly,text__fairly,"""fairly""",word,0.0,0.0,0.0,NeuralNetwork_D_undersampled
fairy,text__fairy,"""fairy""",word,0.0,0.0,0.0,NeuralNetwork_D_undersampled
example,text__example,"""example""",word,0.0,0.0,0.0,NeuralNetwork_D_undersampled
express,text__express,"""express""",word,0.0,0.0,0.0,NeuralNetwork_D_undersampled
film,text__film,"""film""",word,0.0,0.0,0.0,NeuralNetwork_D_undersampled
finally,text__finally,"""finally""",word,0.0,0.0,0.0,NeuralNetwork_D_undersampled
finding,text__finding,"""finding""",word,0.0,0.0,0.0,NeuralNetwork_D_undersampled
fine,text__fine,"""fine""",word,0.0,0.0,0.0,NeuralNetwork_D_undersampled
beauty,text__beauty,"""beauty""",word,0.0,0.0,0.0,NeuralNetwork_D_undersampled
became,text__became,"""became""",word,0.0,0.0,0.0,NeuralNetwork_D_undersampled
become,text__become,"""become""",word,0.0,0.0,0.0,NeuralNetwork_D_undersampled
becomes,text__becomes,"""becomes""",word,0.0,0.0,0.0,NeuralNetwork_D_undersampled
fault,text__fault,"""fault""",word,0.0,0.0,0.0,NeuralNetwork_D_undersampled
favourite,text__favourite,"""favourite""",word,0.0,0.0,0.0,NeuralNetwork_D_undersampled
fear,text__fear,"""fear""",word,0.0,0.0,0.0,NeuralNetwork_D_undersampled
feather,text__feather,"""feather""",word,0.0,0.0,0.0,NeuralNetwork_D_undersampled
feature,text__feature,"""feature""",word,0.0,0.0,0.0,NeuralNetwork_D_undersampled
false,text__false,"""false""",word,0.0,0.0,0.0,NeuralNetwork_D_undersampled
feeling,text__feeling,"""feeling""",word,0.0,0.0,0.0,NeuralNetwork_D_undersampled
fell,text__fell,"""fell""",word,0.0,0.0,0.0,NeuralNetwork_D_undersampled
fellow,text__fellow,"""fellow""",word,0.0,0.0,0.0,NeuralNetwork_D_undersampled
female,text__female,"""female""",word,0.0,0.0,0.0,NeuralNetwork_D_undersampled
femininity,text__femininity,"""femininity""",word,0.0,0.0,0.0,NeuralNetwork_D_undersampled
feminism,text__feminism,"""feminism""",word,0.0,0.0,0.0,NeuralNetwork_D_undersampled
feminist,text__feminist,"""feminist""",word,0.0,0.0,0.0,NeuralNetwork_D_undersampled
ferlinghetti,text__ferlinghetti,"""ferlinghetti""",word,0.0,0.0,0.0,NeuralNetwork_D_undersampled
fiction,text__fiction,"""fiction""",word,0.0,0.0,0.0,NeuralNetwork_D_undersampled
fairytale,text__fairytale,"""fairytale""",word,0.0,0.0,0.0,NeuralNetwork_D_undersampled
faith,text__faith,"""faith""",word,0.0,0.0,0.0,NeuralNetwork_D_undersampled
fallen,text__fallen,"""fallen""",word,0.0,0.0,0.0,NeuralNetwork_D_undersampled
falling,text__falling,"""falling""",word,0.0,0.0,0.0,NeuralNetwork_D_undersampled
feed,text__feed,"""feed""",word,0.0,0.0,0.0,NeuralNetwork_D_undersampled
enjoyable,text__enjoyable,"""enjoyable""",word,0.0,0.0,0.0,NeuralNetwork_D_undersampled
enjoying,text__enjoying,"""enjoying""",word,0.0,0.0,0.0,NeuralNetwork_D_undersampled
enjoyment,text__enjoyment,"""enjoyment""",word,0.0,0.0,0.0,NeuralNetwork_D_undersampled
enter,text__enter,"""enter""",word,0.0,0.0,0.0,NeuralNetwork_D_undersampled
entertaining,text__entertaining,"""entertaining""",word,0.0,0.0,0.0,NeuralNetwork_D_undersampled
entirely,text__entirely,"""entirely""",word,0.0,0.0,0.0,NeuralNetwork_D_undersampled
entry,text__entry,"""entry""",word,0.0,0.0,0.0,NeuralNetwork_D_undersampled
epic,text__epic,"""epic""",word,0.0,0.0,0.0,NeuralNetwork_D_undersampled
equal,text__equal,"""equal""",word,0.0,0.0,0.0,NeuralNetwork_D_undersampled
equally,text__equally,"""equally""",word,0.0,0.0,0.0,NeuralNetwork_D_undersampled
era,text__era,"""era""",word,0.0,0.0,0.0,NeuralNetwork_D_undersampled
erotic,text__erotic,"""erotic""",word,0.0,0.0,0.0,NeuralNetwork_D_undersampled
especially,text__especially,"""especially""",word,0.0,0.0,0.0,NeuralNetwork_D_undersampled
exception,text__exception,"""exception""",word,0.0,0.0,0.0,NeuralNetwork_D_undersampled
essence,text__essence,"""essence""",word,0.0,0.0,0.0,NeuralNetwork_D_undersampled
emily,text__emily,"""emily""",word,0.0,0.0,0.0,NeuralNetwork_D_undersampled
emotion,text__emotion,"""emotion""",word,0.0,0.0,0.0,NeuralNetwork_D_undersampled
emotional,text__emotional,"""emotional""",word,0.0,0.0,0.0,NeuralNetwork_D_undersampled
emotionally,text__emotionally,"""emotionally""",word,0.0,0.0,0.0,NeuralNetwork_D_undersampled
empowering,text__empowering,"""empowering""",word,0.0,0.0,0.0,NeuralNetwork_D_undersampled
encounter,text__encounter,"""encounter""",word,0.0,0.0,0.0,NeuralNetwork_D_undersampled
end,text__end,"""end""",word,0.0,0.0,0.0,NeuralNetwork_D_undersampled
ending,text__ending,"""ending""",word,0.0,0.0,0.0,NeuralNetwork_D_undersampled
endless,text__endless,"""endless""",word,0.0,0.0,0.0,NeuralNetwork_D_undersampled
enemy,text__enemy,"""enemy""",word,0.0,0.0,0.0,NeuralNetwork_D_undersampled
energy,text__energy,"""energy""",word,0.0,0.0,0.0,NeuralNetwork_D_undersampled
engaging,text__engaging,"""engaging""",word,0.0,0.0,0.0,NeuralNetwork_D_undersampled
essay,text__essay,"""essay""",word,0.0,0.0,0.0,NeuralNetwork_D_undersampled
exchange,text__exchange,"""exchange""",word,0.0,0.0,0.0,NeuralNetwork_D_undersampled
excited,text__excited,"""excited""",word,0.0,0.0,0.0,NeuralNetwork_D_undersampled
exciting,text__exciting,"""exciting""",word,0.0,0.0,0.0,NeuralNetwork_D_undersampled
excuse,text__excuse,"""excuse""",word,0.0,0.0,0.0,NeuralNetwork_D_undersampled
exist,text__exist,"""exist""",word,0.0,0.0,0.0,NeuralNetwork_D_undersampled
existence,text__existence,"""existence""",word,0.0,0.0,0.0,NeuralNetwork_D_undersampled
expect,text__expect,"""expect""",word,0.0,0.0,0.0,NeuralNetwork_D_undersampled
expectation,text__expectation,"""expectation""",word,0.0,0.0,0.0,NeuralNetwork_D_undersampled
expected,text__expected,"""expected""",word,0.0,0.0,0.0,NeuralNetwork_D_undersampled
expecting,text__expecting,"""expecting""",word,0.0,0.0,0.0,NeuralNetwork_D_undersampled
experience,text__experience,"""experience""",word,0.0,0.0,0.0,NeuralNetwork_D_undersampled
experienced,text__experienced,"""experienced""",word,0.0,0.0,0.0,NeuralNetwork_D_undersampled
explain,text__explain,"""explain""",word,0.0,0.0,0.0,NeuralNetwork_D_undersampled
exactly,text__exactly,"""exactly""",word,0.0,0.0,0.0,NeuralNetwork_D_undersampled
essentially,text__essentially,"""essentially""",word,0.0,0.0,0.0,NeuralNetwork_D_undersampled
eternal,text__eternal,"""eternal""",word,0.0,0.0,0.0,NeuralNetwork_D_undersampled
evening,text__evening,"""evening""",word,0.0,0.0,0.0,NeuralNetwork_D_undersampled
event,text__event,"""event""",word,0.0,0.0,0.0,NeuralNetwork_D_undersampled
eventually,text__eventually,"""eventually""",word,0.0,0.0,0.0,NeuralNetwork_D_undersampled
ever,text__ever,"""ever""",word,0.0,0.0,0.0,NeuralNetwork_D_undersampled
every,text__every,"""every""",word,0.0,0.0,0.0,NeuralNetwork_D_undersampled
everybody,text__everybody,"""everybody""",word,0.0,0.0,0.0,NeuralNetwork_D_undersampled
everything,text__everything,"""everything""",word,0.0,0.0,0.0,NeuralNetwork_D_undersampled
everywhere,text__everywhere,"""everywhere""",word,0.0,0.0,0.0,NeuralNetwork_D_undersampled
evil,text__evil,"""evil""",word,0.0,0.0,0.0,NeuralNetwork_D_undersampled
evocative,text__evocative,"""evocative""",word,0.0,0.0,0.0,NeuralNetwork_D_undersampled
exact,text__exact,"""exact""",word,0.0,0.0,0.0,NeuralNetwork_D_undersampled
explore,text__explore,"""explore""",word,0.0,0.0,0.0,NeuralNetwork_D_undersampled
carefully,text__carefully,"""carefully""",word,0.0,0.0,0.0,NeuralNetwork_D_undersampled
carolina,text__carolina,"""carolina""",word,0.0,0.0,0.0,NeuralNetwork_D_undersampled
carried,text__carried,"""carried""",word,0.0,0.0,0.0,NeuralNetwork_D_undersampled
carry,text__carry,"""carry""",word,0.0,0.0,0.0,NeuralNetwork_D_undersampled
case,text__case,"""case""",word,0.0,0.0,0.0,NeuralNetwork_D_undersampled
cast,text__cast,"""cast""",word,0.0,0.0,0.0,NeuralNetwork_D_undersampled
cat,text__cat,"""cat""",word,0.0,0.0,0.0,NeuralNetwork_D_undersampled
catch,text__catch,"""catch""",word,0.0,0.0,0.0,NeuralNetwork_D_undersampled
caught,text__caught,"""caught""",word,0.0,0.0,0.0,NeuralNetwork_D_undersampled
cause,text__cause,"""cause""",word,0.0,0.0,0.0,NeuralNetwork_D_undersampled
center,text__center,"""center""",word,0.0,0.0,0.0,NeuralNetwork_D_undersampled
century,text__century,"""century""",word,0.0,0.0,0.0,NeuralNetwork_D_undersampled
certain,text__certain,"""certain""",word,0.0,0.0,0.0,NeuralNetwork_D_undersampled
deeper,text__deeper,"""deeper""",word,0.0,0.0,0.0,NeuralNetwork_D_undersampled
chance,text__chance,"""chance""",word,0.0,0.0,0.0,NeuralNetwork_D_undersampled
change,text__change,"""change""",word,0.0,0.0,0.0,NeuralNetwork_D_undersampled
bunch,text__bunch,"""bunch""",word,0.0,0.0,0.0,NeuralNetwork_D_undersampled
burn,text__burn,"""burn""",word,0.0,0.0,0.0,NeuralNetwork_D_undersampled
burning,text__burning,"""burning""",word,0.0,0.0,0.0,NeuralNetwork_D_undersampled
buy,text__buy,"""buy""",word,0.0,0.0,0.0,NeuralNetwork_D_undersampled
buying,text__buying,"""buying""",word,0.0,0.0,0.0,NeuralNetwork_D_undersampled
call,text__call,"""call""",word,0.0,0.0,0.0,NeuralNetwork_D_undersampled
called,text__called,"""called""",word,0.0,0.0,0.0,NeuralNetwork_D_undersampled
calling,text__calling,"""calling""",word,0.0,0.0,0.0,NeuralNetwork_D_undersampled
cancer,text__cancer,"""cancer""",word,0.0,0.0,0.0,NeuralNetwork_D_undersampled
canto,text__canto,"""canto""",word,0.0,0.0,0.0,NeuralNetwork_D_undersampled
capable,text__capable,"""capable""",word,0.0,0.0,0.0,NeuralNetwork_D_undersampled
challenge,text__challenge,"""challenge""",word,0.0,0.0,0.0,NeuralNetwork_D_undersampled
civil,text__civil,"""civil""",word,0.0,0.0,0.0,NeuralNetwork_D_undersampled
claim,text__claim,"""claim""",word,0.0,0.0,0.0,NeuralNetwork_D_undersampled
class,text__class,"""class""",word,0.0,0.0,0.0,NeuralNetwork_D_undersampled
classic,text__classic,"""classic""",word,0.0,0.0,0.0,NeuralNetwork_D_undersampled
classical,text__classical,"""classical""",word,0.0,0.0,0.0,NeuralNetwork_D_undersampled
claudia,text__claudia,"""claudia""",word,0.0,0.0,0.0,NeuralNetwork_D_undersampled
clear,text__clear,"""clear""",word,0.0,0.0,0.0,NeuralNetwork_D_undersampled
clearly,text__clearly,"""clearly""",word,0.0,0.0,0.0,NeuralNetwork_D_undersampled
clever,text__clever,"""clever""",word,0.0,0.0,0.0,NeuralNetwork_D_undersampled
cliche,text__cliche,"""cliche""",word,0.0,0.0,0.0,NeuralNetwork_D_undersampled
close,text__close,"""close""",word,0.0,0.0,0.0,NeuralNetwork_D_undersampled
closer,text__closer,"""closer""",word,0.0,0.0,0.0,NeuralNetwork_D_undersampled
clothes,text__clothes,"""clothes""",word,0.0,0.0,0.0,NeuralNetwork_D_undersampled
circle,text__circle,"""circle""",word,0.0,0.0,0.0,NeuralNetwork_D_undersampled
changed,text__changed,"""changed""",word,0.0,0.0,0.0,NeuralNetwork_D_undersampled
changing,text__changing,"""changing""",word,0.0,0.0,0.0,NeuralNetwork_D_undersampled
chaos,text__chaos,"""chaos""",word,0.0,0.0,0.0,NeuralNetwork_D_undersampled
character,text__character,"""character""",word,0.0,0.0,0.0,NeuralNetwork_D_undersampled
charles,text__charles,"""charles""",word,0.0,0.0,0.0,NeuralNetwork_D_undersampled
charming,text__charming,"""charming""",word,0.0,0.0,0.0,NeuralNetwork_D_undersampled
check,text__check,"""check""",word,0.0,0.0,0.0,NeuralNetwork_D_undersampled
child,text__child,"""child""",word,0.0,0.0,0.0,NeuralNetwork_D_undersampled
childhood,text__childhood,"""childhood""",word,0.0,0.0,0.0,NeuralNetwork_D_undersampled
choose,text__choose,"""choose""",word,0.0,0.0,0.0,NeuralNetwork_D_undersampled
chose,text__chose,"""chose""",word,0.0,0.0,0.0,NeuralNetwork_D_undersampled
chosen,text__chosen,"""chosen""",word,0.0,0.0,0.0,NeuralNetwork_D_undersampled
christian,text__christian,"""christian""",word,0.0,0.0,0.0,NeuralNetwork_D_undersampled
cloud,text__cloud,"""cloud""",word,0.0,0.0,0.0,NeuralNetwork_D_undersampled
brain,text__brain,"""brain""",word,0.0,0.0,0.0,NeuralNetwork_D_undersampled
branch,text__branch,"""branch""",word,0.0,0.0,0.0,NeuralNetwork_D_undersampled
brave,text__brave,"""brave""",word,0.0,0.0,0.0,NeuralNetwork_D_undersampled
breaking,text__breaking,"""breaking""",word,0.0,0.0,0.0,NeuralNetwork_D_undersampled
breath,text__breath,"""breath""",word,0.0,0.0,0.0,NeuralNetwork_D_undersampled
breathe,text__breathe,"""breathe""",word,0.0,0.0,0.0,NeuralNetwork_D_undersampled
breathtaking,text__breathtaking,"""breathtaking""",word,0.0,0.0,0.0,NeuralNetwork_D_undersampled
bridge,text__bridge,"""bridge""",word,0.0,0.0,0.0,NeuralNetwork_D_undersampled
actual,text__actual,"""actual""",word,0.0,0.0,0.0,NeuralNetwork_D_undersampled
actually,text__actually,"""actually""",word,0.0,0.0,0.0,NeuralNetwork_D_undersampled
add,text__add,"""add""",word,0.0,0.0,0.0,NeuralNetwork_D_undersampled
added,text__added,"""added""",word,0.0,0.0,0.0,NeuralNetwork_D_undersampled
addition,text__addition,"""addition""",word,0.0,0.0,0.0,NeuralNetwork_D_undersampled
capture,text__capture,"""capture""",word,0.0,0.0,0.0,NeuralNetwork_D_undersampled
admire,text__admire,"""admire""",word,0.0,0.0,0.0,NeuralNetwork_D_undersampled
admit,text__admit,"""admit""",word,0.0,0.0,0.0,NeuralNetwork_D_undersampled
adore,text__adore,"""adore""",word,0.0,0.0,0.0,NeuralNetwork_D_undersampled
adored,text__adored,"""adored""",word,0.0,0.0,0.0,NeuralNetwork_D_undersampled
adult,text__adult,"""adult""",word,0.0,0.0,0.0,NeuralNetwork_D_undersampled
wondering,text__wondering,"""wondering""",word,0.0,0.0,0.0,NeuralNetwork_D_undersampled
wood,text__wood,"""wood""",word,0.0,0.0,0.0,NeuralNetwork_D_undersampled
ability,text__ability,"""ability""",word,0.0,0.0,0.0,NeuralNetwork_D_undersampled
work,text__work,"""work""",word,0.0,0.0,0.0,NeuralNetwork_D_undersampled
year,text__year,"""year""",word,0.0,0.0,0.0,NeuralNetwork_D_undersampled
action,text__action,"""action""",word,0.0,0.0,0.0,NeuralNetwork_D_undersampled
absolute,text__absolute,"""absolute""",word,0.0,0.0,0.0,NeuralNetwork_D_undersampled
absence,text__absence,"""absence""",word,0.0,0.0,0.0,NeuralNetwork_D_undersampled
address,text__address,"""address""",word,0.0,0.0,0.0,NeuralNetwork_D_undersampled
captured,text__captured,"""captured""",word,0.0,0.0,0.0,NeuralNetwork_D_undersampled
car,text__car,"""car""",word,0.0,0.0,0.0,NeuralNetwork_D_undersampled
card,text__card,"""card""",word,0.0,0.0,0.0,NeuralNetwork_D_undersampled
care,text__care,"""care""",word,0.0,0.0,0.0,NeuralNetwork_D_undersampled
brief,text__brief,"""brief""",word,0.0,0.0,0.0,NeuralNetwork_D_undersampled
bright,text__bright,"""bright""",word,0.0,0.0,0.0,NeuralNetwork_D_undersampled
brilliance,text__brilliance,"""brilliance""",word,0.0,0.0,0.0,NeuralNetwork_D_undersampled
brilliant,text__brilliant,"""brilliant""",word,0.0,0.0,0.0,NeuralNetwork_D_undersampled
bring,text__bring,"""bring""",word,0.0,0.0,0.0,NeuralNetwork_D_undersampled
brings,text__brings,"""brings""",word,0.0,0.0,0.0,NeuralNetwork_D_undersampled
broke,text__broke,"""broke""",word,0.0,0.0,0.0,NeuralNetwork_D_undersampled
broken,text__broken,"""broken""",word,0.0,0.0,0.0,NeuralNetwork_D_undersampled
brooklyn,text__brooklyn,"""brooklyn""",word,0.0,0.0,0.0,NeuralNetwork_D_undersampled
boy,text__boy,"""boy""",word,0.0,0.0,0.0,NeuralNetwork_D_undersampled
brought,text__brought,"""brought""",word,0.0,0.0,0.0,NeuralNetwork_D_undersampled
brown,text__brown,"""brown""",word,0.0,0.0,0.0,NeuralNetwork_D_undersampled
brutal,text__brutal,"""brutal""",word,0.0,0.0,0.0,NeuralNetwork_D_undersampled
build,text__build,"""build""",word,0.0,0.0,0.0,NeuralNetwork_D_undersampled
building,text__building,"""building""",word,0.0,0.0,0.0,NeuralNetwork_D_undersampled
bukowski,text__bukowski,"""bukowski""",word,0.0,0.0,0.0,NeuralNetwork_D_undersampled
yellow,text__yellow,"""yellow""",word,0.0,0.0,0.0,NeuralNetwork_D_undersampled
yes,text__yes,"""yes""",word,0.0,0.0,0.0,NeuralNetwork_D_undersampled
yesterday,text__yesterday,"""yesterday""",word,0.0,0.0,0.0,NeuralNetwork_D_undersampled
yet,text__yet,"""yet""",word,0.0,0.0,0.0,NeuralNetwork_D_undersampled
york,text__york,"""york""",word,0.0,0.0,0.0,NeuralNetwork_D_undersampled
bother,text__bother,"""bother""",word,0.0,0.0,0.0,NeuralNetwork_D_undersampled
bought,text__bought,"""bought""",word,0.0,0.0,0.0,NeuralNetwork_D_undersampled
brother,text__brother,"""brother""",word,0.0,0.0,0.0,NeuralNetwork_D_undersampled
crow,text__crow,"""crow""",word,0.0,0.0,0.0,NeuralNetwork_D_undersampled
cruel,text__cruel,"""cruel""",word,0.0,0.0,0.0,NeuralNetwork_D_undersampled
crush,text__crush,"""crush""",word,0.0,0.0,0.0,NeuralNetwork_D_undersampled
cultural,text__cultural,"""cultural""",word,0.0,0.0,0.0,NeuralNetwork_D_undersampled
cool,text__cool,"""cool""",word,0.0,0.0,0.0,NeuralNetwork_D_undersampled
copy,text__copy,"""copy""",word,0.0,0.0,0.0,NeuralNetwork_D_undersampled
core,text__core,"""core""",word,0.0,0.0,0.0,NeuralNetwork_D_undersampled
corner,text__corner,"""corner""",word,0.0,0.0,0.0,NeuralNetwork_D_undersampled
count,text__count,"""count""",word,0.0,0.0,0.0,NeuralNetwork_D_undersampled
couple,text__couple,"""couple""",word,0.0,0.0,0.0,NeuralNetwork_D_undersampled
courage,text__courage,"""courage""",word,0.0,0.0,0.0,NeuralNetwork_D_undersampled
court,text__court,"""court""",word,0.0,0.0,0.0,NeuralNetwork_D_undersampled
cover,text__cover,"""cover""",word,0.0,0.0,0.0,NeuralNetwork_D_undersampled
city,text__city,"""city""",word,0.0,0.0,0.0,NeuralNetwork_D_undersampled
craft,text__craft,"""craft""",word,0.0,0.0,0.0,NeuralNetwork_D_undersampled
crazy,text__crazy,"""crazy""",word,0.0,0.0,0.0,NeuralNetwork_D_undersampled
create,text__create,"""create""",word,0.0,0.0,0.0,NeuralNetwork_D_undersampled
created,text__created,"""created""",word,0.0,0.0,0.0,NeuralNetwork_D_undersampled
creates,text__creates,"""creates""",word,0.0,0.0,0.0,NeuralNetwork_D_undersampled
blog,text__blog,"""blog""",word,0.0,0.0,0.0,NeuralNetwork_D_undersampled
bloom,text__bloom,"""bloom""",word,0.0,0.0,0.0,NeuralNetwork_D_undersampled
blow,text__blow,"""blow""",word,0.0,0.0,0.0,NeuralNetwork_D_undersampled
blown,text__blown,"""blown""",word,0.0,0.0,0.0,NeuralNetwork_D_undersampled
blue,text__blue,"""blue""",word,0.0,0.0,0.0,NeuralNetwork_D_undersampled
body,text__body,"""body""",word,0.0,0.0,0.0,NeuralNetwork_D_undersampled
bone,text__bone,"""bone""",word,0.0,0.0,0.0,NeuralNetwork_D_undersampled
book,text__book,"""book""",word,0.0,0.0,0.0,NeuralNetwork_D_undersampled
covered,text__covered,"""covered""",word,0.0,0.0,0.0,NeuralNetwork_D_undersampled
deeply,text__deeply,"""deeply""",word,0.0,0.0,0.0,NeuralNetwork_D_undersampled
culture,text__culture,"""culture""",word,0.0,0.0,0.0,NeuralNetwork_D_undersampled
cummings,text__cummings,"""cummings""",word,0.0,0.0,0.0,NeuralNetwork_D_undersampled
cup,text__cup,"""cup""",word,0.0,0.0,0.0,NeuralNetwork_D_undersampled
curious,text__curious,"""curious""",word,0.0,0.0,0.0,NeuralNetwork_D_undersampled
current,text__current,"""current""",word,0.0,0.0,0.0,NeuralNetwork_D_undersampled
currently,text__currently,"""currently""",word,0.0,0.0,0.0,NeuralNetwork_D_undersampled
cut,text__cut,"""cut""",word,0.0,0.0,0.0,NeuralNetwork_D_undersampled
cute,text__cute,"""cute""",word,0.0,0.0,0.0,NeuralNetwork_D_undersampled
dad,text__dad,"""dad""",word,0.0,0.0,0.0,NeuralNetwork_D_undersampled
daily,text__daily,"""daily""",word,0.0,0.0,0.0,NeuralNetwork_D_undersampled
damn,text__damn,"""damn""",word,0.0,0.0,0.0,NeuralNetwork_D_undersampled
dance,text__dance,"""dance""",word,0.0,0.0,0.0,NeuralNetwork_D_undersampled
crossover,text__crossover,"""crossover""",word,0.0,0.0,0.0,NeuralNetwork_D_undersampled
dark,text__dark,"""dark""",word,0.0,0.0,0.0,NeuralNetwork_D_undersampled
darkness,text__darkness,"""darkness""",word,0.0,0.0,0.0,NeuralNetwork_D_undersampled
date,text__date,"""date""",word,0.0,0.0,0.0,NeuralNetwork_D_undersampled
creating,text__creating,"""creating""",word,0.0,0.0,0.0,NeuralNetwork_D_undersampled
creation,text__creation,"""creation""",word,0.0,0.0,0.0,NeuralNetwork_D_undersampled
creative,text__creative,"""creative""",word,0.0,0.0,0.0,NeuralNetwork_D_undersampled
creature,text__creature,"""creature""",word,0.0,0.0,0.0,NeuralNetwork_D_undersampled
cried,text__cried,"""cried""",word,0.0,0.0,0.0,NeuralNetwork_D_undersampled
crime,text__crime,"""crime""",word,0.0,0.0,0.0,NeuralNetwork_D_undersampled
critic,text__critic,"""critic""",word,0.0,0.0,0.0,NeuralNetwork_D_undersampled
critical,text__critical,"""critical""",word,0.0,0.0,0.0,NeuralNetwork_D_undersampled
criticism,text__criticism,"""criticism""",word,0.0,0.0,0.0,NeuralNetwork_D_undersampled
cross,text__cross,"""cross""",word,0.0,0.0,0.0,NeuralNetwork_D_undersampled
dante,text__dante,"""dante""",word,0.0,0.0,0.0,NeuralNetwork_D_undersampled
complete,text__complete,"""complete""",word,0.0,0.0,0.0,NeuralNetwork_D_undersampled
completely,text__completely,"""completely""",word,0.0,0.0,0.0,NeuralNetwork_D_undersampled
complexity,text__complexity,"""complexity""",word,0.0,0.0,0.0,NeuralNetwork_D_undersampled
concept,text__concept,"""concept""",word,0.0,0.0,0.0,NeuralNetwork_D_undersampled
concern,text__concern,"""concern""",word,0.0,0.0,0.0,NeuralNetwork_D_undersampled
conclusion,text__conclusion,"""conclusion""",word,0.0,0.0,0.0,NeuralNetwork_D_undersampled
condition,text__condition,"""condition""",word,0.0,0.0,0.0,NeuralNetwork_D_undersampled
conflict,text__conflict,"""conflict""",word,0.0,0.0,0.0,NeuralNetwork_D_undersampled
confused,text__confused,"""confused""",word,0.0,0.0,0.0,NeuralNetwork_D_undersampled
confusing,text__confusing,"""confusing""",word,0.0,0.0,0.0,NeuralNetwork_D_undersampled
coffee,text__coffee,"""coffee""",word,0.0,0.0,0.0,NeuralNetwork_D_undersampled
cold,text__cold,"""cold""",word,0.0,0.0,0.0,NeuralNetwork_D_undersampled
collection,text__collection,"""collection""",word,0.0,0.0,0.0,NeuralNetwork_D_undersampled
bookstore,text__bookstore,"""bookstore""",word,0.0,0.0,0.0,NeuralNetwork_D_undersampled
collins,text__collins,"""collins""",word,0.0,0.0,0.0,NeuralNetwork_D_undersampled
color,text__color,"""color""",word,0.0,0.0,0.0,NeuralNetwork_D_undersampled
combination,text__combination,"""combination""",word,0.0,0.0,0.0,NeuralNetwork_D_undersampled
come,text__come,"""come""",word,0.0,0.0,0.0,NeuralNetwork_D_undersampled
comedy,text__comedy,"""comedy""",word,0.0,0.0,0.0,NeuralNetwork_D_undersampled
comfort,text__comfort,"""comfort""",word,0.0,0.0,0.0,NeuralNetwork_D_undersampled
comfortable,text__comfortable,"""comfortable""",word,0.0,0.0,0.0,NeuralNetwork_D_undersampled
coming,text__coming,"""coming""",word,0.0,0.0,0.0,NeuralNetwork_D_undersampled
commentary,text__commentary,"""commentary""",word,0.0,0.0,0.0,NeuralNetwork_D_undersampled
common,text__common,"""common""",word,0.0,0.0,0.0,NeuralNetwork_D_undersampled
community,text__community,"""community""",word,0.0,0.0,0.0,NeuralNetwork_D_undersampled
companion,text__companion,"""companion""",word,0.0,0.0,0.0,NeuralNetwork_D_undersampled
citizen,text__citizen,"""citizen""",word,0.0,0.0,0.0,NeuralNetwork_D_undersampled
college,text__college,"""college""",word,0.0,0.0,0.0,NeuralNetwork_D_undersampled
bored,text__bored,"""bored""",word,0.0,0.0,0.0,NeuralNetwork_D_undersampled
boring,text__boring,"""boring""",word,0.0,0.0,0.0,NeuralNetwork_D_undersampled
born,text__born,"""born""",word,0.0,0.0,0.0,NeuralNetwork_D_undersampled
continue,text__continue,"""continue""",word,0.0,0.0,0.0,NeuralNetwork_D_undersampled
control,text__control,"""control""",word,0.0,0.0,0.0,NeuralNetwork_D_undersampled
conversation,text__conversation,"""conversation""",word,0.0,0.0,0.0,NeuralNetwork_D_undersampled
convey,text__convey,"""convey""",word,0.0,0.0,0.0,NeuralNetwork_D_undersampled
connect,text__connect,"""connect""",word,0.0,0.0,0.0,NeuralNetwork_D_undersampled
connected,text__connected,"""connected""",word,0.0,0.0,0.0,NeuralNetwork_D_undersampled
connection,text__connection,"""connection""",word,0.0,0.0,0.0,NeuralNetwork_D_undersampled
consciousness,text__consciousness,"""consciousness""",word,0.0,0.0,0.0,NeuralNetwork_D_undersampled
considered,text__considered,"""considered""",word,0.0,0.0,0.0,NeuralNetwork_D_undersampled
considering,text__considering,"""considering""",word,0.0,0.0,0.0,NeuralNetwork_D_undersampled
compilation,text__compilation,"""compilation""",word,0.0,0.0,0.0,NeuralNetwork_D_undersampled
contain,text__contain,"""contain""",word,0.0,0.0,0.0,NeuralNetwork_D_undersampled
contained,text__contained,"""contained""",word,0.0,0.0,0.0,NeuralNetwork_D_undersampled
contains,text__contains,"""contains""",word,0.0,0.0,0.0,NeuralNetwork_D_undersampled
contemporary,text__contemporary,"""contemporary""",word,0.0,0.0,0.0,NeuralNetwork_D_undersampled
content,text__content,"""content""",word,0.0,0.0,0.0,NeuralNetwork_D_undersampled
context,text__context,"""context""",word,0.0,0.0,0.0,NeuralNetwork_D_undersampled
blade,text__blade,"""blade""",word,0.0,0.0,0.0,NeuralNetwork_D_undersampled
blake,text__blake,"""blake""",word,0.0,0.0,0.0,NeuralNetwork_D_undersampled
blind,text__blind,"""blind""",word,0.0,0.0,0.0,NeuralNetwork_D_undersampled
compare,text__compare,"""compare""",word,0.0,0.0,0.0,NeuralNetwork_D_undersampled
compared,text__compared,"""compared""",word,0.0,0.0,0.0,NeuralNetwork_D_undersampled
comparison,text__comparison,"""comparison""",word,0.0,0.0,0.0,NeuralNetwork_D_undersampled
compelling,text__compelling,"""compelling""",word,0.0,0.0,0.0,NeuralNetwork_D_undersampled
constantly,text__constantly,"""constantly""",word,0.0,0.0,0.0,NeuralNetwork_D_undersampled
kinbote,text__kinbote,"""kinbote""",word,0.0,0.0,0.0,NeuralNetwork_D_undersampled
king,text__king,"""king""",word,0.0,0.0,0.0,NeuralNetwork_D_undersampled
kiss,text__kiss,"""kiss""",word,0.0,0.0,0.0,NeuralNetwork_D_undersampled
knew,text__knew,"""knew""",word,0.0,0.0,0.0,NeuralNetwork_D_undersampled
knight,text__knight,"""knight""",word,0.0,0.0,0.0,NeuralNetwork_D_undersampled
knowing,text__knowing,"""knowing""",word,0.0,0.0,0.0,NeuralNetwork_D_undersampled
knowledge,text__knowledge,"""knowledge""",word,0.0,0.0,0.0,NeuralNetwork_D_undersampled
known,text__known,"""known""",word,0.0,0.0,0.0,NeuralNetwork_D_undersampled
krishna,text__krishna,"""krishna""",word,0.0,0.0,0.0,NeuralNetwork_D_undersampled
kwame,text__kwame,"""kwame""",word,0.0,0.0,0.0,NeuralNetwork_D_undersampled
la,text__la,"""la""",word,0.0,0.0,0.0,NeuralNetwork_D_undersampled
lacking,text__lacking,"""lacking""",word,0.0,0.0,0.0,NeuralNetwork_D_undersampled
audio,text__audio,"""audio""",word,0.0,0.0,0.0,NeuralNetwork_D_undersampled
filled,text__filled,"""filled""",word,0.0,0.0,0.0,NeuralNetwork_D_undersampled
joke,text__joke,"""joke""",word,0.0,0.0,0.0,NeuralNetwork_D_undersampled
josh,text__josh,"""josh""",word,0.0,0.0,0.0,NeuralNetwork_D_undersampled
journal,text__journal,"""journal""",word,0.0,0.0,0.0,NeuralNetwork_D_undersampled
journey,text__journey,"""journey""",word,0.0,0.0,0.0,NeuralNetwork_D_undersampled
judge,text__judge,"""judge""",word,0.0,0.0,0.0,NeuralNetwork_D_undersampled
jump,text__jump,"""jump""",word,0.0,0.0,0.0,NeuralNetwork_D_undersampled
justice,text__justice,"""justice""",word,0.0,0.0,0.0,NeuralNetwork_D_undersampled
kasienka,text__kasienka,"""kasienka""",word,0.0,0.0,0.0,NeuralNetwork_D_undersampled
kaur,text__kaur,"""kaur""",word,0.0,0.0,0.0,NeuralNetwork_D_undersampled
keep,text__keep,"""keep""",word,0.0,0.0,0.0,NeuralNetwork_D_undersampled
keeping,text__keeping,"""keeping""",word,0.0,0.0,0.0,NeuralNetwork_D_undersampled
kept,text__kept,"""kept""",word,0.0,0.0,0.0,NeuralNetwork_D_undersampled
kid,text__kid,"""kid""",word,0.0,0.0,0.0,NeuralNetwork_D_undersampled
john,text__john,"""john""",word,0.0,0.0,0.0,NeuralNetwork_D_undersampled
laugh,text__laugh,"""laugh""",word,0.0,0.0,0.0,NeuralNetwork_D_undersampled
laughed,text__laughed,"""laughed""",word,0.0,0.0,0.0,NeuralNetwork_D_undersampled
laughing,text__laughing,"""laughing""",word,0.0,0.0,0.0,NeuralNetwork_D_undersampled
laughter,text__laughter,"""laughter""",word,0.0,0.0,0.0,NeuralNetwork_D_undersampled
law,text__law,"""law""",word,0.0,0.0,0.0,NeuralNetwork_D_undersampled
lay,text__lay,"""lay""",word,0.0,0.0,0.0,NeuralNetwork_D_undersampled
layer,text__layer,"""layer""",word,0.0,0.0,0.0,NeuralNetwork_D_undersampled
le,text__le,"""le""",word,0.0,0.0,0.0,NeuralNetwork_D_undersampled
lead,text__lead,"""lead""",word,0.0,0.0,0.0,NeuralNetwork_D_undersampled
learn,text__learn,"""learn""",word,0.0,0.0,0.0,NeuralNetwork_D_undersampled
audiobook,text__audiobook,"""audiobook""",word,0.0,0.0,0.0,NeuralNetwork_D_undersampled
available,text__available,"""available""",word,0.0,0.0,0.0,NeuralNetwork_D_undersampled
avoid,text__avoid,"""avoid""",word,0.0,0.0,0.0,NeuralNetwork_D_undersampled
killing,text__killing,"""killing""",word,0.0,0.0,0.0,NeuralNetwork_D_undersampled
aware,text__aware,"""aware""",word,0.0,0.0,0.0,NeuralNetwork_D_undersampled
away,text__away,"""away""",word,0.0,0.0,0.0,NeuralNetwork_D_undersampled
awe,text__awe,"""awe""",word,0.0,0.0,0.0,NeuralNetwork_D_undersampled
awesome,text__awesome,"""awesome""",word,0.0,0.0,0.0,NeuralNetwork_D_undersampled
awful,text__awful,"""awful""",word,0.0,0.0,0.0,NeuralNetwork_D_undersampled
b,text__b,"""b""",word,0.0,0.0,0.0,NeuralNetwork_D_undersampled
back,text__back,"""back""",word,0.0,0.0,0.0,NeuralNetwork_D_undersampled
background,text__background,"""background""",word,0.0,0.0,0.0,NeuralNetwork_D_undersampled
bad,text__bad,"""bad""",word,0.0,0.0,0.0,NeuralNetwork_D_undersampled
lady,text__lady,"""lady""",word,0.0,0.0,0.0,NeuralNetwork_D_undersampled
land,text__land,"""land""",word,0.0,0.0,0.0,NeuralNetwork_D_undersampled
lang,text__lang,"""lang""",word,0.0,0.0,0.0,NeuralNetwork_D_undersampled
killed,text__killed,"""killed""",word,0.0,0.0,0.0,NeuralNetwork_D_undersampled
award,text__award,"""award""",word,0.0,0.0,0.0,NeuralNetwork_D_undersampled
intention,text__intention,"""intention""",word,0.0,0.0,0.0,NeuralNetwork_D_undersampled
interest,text__interest,"""interest""",word,0.0,0.0,0.0,NeuralNetwork_D_undersampled
interested,text__interested,"""interested""",word,0.0,0.0,0.0,NeuralNetwork_D_undersampled
interesting,text__interesting,"""interesting""",word,0.0,0.0,0.0,NeuralNetwork_D_undersampled
impression,text__impression,"""impression""",word,0.0,0.0,0.0,NeuralNetwork_D_undersampled
impressive,text__impressive,"""impressive""",word,0.0,0.0,0.0,NeuralNetwork_D_undersampled
include,text__include,"""include""",word,0.0,0.0,0.0,NeuralNetwork_D_undersampled
included,text__included,"""included""",word,0.0,0.0,0.0,NeuralNetwork_D_undersampled
includes,text__includes,"""includes""",word,0.0,0.0,0.0,NeuralNetwork_D_undersampled
including,text__including,"""including""",word,0.0,0.0,0.0,NeuralNetwork_D_undersampled
incredible,text__incredible,"""incredible""",word,0.0,0.0,0.0,NeuralNetwork_D_undersampled
indeed,text__indeed,"""indeed""",word,0.0,0.0,0.0,NeuralNetwork_D_undersampled
indian,text__indian,"""indian""",word,0.0,0.0,0.0,NeuralNetwork_D_undersampled
kill,text__kill,"""kill""",word,0.0,0.0,0.0,NeuralNetwork_D_undersampled
inferno,text__inferno,"""inferno""",word,0.0,0.0,0.0,NeuralNetwork_D_undersampled
infinite,text__infinite,"""infinite""",word,0.0,0.0,0.0,NeuralNetwork_D_undersampled
influence,text__influence,"""influence""",word,0.0,0.0,0.0,NeuralNetwork_D_undersampled
information,text__information,"""information""",word,0.0,0.0,0.0,NeuralNetwork_D_undersampled
inner,text__inner,"""inner""",word,0.0,0.0,0.0,NeuralNetwork_D_undersampled
innocence,text__innocence,"""innocence""",word,0.0,0.0,0.0,NeuralNetwork_D_undersampled
iii,text__iii,"""iii""",word,0.0,0.0,0.0,NeuralNetwork_D_undersampled
iliad,text__iliad,"""iliad""",word,0.0,0.0,0.0,NeuralNetwork_D_undersampled
illustration,text__illustration,"""illustration""",word,0.0,0.0,0.0,NeuralNetwork_D_undersampled
image,text__image,"""image""",word,0.0,0.0,0.0,NeuralNetwork_D_undersampled
imagery,text__imagery,"""imagery""",word,0.0,0.0,0.0,NeuralNetwork_D_undersampled
imagination,text__imagination,"""imagination""",word,0.0,0.0,0.0,NeuralNetwork_D_undersampled
imagine,text__imagine,"""imagine""",word,0.0,0.0,0.0,NeuralNetwork_D_undersampled
individual,text__individual,"""individual""",word,0.0,0.0,0.0,NeuralNetwork_D_undersampled
internet,text__internet,"""internet""",word,0.0,0.0,0.0,NeuralNetwork_D_undersampled
interpretation,text__interpretation,"""interpretation""",word,0.0,0.0,0.0,NeuralNetwork_D_undersampled
intimate,text__intimate,"""intimate""",word,0.0,0.0,0.0,NeuralNetwork_D_undersampled
intrigued,text__intrigued,"""intrigued""",word,0.0,0.0,0.0,NeuralNetwork_D_undersampled
intriguing,text__intriguing,"""intriguing""",word,0.0,0.0,0.0,NeuralNetwork_D_undersampled
introduced,text__introduced,"""introduced""",word,0.0,0.0,0.0,NeuralNetwork_D_undersampled
introduction,text__introduction,"""introduction""",word,0.0,0.0,0.0,NeuralNetwork_D_undersampled
involved,text__involved,"""involved""",word,0.0,0.0,0.0,NeuralNetwork_D_undersampled
issue,text__issue,"""issue""",word,0.0,0.0,0.0,NeuralNetwork_D_undersampled
jack,text__jack,"""jack""",word,0.0,0.0,0.0,NeuralNetwork_D_undersampled
jacqueline,text__jacqueline,"""jacqueline""",word,0.0,0.0,0.0,NeuralNetwork_D_undersampled
james,text__james,"""james""",word,0.0,0.0,0.0,NeuralNetwork_D_undersampled
jazz,text__jazz,"""jazz""",word,0.0,0.0,0.0,NeuralNetwork_D_undersampled
intense,text__intense,"""intense""",word,0.0,0.0,0.0,NeuralNetwork_D_undersampled
jess,text__jess,"""jess""",word,0.0,0.0,0.0,NeuralNetwork_D_undersampled
job,text__job,"""job""",word,0.0,0.0,0.0,NeuralNetwork_D_undersampled
innocent,text__innocent,"""innocent""",word,0.0,0.0,0.0,NeuralNetwork_D_undersampled
insight,text__insight,"""insight""",word,0.0,0.0,0.0,NeuralNetwork_D_undersampled
insightful,text__insightful,"""insightful""",word,0.0,0.0,0.0,NeuralNetwork_D_undersampled
inspiration,text__inspiration,"""inspiration""",word,0.0,0.0,0.0,NeuralNetwork_D_undersampled
inspire,text__inspire,"""inspire""",word,0.0,0.0,0.0,NeuralNetwork_D_undersampled
inspiring,text__inspiring,"""inspiring""",word,0.0,0.0,0.0,NeuralNetwork_D_undersampled
instagram,text__instagram,"""instagram""",word,0.0,0.0,0.0,NeuralNetwork_D_undersampled
instance,text__instance,"""instance""",word,0.0,0.0,0.0,NeuralNetwork_D_undersampled
instead,text__instead,"""instead""",word,0.0,0.0,0.0,NeuralNetwork_D_undersampled
intelligent,text__intelligent,"""intelligent""",word,0.0,0.0,0.0,NeuralNetwork_D_undersampled
intended,text__intended,"""intended""",word,0.0,0.0,0.0,NeuralNetwork_D_undersampled
jb,text__jb,"""jb""",word,0.0,0.0,0.0,NeuralNetwork_D_undersampled
married,text__married,"""married""",word,0.0,0.0,0.0,NeuralNetwork_D_undersampled
magical,text__magical,"""magical""",word,0.0,0.0,0.0,NeuralNetwork_D_undersampled
main,text__main,"""main""",word,0.0,0.0,0.0,NeuralNetwork_D_undersampled
mainly,text__mainly,"""mainly""",word,0.0,0.0,0.0,NeuralNetwork_D_undersampled
major,text__major,"""major""",word,0.0,0.0,0.0,NeuralNetwork_D_undersampled
majority,text__majority,"""majority""",word,0.0,0.0,0.0,NeuralNetwork_D_undersampled
making,text__making,"""making""",word,0.0,0.0,0.0,NeuralNetwork_D_undersampled
male,text__male,"""male""",word,0.0,0.0,0.0,NeuralNetwork_D_undersampled
man,text__man,"""man""",word,0.0,0.0,0.0,NeuralNetwork_D_undersampled
manage,text__manage,"""manage""",word,0.0,0.0,0.0,NeuralNetwork_D_undersampled
managed,text__managed,"""managed""",word,0.0,0.0,0.0,NeuralNetwork_D_undersampled
manages,text__manages,"""manages""",word,0.0,0.0,0.0,NeuralNetwork_D_undersampled
manner,text__manner,"""manner""",word,0.0,0.0,0.0,NeuralNetwork_D_undersampled
latter,text__latter,"""latter""",word,0.0,0.0,0.0,NeuralNetwork_D_undersampled
marissa,text__marissa,"""marissa""",word,0.0,0.0,0.0,NeuralNetwork_D_undersampled
arthur,text__arthur,"""arthur""",word,0.0,0.0,0.0,NeuralNetwork_D_undersampled
loved,text__loved,"""loved""",word,0.0,0.0,0.0,NeuralNetwork_D_undersampled
lovelace,text__lovelace,"""lovelace""",word,0.0,0.0,0.0,NeuralNetwork_D_undersampled
lovely,text__lovely,"""lovely""",word,0.0,0.0,0.0,NeuralNetwork_D_undersampled
lover,text__lover,"""lover""",word,0.0,0.0,0.0,NeuralNetwork_D_undersampled
loving,text__loving,"""loving""",word,0.0,0.0,0.0,NeuralNetwork_D_undersampled
low,text__low,"""low""",word,0.0,0.0,0.0,NeuralNetwork_D_undersampled
lucky,text__lucky,"""lucky""",word,0.0,0.0,0.0,NeuralNetwork_D_undersampled
lullaby,text__lullaby,"""lullaby""",word,0.0,0.0,0.0,NeuralNetwork_D_undersampled
lupita,text__lupita,"""lupita""",word,0.0,0.0,0.0,NeuralNetwork_D_undersampled
lust,text__lust,"""lust""",word,0.0,0.0,0.0,NeuralNetwork_D_undersampled
lying,text__lying,"""lying""",word,0.0,0.0,0.0,NeuralNetwork_D_undersampled
many,text__many,"""many""",word,0.0,0.0,0.0,NeuralNetwork_D_undersampled
mary,text__mary,"""mary""",word,0.0,0.0,0.0,NeuralNetwork_D_undersampled
master,text__master,"""master""",word,0.0,0.0,0.0,NeuralNetwork_D_undersampled
masterpiece,text__masterpiece,"""masterpiece""",word,0.0,0.0,0.0,NeuralNetwork_D_undersampled
match,text__match,"""match""",word,0.0,0.0,0.0,NeuralNetwork_D_undersampled
material,text__material,"""material""",word,0.0,0.0,0.0,NeuralNetwork_D_undersampled
matthew,text__matthew,"""matthew""",word,0.0,0.0,0.0,NeuralNetwork_D_undersampled
meaning,text__meaning,"""meaning""",word,0.0,0.0,0.0,NeuralNetwork_D_undersampled
meaningful,text__meaningful,"""meaningful""",word,0.0,0.0,0.0,NeuralNetwork_D_undersampled
medium,text__medium,"""medium""",word,0.0,0.0,0.0,NeuralNetwork_D_undersampled
meet,text__meet,"""meet""",word,0.0,0.0,0.0,NeuralNetwork_D_undersampled
meh,text__meh,"""meh""",word,0.0,0.0,0.0,NeuralNetwork_D_undersampled
memorable,text__memorable,"""memorable""",word,0.0,0.0,0.0,NeuralNetwork_D_undersampled
memory,text__memory,"""memory""",word,0.0,0.0,0.0,NeuralNetwork_D_undersampled
marked,text__marked,"""marked""",word,0.0,0.0,0.0,NeuralNetwork_D_undersampled
artist,text__artist,"""artist""",word,0.0,0.0,0.0,NeuralNetwork_D_undersampled
aside,text__aside,"""aside""",word,0.0,0.0,0.0,NeuralNetwork_D_undersampled
able,text__able,"""able""",word,0.0,0.0,0.0,NeuralNetwork_D_undersampled
asking,text__asking,"""asking""",word,0.0,0.0,0.0,NeuralNetwork_D_undersampled
asks,text__asks,"""asks""",word,0.0,0.0,0.0,NeuralNetwork_D_undersampled
aspect,text__aspect,"""aspect""",word,0.0,0.0,0.0,NeuralNetwork_D_undersampled
ate,text__ate,"""ate""",word,0.0,0.0,0.0,NeuralNetwork_D_undersampled
athena,text__athena,"""athena""",word,0.0,0.0,0.0,NeuralNetwork_D_undersampled
attempt,text__attempt,"""attempt""",word,0.0,0.0,0.0,NeuralNetwork_D_undersampled
attention,text__attention,"""attention""",word,0.0,0.0,0.0,NeuralNetwork_D_undersampled
attitude,text__attitude,"""attitude""",word,0.0,0.0,0.0,NeuralNetwork_D_undersampled
audience,text__audience,"""audience""",word,0.0,0.0,0.0,NeuralNetwork_D_undersampled
mark,text__mark,"""mark""",word,0.0,0.0,0.0,NeuralNetwork_D_undersampled
men,text__men,"""men""",word,0.0,0.0,0.0,NeuralNetwork_D_undersampled
listened,text__listened,"""listened""",word,0.0,0.0,0.0,NeuralNetwork_D_undersampled
listening,text__listening,"""listening""",word,0.0,0.0,0.0,NeuralNetwork_D_undersampled
lit,text__lit,"""lit""",word,0.0,0.0,0.0,NeuralNetwork_D_undersampled
literally,text__literally,"""literally""",word,0.0,0.0,0.0,NeuralNetwork_D_undersampled
live,text__live,"""live""",word,0.0,0.0,0.0,NeuralNetwork_D_undersampled
lived,text__lived,"""lived""",word,0.0,0.0,0.0,NeuralNetwork_D_undersampled
learned,text__learned,"""learned""",word,0.0,0.0,0.0,NeuralNetwork_D_undersampled
learning,text__learning,"""learning""",word,0.0,0.0,0.0,NeuralNetwork_D_undersampled
least,text__least,"""least""",word,0.0,0.0,0.0,NeuralNetwork_D_undersampled
leav,text__leav,"""leav""",word,0.0,0.0,0.0,NeuralNetwork_D_undersampled
leave,text__leave,"""leave""",word,0.0,0.0,0.0,NeuralNetwork_D_undersampled
leaving,text__leaving,"""leaving""",word,0.0,0.0,0.0,NeuralNetwork_D_undersampled
led,text__led,"""led""",word,0.0,0.0,0.0,NeuralNetwork_D_undersampled
lyric,text__lyric,"""lyric""",word,0.0,0.0,0.0,NeuralNetwork_D_undersampled
length,text__length,"""length""",word,0.0,0.0,0.0,NeuralNetwork_D_undersampled
lesson,text__lesson,"""lesson""",word,0.0,0.0,0.0,NeuralNetwork_D_undersampled
let,text__let,"""let""",word,0.0,0.0,0.0,NeuralNetwork_D_undersampled
letting,text__letting,"""letting""",word,0.0,0.0,0.0,NeuralNetwork_D_undersampled
level,text__level,"""level""",word,0.0,0.0,0.0,NeuralNetwork_D_undersampled
library,text__library,"""library""",word,0.0,0.0,0.0,NeuralNetwork_D_undersampled
lie,text__lie,"""lie""",word,0.0,0.0,0.0,NeuralNetwork_D_undersampled
lifetime,text__lifetime,"""lifetime""",word,0.0,0.0,0.0,NeuralNetwork_D_undersampled
language,text__language,"""language""",word,0.0,0.0,0.0,NeuralNetwork_D_undersampled
large,text__large,"""large""",word,0.0,0.0,0.0,NeuralNetwork_D_undersampled
larger,text__larger,"""larger""",word,0.0,0.0,0.0,NeuralNetwork_D_undersampled
later,text__later,"""later""",word,0.0,0.0,0.0,NeuralNetwork_D_undersampled
latin,text__latin,"""latin""",word,0.0,0.0,0.0,NeuralNetwork_D_undersampled
leg,text__leg,"""leg""",word,0.0,0.0,0.0,NeuralNetwork_D_undersampled
mad,text__mad,"""mad""",word,0.0,0.0,0.0,NeuralNetwork_D_undersampled
made,text__made,"""made""",word,0.0,0.0,0.0,NeuralNetwork_D_undersampled
madness,text__madness,"""madness""",word,0.0,0.0,0.0,NeuralNetwork_D_undersampled
magic,text__magic,"""magic""",word,0.0,0.0,0.0,NeuralNetwork_D_undersampled
living,text__living,"""living""",word,0.0,0.0,0.0,NeuralNetwork_D_undersampled
liz,text__liz,"""liz""",word,0.0,0.0,0.0,NeuralNetwork_D_undersampled
local,text__local,"""local""",word,0.0,0.0,0.0,NeuralNetwork_D_undersampled
loneliness,text__loneliness,"""loneliness""",word,0.0,0.0,0.0,NeuralNetwork_D_undersampled
lonely,text__lonely,"""lonely""",word,0.0,0.0,0.0,NeuralNetwork_D_undersampled
long,text__long,"""long""",word,0.0,0.0,0.0,NeuralNetwork_D_undersampled
longer,text__longer,"""longer""",word,0.0,0.0,0.0,NeuralNetwork_D_undersampled
longing,text__longing,"""longing""",word,0.0,0.0,0.0,NeuralNetwork_D_undersampled
look,text__look,"""look""",word,0.0,0.0,0.0,NeuralNetwork_D_undersampled
listen,text__listen,"""listen""",word,0.0,0.0,0.0,NeuralNetwork_D_undersampled
looking,text__looking,"""looking""",word,0.0,0.0,0.0,NeuralNetwork_D_undersampled
lord,text__lord,"""lord""",word,0.0,0.0,0.0,NeuralNetwork_D_undersampled
lose,text__lose,"""lose""",word,0.0,0.0,0.0,NeuralNetwork_D_undersampled
losing,text__losing,"""losing""",word,0.0,0.0,0.0,NeuralNetwork_D_undersampled
loud,text__loud,"""loud""",word,0.0,0.0,0.0,NeuralNetwork_D_undersampled
lift,text__lift,"""lift""",word,0.0,0.0,0.0,NeuralNetwork_D_undersampled
like,text__like,"""like""",word,0.0,0.0,0.0,NeuralNetwork_D_undersampled
liked,text__liked,"""liked""",word,0.0,0.0,0.0,NeuralNetwork_D_undersampled
likely,text__likely,"""likely""",word,0.0,0.0,0.0,NeuralNetwork_D_undersampled
line,text__line,"""line""",word,0.0,0.0,0.0,NeuralNetwork_D_undersampled
link,text__link,"""link""",word,0.0,0.0,0.0,NeuralNetwork_D_undersampled
lip,text__lip,"""lip""",word,0.0,0.0,0.0,NeuralNetwork_D_undersampled
list,text__list,"""list""",word,0.0,0.0,0.0,NeuralNetwork_D_undersampled
looked,text__looked,"""looked""",word,0.0,0.0,0.0,NeuralNetwork_D_undersampled
glory,text__glory,"""glory""",word,0.0,0.0,0.0,NeuralNetwork_D_undersampled
goal,text__goal,"""goal""",word,0.0,0.0,0.0,NeuralNetwork_D_undersampled
goddess,text__goddess,"""goddess""",word,0.0,0.0,0.0,NeuralNetwork_D_undersampled
going,text__going,"""going""",word,0.0,0.0,0.0,NeuralNetwork_D_undersampled
gold,text__gold,"""gold""",word,0.0,0.0,0.0,NeuralNetwork_D_undersampled
future,text__future,"""future""",word,0.0,0.0,0.0,NeuralNetwork_D_undersampled
game,text__game,"""game""",word,0.0,0.0,0.0,NeuralNetwork_D_undersampled
garden,text__garden,"""garden""",word,0.0,0.0,0.0,NeuralNetwork_D_undersampled
gave,text__gave,"""gave""",word,0.0,0.0,0.0,NeuralNetwork_D_undersampled
gawain,text__gawain,"""gawain""",word,0.0,0.0,0.0,NeuralNetwork_D_undersampled
gay,text__gay,"""gay""",word,0.0,0.0,0.0,NeuralNetwork_D_undersampled
gem,text__gem,"""gem""",word,0.0,0.0,0.0,NeuralNetwork_D_undersampled
gender,text__gender,"""gender""",word,0.0,0.0,0.0,NeuralNetwork_D_undersampled
immediately,text__immediately,"""immediately""",word,0.0,0.0,0.0,NeuralNetwork_D_undersampled
generation,text__generation,"""generation""",word,0.0,0.0,0.0,NeuralNetwork_D_undersampled
genius,text__genius,"""genius""",word,0.0,0.0,0.0,NeuralNetwork_D_undersampled
genre,text__genre,"""genre""",word,0.0,0.0,0.0,NeuralNetwork_D_undersampled
gentle,text__gentle,"""gentle""",word,0.0,0.0,0.0,NeuralNetwork_D_undersampled
fragment,text__fragment,"""fragment""",word,0.0,0.0,0.0,NeuralNetwork_D_undersampled
free,text__free,"""free""",word,0.0,0.0,0.0,NeuralNetwork_D_undersampled
freedom,text__freedom,"""freedom""",word,0.0,0.0,0.0,NeuralNetwork_D_undersampled
french,text__french,"""french""",word,0.0,0.0,0.0,NeuralNetwork_D_undersampled
fresh,text__fresh,"""fresh""",word,0.0,0.0,0.0,NeuralNetwork_D_undersampled
friend,text__friend,"""friend""",word,0.0,0.0,0.0,NeuralNetwork_D_undersampled
friendship,text__friendship,"""friendship""",word,0.0,0.0,0.0,NeuralNetwork_D_undersampled
front,text__front,"""front""",word,0.0,0.0,0.0,NeuralNetwork_D_undersampled
frost,text__frost,"""frost""",word,0.0,0.0,0.0,NeuralNetwork_D_undersampled
generally,text__generally,"""generally""",word,0.0,0.0,0.0,NeuralNetwork_D_undersampled
guy,text__guy,"""guy""",word,0.0,0.0,0.0,NeuralNetwork_D_undersampled
haiku,text__haiku,"""haiku""",word,0.0,0.0,0.0,NeuralNetwork_D_undersampled
hair,text__hair,"""hair""",word,0.0,0.0,0.0,NeuralNetwork_D_undersampled
golden,text__golden,"""golden""",word,0.0,0.0,0.0,NeuralNetwork_D_undersampled
gon,text__gon,"""gon""",word,0.0,0.0,0.0,NeuralNetwork_D_undersampled
gone,text__gone,"""gone""",word,0.0,0.0,0.0,NeuralNetwork_D_undersampled
goodreads,text__goodreads,"""goodreads""",word,0.0,0.0,0.0,NeuralNetwork_D_undersampled
gorgeous,text__gorgeous,"""gorgeous""",word,0.0,0.0,0.0,NeuralNetwork_D_undersampled
got,text__got,"""got""",word,0.0,0.0,0.0,NeuralNetwork_D_undersampled
gotten,text__gotten,"""gotten""",word,0.0,0.0,0.0,NeuralNetwork_D_undersampled
grade,text__grade,"""grade""",word,0.0,0.0,0.0,NeuralNetwork_D_undersampled
grandfather,text__grandfather,"""grandfather""",word,0.0,0.0,0.0,NeuralNetwork_D_undersampled
grandmother,text__grandmother,"""grandmother""",word,0.0,0.0,0.0,NeuralNetwork_D_undersampled
glimpse,text__glimpse,"""glimpse""",word,0.0,0.0,0.0,NeuralNetwork_D_undersampled
graphic,text__graphic,"""graphic""",word,0.0,0.0,0.0,NeuralNetwork_D_undersampled
grasp,text__grasp,"""grasp""",word,0.0,0.0,0.0,NeuralNetwork_D_undersampled
grateful,text__grateful,"""grateful""",word,0.0,0.0,0.0,NeuralNetwork_D_undersampled
greater,text__greater,"""greater""",word,0.0,0.0,0.0,NeuralNetwork_D_undersampled
gift,text__gift,"""gift""",word,0.0,0.0,0.0,NeuralNetwork_D_undersampled
gilgamesh,text__gilgamesh,"""gilgamesh""",word,0.0,0.0,0.0,NeuralNetwork_D_undersampled
ginsberg,text__ginsberg,"""ginsberg""",word,0.0,0.0,0.0,NeuralNetwork_D_undersampled
girlfriend,text__girlfriend,"""girlfriend""",word,0.0,0.0,0.0,NeuralNetwork_D_undersampled
give,text__give,"""give""",word,0.0,0.0,0.0,NeuralNetwork_D_undersampled
given,text__given,"""given""",word,0.0,0.0,0.0,NeuralNetwork_D_undersampled
giving,text__giving,"""giving""",word,0.0,0.0,0.0,NeuralNetwork_D_undersampled
glad,text__glad,"""glad""",word,0.0,0.0,0.0,NeuralNetwork_D_undersampled
glass,text__glass,"""glass""",word,0.0,0.0,0.0,NeuralNetwork_D_undersampled
granted,text__granted,"""granted""",word,0.0,0.0,0.0,NeuralNetwork_D_undersampled
focus,text__focus,"""focus""",word,0.0,0.0,0.0,NeuralNetwork_D_undersampled
focused,text__focused,"""focused""",word,0.0,0.0,0.0,NeuralNetwork_D_undersampled
folk,text__folk,"""folk""",word,0.0,0.0,0.0,NeuralNetwork_D_undersampled
followed,text__followed,"""followed""",word,0.0,0.0,0.0,NeuralNetwork_D_undersampled
following,text__following,"""following""",word,0.0,0.0,0.0,NeuralNetwork_D_undersampled
food,text__food,"""food""",word,0.0,0.0,0.0,NeuralNetwork_D_undersampled
foot,text__foot,"""foot""",word,0.0,0.0,0.0,NeuralNetwork_D_undersampled
becoming,text__becoming,"""becoming""",word,0.0,0.0,0.0,NeuralNetwork_D_undersampled
bed,text__bed,"""bed""",word,0.0,0.0,0.0,NeuralNetwork_D_undersampled
began,text__began,"""began""",word,0.0,0.0,0.0,NeuralNetwork_D_undersampled
begin,text__begin,"""begin""",word,0.0,0.0,0.0,NeuralNetwork_D_undersampled
beginning,text__beginning,"""beginning""",word,0.0,0.0,0.0,NeuralNetwork_D_undersampled
behind,text__behind,"""behind""",word,0.0,0.0,0.0,NeuralNetwork_D_undersampled
fruit,text__fruit,"""fruit""",word,0.0,0.0,0.0,NeuralNetwork_D_undersampled
bell,text__bell,"""bell""",word,0.0,0.0,0.0,NeuralNetwork_D_undersampled
beloved,text__beloved,"""beloved""",word,0.0,0.0,0.0,NeuralNetwork_D_undersampled
beneath,text__beneath,"""beneath""",word,0.0,0.0,0.0,NeuralNetwork_D_undersampled
finger,text__finger,"""finger""",word,0.0,0.0,0.0,NeuralNetwork_D_undersampled
finish,text__finish,"""finish""",word,0.0,0.0,0.0,NeuralNetwork_D_undersampled
finished,text__finished,"""finished""",word,0.0,0.0,0.0,NeuralNetwork_D_undersampled
fire,text__fire,"""fire""",word,0.0,0.0,0.0,NeuralNetwork_D_undersampled
field,text__field,"""field""",word,0.0,0.0,0.0,NeuralNetwork_D_undersampled
fifth,text__fifth,"""fifth""",word,0.0,0.0,0.0,NeuralNetwork_D_undersampled
fight,text__fight,"""fight""",word,0.0,0.0,0.0,NeuralNetwork_D_undersampled
fighting,text__fighting,"""fighting""",word,0.0,0.0,0.0,NeuralNetwork_D_undersampled
figure,text__figure,"""figure""",word,0.0,0.0,0.0,NeuralNetwork_D_undersampled
fill,text__fill,"""fill""",word,0.0,0.0,0.0,NeuralNetwork_D_undersampled
belief,text__belief,"""belief""",word,0.0,0.0,0.0,NeuralNetwork_D_undersampled
fuck,text__fuck,"""fuck""",word,0.0,0.0,0.0,NeuralNetwork_D_undersampled
fucking,text__fucking,"""fucking""",word,0.0,0.0,0.0,NeuralNetwork_D_undersampled
full,text__full,"""full""",word,0.0,0.0,0.0,NeuralNetwork_D_undersampled
fun,text__fun,"""fun""",word,0.0,0.0,0.0,NeuralNetwork_D_undersampled
funny,text__funny,"""funny""",word,0.0,0.0,0.0,NeuralNetwork_D_undersampled
force,text__force,"""force""",word,0.0,0.0,0.0,NeuralNetwork_D_undersampled
forced,text__forced,"""forced""",word,0.0,0.0,0.0,NeuralNetwork_D_undersampled
forest,text__forest,"""forest""",word,0.0,0.0,0.0,NeuralNetwork_D_undersampled
forever,text__forever,"""forever""",word,0.0,0.0,0.0,NeuralNetwork_D_undersampled
forget,text__forget,"""forget""",word,0.0,0.0,0.0,NeuralNetwork_D_undersampled
forgot,text__forgot,"""forgot""",word,0.0,0.0,0.0,NeuralNetwork_D_undersampled
forgotten,text__forgotten,"""forgotten""",word,0.0,0.0,0.0,NeuralNetwork_D_undersampled
form,text__form,"""form""",word,0.0,0.0,0.0,NeuralNetwork_D_undersampled
flower,text__flower,"""flower""",word,0.0,0.0,0.0,NeuralNetwork_D_undersampled
formatting,text__formatting,"""formatting""",word,0.0,0.0,0.0,NeuralNetwork_D_undersampled
former,text__former,"""former""",word,0.0,0.0,0.0,NeuralNetwork_D_undersampled
forth,text__forth,"""forth""",word,0.0,0.0,0.0,NeuralNetwork_D_undersampled
forward,text__forward,"""forward""",word,0.0,0.0,0.0,NeuralNetwork_D_undersampled
found,text__found,"""found""",word,0.0,0.0,0.0,NeuralNetwork_D_undersampled
four,text__four,"""four""",word,0.0,0.0,0.0,NeuralNetwork_D_undersampled
fourth,text__fourth,"""fourth""",word,0.0,0.0,0.0,NeuralNetwork_D_undersampled
fit,text__fit,"""fit""",word,0.0,0.0,0.0,NeuralNetwork_D_undersampled
flame,text__flame,"""flame""",word,0.0,0.0,0.0,NeuralNetwork_D_undersampled
flat,text__flat,"""flat""",word,0.0,0.0,0.0,NeuralNetwork_D_undersampled
flesh,text__flesh,"""flesh""",word,0.0,0.0,0.0,NeuralNetwork_D_undersampled
floor,text__floor,"""floor""",word,0.0,0.0,0.0,NeuralNetwork_D_undersampled
flow,text__flow,"""flow""",word,0.0,0.0,0.0,NeuralNetwork_D_undersampled
format,text__format,"""format""",word,0.0,0.0,0.0,NeuralNetwork_D_undersampled
honestly,text__honestly,"""honestly""",word,0.0,0.0,0.0,NeuralNetwork_D_undersampled
honesty,text__honesty,"""honesty""",word,0.0,0.0,0.0,NeuralNetwork_D_undersampled
honor,text__honor,"""honor""",word,0.0,0.0,0.0,NeuralNetwork_D_undersampled
hopefully,text__hopefully,"""hopefully""",word,0.0,0.0,0.0,NeuralNetwork_D_undersampled
hoping,text__hoping,"""hoping""",word,0.0,0.0,0.0,NeuralNetwork_D_undersampled
hopkins,text__hopkins,"""hopkins""",word,0.0,0.0,0.0,NeuralNetwork_D_undersampled
horrible,text__horrible,"""horrible""",word,0.0,0.0,0.0,NeuralNetwork_D_undersampled
horror,text__horror,"""horror""",word,0.0,0.0,0.0,NeuralNetwork_D_undersampled
horse,text__horse,"""horse""",word,0.0,0.0,0.0,NeuralNetwork_D_undersampled
hour,text__hour,"""hour""",word,0.0,0.0,0.0,NeuralNetwork_D_undersampled
hero,text__hero,"""hero""",word,0.0,0.0,0.0,NeuralNetwork_D_undersampled
hey,text__hey,"""hey""",word,0.0,0.0,0.0,NeuralNetwork_D_undersampled
hidden,text__hidden,"""hidden""",word,0.0,0.0,0.0,NeuralNetwork_D_undersampled
gut,text__gut,"""gut""",word,0.0,0.0,0.0,NeuralNetwork_D_undersampled
high,text__high,"""high""",word,0.0,0.0,0.0,NeuralNetwork_D_undersampled
higher,text__higher,"""higher""",word,0.0,0.0,0.0,NeuralNetwork_D_undersampled
highlight,text__highlight,"""highlight""",word,0.0,0.0,0.0,NeuralNetwork_D_undersampled
hilarious,text__hilarious,"""hilarious""",word,0.0,0.0,0.0,NeuralNetwork_D_undersampled
hill,text__hill,"""hill""",word,0.0,0.0,0.0,NeuralNetwork_D_undersampled
hirsch,text__hirsch,"""hirsch""",word,0.0,0.0,0.0,NeuralNetwork_D_undersampled
historical,text__historical,"""historical""",word,0.0,0.0,0.0,NeuralNetwork_D_undersampled
history,text__history,"""history""",word,0.0,0.0,0.0,NeuralNetwork_D_undersampled
hit,text__hit,"""hit""",word,0.0,0.0,0.0,NeuralNetwork_D_undersampled
hold,text__hold,"""hold""",word,0.0,0.0,0.0,NeuralNetwork_D_undersampled
holding,text__holding,"""holding""",word,0.0,0.0,0.0,NeuralNetwork_D_undersampled
based,text__based,"""based""",word,0.0,0.0,0.0,NeuralNetwork_D_undersampled
basho,text__basho,"""basho""",word,0.0,0.0,0.0,NeuralNetwork_D_undersampled
hide,text__hide,"""hide""",word,0.0,0.0,0.0,NeuralNetwork_D_undersampled
immigrant,text__immigrant,"""immigrant""",word,0.0,0.0,0.0,NeuralNetwork_D_undersampled
impact,text__impact,"""impact""",word,0.0,0.0,0.0,NeuralNetwork_D_undersampled
importance,text__importance,"""importance""",word,0.0,0.0,0.0,NeuralNetwork_D_undersampled
important,text__important,"""important""",word,0.0,0.0,0.0,NeuralNetwork_D_undersampled
impossible,text__impossible,"""impossible""",word,0.0,0.0,0.0,NeuralNetwork_D_undersampled
impressed,text__impressed,"""impressed""",word,0.0,0.0,0.0,NeuralNetwork_D_undersampled
house,text__house,"""house""",word,0.0,0.0,0.0,NeuralNetwork_D_undersampled
however,text__however,"""however""",word,0.0,0.0,0.0,NeuralNetwork_D_undersampled
howl,text__howl,"""howl""",word,0.0,0.0,0.0,NeuralNetwork_D_undersampled
http,text__http,"""http""",word,0.0,0.0,0.0,NeuralNetwork_D_undersampled
huge,text__huge,"""huge""",word,0.0,0.0,0.0,NeuralNetwork_D_undersampled
hughes,text__hughes,"""hughes""",word,0.0,0.0,0.0,NeuralNetwork_D_undersampled
human,text__human,"""human""",word,0.0,0.0,0.0,NeuralNetwork_D_undersampled
honest,text__honest,"""honest""",word,0.0,0.0,0.0,NeuralNetwork_D_undersampled
humor,text__humor,"""humor""",word,0.0,0.0,0.0,NeuralNetwork_D_undersampled
hundred,text__hundred,"""hundred""",word,0.0,0.0,0.0,NeuralNetwork_D_undersampled
hurting,text__hurting,"""hurting""",word,0.0,0.0,0.0,NeuralNetwork_D_undersampled
husband,text__husband,"""husband""",word,0.0,0.0,0.0,NeuralNetwork_D_undersampled
hype,text__hype,"""hype""",word,0.0,0.0,0.0,NeuralNetwork_D_undersampled
ice,text__ice,"""ice""",word,0.0,0.0,0.0,NeuralNetwork_D_undersampled
ideal,text__ideal,"""ideal""",word,0.0,0.0,0.0,NeuralNetwork_D_undersampled
identity,text__identity,"""identity""",word,0.0,0.0,0.0,NeuralNetwork_D_undersampled
hole,text__hole,"""hole""",word,0.0,0.0,0.0,NeuralNetwork_D_undersampled
holly,text__holly,"""holly""",word,0.0,0.0,0.0,NeuralNetwork_D_undersampled
holy,text__holy,"""holy""",word,0.0,0.0,0.0,NeuralNetwork_D_undersampled
home,text__home,"""home""",word,0.0,0.0,0.0,NeuralNetwork_D_undersampled
homer,text__homer,"""homer""",word,0.0,0.0,0.0,NeuralNetwork_D_undersampled
humanity,text__humanity,"""humanity""",word,0.0,0.0,0.0,NeuralNetwork_D_undersampled
half,text__half,"""half""",word,0.0,0.0,0.0,NeuralNetwork_D_undersampled
hand,text__hand,"""hand""",word,0.0,0.0,0.0,NeuralNetwork_D_undersampled
handful,text__handful,"""handful""",word,0.0,0.0,0.0,NeuralNetwork_D_undersampled
happen,text__happen,"""happen""",word,0.0,0.0,0.0,NeuralNetwork_D_undersampled
happened,text__happened,"""happened""",word,0.0,0.0,0.0,NeuralNetwork_D_undersampled
happening,text__happening,"""happening""",word,0.0,0.0,0.0,NeuralNetwork_D_undersampled
happens,text__happens,"""happens""",word,0.0,0.0,0.0,NeuralNetwork_D_undersampled
happiness,text__happiness,"""happiness""",word,0.0,0.0,0.0,NeuralNetwork_D_undersampled
hard,text__hard,"""hard""",word,0.0,0.0,0.0,NeuralNetwork_D_undersampled
harder,text__harder,"""harder""",word,0.0,0.0,0.0,NeuralNetwork_D_undersampled
hardly,text__hardly,"""hardly""",word,0.0,0.0,0.0,NeuralNetwork_D_undersampled
harry,text__harry,"""harry""",word,0.0,0.0,0.0,NeuralNetwork_D_undersampled
hate,text__hate,"""hate""",word,0.0,0.0,0.0,NeuralNetwork_D_undersampled
basic,text__basic,"""basic""",word,0.0,0.0,0.0,NeuralNetwork_D_undersampled
haunting,text__haunting,"""haunting""",word,0.0,0.0,0.0,NeuralNetwork_D_undersampled
greatest,text__greatest,"""greatest""",word,0.0,0.0,0.0,NeuralNetwork_D_undersampled
greek,text__greek,"""greek""",word,0.0,0.0,0.0,NeuralNetwork_D_undersampled
green,text__green,"""green""",word,0.0,0.0,0.0,NeuralNetwork_D_undersampled
grief,text__grief,"""grief""",word,0.0,0.0,0.0,NeuralNetwork_D_undersampled
ground,text__ground,"""ground""",word,0.0,0.0,0.0,NeuralNetwork_D_undersampled
group,text__group,"""group""",word,0.0,0.0,0.0,NeuralNetwork_D_undersampled
grow,text__grow,"""grow""",word,0.0,0.0,0.0,NeuralNetwork_D_undersampled
grown,text__grown,"""grown""",word,0.0,0.0,0.0,NeuralNetwork_D_undersampled
grows,text__grows,"""grows""",word,0.0,0.0,0.0,NeuralNetwork_D_undersampled
growth,text__growth,"""growth""",word,0.0,0.0,0.0,NeuralNetwork_D_undersampled
guess,text__guess,"""guess""",word,0.0,0.0,0.0,NeuralNetwork_D_undersampled
guide,text__guide,"""guide""",word,0.0,0.0,0.0,NeuralNetwork_D_undersampled
hated,text__hated,"""hated""",word,0.0,0.0,0.0,NeuralNetwork_D_undersampled
basically,text__basically,"""basically""",word,0.0,0.0,0.0,NeuralNetwork_D_undersampled
basketball,text__basketball,"""basketball""",word,0.0,0.0,0.0,NeuralNetwork_D_undersampled
battle,text__battle,"""battle""",word,0.0,0.0,0.0,NeuralNetwork_D_undersampled
baudelaire,text__baudelaire,"""baudelaire""",word,0.0,0.0,0.0,NeuralNetwork_D_undersampled
bear,text__bear,"""bear""",word,0.0,0.0,0.0,NeuralNetwork_D_undersampled
beast,text__beast,"""beast""",word,0.0,0.0,0.0,NeuralNetwork_D_undersampled
beat,text__beat,"""beat""",word,0.0,0.0,0.0,NeuralNetwork_D_undersampled
beautifully,text__beautifully,"""beautifully""",word,0.0,0.0,0.0,NeuralNetwork_D_undersampled
held,text__held,"""held""",word,0.0,0.0,0.0,NeuralNetwork_D_undersampled
helen,text__helen,"""helen""",word,0.0,0.0,0.0,NeuralNetwork_D_undersampled
hell,text__hell,"""hell""",word,0.0,0.0,0.0,NeuralNetwork_D_undersampled
helped,text__helped,"""helped""",word,0.0,0.0,0.0,NeuralNetwork_D_undersampled
head,text__head,"""head""",word,0.0,0.0,0.0,NeuralNetwork_D_undersampled
bark,text__bark,"""bark""",word,0.0,0.0,0.0,NeuralNetwork_D_undersampled
heard,text__heard,"""heard""",word,0.0,0.0,0.0,NeuralNetwork_D_undersampled
hearing,text__hearing,"""hearing""",word,0.0,0.0,0.0,NeuralNetwork_D_undersampled
heart,text__heart,"""heart""",word,0.0,0.0,0.0,NeuralNetwork_D_undersampled
heartache,text__heartache,"""heartache""",word,0.0,0.0,0.0,NeuralNetwork_D_undersampled
heartbreak,text__heartbreak,"""heartbreak""",word,0.0,0.0,0.0,NeuralNetwork_D_undersampled
heartbreaking,text__heartbreaking,"""heartbreaking""",word,0.0,0.0,0.0,NeuralNetwork_D_undersampled
heartfelt,text__heartfelt,"""heartfelt""",word,0.0,0.0,0.0,NeuralNetwork_D_undersampled
heaven,text__heaven,"""heaven""",word,0.0,0.0,0.0,NeuralNetwork_D_undersampled
heavy,text__heavy,"""heavy""",word,0.0,0.0,0.0,NeuralNetwork_D_undersampled
hector,text__hector,"""hector""",word,0.0,0.0,0.0,NeuralNetwork_D_undersampled
ball,text__ball,"""ball""",word,0.0,0.0,0.0,NeuralNetwork_D_undersampled
bar,text__bar,"""bar""",word,0.0,0.0,0.0,NeuralNetwork_D_undersampled
barely,text__barely,"""barely""",word,0.0,0.0,0.0,NeuralNetwork_D_undersampled
health,text__health,"""health""",word,0.0,0.0,0.0,NeuralNetwork_D_undersampled
