feature,feature_id,display_feature,feature_type,mean_absolute_shap,mean_signed_shap,sample_standard_error_abs_shap,experiment
quote,numeric__quote,quote,numeric,0.006028690888686934,-0.002227079012045474,0.0013870606105526053,NeuralNetwork_C_undersampled
people,text__people,"""people""",word,0.0036491531551049437,0.0036491531551049437,0.002167617298227031,NeuralNetwork_C_undersampled
days_since_review,numeric__days_since_review,days_since_review,numeric,0.0029438506947292668,0.00013502568250555044,0.0016222757102680328,NeuralNetwork_C_undersampled
sentiment,numeric__sentiment,sentiment,numeric,0.0028763865387928466,-0.0008120988038501196,0.0014361764395966925,NeuralNetwork_C_undersampled
light,text__light,"""light""",word,0.002775700983348365,0.002775700983348365,0.0027757009833483653,NeuralNetwork_C_undersampled
pct_verbs,numeric__pct_verbs,pct_verbs,numeric,0.00257583498222919,-0.00257583498222919,0.0016613644955601455,NeuralNetwork_C_undersampled
poem,text__poem,"""poem""",word,0.0024603992390833536,0.0024603992390833536,0.001490532034862285,NeuralNetwork_C_undersampled
avg_sent_len,numeric__avg_sent_len,avg_sent_len,numeric,0.0024294194190404472,0.0003014675055700879,0.0014763115174052377,NeuralNetwork_C_undersampled
life,text__life,"""life""",word,0.0024255919478517753,0.0017806579202887252,0.0016910503813913366,NeuralNetwork_C_undersampled
elementary,text__elementary,"""elementary""",word,0.002111074535206758,0.002111074535206758,0.001658061297823309,NeuralNetwork_C_undersampled
comment,text__comment,"""comment""",word,0.00205539579116328,0.00205539579116328,0.0013702745627204868,NeuralNetwork_C_undersampled
quite,text__quite,"""quite""",word,0.002051439876892158,0.002051439876892158,0.0014207431444904371,NeuralNetwork_C_undersampled
reading,text__reading,"""reading""",word,0.0019519449029355782,0.0008861564476293246,0.0014439083909595582,NeuralNetwork_C_undersampled
die,text__die,"""die""",word,0.0019458951265952304,0.0018039388802956434,0.0014525669768947075,NeuralNetwork_C_undersampled
get,text__get,"""get""",word,0.001759001319696055,-7.119378600657427e-05,0.0010746488129019388,NeuralNetwork_C_undersampled
time,text__time,"""time""",word,0.0017580056310769205,0.00025616012539795684,0.0009833477152205625,NeuralNetwork_C_undersampled
part,text__part,"""part""",word,0.001650883393214323,-0.0007685463330302065,0.0008584676028831962,NeuralNetwork_C_undersampled
case,text__case,"""case""",word,0.001601182830967154,0.001601182830967154,0.0011182936594363922,NeuralNetwork_C_undersampled
sleep,text__sleep,"""sleep""",word,0.001572004451951414,0.001572004451951414,0.0015720044519514135,NeuralNetwork_C_undersampled
hell,text__hell,"""hell""",word,0.0014939751168778475,0.0014939751168778475,0.001493975116877847,NeuralNetwork_C_undersampled
said,text__said,"""said""",word,0.001489392131308068,0.001489392131308068,0.0014893921313080683,NeuralNetwork_C_undersampled
realistic,text__realistic,"""realistic""",word,0.0014891236684462421,-0.0014891236684462421,0.001489123668446243,NeuralNetwork_C_undersampled
star,text__star,"""star""",word,0.001460356894320155,-0.001460356894320155,0.0013837634876351266,NeuralNetwork_C_undersampled
even,text__even,"""even""",word,0.001427178570978787,0.001427178570978787,0.0010071390057482465,NeuralNetwork_C_undersampled
oh,text__oh,"""oh""",word,0.0013655381007546868,0.0013655381007546868,0.0009527967555887589,NeuralNetwork_C_undersampled
answer,text__answer,"""answer""",word,0.0013501959736371687,0.0013501959736371687,0.001000868426983371,NeuralNetwork_C_undersampled
men,text__men,"""men""",word,0.0013476831995900523,0.0013476831995900523,0.001190906742247934,NeuralNetwork_C_undersampled
self,text__self,"""self""",word,0.0013101851834207711,0.0013101851834207711,0.0009949113942904837,NeuralNetwork_C_undersampled
dream,text__dream,"""dream""",word,0.0013036005616577368,0.0013036005616577368,0.0013036005616577364,NeuralNetwork_C_undersampled
translation,text__translation,"""translation""",word,0.0012358441733853493,0.000785439349068985,0.0010158788631138905,NeuralNetwork_C_undersampled
back,text__back,"""back""",word,0.0012356011202949938,0.0009466388887279884,0.0010943990537006978,NeuralNetwork_C_undersampled
someone,text__someone,"""someone""",word,0.0011971177706734438,0.0011971177706734438,0.0009417446584266622,NeuralNetwork_C_undersampled
via,text__via,"""via""",word,0.0011811771089729427,0.001087741138834522,0.0011333893458145168,NeuralNetwork_C_undersampled
place,text__place,"""place""",word,0.0011778437059064891,0.0009348028143916295,0.0009797770536317373,NeuralNetwork_C_undersampled
usually,text__usually,"""usually""",word,0.0011627707726686598,-0.0011627707726686598,0.00116277077266866,NeuralNetwork_C_undersampled
pretty,text__pretty,"""pretty""",word,0.001110242638139184,0.001110242638139184,0.000948943851177058,NeuralNetwork_C_undersampled
nature,text__nature,"""nature""",word,0.0011093603238742564,0.0011093603238742564,0.0011093603238742566,NeuralNetwork_C_undersampled
given,text__given,"""given""",word,0.0011051507271571403,0.0011051507271571403,0.0011051507271571408,NeuralNetwork_C_undersampled
great,text__great,"""great""",word,0.0010976496706157886,0.0006838919242501126,0.0006374597663831136,NeuralNetwork_C_undersampled
last,text__last,"""last""",word,0.0010744244425754692,1.6128892570640247e-05,0.0007431246722293159,NeuralNetwork_C_undersampled
taught,text__taught,"""taught""",word,0.0010436602005166101,0.0010436602005166101,0.0010436602005166106,NeuralNetwork_C_undersampled
literally,text__literally,"""literally""",word,0.0010262844868202637,0.0010262844868202637,0.0010262844868202635,NeuralNetwork_C_undersampled
social,text__social,"""social""",word,0.0010211985849748805,-0.0005415375609341778,0.0006204608200058615,NeuralNetwork_C_undersampled
sad,text__sad,"""sad""",word,0.0009955456767740203,0.0009955456767740203,0.0009955456767740205,NeuralNetwork_C_undersampled
num_words,numeric__num_words,num_words,numeric,0.0009825464652813071,0.0009825464652813071,0.0009652332007026794,NeuralNetwork_C_undersampled
war,text__war,"""war""",word,0.0009726226884062715,0.000261834799210221,0.0004807272594724029,NeuralNetwork_C_undersampled
peter,text__peter,"""peter""",word,0.0009543259978113472,0.0009543259978113472,0.0009543259978113477,NeuralNetwork_C_undersampled
tolkien,text__tolkien,"""tolkien""",word,0.0009471626077542238,-0.0009471626077542238,0.0004701785448184775,NeuralNetwork_C_undersampled
arthur,text__arthur,"""arthur""",word,0.0009309566724377106,-0.0009309566724377106,0.0006575651617072228,NeuralNetwork_C_undersampled
school,text__school,"""school""",word,0.0009198437852042541,0.0009198437852042541,0.0009198437852042543,NeuralNetwork_C_undersampled
start,text__start,"""start""",word,0.000914136929587718,0.0007182717192239113,0.0008178200274547268,NeuralNetwork_C_undersampled
see,text__see,"""see""",word,0.0009033299284449526,0.0009033299284449526,0.0009033299284449523,NeuralNetwork_C_undersampled
dark,text__dark,"""dark""",word,0.0008902631761586408,0.0008902631761586408,0.000890263176158641,NeuralNetwork_C_undersampled
involved,text__involved,"""involved""",word,0.0008771061714972886,0.0008771061714972886,0.0008771061714972887,NeuralNetwork_C_undersampled
lit,text__lit,"""lit""",word,0.0008580685728572164,0.0008580685728572164,0.0008580685728572164,NeuralNetwork_C_undersampled
unlike,text__unlike,"""unlike""",word,0.0008433694159286838,0.0008433694159286838,0.0008433694159286834,NeuralNetwork_C_undersampled
control,text__control,"""control""",word,0.0008304736828194281,0.0008304736828194281,0.000830473682819428,NeuralNetwork_C_undersampled
particularly,text__particularly,"""particularly""",word,0.0008151738781774152,0.0008151738781774152,0.0008151738781774153,NeuralNetwork_C_undersampled
worth,text__worth,"""worth""",word,0.0008072989640684713,0.0003834537236477137,0.0006232275350212013,NeuralNetwork_C_undersampled
grass,text__grass,"""grass""",word,0.0008035845952570326,0.0006215166905458377,0.0007144053829889676,NeuralNetwork_C_undersampled
harder,text__harder,"""harder""",word,0.0008015404551068948,0.0006868227581156393,0.0007438981968010765,NeuralNetwork_C_undersampled
live,text__live,"""live""",word,0.0008005905594099823,0.00045566738120655443,0.0005372476387900028,NeuralNetwork_C_undersampled
text,text__text,"""text""",word,0.0007987514869278919,-0.0005765143473043579,0.0005423378405043887,NeuralNetwork_C_undersampled
good,text__good,"""good""",word,0.0007981123084457546,0.0007981123084457546,0.0007981123084457546,NeuralNetwork_C_undersampled
maybe,text__maybe,"""maybe""",word,0.0007909018398558576,-0.0007909018398558576,0.000570988710456654,NeuralNetwork_C_undersampled
poet,text__poet,"""poet""",word,0.0007895238872036069,0.0004973511407775698,0.000653589604645295,NeuralNetwork_C_undersampled
enter,text__enter,"""enter""",word,0.0007860040521912871,-0.0007860040521912871,0.0006061712336282749,NeuralNetwork_C_undersampled
crossover,text__crossover,"""crossover""",word,0.0007807360136679368,0.0007807360136679368,0.0007807360136679364,NeuralNetwork_C_undersampled
little,text__little,"""little""",word,0.000772595489401374,0.000772595489401374,0.0007459701250372914,NeuralNetwork_C_undersampled
iii,text__iii,"""iii""",word,0.0007725181719605736,9.125195789348103e-05,0.0005069746404922662,NeuralNetwork_C_undersampled
many,text__many,"""many""",word,0.0007641559994902585,0.0007641559994902585,0.000764155999490258,NeuralNetwork_C_undersampled
close,text__close,"""close""",word,0.0007526735290723409,0.00027645171671063516,0.0005575099326506651,NeuralNetwork_C_undersampled
genius,text__genius,"""genius""",word,0.0007440821193214937,-0.0007440821193214937,0.000426357259616245,NeuralNetwork_C_undersampled
quality,text__quality,"""quality""",word,0.0007410300787344595,-7.369494354439011e-05,0.00039072146474936303,NeuralNetwork_C_undersampled
moving,text__moving,"""moving""",word,0.0007376333781307041,-0.0007376333781307041,0.0006121154073277857,NeuralNetwork_C_undersampled
lucky,text__lucky,"""lucky""",word,0.0007365369049150442,0.0007365369049150442,0.0007365369049150447,NeuralNetwork_C_undersampled
head,text__head,"""head""",word,0.0007353619706595786,-0.00010764444414811411,0.0005144595062903273,NeuralNetwork_C_undersampled
especially,text__especially,"""especially""",word,0.0007352531409628837,0.0007352531409628837,0.0007352531409628836,NeuralNetwork_C_undersampled
figure,text__figure,"""figure""",word,0.0007133948279281205,0.0007133948279281205,0.0007133948279281211,NeuralNetwork_C_undersampled
green,text__green,"""green""",word,0.0007131902479686395,0.0007131902479686395,0.0007131902479686395,NeuralNetwork_C_undersampled
taking,text__taking,"""taking""",word,0.0007074091737592249,-0.0007074091737592249,0.0007074091737592249,NeuralNetwork_C_undersampled
grief,text__grief,"""grief""",word,0.000693421084287663,0.000693421084287663,0.0006934210842876637,NeuralNetwork_C_undersampled
lady,text__lady,"""lady""",word,0.0006888700442432347,0.0006888700442432347,0.0006888700442432347,NeuralNetwork_C_undersampled
brought,text__brought,"""brought""",word,0.0006878127186877948,-0.0006878127186877948,0.0004978898187794961,NeuralNetwork_C_undersampled
big,text__big,"""big""",word,0.0006697527419466873,0.0006697527419466873,0.0006697527419466874,NeuralNetwork_C_undersampled
confused,text__confused,"""confused""",word,0.0006541753397462461,0.0006541753397462461,0.0006541753397462465,NeuralNetwork_C_undersampled
style,text__style,"""style""",word,0.0006480881590029571,0.0006480881590029571,0.0006480881590029572,NeuralNetwork_C_undersampled
want,text__want,"""want""",word,0.0006476281745765839,0.0006476281745765839,0.0006476281745765842,NeuralNetwork_C_undersampled
series,text__series,"""series""",word,0.0006386699089913765,0.0006386699089913765,0.0004521090303600557,NeuralNetwork_C_undersampled
cool,text__cool,"""cool""",word,0.0006369754399269346,0.0006369754399269346,0.0006369754399269346,NeuralNetwork_C_undersampled
physical,text__physical,"""physical""",word,0.0006368136400753807,0.0006368136400753807,0.0004429302797410491,NeuralNetwork_C_undersampled
finding,text__finding,"""finding""",word,0.000631747819380509,-0.0001426700439020288,0.000448883410704751,NeuralNetwork_C_undersampled
u,text__u,"""u""",word,0.0006195069992056872,0.000383779739003118,0.0005102906588425346,NeuralNetwork_C_undersampled
meaning,text__meaning,"""meaning""",word,0.0006123039702344309,0.0006123039702344309,0.0006123039702344309,NeuralNetwork_C_undersampled
literature,text__literature,"""literature""",word,0.0006116653464991585,0.0006116653464991585,0.0006116653464991586,NeuralNetwork_C_undersampled
create,text__create,"""create""",word,0.0006064686804694804,0.0006064686804694804,0.0006064686804694803,NeuralNetwork_C_undersampled
study,text__study,"""study""",word,0.0006049178439529928,0.0006049178439529928,0.0006049178439529931,NeuralNetwork_C_undersampled
added,text__added,"""added""",word,0.0006046216998360148,-0.0006046216998360148,0.0004226843311935053,NeuralNetwork_C_undersampled
charming,text__charming,"""charming""",word,0.0006038901183945491,0.0006038901183945491,0.0006038901183945491,NeuralNetwork_C_undersampled
passionate,text__passionate,"""passionate""",word,0.0005985670529820788,0.0005038826012632036,0.0005511994745194311,NeuralNetwork_C_undersampled
introduction,text__introduction,"""introduction""",word,0.0005985274887752124,0.00016846014490521787,0.0004314350446385939,NeuralNetwork_C_undersampled
element,text__element,"""element""",word,0.0005976374987481499,0.0005976374987481499,0.0004184676020405937,NeuralNetwork_C_undersampled
day,text__day,"""day""",word,0.000594823340986967,0.000594823340986967,0.000594823340986967,NeuralNetwork_C_undersampled
every,text__every,"""every""",word,0.0005930128493716881,-3.394052085979221e-05,0.0003343894283192394,NeuralNetwork_C_undersampled
yes,text__yes,"""yes""",word,0.0005867102295646458,0.0005867102295646458,0.0005867102295646459,NeuralNetwork_C_undersampled
plenty,text__plenty,"""plenty""",word,0.0005827795199708583,-0.00011195064703610755,0.00041106156453820573,NeuralNetwork_C_undersampled
published,text__published,"""published""",word,0.0005817615973369921,-0.0005817615973369921,0.0004027766006871448,NeuralNetwork_C_undersampled
together,text__together,"""together""",word,0.0005716079553410625,0.0005716079553410625,0.0005716079553410621,NeuralNetwork_C_undersampled
dealing,text__dealing,"""dealing""",word,0.0005699128343908117,-0.0005699128343908117,0.0005699128343908115,NeuralNetwork_C_undersampled
remember,text__remember,"""remember""",word,0.0005668490994170321,-0.0002173459879653732,0.00042227995342182723,NeuralNetwork_C_undersampled
quickly,text__quickly,"""quickly""",word,0.0005560055855084985,0.0005560055855084985,0.0005560055855084986,NeuralNetwork_C_undersampled
leave,text__leave,"""leave""",word,0.0005476962432001451,0.0005476962432001451,0.0005476962432001452,NeuralNetwork_C_undersampled
different,text__different,"""different""",word,0.0005443731087408717,-0.0005443731087408717,0.0005443731087408717,NeuralNetwork_C_undersampled
thin,text__thin,"""thin""",word,0.000534501551552833,0.000534501551552833,0.0005345015515528331,NeuralNetwork_C_undersampled
actually,text__actually,"""actually""",word,0.0005227843310377619,0.0003064871480104015,0.000423933469314272,NeuralNetwork_C_undersampled
shakespeare,text__shakespeare,"""shakespeare""",word,0.0005162180441866018,0.0005162180441866018,0.0005162180441866019,NeuralNetwork_C_undersampled
others,text__others,"""others""",word,0.0005078026811384359,-0.0005078026811384359,0.0004116762536017167,NeuralNetwork_C_undersampled
picture,text__picture,"""picture""",word,0.0005059741434168001,0.0005059741434168001,0.0005059741434168003,NeuralNetwork_C_undersampled
teacher,text__teacher,"""teacher""",word,0.0005051916277462893,-0.0005051916277462893,0.0003498416202232459,NeuralNetwork_C_undersampled
contains,text__contains,"""contains""",word,0.0005005574111753085,0.0005005574111753085,0.0005005574111753085,NeuralNetwork_C_undersampled
shall,text__shall,"""shall""",word,0.000500051568653571,0.000500051568653571,0.0005000515686535711,NeuralNetwork_C_undersampled
stunning,text__stunning,"""stunning""",word,0.0004918415962581977,0.0004918415962581977,0.0004918415962581978,NeuralNetwork_C_undersampled
first,text__first,"""first""",word,0.0004884153753328195,0.0004884153753328195,0.0004884153753328198,NeuralNetwork_C_undersampled
high,text__high,"""high""",word,0.00048513130974179013,-0.00019302987829469448,0.0003633182023458109,NeuralNetwork_C_undersampled
perspective,text__perspective,"""perspective""",word,0.0004842156311451122,-0.0004842156311451122,0.0003374668491812346,NeuralNetwork_C_undersampled
parent,text__parent,"""parent""",word,0.0004815802229094963,0.0004815802229094963,0.0004815802229094962,NeuralNetwork_C_undersampled
pause,text__pause,"""pause""",word,0.00047772539771851293,-0.00047772539771851293,0.0003802112626370717,NeuralNetwork_C_undersampled
anyone,text__anyone,"""anyone""",word,0.00047244513084350416,-0.00047244513084350416,0.0003341739068069816,NeuralNetwork_C_undersampled
opportunity,text__opportunity,"""opportunity""",word,0.0004705379480032337,0.00020918007664381814,0.00035877455796560776,NeuralNetwork_C_undersampled
anything,text__anything,"""anything""",word,0.0004684486681185017,0.0004684486681185017,0.00041434768586027284,NeuralNetwork_C_undersampled
street,text__street,"""street""",word,0.00046673093716515695,0.00046673093716515695,0.000466730937165157,NeuralNetwork_C_undersampled
happening,text__happening,"""happening""",word,0.0004652148562044709,0.0004652148562044709,0.00046521485620447096,NeuralNetwork_C_undersampled
memory,text__memory,"""memory""",word,0.00046012334460089366,-0.00046012334460089366,0.00046012334460089377,NeuralNetwork_C_undersampled
without,text__without,"""without""",word,0.0004566333724733988,0.0004566333724733988,0.00045663337247339877,NeuralNetwork_C_undersampled
taste,text__taste,"""taste""",word,0.00045335453653899763,0.00045335453653899763,0.00045335453653899774,NeuralNetwork_C_undersampled
date,text__date,"""date""",word,0.000452316028895533,0.000452316028895533,0.0004523160288955332,NeuralNetwork_C_undersampled
haunting,text__haunting,"""haunting""",word,0.0004488952261641609,0.0004488952261641609,0.00027873579861644913,NeuralNetwork_C_undersampled
hand,text__hand,"""hand""",word,0.0004427165899770422,-0.0004427165899770422,0.00044271658997704227,NeuralNetwork_C_undersampled
instead,text__instead,"""instead""",word,0.00044140583646208836,0.00016804471796957624,0.0003285077303001803,NeuralNetwork_C_undersampled
raw,text__raw,"""raw""",word,0.0004348206063626999,-0.0004348206063626999,0.0004348206063626999,NeuralNetwork_C_undersampled
mixed,text__mixed,"""mixed""",word,0.00042249794715686984,0.00042249794715686984,0.0004224979471568701,NeuralNetwork_C_undersampled
play,text__play,"""play""",word,0.0004161468293637632,0.0004161468293637632,0.0004161468293637634,NeuralNetwork_C_undersampled
question,text__question,"""question""",word,0.00041546856180792684,0.00041546856180792684,0.00041546856180792684,NeuralNetwork_C_undersampled
let,text__let,"""let""",word,0.00041158955307827623,0.00041158955307827623,0.0004115895530782763,NeuralNetwork_C_undersampled
avg_word_len,numeric__avg_word_len,avg_word_len,numeric,0.0004091390903570845,-0.0004091390903570845,0.00040913909035708465,NeuralNetwork_C_undersampled
event,text__event,"""event""",word,0.00040706893950660577,0.00040706893950660577,0.00040706893950660594,NeuralNetwork_C_undersampled
canto,text__canto,"""canto""",word,0.0004026965275392895,-0.0004026965275392895,0.00040269652753928956,NeuralNetwork_C_undersampled
left,text__left,"""left""",word,0.00040197969171644303,0.00040197969171644303,0.00040197969171644303,NeuralNetwork_C_undersampled
season,text__season,"""season""",word,0.00040075355124259373,-0.00040075355124259373,0.0003298582124698263,NeuralNetwork_C_undersampled
male,text__male,"""male""",word,0.00039452793782820316,0.00039452793782820316,0.00039452793782820305,NeuralNetwork_C_undersampled
would,text__would,"""would""",word,0.0003895905953875418,0.0003895905953875418,0.00038959059538754194,NeuralNetwork_C_undersampled
decided,text__decided,"""decided""",word,0.0003878896920806599,-0.0003878896920806599,0.0003878896920806599,NeuralNetwork_C_undersampled
believe,text__believe,"""believe""",word,0.00038372284590099576,-0.00038372284590099576,0.0003837228459009959,NeuralNetwork_C_undersampled
okay,text__okay,"""okay""",word,0.00038004341822791063,-0.00038004341822791063,0.00022404580389073263,NeuralNetwork_C_undersampled
hidden,text__hidden,"""hidden""",word,0.0003762314223582056,-0.0003762314223582056,0.00037623142235820536,NeuralNetwork_C_undersampled
suck,text__suck,"""suck""",word,0.00037355447573118525,-0.00037355447573118525,0.0002591303672527079,NeuralNetwork_C_undersampled
two,text__two,"""two""",word,0.0003732064063068324,0.0003732064063068324,0.00037320640630683253,NeuralNetwork_C_undersampled
forward,text__forward,"""forward""",word,0.00036554559482336016,-0.00036554559482336016,0.0003655455948233601,NeuralNetwork_C_undersampled
narrative,text__narrative,"""narrative""",word,0.00036459083567711917,-0.00036459083567711917,0.00036459083567711906,NeuralNetwork_C_undersampled
kind,text__kind,"""kind""",word,0.000358172370869487,-0.000358172370869487,0.000358172370869487,NeuralNetwork_C_undersampled
beautiful,text__beautiful,"""beautiful""",word,0.0003572170531821502,-0.0003572170531821502,0.00026330666071531464,NeuralNetwork_C_undersampled
reference,text__reference,"""reference""",word,0.0003553890859909854,-0.0003553890859909854,0.0002489875866785535,NeuralNetwork_C_undersampled
hey,text__hey,"""hey""",word,0.00035137581558398236,-0.00035137581558398236,0.0003513758155839824,NeuralNetwork_C_undersampled
passion,text__passion,"""passion""",word,0.0003491625400968732,0.0003491625400968732,0.00034916254009687323,NeuralNetwork_C_undersampled
wood,text__wood,"""wood""",word,0.00034909766009074295,0.00034909766009074295,0.00034909766009074284,NeuralNetwork_C_undersampled
kaur,text__kaur,"""kaur""",word,0.00034701330308978625,-0.00034701330308978625,0.00034701330308978614,NeuralNetwork_C_undersampled
ask,text__ask,"""ask""",word,0.0003458576266576045,-0.0003458576266576045,0.00024162229261769663,NeuralNetwork_C_undersampled
however,text__however,"""however""",word,0.000343090994829522,7.378815475262973e-05,0.00024318198941513798,NeuralNetwork_C_undersampled
ca,text__ca,"""ca""",word,0.00034198615940850903,4.279109625360966e-05,0.00023851650207424194,NeuralNetwork_C_undersampled
bit,text__bit,"""bit""",word,0.0003399980541570556,-0.0003399980541570556,0.0002656097542136944,NeuralNetwork_C_undersampled
note,text__note,"""note""",word,0.0003394837132475698,0.0003394837132475698,0.0003394837132475695,NeuralNetwork_C_undersampled
stream,text__stream,"""stream""",word,0.0003378614371938257,0.00010433531511120602,0.00024550605712192215,NeuralNetwork_C_undersampled
everything,text__everything,"""everything""",word,0.00033401740885378794,8.116439716756797e-05,0.0002383180042097827,NeuralNetwork_C_undersampled
sitting,text__sitting,"""sitting""",word,0.000329730083190439,-0.000329730083190439,0.00032973008319043916,NeuralNetwork_C_undersampled
interesting,text__interesting,"""interesting""",word,0.0003292094806044529,-0.0003292094806044529,0.00032920948060445284,NeuralNetwork_C_undersampled
told,text__told,"""told""",word,0.00032684849028335295,-0.00032684849028335295,0.00022911718407410964,NeuralNetwork_C_undersampled
one,text__one,"""one""",word,0.0003247551738075642,0.0003247551738075642,0.0003247551738075641,NeuralNetwork_C_undersampled
existence,text__existence,"""existence""",word,0.00032034308774863177,3.647334553663988e-05,0.000223098758767933,NeuralNetwork_C_undersampled
needed,text__needed,"""needed""",word,0.00031934135860429465,-0.00011620941176355184,0.00023625920410474496,NeuralNetwork_C_undersampled
emerson,text__emerson,"""emerson""",word,0.00031889784031861645,1.271464194192721e-05,0.00019765535848337488,NeuralNetwork_C_undersampled
hold,text__hold,"""hold""",word,0.00031733157919298043,-0.00031733157919298043,0.0002549450125186975,NeuralNetwork_C_undersampled
jack,text__jack,"""jack""",word,0.00031421171291065537,-0.00031421171291065537,0.0003142117129106554,NeuralNetwork_C_undersampled
opened,text__opened,"""opened""",word,0.0003125327522943781,0.0003125327522943781,0.0003125327522943781,NeuralNetwork_C_undersampled
crazy,text__crazy,"""crazy""",word,0.00031217220895757254,-0.00031217220895757254,0.0003121722089575727,NeuralNetwork_C_undersampled
finished,text__finished,"""finished""",word,0.00031061039212111906,-0.00031061039212111906,0.0003106103921211192,NeuralNetwork_C_undersampled
unfortunately,text__unfortunately,"""unfortunately""",word,0.00031060318333212797,0.00029670706372271705,0.00030343244305145736,NeuralNetwork_C_undersampled
make,text__make,"""make""",word,0.0003086689781806654,-0.0003086689781806654,0.00030866897818066543,NeuralNetwork_C_undersampled
weird,text__weird,"""weird""",word,0.0003072364995173133,-0.0003072364995173133,0.0003072364995173133,NeuralNetwork_C_undersampled
world,text__world,"""world""",word,0.0003055892406225669,0.0003055892406225669,0.00030558924062256695,NeuralNetwork_C_undersampled
breaking,text__breaking,"""breaking""",word,0.00030224137320420037,-0.00030224137320420037,0.00024673297923249565,NeuralNetwork_C_undersampled
afraid,text__afraid,"""afraid""",word,0.0003014714555154602,-0.0003014714555154602,0.0003014714555154602,NeuralNetwork_C_undersampled
please,text__please,"""please""",word,0.0003007608805001079,-0.0003007608805001079,0.0003007608805001079,NeuralNetwork_C_undersampled
ever,text__ever,"""ever""",word,0.00030017541077062695,-0.00030017541077062695,0.00030017541077062695,NeuralNetwork_C_undersampled
woman,text__woman,"""woman""",word,0.0002997996661887177,-0.0002997996661887177,0.00029979966618871764,NeuralNetwork_C_undersampled
return,text__return,"""return""",word,0.0002966666180665316,0.0002966666180665316,0.0002966666180665317,NeuralNetwork_C_undersampled
tired,text__tired,"""tired""",word,0.00029602879648038966,-0.00029602879648038966,0.00029602879648038977,NeuralNetwork_C_undersampled
reread,text__reread,"""reread""",word,0.00029332557048928194,-0.00029332557048928194,0.00029332557048928194,NeuralNetwork_C_undersampled
write,text__write,"""write""",word,0.00029184938426797953,0.00029184938426797953,0.0002918493842679796,NeuralNetwork_C_undersampled
eye,text__eye,"""eye""",word,0.0002863434574164392,-0.0002863434574164392,0.00028634345741643914,NeuralNetwork_C_undersampled
white,text__white,"""white""",word,0.00028534352200054817,-0.00028534352200054817,0.00028534352200054833,NeuralNetwork_C_undersampled
review,text__review,"""review""",word,0.0002822388302243066,-0.0002822388302243066,0.00028223883022430676,NeuralNetwork_C_undersampled
fun,text__fun,"""fun""",word,0.0002818658463260123,-0.0002818658463260123,0.0002818658463260123,NeuralNetwork_C_undersampled
rupi,text__rupi,"""rupi""",word,0.0002808451098119988,-0.0002808451098119988,0.00028084510981199874,NeuralNetwork_C_undersampled
unique,text__unique,"""unique""",word,0.00027964744436791096,-0.00027964744436791096,0.0002796474443679109,NeuralNetwork_C_undersampled
passage,text__passage,"""passage""",word,0.00027959453949675736,-0.00010205699572533057,0.0002069332738703578,NeuralNetwork_C_undersampled
award,text__award,"""award""",word,0.0002785663242935726,-0.0002785663242935726,0.00027856632429357263,NeuralNetwork_C_undersampled
user_reviews,numeric__user_reviews,user_reviews,numeric,0.0002730522028801345,-0.0002730522028801345,0.0002730522028801345,NeuralNetwork_C_undersampled
watch,text__watch,"""watch""",word,0.00027222089571289724,-0.00027222089571289724,0.00027222089571289735,NeuralNetwork_C_undersampled
inspire,text__inspire,"""inspire""",word,0.00026905508639441113,-0.00026905508639441113,0.0002690550863944111,NeuralNetwork_C_undersampled
going,text__going,"""going""",word,0.0002648652612637976,-0.0002648652612637976,0.0002648652612637975,NeuralNetwork_C_undersampled
beauty,text__beauty,"""beauty""",word,0.00026483003559783146,-0.00026483003559783146,0.0002648300355978315,NeuralNetwork_C_undersampled
often,text__often,"""often""",word,0.0002643194228457175,-0.0002643194228457175,0.00022135743892879152,NeuralNetwork_C_undersampled
kiss,text__kiss,"""kiss""",word,0.00026088451387029963,0.00026088451387029963,0.00026088451387029963,NeuralNetwork_C_undersampled
think,text__think,"""think""",word,0.0002595755478748362,-0.0002595755478748362,0.00018481608566907408,NeuralNetwork_C_undersampled
analysis,text__analysis,"""analysis""",word,0.00025829757122754817,0.00025829757122754817,0.0002582975712275481,NeuralNetwork_C_undersampled
night,text__night,"""night""",word,0.0002568181354258234,-0.0002568181354258234,0.00025681813542582346,NeuralNetwork_C_undersampled
work,text__work,"""work""",word,0.0002554389860425649,-0.0002554389860425649,0.000255438986042565,NeuralNetwork_C_undersampled
missed,text__missed,"""missed""",word,0.00025356152698227685,-0.00025356152698227685,0.00025356152698227685,NeuralNetwork_C_undersampled
small,text__small,"""small""",word,0.0002502194593049937,-0.0002502194593049937,0.00025021945930499387,NeuralNetwork_C_undersampled
fair,text__fair,"""fair""",word,0.0002501911122545811,-0.0002501911122545811,0.00025019111225458126,NeuralNetwork_C_undersampled
man,text__man,"""man""",word,0.00024225040717567646,-0.00024225040717567646,0.00024225040717567654,NeuralNetwork_C_undersampled
fall,text__fall,"""fall""",word,0.0002421873481469186,-0.0002421873481469186,0.00024218734814691857,NeuralNetwork_C_undersampled
rating_diff,numeric__rating_diff,rating_diff,numeric,0.0002420122789823815,-0.0002420122789823815,0.00024201227898238158,NeuralNetwork_C_undersampled
using,text__using,"""using""",word,0.00023891638402697717,-0.00023891638402697717,0.00023891638402697717,NeuralNetwork_C_undersampled
feminism,text__feminism,"""feminism""",word,0.0002389091530489411,-0.0002389091530489411,0.0002389091530489412,NeuralNetwork_C_undersampled
wife,text__wife,"""wife""",word,0.0002384711916043375,0.0002384711916043375,0.00023847119160433754,NeuralNetwork_C_undersampled
grade,text__grade,"""grade""",word,0.0002380583905379934,0.0002380583905379934,0.00017810516707511195,NeuralNetwork_C_undersampled
floor,text__floor,"""floor""",word,0.00023653030915230888,-0.00023653030915230888,0.0002365303091523089,NeuralNetwork_C_undersampled
stage,text__stage,"""stage""",word,0.00022109023230875704,-0.00022109023230875704,0.000221090232308757,NeuralNetwork_C_undersampled
also,text__also,"""also""",word,0.00021515719057582853,0.00021515719057582853,0.00021515719057582856,NeuralNetwork_C_undersampled
filled,text__filled,"""filled""",word,0.000211059151428803,-0.000211059151428803,0.00021105915142880305,NeuralNetwork_C_undersampled
caught,text__caught,"""caught""",word,0.00020912018834830934,-0.00020912018834830934,0.00020912018834830947,NeuralNetwork_C_undersampled
else,text__else,"""else""",word,0.00020822916943479897,0.00020822916943479897,0.00020822916943479902,NeuralNetwork_C_undersampled
evil,text__evil,"""evil""",word,0.00020399316089941464,0.00020399316089941464,0.00020399316089941467,NeuralNetwork_C_undersampled
epic,text__epic,"""epic""",word,0.00020360442738742352,-0.00020360442738742352,0.00020360442738742352,NeuralNetwork_C_undersampled
know,text__know,"""know""",word,0.0002035908217796329,0.0002035908217796329,0.00020359082177963294,NeuralNetwork_C_undersampled
huge,text__huge,"""huge""",word,0.00020226612209667898,-0.00020226612209667898,0.00020226612209667884,NeuralNetwork_C_undersampled
online,text__online,"""online""",word,0.00020149293535267948,1.6114439992149826e-05,0.0001398305706269209,NeuralNetwork_C_undersampled
roll,text__roll,"""roll""",word,0.00020118461914397334,-0.00020118461914397334,0.00020118461914397334,NeuralNetwork_C_undersampled
kept,text__kept,"""kept""",word,0.0001998534307405658,-0.0001998534307405658,0.00019985343074056588,NeuralNetwork_C_undersampled
describes,text__describes,"""describes""",word,0.00019984267579414294,-0.00019984267579414294,0.0001998426757941429,NeuralNetwork_C_undersampled
public,text__public,"""public""",word,0.00019875338723769013,0.00019875338723769013,0.00019875338723769016,NeuralNetwork_C_undersampled
girl,text__girl,"""girl""",word,0.00019722239506915406,-0.00019722239506915406,0.00019722239506915414,NeuralNetwork_C_undersampled
key,text__key,"""key""",word,0.00019469242817008023,0.00019469242817008023,0.0001946924281700803,NeuralNetwork_C_undersampled
phrase,text__phrase,"""phrase""",word,0.00019151392665930507,0.00019151392665930507,0.0001915139266593051,NeuralNetwork_C_undersampled
boring,text__boring,"""boring""",word,0.0001899625231081906,-0.0001899625231081906,0.0001899625231081906,NeuralNetwork_C_undersampled
rain,text__rain,"""rain""",word,0.00018759229935757607,-0.00018759229935757607,0.0001875922993575761,NeuralNetwork_C_undersampled
mention,text__mention,"""mention""",word,0.00018743765851940894,-0.00018743765851940894,0.00018743765851940883,NeuralNetwork_C_undersampled
turned,text__turned,"""turned""",word,0.00018684307820926956,-0.00018684307820926956,0.00018684307820926959,NeuralNetwork_C_undersampled
writing,text__writing,"""writing""",word,0.00018257452477627443,0.00018257452477627443,0.0001825745247762745,NeuralNetwork_C_undersampled
wrote,text__wrote,"""wrote""",word,0.00017960698629776884,0.00017960698629776884,0.0001796069862977688,NeuralNetwork_C_undersampled
basketball,text__basketball,"""basketball""",word,0.00017930833240500333,-0.00017930833240500333,0.00017930833240500333,NeuralNetwork_C_undersampled
user_rating,numeric__user_rating,user_rating,numeric,0.0001777547188774605,-0.0001777547188774605,0.00017775471887746035,NeuralNetwork_C_undersampled
look,text__look,"""look""",word,0.00017592548120135592,-0.00017592548120135592,0.000175925481201356,NeuralNetwork_C_undersampled
heart,text__heart,"""heart""",word,0.00017424387712310148,-0.00017424387712310148,0.0001742438771231016,NeuralNetwork_C_undersampled
fan,text__fan,"""fan""",word,0.0001727271190204964,-0.0001727271190204964,0.00017272711902049654,NeuralNetwork_C_undersampled
true,text__true,"""true""",word,0.00017167300751978374,0.00017167300751978374,0.00017167300751978363,NeuralNetwork_C_undersampled
five,text__five,"""five""",word,0.0001706767670900685,-0.0001706767670900685,0.00017067676709006847,NeuralNetwork_C_undersampled
today,text__today,"""today""",word,0.00017058360795801943,-0.00017058360795801943,0.0001705836079580195,NeuralNetwork_C_undersampled
particular,text__particular,"""particular""",word,0.00017041350236571978,0.00017041350236571978,0.00017041350236571978,NeuralNetwork_C_undersampled
curious,text__curious,"""curious""",word,0.0001698537215524467,-0.0001698537215524467,0.00016985372155244667,NeuralNetwork_C_undersampled
profound,text__profound,"""profound""",word,0.00016735192487178524,0.00016735192487178524,0.00016735192487178527,NeuralNetwork_C_undersampled
connect,text__connect,"""connect""",word,0.00016657216985205194,-0.00016657216985205194,0.00016657216985205197,NeuralNetwork_C_undersampled
yet,text__yet,"""yet""",word,0.0001623350607616831,-0.0001326523731210484,0.00014759510075132301,NeuralNetwork_C_undersampled
body,text__body,"""body""",word,0.00016115941740183642,-0.00016115941740183642,0.00016115941740183645,NeuralNetwork_C_undersampled
apparently,text__apparently,"""apparently""",word,0.00015766187806193977,0.00015766187806193977,0.00015766187806193972,NeuralNetwork_C_undersampled
character,text__character,"""character""",word,0.00015619275475121843,-0.00015619275475121843,0.00010818467974088284,NeuralNetwork_C_undersampled
got,text__got,"""got""",word,0.0001548153681566326,0.0001548153681566326,0.0001548153681566326,NeuralNetwork_C_undersampled
offer,text__offer,"""offer""",word,0.00015193734617618016,0.00015193734617618016,0.00015193734617618022,NeuralNetwork_C_undersampled
take,text__take,"""take""",word,0.0001449201119365759,-0.0001449201119365759,0.00014492011193657596,NeuralNetwork_C_undersampled
drug,text__drug,"""drug""",word,0.00014477853242333182,-0.00014477853242333182,0.00014477853242333177,NeuralNetwork_C_undersampled
writes,text__writes,"""writes""",word,0.00014364357352011412,0.00014364357352011412,0.00014364357352011412,NeuralNetwork_C_undersampled
truth,text__truth,"""truth""",word,0.00013980017158659471,-0.00013980017158659471,0.00013980017158659474,NeuralNetwork_C_undersampled
year,text__year,"""year""",word,0.00013800871156800128,-0.00013800871156800128,0.00013800871156800126,NeuralNetwork_C_undersampled
thing,text__thing,"""thing""",word,0.000134373130828307,-0.000134373130828307,0.00013437313082830703,NeuralNetwork_C_undersampled
neruda,text__neruda,"""neruda""",word,0.00013374681244314227,0.00013374681244314227,0.0001337468124431423,NeuralNetwork_C_undersampled
action,text__action,"""action""",word,0.00012847991581245875,0.00012847991581245875,0.00012847991581245888,NeuralNetwork_C_undersampled
lot,text__lot,"""lot""",word,0.00012529365529957836,-0.00012529365529957836,0.0001252936552995784,NeuralNetwork_C_undersampled
line,text__line,"""line""",word,0.0001245288742065376,-0.0001245288742065376,0.00012452887420653753,NeuralNetwork_C_undersampled
loved,text__loved,"""loved""",word,0.00011802705640791027,-0.00011802705640791027,0.00011802705640791026,NeuralNetwork_C_undersampled
performance,text__performance,"""performance""",word,0.00011762191479018894,-0.00011762191479018894,0.00011762191479018897,NeuralNetwork_C_undersampled
pop,text__pop,"""pop""",word,0.00011574872868310483,-0.00011574872868310483,0.00011574872868310483,NeuralNetwork_C_undersampled
use,text__use,"""use""",word,0.00011563416494221415,-0.00011563416494221415,0.00011563416494221413,NeuralNetwork_C_undersampled
sent,text__sent,"""sent""",word,0.00011266574627544771,0.00011266574627544771,0.00011266574627544771,NeuralNetwork_C_undersampled
library,text__library,"""library""",word,0.00011191644056103788,-0.00011191644056103788,0.00011191644056103788,NeuralNetwork_C_undersampled
purpose,text__purpose,"""purpose""",word,0.0001086106696568731,-0.0001086106696568731,0.00010861066965687313,NeuralNetwork_C_undersampled
might,text__might,"""might""",word,0.00010814270697092632,-0.00010814270697092632,0.00010814270697092627,NeuralNetwork_C_undersampled
flower,text__flower,"""flower""",word,0.00010553595547483701,-0.00010553595547483701,8.274496948509007e-05,NeuralNetwork_C_undersampled
hamlet,text__hamlet,"""hamlet""",word,0.00010356935759988854,-0.00010356935759988854,0.0001035693575998886,NeuralNetwork_C_undersampled
spirit,text__spirit,"""spirit""",word,0.0001014330371840804,0.0001014330371840804,0.00010143303718408043,NeuralNetwork_C_undersampled
consider,text__consider,"""consider""",word,9.999190408098896e-05,-9.999190408098896e-05,9.999190408098894e-05,NeuralNetwork_C_undersampled
setting,text__setting,"""setting""",word,9.947125256094026e-05,9.947125256094026e-05,9.947125256094026e-05,NeuralNetwork_C_undersampled
toward,text__toward,"""toward""",word,9.800179037988985e-05,9.800179037988985e-05,9.800179037988993e-05,NeuralNetwork_C_undersampled
drinking,text__drinking,"""drinking""",word,9.704696893396925e-05,-9.704696893396925e-05,9.704696893396926e-05,NeuralNetwork_C_undersampled
side,text__side,"""side""",word,9.64128077642897e-05,-9.64128077642897e-05,9.641280776428974e-05,NeuralNetwork_C_undersampled
hole,text__hole,"""hole""",word,9.431717581556339e-05,-9.431717581556339e-05,9.43171758155634e-05,NeuralNetwork_C_undersampled
length,text__length,"""length""",word,9.305363588396158e-05,-9.305363588396158e-05,9.30536358839616e-05,NeuralNetwork_C_undersampled
mary,text__mary,"""mary""",word,9.110193828756057e-05,-9.110193828756057e-05,9.110193828756052e-05,NeuralNetwork_C_undersampled
certain,text__certain,"""certain""",word,8.71599304127299e-05,8.71599304127299e-05,8.715993041272992e-05,NeuralNetwork_C_undersampled
fact,text__fact,"""fact""",word,8.524207323923638e-05,8.524207323923638e-05,8.524207323923641e-05,NeuralNetwork_C_undersampled
least,text__least,"""least""",word,8.226549435559963e-05,8.226549435559963e-05,8.22654943555996e-05,NeuralNetwork_C_undersampled
everyone,text__everyone,"""everyone""",word,7.890737573122957e-05,-7.890737573122957e-05,7.890737573122956e-05,NeuralNetwork_C_undersampled
away,text__away,"""away""",word,7.560793087277769e-05,-7.560793087277769e-05,7.56079308727777e-05,NeuralNetwork_C_undersampled
dialogue,text__dialogue,"""dialogue""",word,6.208006568929381e-05,6.208006568929381e-05,6.208006568929378e-05,NeuralNetwork_C_undersampled
thinking,text__thinking,"""thinking""",word,6.018628431676273e-05,-6.018628431676273e-05,6.0186284316762736e-05,NeuralNetwork_C_undersampled
joy,text__joy,"""joy""",word,6.0060805781822584e-05,-6.0060805781822584e-05,6.0060805781822645e-05,NeuralNetwork_C_undersampled
none,text__none,"""none""",word,5.627749708440918e-05,-5.627749708440918e-05,5.62774970844092e-05,NeuralNetwork_C_undersampled
written,text__written,"""written""",word,5.4568956471086534e-05,5.4568956471086534e-05,5.456895647108654e-05,NeuralNetwork_C_undersampled
sentence,text__sentence,"""sentence""",word,5.2400087069353605e-05,-5.2400087069353605e-05,5.240008706935361e-05,NeuralNetwork_C_undersampled
called,text__called,"""called""",word,5.183585109873158e-05,5.183585109873158e-05,5.1835851098731586e-05,NeuralNetwork_C_undersampled
bloom,text__bloom,"""bloom""",word,5.1434421928502664e-05,-5.1434421928502664e-05,5.1434421928502644e-05,NeuralNetwork_C_undersampled
adult,text__adult,"""adult""",word,4.971715928233451e-05,-4.971715928233451e-05,4.9717159282334486e-05,NeuralNetwork_C_undersampled
pct_adj,numeric__pct_adj,pct_adj,numeric,4.736060492846141e-05,-4.736060492846141e-05,4.736060492846141e-05,NeuralNetwork_C_undersampled
finish,text__finish,"""finish""",word,4.2063587194112954e-05,4.2063587194112954e-05,4.2063587194112934e-05,NeuralNetwork_C_undersampled
core,text__core,"""core""",word,4.11683188793412e-05,-4.11683188793412e-05,4.11683188793412e-05,NeuralNetwork_C_undersampled
ship,text__ship,"""ship""",word,3.720967572864298e-05,-3.720967572864298e-05,3.720967572864297e-05,NeuralNetwork_C_undersampled
though,text__though,"""though""",word,3.298609762165078e-05,-3.298609762165078e-05,3.298609762165078e-05,NeuralNetwork_C_undersampled
voice,text__voice,"""voice""",word,3.1086081461485195e-05,-3.1086081461485195e-05,3.1086081461485215e-05,NeuralNetwork_C_undersampled
wall,text__wall,"""wall""",word,1.3191974632867545e-05,-1.3191974632867545e-05,1.3191974632867548e-05,NeuralNetwork_C_undersampled
except,text__except,"""except""",word,1.3131846515363096e-05,-1.3131846515363096e-05,1.3131846515363101e-05,NeuralNetwork_C_undersampled
reason,text__reason,"""reason""",word,1.1177264726688087e-05,1.1177264726688087e-05,1.1177264726688079e-05,NeuralNetwork_C_undersampled
otherwise,text__otherwise,"""otherwise""",word,1.0237691317384945e-05,-1.0237691317384945e-05,1.0237691317384943e-05,NeuralNetwork_C_undersampled
theme,text__theme,"""theme""",word,1.0108728875848673e-05,-1.0108728875848673e-05,1.0108728875848673e-05,NeuralNetwork_C_undersampled
dead,text__dead,"""dead""",word,5.735466206846825e-06,-5.735466206846825e-06,5.73546620684683e-06,NeuralNetwork_C_undersampled
looked,text__looked,"""looked""",word,4.315580601316388e-06,4.315580601316388e-06,4.315580601316389e-06,NeuralNetwork_C_undersampled
punch,text__punch,"""punch""",word,0.0,0.0,0.0,NeuralNetwork_C_undersampled
realize,text__realize,"""realize""",word,0.0,0.0,0.0,NeuralNetwork_C_undersampled
reality,text__reality,"""reality""",word,0.0,0.0,0.0,NeuralNetwork_C_undersampled
real,text__real,"""real""",word,0.0,0.0,0.0,NeuralNetwork_C_undersampled
pulled,text__pulled,"""pulled""",word,0.0,0.0,0.0,NeuralNetwork_C_undersampled
pull,text__pull,"""pull""",word,0.0,0.0,0.0,NeuralNetwork_C_undersampled
realized,text__realized,"""realized""",word,0.0,0.0,0.0,NeuralNetwork_C_undersampled
publishing,text__publishing,"""publishing""",word,0.0,0.0,0.0,NeuralNetwork_C_undersampled
really,text__really,"""really""",word,0.0,0.0,0.0,NeuralNetwork_C_undersampled
publisher,text__publisher,"""publisher""",word,0.0,0.0,0.0,NeuralNetwork_C_undersampled
prufrock,text__prufrock,"""prufrock""",word,0.0,0.0,0.0,NeuralNetwork_C_undersampled
punctuation,text__punctuation,"""punctuation""",word,0.0,0.0,0.0,NeuralNetwork_C_undersampled
regret,text__regret,"""regret""",word,0.0,0.0,0.0,NeuralNetwork_C_undersampled
probably,text__probably,"""probably""",word,0.0,0.0,0.0,NeuralNetwork_C_undersampled
prison,text__prison,"""prison""",word,0.0,0.0,0.0,NeuralNetwork_C_undersampled
relatable,text__relatable,"""relatable""",word,0.0,0.0,0.0,NeuralNetwork_C_undersampled
relate,text__relate,"""relate""",word,0.0,0.0,0.0,NeuralNetwork_C_undersampled
related,text__related,"""related""",word,0.0,0.0,0.0,NeuralNetwork_C_undersampled
princess,text__princess,"""princess""",word,0.0,0.0,0.0,NeuralNetwork_C_undersampled
relationship,text__relationship,"""relationship""",word,0.0,0.0,0.0,NeuralNetwork_C_undersampled
release,text__release,"""release""",word,0.0,0.0,0.0,NeuralNetwork_C_undersampled
ready,text__ready,"""ready""",word,0.0,0.0,0.0,NeuralNetwork_C_undersampled
prince,text__prince,"""prince""",word,0.0,0.0,0.0,NeuralNetwork_C_undersampled
quick,text__quick,"""quick""",word,0.0,0.0,0.0,NeuralNetwork_C_undersampled
queen,text__queen,"""queen""",word,0.0,0.0,0.0,NeuralNetwork_C_undersampled
read,text__read,"""read""",word,0.0,0.0,0.0,NeuralNetwork_C_undersampled
reader,text__reader,"""reader""",word,0.0,0.0,0.0,NeuralNetwork_C_undersampled
putting,text__putting,"""putting""",word,0.0,0.0,0.0,NeuralNetwork_C_undersampled
recall,text__recall,"""recall""",word,0.0,0.0,0.0,NeuralNetwork_C_undersampled
put,text__put,"""put""",word,0.0,0.0,0.0,NeuralNetwork_C_undersampled
pure,text__pure,"""pure""",word,0.0,0.0,0.0,NeuralNetwork_C_undersampled
reaction,text__reaction,"""reaction""",word,0.0,0.0,0.0,NeuralNetwork_C_undersampled
race,text__race,"""race""",word,0.0,0.0,0.0,NeuralNetwork_C_undersampled
appeal,text__appeal,"""appeal""",word,0.0,0.0,0.0,NeuralNetwork_C_undersampled
r,text__r,"""r""",word,0.0,0.0,0.0,NeuralNetwork_C_undersampled
appear,text__appear,"""appear""",word,0.0,0.0,0.0,NeuralNetwork_C_undersampled
appears,text__appears,"""appears""",word,0.0,0.0,0.0,NeuralNetwork_C_undersampled
quote,text__quote,"""quote""",word,0.0,0.0,0.0,NeuralNetwork_C_undersampled
appreciate,text__appreciate,"""appreciate""",word,0.0,0.0,0.0,NeuralNetwork_C_undersampled
appreciated,text__appreciated,"""appreciated""",word,0.0,0.0,0.0,NeuralNetwork_C_undersampled
provided,text__provided,"""provided""",word,0.0,0.0,0.0,NeuralNetwork_C_undersampled
approach,text__approach,"""approach""",word,0.0,0.0,0.0,NeuralNetwork_C_undersampled
rare,text__rare,"""rare""",word,0.0,0.0,0.0,NeuralNetwork_C_undersampled
reached,text__reached,"""reached""",word,0.0,0.0,0.0,NeuralNetwork_C_undersampled
rarely,text__rarely,"""rarely""",word,0.0,0.0,0.0,NeuralNetwork_C_undersampled
reach,text__reach,"""reach""",word,0.0,0.0,0.0,NeuralNetwork_C_undersampled
rating,text__rating,"""rating""",word,0.0,0.0,0.0,NeuralNetwork_C_undersampled
rather,text__rather,"""rather""",word,0.0,0.0,0.0,NeuralNetwork_C_undersampled
rate,text__rate,"""rate""",word,0.0,0.0,0.0,NeuralNetwork_C_undersampled
quiet,text__quiet,"""quiet""",word,0.0,0.0,0.0,NeuralNetwork_C_undersampled
provides,text__provides,"""provides""",word,0.0,0.0,0.0,NeuralNetwork_C_undersampled
received,text__received,"""received""",word,0.0,0.0,0.0,NeuralNetwork_C_undersampled
anymore,text__anymore,"""anymore""",word,0.0,0.0,0.0,NeuralNetwork_C_undersampled
anthology,text__anthology,"""anthology""",word,0.0,0.0,0.0,NeuralNetwork_C_undersampled
another,text__another,"""another""",word,0.0,0.0,0.0,NeuralNetwork_C_undersampled
anne,text__anne,"""anne""",word,0.0,0.0,0.0,NeuralNetwork_C_undersampled
recent,text__recent,"""recent""",word,0.0,0.0,0.0,NeuralNetwork_C_undersampled
recently,text__recently,"""recently""",word,0.0,0.0,0.0,NeuralNetwork_C_undersampled
racism,text__racism,"""racism""",word,0.0,0.0,0.0,NeuralNetwork_C_undersampled
rape,text__rape,"""rape""",word,0.0,0.0,0.0,NeuralNetwork_C_undersampled
recommend,text__recommend,"""recommend""",word,0.0,0.0,0.0,NeuralNetwork_C_undersampled
anyway,text__anyway,"""anyway""",word,0.0,0.0,0.0,NeuralNetwork_C_undersampled
rankine,text__rankine,"""rankine""",word,0.0,0.0,0.0,NeuralNetwork_C_undersampled
range,text__range,"""range""",word,0.0,0.0,0.0,NeuralNetwork_C_undersampled
apart,text__apart,"""apart""",word,0.0,0.0,0.0,NeuralNetwork_C_undersampled
random,text__random,"""random""",word,0.0,0.0,0.0,NeuralNetwork_C_undersampled
raise,text__raise,"""raise""",word,0.0,0.0,0.0,NeuralNetwork_C_undersampled
rage,text__rage,"""rage""",word,0.0,0.0,0.0,NeuralNetwork_C_undersampled
recognize,text__recognize,"""recognize""",word,0.0,0.0,0.0,NeuralNetwork_C_undersampled
searching,text__searching,"""searching""",word,0.0,0.0,0.0,NeuralNetwork_C_undersampled
second,text__second,"""second""",word,0.0,0.0,0.0,NeuralNetwork_C_undersampled
secret,text__secret,"""secret""",word,0.0,0.0,0.0,NeuralNetwork_C_undersampled
section,text__section,"""section""",word,0.0,0.0,0.0,NeuralNetwork_C_undersampled
seeing,text__seeing,"""seeing""",word,0.0,0.0,0.0,NeuralNetwork_C_undersampled
seek,text__seek,"""seek""",word,0.0,0.0,0.0,NeuralNetwork_C_undersampled
root,text__root,"""root""",word,0.0,0.0,0.0,NeuralNetwork_C_undersampled
rose,text__rose,"""rose""",word,0.0,0.0,0.0,NeuralNetwork_C_undersampled
rough,text__rough,"""rough""",word,0.0,0.0,0.0,NeuralNetwork_C_undersampled
round,text__round,"""round""",word,0.0,0.0,0.0,NeuralNetwork_C_undersampled
rule,text__rule,"""rule""",word,0.0,0.0,0.0,NeuralNetwork_C_undersampled
rumi,text__rumi,"""rumi""",word,0.0,0.0,0.0,NeuralNetwork_C_undersampled
prize,text__prize,"""prize""",word,0.0,0.0,0.0,NeuralNetwork_C_undersampled
running,text__running,"""running""",word,0.0,0.0,0.0,NeuralNetwork_C_undersampled
sadly,text__sadly,"""sadly""",word,0.0,0.0,0.0,NeuralNetwork_C_undersampled
sadness,text__sadness,"""sadness""",word,0.0,0.0,0.0,NeuralNetwork_C_undersampled
safe,text__safe,"""safe""",word,0.0,0.0,0.0,NeuralNetwork_C_undersampled
sake,text__sake,"""sake""",word,0.0,0.0,0.0,NeuralNetwork_C_undersampled
salt,text__salt,"""salt""",word,0.0,0.0,0.0,NeuralNetwork_C_undersampled
sarah,text__sarah,"""sarah""",word,0.0,0.0,0.0,NeuralNetwork_C_undersampled
sat,text__sat,"""sat""",word,0.0,0.0,0.0,NeuralNetwork_C_undersampled
satan,text__satan,"""satan""",word,0.0,0.0,0.0,NeuralNetwork_C_undersampled
ridiculous,text__ridiculous,"""ridiculous""",word,0.0,0.0,0.0,NeuralNetwork_C_undersampled
right,text__right,"""right""",word,0.0,0.0,0.0,NeuralNetwork_C_undersampled
rilke,text__rilke,"""rilke""",word,0.0,0.0,0.0,NeuralNetwork_C_undersampled
run,text__run,"""run""",word,0.0,0.0,0.0,NeuralNetwork_C_undersampled
amazon,text__amazon,"""amazon""",word,0.0,0.0,0.0,NeuralNetwork_C_undersampled
american,text__american,"""american""",word,0.0,0.0,0.0,NeuralNetwork_C_undersampled
among,text__among,"""among""",word,0.0,0.0,0.0,NeuralNetwork_C_undersampled
seeking,text__seeking,"""seeking""",word,0.0,0.0,0.0,NeuralNetwork_C_undersampled
seem,text__seem,"""seem""",word,0.0,0.0,0.0,NeuralNetwork_C_undersampled
seemed,text__seemed,"""seemed""",word,0.0,0.0,0.0,NeuralNetwork_C_undersampled
seems,text__seems,"""seems""",word,0.0,0.0,0.0,NeuralNetwork_C_undersampled
seen,text__seen,"""seen""",word,0.0,0.0,0.0,NeuralNetwork_C_undersampled
selected,text__selected,"""selected""",word,0.0,0.0,0.0,NeuralNetwork_C_undersampled
selection,text__selection,"""selection""",word,0.0,0.0,0.0,NeuralNetwork_C_undersampled
send,text__send,"""send""",word,0.0,0.0,0.0,NeuralNetwork_C_undersampled
sense,text__sense,"""sense""",word,0.0,0.0,0.0,NeuralNetwork_C_undersampled
search,text__search,"""search""",word,0.0,0.0,0.0,NeuralNetwork_C_undersampled
separate,text__separate,"""separate""",word,0.0,0.0,0.0,NeuralNetwork_C_undersampled
september,text__september,"""september""",word,0.0,0.0,0.0,NeuralNetwork_C_undersampled
serious,text__serious,"""serious""",word,0.0,0.0,0.0,NeuralNetwork_C_undersampled
seriously,text__seriously,"""seriously""",word,0.0,0.0,0.0,NeuralNetwork_C_undersampled
save,text__save,"""save""",word,0.0,0.0,0.0,NeuralNetwork_C_undersampled
saw,text__saw,"""saw""",word,0.0,0.0,0.0,NeuralNetwork_C_undersampled
say,text__say,"""say""",word,0.0,0.0,0.0,NeuralNetwork_C_undersampled
saying,text__saying,"""saying""",word,0.0,0.0,0.0,NeuralNetwork_C_undersampled
scattered,text__scattered,"""scattered""",word,0.0,0.0,0.0,NeuralNetwork_C_undersampled
scene,text__scene,"""scene""",word,0.0,0.0,0.0,NeuralNetwork_C_undersampled
scheme,text__scheme,"""scheme""",word,0.0,0.0,0.0,NeuralNetwork_C_undersampled
scholar,text__scholar,"""scholar""",word,0.0,0.0,0.0,NeuralNetwork_C_undersampled
sea,text__sea,"""sea""",word,0.0,0.0,0.0,NeuralNetwork_C_undersampled
sensitive,text__sensitive,"""sensitive""",word,0.0,0.0,0.0,NeuralNetwork_C_undersampled
relevant,text__relevant,"""relevant""",word,0.0,0.0,0.0,NeuralNetwork_C_undersampled
religion,text__religion,"""religion""",word,0.0,0.0,0.0,NeuralNetwork_C_undersampled
religious,text__religious,"""religious""",word,0.0,0.0,0.0,NeuralNetwork_C_undersampled
remain,text__remain,"""remain""",word,0.0,0.0,0.0,NeuralNetwork_C_undersampled
remains,text__remains,"""remains""",word,0.0,0.0,0.0,NeuralNetwork_C_undersampled
remarkable,text__remarkable,"""remarkable""",word,0.0,0.0,0.0,NeuralNetwork_C_undersampled
remembered,text__remembered,"""remembered""",word,0.0,0.0,0.0,NeuralNetwork_C_undersampled
remind,text__remind,"""remind""",word,0.0,0.0,0.0,NeuralNetwork_C_undersampled
reminded,text__reminded,"""reminded""",word,0.0,0.0,0.0,NeuralNetwork_C_undersampled
reminder,text__reminder,"""reminder""",word,0.0,0.0,0.0,NeuralNetwork_C_undersampled
reminds,text__reminds,"""reminds""",word,0.0,0.0,0.0,NeuralNetwork_C_undersampled
repeat,text__repeat,"""repeat""",word,0.0,0.0,0.0,NeuralNetwork_C_undersampled
ring,text__ring,"""ring""",word,0.0,0.0,0.0,NeuralNetwork_C_undersampled
repetition,text__repetition,"""repetition""",word,0.0,0.0,0.0,NeuralNetwork_C_undersampled
repetitive,text__repetitive,"""repetitive""",word,0.0,0.0,0.0,NeuralNetwork_C_undersampled
required,text__required,"""required""",word,0.0,0.0,0.0,NeuralNetwork_C_undersampled
recommended,text__recommended,"""recommended""",word,0.0,0.0,0.0,NeuralNetwork_C_undersampled
record,text__record,"""record""",word,0.0,0.0,0.0,NeuralNetwork_C_undersampled
red,text__red,"""red""",word,0.0,0.0,0.0,NeuralNetwork_C_undersampled
reflect,text__reflect,"""reflect""",word,0.0,0.0,0.0,NeuralNetwork_C_undersampled
reflection,text__reflection,"""reflection""",word,0.0,0.0,0.0,NeuralNetwork_C_undersampled
reflects,text__reflects,"""reflects""",word,0.0,0.0,0.0,NeuralNetwork_C_undersampled
refreshing,text__refreshing,"""refreshing""",word,0.0,0.0,0.0,NeuralNetwork_C_undersampled
regard,text__regard,"""regard""",word,0.0,0.0,0.0,NeuralNetwork_C_undersampled
regarding,text__regarding,"""regarding""",word,0.0,0.0,0.0,NeuralNetwork_C_undersampled
regardless,text__regardless,"""regardless""",word,0.0,0.0,0.0,NeuralNetwork_C_undersampled
repeated,text__repeated,"""repeated""",word,0.0,0.0,0.0,NeuralNetwork_C_undersampled
rise,text__rise,"""rise""",word,0.0,0.0,0.0,NeuralNetwork_C_undersampled
river,text__river,"""river""",word,0.0,0.0,0.0,NeuralNetwork_C_undersampled
road,text__road,"""road""",word,0.0,0.0,0.0,NeuralNetwork_C_undersampled
robert,text__robert,"""robert""",word,0.0,0.0,0.0,NeuralNetwork_C_undersampled
rock,text__rock,"""rock""",word,0.0,0.0,0.0,NeuralNetwork_C_undersampled
role,text__role,"""role""",word,0.0,0.0,0.0,NeuralNetwork_C_undersampled
roman,text__roman,"""roman""",word,0.0,0.0,0.0,NeuralNetwork_C_undersampled
romance,text__romance,"""romance""",word,0.0,0.0,0.0,NeuralNetwork_C_undersampled
romantic,text__romantic,"""romantic""",word,0.0,0.0,0.0,NeuralNetwork_C_undersampled
rome,text__rome,"""rome""",word,0.0,0.0,0.0,NeuralNetwork_C_undersampled
room,text__room,"""room""",word,0.0,0.0,0.0,NeuralNetwork_C_undersampled
rereading,text__rereading,"""rereading""",word,0.0,0.0,0.0,NeuralNetwork_C_undersampled
ride,text__ride,"""ride""",word,0.0,0.0,0.0,NeuralNetwork_C_undersampled
resonated,text__resonated,"""resonated""",word,0.0,0.0,0.0,NeuralNetwork_C_undersampled
respect,text__respect,"""respect""",word,0.0,0.0,0.0,NeuralNetwork_C_undersampled
response,text__response,"""response""",word,0.0,0.0,0.0,NeuralNetwork_C_undersampled
rest,text__rest,"""rest""",word,0.0,0.0,0.0,NeuralNetwork_C_undersampled
result,text__result,"""result""",word,0.0,0.0,0.0,NeuralNetwork_C_undersampled
returning,text__returning,"""returning""",word,0.0,0.0,0.0,NeuralNetwork_C_undersampled
revenge,text__revenge,"""revenge""",word,0.0,0.0,0.0,NeuralNetwork_C_undersampled
reviewer,text__reviewer,"""reviewer""",word,0.0,0.0,0.0,NeuralNetwork_C_undersampled
revolution,text__revolution,"""revolution""",word,0.0,0.0,0.0,NeuralNetwork_C_undersampled
rhyme,text__rhyme,"""rhyme""",word,0.0,0.0,0.0,NeuralNetwork_C_undersampled
rhyming,text__rhyming,"""rhyming""",word,0.0,0.0,0.0,NeuralNetwork_C_undersampled
rhythm,text__rhythm,"""rhythm""",word,0.0,0.0,0.0,NeuralNetwork_C_undersampled
rich,text__rich,"""rich""",word,0.0,0.0,0.0,NeuralNetwork_C_undersampled
resonate,text__resonate,"""resonate""",word,0.0,0.0,0.0,NeuralNetwork_C_undersampled
object,text__object,"""object""",word,0.0,0.0,0.0,NeuralNetwork_C_undersampled
observation,text__observation,"""observation""",word,0.0,0.0,0.0,NeuralNetwork_C_undersampled
obvious,text__obvious,"""obvious""",word,0.0,0.0,0.0,NeuralNetwork_C_undersampled
obviously,text__obviously,"""obviously""",word,0.0,0.0,0.0,NeuralNetwork_C_undersampled
occasionally,text__occasionally,"""occasionally""",word,0.0,0.0,0.0,NeuralNetwork_C_undersampled
ocean,text__ocean,"""ocean""",word,0.0,0.0,0.0,NeuralNetwork_C_undersampled
odd,text__odd,"""odd""",word,0.0,0.0,0.0,NeuralNetwork_C_undersampled
odysseus,text__odysseus,"""odysseus""",word,0.0,0.0,0.0,NeuralNetwork_C_undersampled
odyssey,text__odyssey,"""odyssey""",word,0.0,0.0,0.0,NeuralNetwork_C_undersampled
attempt,text__attempt,"""attempt""",word,0.0,0.0,0.0,NeuralNetwork_C_undersampled
attention,text__attention,"""attention""",word,0.0,0.0,0.0,NeuralNetwork_C_undersampled
attitude,text__attitude,"""attitude""",word,0.0,0.0,0.0,NeuralNetwork_C_undersampled
america,text__america,"""america""",word,0.0,0.0,0.0,NeuralNetwork_C_undersampled
next,text__next,"""next""",word,0.0,0.0,0.0,NeuralNetwork_C_undersampled
nice,text__nice,"""nice""",word,0.0,0.0,0.0,NeuralNetwork_C_undersampled
nick,text__nick,"""nick""",word,0.0,0.0,0.0,NeuralNetwork_C_undersampled
nicu,text__nicu,"""nicu""",word,0.0,0.0,0.0,NeuralNetwork_C_undersampled
nietzsche,text__nietzsche,"""nietzsche""",word,0.0,0.0,0.0,NeuralNetwork_C_undersampled
noble,text__noble,"""noble""",word,0.0,0.0,0.0,NeuralNetwork_C_undersampled
nobody,text__nobody,"""nobody""",word,0.0,0.0,0.0,NeuralNetwork_C_undersampled
nonetheless,text__nonetheless,"""nonetheless""",word,0.0,0.0,0.0,NeuralNetwork_C_undersampled
normal,text__normal,"""normal""",word,0.0,0.0,0.0,NeuralNetwork_C_undersampled
normally,text__normally,"""normally""",word,0.0,0.0,0.0,NeuralNetwork_C_undersampled
north,text__north,"""north""",word,0.0,0.0,0.0,NeuralNetwork_C_undersampled
nothing,text__nothing,"""nothing""",word,0.0,0.0,0.0,NeuralNetwork_C_undersampled
audience,text__audience,"""audience""",word,0.0,0.0,0.0,NeuralNetwork_C_undersampled
opinion,text__opinion,"""opinion""",word,0.0,0.0,0.0,NeuralNetwork_C_undersampled
opposite,text__opposite,"""opposite""",word,0.0,0.0,0.0,NeuralNetwork_C_undersampled
order,text__order,"""order""",word,0.0,0.0,0.0,NeuralNetwork_C_undersampled
ordinary,text__ordinary,"""ordinary""",word,0.0,0.0,0.0,NeuralNetwork_C_undersampled
original,text__original,"""original""",word,0.0,0.0,0.0,NeuralNetwork_C_undersampled
originally,text__originally,"""originally""",word,0.0,0.0,0.0,NeuralNetwork_C_undersampled
outside,text__outside,"""outside""",word,0.0,0.0,0.0,NeuralNetwork_C_undersampled
overall,text__overall,"""overall""",word,0.0,0.0,0.0,NeuralNetwork_C_undersampled
overly,text__overly,"""overly""",word,0.0,0.0,0.0,NeuralNetwork_C_undersampled
ovid,text__ovid,"""ovid""",word,0.0,0.0,0.0,NeuralNetwork_C_undersampled
audio,text__audio,"""audio""",word,0.0,0.0,0.0,NeuralNetwork_C_undersampled
audiobook,text__audiobook,"""audiobook""",word,0.0,0.0,0.0,NeuralNetwork_C_undersampled
number,text__number,"""number""",word,0.0,0.0,0.0,NeuralNetwork_C_undersampled
available,text__available,"""available""",word,0.0,0.0,0.0,NeuralNetwork_C_undersampled
avoid,text__avoid,"""avoid""",word,0.0,0.0,0.0,NeuralNetwork_C_undersampled
aware,text__aware,"""aware""",word,0.0,0.0,0.0,NeuralNetwork_C_undersampled
awe,text__awe,"""awe""",word,0.0,0.0,0.0,NeuralNetwork_C_undersampled
awesome,text__awesome,"""awesome""",word,0.0,0.0,0.0,NeuralNetwork_C_undersampled
awful,text__awful,"""awful""",word,0.0,0.0,0.0,NeuralNetwork_C_undersampled
b,text__b,"""b""",word,0.0,0.0,0.0,NeuralNetwork_C_undersampled
ohio,text__ohio,"""ohio""",word,0.0,0.0,0.0,NeuralNetwork_C_undersampled
ok,text__ok,"""ok""",word,0.0,0.0,0.0,NeuralNetwork_C_undersampled
old,text__old,"""old""",word,0.0,0.0,0.0,NeuralNetwork_C_undersampled
older,text__older,"""older""",word,0.0,0.0,0.0,NeuralNetwork_C_undersampled
oldest,text__oldest,"""oldest""",word,0.0,0.0,0.0,NeuralNetwork_C_undersampled
novel,text__novel,"""novel""",word,0.0,0.0,0.0,NeuralNetwork_C_undersampled
author,text__author,"""author""",word,0.0,0.0,0.0,NeuralNetwork_C_undersampled
na,text__na,"""na""",word,0.0,0.0,0.0,NeuralNetwork_C_undersampled
nabokov,text__nabokov,"""nabokov""",word,0.0,0.0,0.0,NeuralNetwork_C_undersampled
naked,text__naked,"""naked""",word,0.0,0.0,0.0,NeuralNetwork_C_undersampled
name,text__name,"""name""",word,0.0,0.0,0.0,NeuralNetwork_C_undersampled
named,text__named,"""named""",word,0.0,0.0,0.0,NeuralNetwork_C_undersampled
narrator,text__narrator,"""narrator""",word,0.0,0.0,0.0,NeuralNetwork_C_undersampled
money,text__money,"""money""",word,0.0,0.0,0.0,NeuralNetwork_C_undersampled
monster,text__monster,"""monster""",word,0.0,0.0,0.0,NeuralNetwork_C_undersampled
month,text__month,"""month""",word,0.0,0.0,0.0,NeuralNetwork_C_undersampled
mood,text__mood,"""mood""",word,0.0,0.0,0.0,NeuralNetwork_C_undersampled
moon,text__moon,"""moon""",word,0.0,0.0,0.0,NeuralNetwork_C_undersampled
moral,text__moral,"""moral""",word,0.0,0.0,0.0,NeuralNetwork_C_undersampled
notice,text__notice,"""notice""",word,0.0,0.0,0.0,NeuralNetwork_C_undersampled
mortal,text__mortal,"""mortal""",word,0.0,0.0,0.0,NeuralNetwork_C_undersampled
mostly,text__mostly,"""mostly""",word,0.0,0.0,0.0,NeuralNetwork_C_undersampled
mother,text__mother,"""mother""",word,0.0,0.0,0.0,NeuralNetwork_C_undersampled
mountain,text__mountain,"""mountain""",word,0.0,0.0,0.0,NeuralNetwork_C_undersampled
mouth,text__mouth,"""mouth""",word,0.0,0.0,0.0,NeuralNetwork_C_undersampled
move,text__move,"""move""",word,0.0,0.0,0.0,NeuralNetwork_C_undersampled
moved,text__moved,"""moved""",word,0.0,0.0,0.0,NeuralNetwork_C_undersampled
movement,text__movement,"""movement""",word,0.0,0.0,0.0,NeuralNetwork_C_undersampled
movie,text__movie,"""movie""",word,0.0,0.0,0.0,NeuralNetwork_C_undersampled
milk,text__milk,"""milk""",word,0.0,0.0,0.0,NeuralNetwork_C_undersampled
million,text__million,"""million""",word,0.0,0.0,0.0,NeuralNetwork_C_undersampled
mind,text__mind,"""mind""",word,0.0,0.0,0.0,NeuralNetwork_C_undersampled
morning,text__morning,"""morning""",word,0.0,0.0,0.0,NeuralNetwork_C_undersampled
noticed,text__noticed,"""noticed""",word,0.0,0.0,0.0,NeuralNetwork_C_undersampled
notion,text__notion,"""notion""",word,0.0,0.0,0.0,NeuralNetwork_C_undersampled
national,text__national,"""national""",word,0.0,0.0,0.0,NeuralNetwork_C_undersampled
natural,text__natural,"""natural""",word,0.0,0.0,0.0,NeuralNetwork_C_undersampled
near,text__near,"""near""",word,0.0,0.0,0.0,NeuralNetwork_C_undersampled
nearly,text__nearly,"""nearly""",word,0.0,0.0,0.0,NeuralNetwork_C_undersampled
necessarily,text__necessarily,"""necessarily""",word,0.0,0.0,0.0,NeuralNetwork_C_undersampled
necessary,text__necessary,"""necessary""",word,0.0,0.0,0.0,NeuralNetwork_C_undersampled
need,text__need,"""need""",word,0.0,0.0,0.0,NeuralNetwork_C_undersampled
negative,text__negative,"""negative""",word,0.0,0.0,0.0,NeuralNetwork_C_undersampled
neither,text__neither,"""neither""",word,0.0,0.0,0.0,NeuralNetwork_C_undersampled
netgalley,text__netgalley,"""netgalley""",word,0.0,0.0,0.0,NeuralNetwork_C_undersampled
mythology,text__mythology,"""mythology""",word,0.0,0.0,0.0,NeuralNetwork_C_undersampled
nevertheless,text__nevertheless,"""nevertheless""",word,0.0,0.0,0.0,NeuralNetwork_C_undersampled
new,text__new,"""new""",word,0.0,0.0,0.0,NeuralNetwork_C_undersampled
newbery,text__newbery,"""newbery""",word,0.0,0.0,0.0,NeuralNetwork_C_undersampled
news,text__news,"""news""",word,0.0,0.0,0.0,NeuralNetwork_C_undersampled
mr,text__mr,"""mr""",word,0.0,0.0,0.0,NeuralNetwork_C_undersampled
much,text__much,"""much""",word,0.0,0.0,0.0,NeuralNetwork_C_undersampled
multiple,text__multiple,"""multiple""",word,0.0,0.0,0.0,NeuralNetwork_C_undersampled
murder,text__murder,"""murder""",word,0.0,0.0,0.0,NeuralNetwork_C_undersampled
music,text__music,"""music""",word,0.0,0.0,0.0,NeuralNetwork_C_undersampled
musical,text__musical,"""musical""",word,0.0,0.0,0.0,NeuralNetwork_C_undersampled
must,text__must,"""must""",word,0.0,0.0,0.0,NeuralNetwork_C_undersampled
mystery,text__mystery,"""mystery""",word,0.0,0.0,0.0,NeuralNetwork_C_undersampled
myth,text__myth,"""myth""",word,0.0,0.0,0.0,NeuralNetwork_C_undersampled
never,text__never,"""never""",word,0.0,0.0,0.0,NeuralNetwork_C_undersampled
playing,text__playing,"""playing""",word,0.0,0.0,0.0,NeuralNetwork_C_undersampled
pleasure,text__pleasure,"""pleasure""",word,0.0,0.0,0.0,NeuralNetwork_C_undersampled
plot,text__plot,"""plot""",word,0.0,0.0,0.0,NeuralNetwork_C_undersampled
plus,text__plus,"""plus""",word,0.0,0.0,0.0,NeuralNetwork_C_undersampled
poe,text__poe,"""poe""",word,0.0,0.0,0.0,NeuralNetwork_C_undersampled
poetic,text__poetic,"""poetic""",word,0.0,0.0,0.0,NeuralNetwork_C_undersampled
poetry,text__poetry,"""poetry""",word,0.0,0.0,0.0,NeuralNetwork_C_undersampled
poignant,text__poignant,"""poignant""",word,0.0,0.0,0.0,NeuralNetwork_C_undersampled
point,text__point,"""point""",word,0.0,0.0,0.0,NeuralNetwork_C_undersampled
political,text__political,"""political""",word,0.0,0.0,0.0,NeuralNetwork_C_undersampled
poor,text__poor,"""poor""",word,0.0,0.0,0.0,NeuralNetwork_C_undersampled
popular,text__popular,"""popular""",word,0.0,0.0,0.0,NeuralNetwork_C_undersampled
opening,text__opening,"""opening""",word,0.0,0.0,0.0,NeuralNetwork_C_undersampled
poseidon,text__poseidon,"""poseidon""",word,0.0,0.0,0.0,NeuralNetwork_C_undersampled
artist,text__artist,"""artist""",word,0.0,0.0,0.0,NeuralNetwork_C_undersampled
aside,text__aside,"""aside""",word,0.0,0.0,0.0,NeuralNetwork_C_undersampled
asked,text__asked,"""asked""",word,0.0,0.0,0.0,NeuralNetwork_C_undersampled
asking,text__asking,"""asking""",word,0.0,0.0,0.0,NeuralNetwork_C_undersampled
asks,text__asks,"""asks""",word,0.0,0.0,0.0,NeuralNetwork_C_undersampled
aspect,text__aspect,"""aspect""",word,0.0,0.0,0.0,NeuralNetwork_C_undersampled
ate,text__ate,"""ate""",word,0.0,0.0,0.0,NeuralNetwork_C_undersampled
athena,text__athena,"""athena""",word,0.0,0.0,0.0,NeuralNetwork_C_undersampled
piece,text__piece,"""piece""",word,0.0,0.0,0.0,NeuralNetwork_C_undersampled
pity,text__pity,"""pity""",word,0.0,0.0,0.0,NeuralNetwork_C_undersampled
placed,text__placed,"""placed""",word,0.0,0.0,0.0,NeuralNetwork_C_undersampled
portrayed,text__portrayed,"""portrayed""",word,0.0,0.0,0.0,NeuralNetwork_C_undersampled
problem,text__problem,"""problem""",word,0.0,0.0,0.0,NeuralNetwork_C_undersampled
process,text__process,"""process""",word,0.0,0.0,0.0,NeuralNetwork_C_undersampled
professor,text__professor,"""professor""",word,0.0,0.0,0.0,NeuralNetwork_C_undersampled
progress,text__progress,"""progress""",word,0.0,0.0,0.0,NeuralNetwork_C_undersampled
project,text__project,"""project""",word,0.0,0.0,0.0,NeuralNetwork_C_undersampled
promise,text__promise,"""promise""",word,0.0,0.0,0.0,NeuralNetwork_C_undersampled
prose,text__prose,"""prose""",word,0.0,0.0,0.0,NeuralNetwork_C_undersampled
protagonist,text__protagonist,"""protagonist""",word,0.0,0.0,0.0,NeuralNetwork_C_undersampled
proud,text__proud,"""proud""",word,0.0,0.0,0.0,NeuralNetwork_C_undersampled
provide,text__provide,"""provide""",word,0.0,0.0,0.0,NeuralNetwork_C_undersampled
positive,text__positive,"""positive""",word,0.0,0.0,0.0,NeuralNetwork_C_undersampled
possible,text__possible,"""possible""",word,0.0,0.0,0.0,NeuralNetwork_C_undersampled
player,text__player,"""player""",word,0.0,0.0,0.0,NeuralNetwork_C_undersampled
post,text__post,"""post""",word,0.0,0.0,0.0,NeuralNetwork_C_undersampled
potential,text__potential,"""potential""",word,0.0,0.0,0.0,NeuralNetwork_C_undersampled
power,text__power,"""power""",word,0.0,0.0,0.0,NeuralNetwork_C_undersampled
powerful,text__powerful,"""powerful""",word,0.0,0.0,0.0,NeuralNetwork_C_undersampled
praise,text__praise,"""praise""",word,0.0,0.0,0.0,NeuralNetwork_C_undersampled
prefer,text__prefer,"""prefer""",word,0.0,0.0,0.0,NeuralNetwork_C_undersampled
prejudice,text__prejudice,"""prejudice""",word,0.0,0.0,0.0,NeuralNetwork_C_undersampled
presence,text__presence,"""presence""",word,0.0,0.0,0.0,NeuralNetwork_C_undersampled
present,text__present,"""present""",word,0.0,0.0,0.0,NeuralNetwork_C_undersampled
presented,text__presented,"""presented""",word,0.0,0.0,0.0,NeuralNetwork_C_undersampled
pretentious,text__pretentious,"""pretentious""",word,0.0,0.0,0.0,NeuralNetwork_C_undersampled
previous,text__previous,"""previous""",word,0.0,0.0,0.0,NeuralNetwork_C_undersampled
pride,text__pride,"""pride""",word,0.0,0.0,0.0,NeuralNetwork_C_undersampled
possibly,text__possibly,"""possibly""",word,0.0,0.0,0.0,NeuralNetwork_C_undersampled
pen,text__pen,"""pen""",word,0.0,0.0,0.0,NeuralNetwork_C_undersampled
penelope,text__penelope,"""penelope""",word,0.0,0.0,0.0,NeuralNetwork_C_undersampled
penguin,text__penguin,"""penguin""",word,0.0,0.0,0.0,NeuralNetwork_C_undersampled
perfect,text__perfect,"""perfect""",word,0.0,0.0,0.0,NeuralNetwork_C_undersampled
perfectly,text__perfectly,"""perfectly""",word,0.0,0.0,0.0,NeuralNetwork_C_undersampled
perhaps,text__perhaps,"""perhaps""",word,0.0,0.0,0.0,NeuralNetwork_C_undersampled
period,text__period,"""period""",word,0.0,0.0,0.0,NeuralNetwork_C_undersampled
pablo,text__pablo,"""pablo""",word,0.0,0.0,0.0,NeuralNetwork_C_undersampled
pace,text__pace,"""pace""",word,0.0,0.0,0.0,NeuralNetwork_C_undersampled
pack,text__pack,"""pack""",word,0.0,0.0,0.0,NeuralNetwork_C_undersampled
page,text__page,"""page""",word,0.0,0.0,0.0,NeuralNetwork_C_undersampled
pain,text__pain,"""pain""",word,0.0,0.0,0.0,NeuralNetwork_C_undersampled
plain,text__plain,"""plain""",word,0.0,0.0,0.0,NeuralNetwork_C_undersampled
paint,text__paint,"""paint""",word,0.0,0.0,0.0,NeuralNetwork_C_undersampled
painting,text__painting,"""painting""",word,0.0,0.0,0.0,NeuralNetwork_C_undersampled
pale,text__pale,"""pale""",word,0.0,0.0,0.0,NeuralNetwork_C_undersampled
paper,text__paper,"""paper""",word,0.0,0.0,0.0,NeuralNetwork_C_undersampled
paradise,text__paradise,"""paradise""",word,0.0,0.0,0.0,NeuralNetwork_C_undersampled
paragraph,text__paragraph,"""paragraph""",word,0.0,0.0,0.0,NeuralNetwork_C_undersampled
paris,text__paris,"""paris""",word,0.0,0.0,0.0,NeuralNetwork_C_undersampled
party,text__party,"""party""",word,0.0,0.0,0.0,NeuralNetwork_C_undersampled
pas,text__pas,"""pas""",word,0.0,0.0,0.0,NeuralNetwork_C_undersampled
oliver,text__oliver,"""oliver""",word,0.0,0.0,0.0,NeuralNetwork_C_undersampled
onto,text__onto,"""onto""",word,0.0,0.0,0.0,NeuralNetwork_C_undersampled
open,text__open,"""open""",word,0.0,0.0,0.0,NeuralNetwork_C_undersampled
painful,text__painful,"""painful""",word,0.0,0.0,0.0,NeuralNetwork_C_undersampled
plan,text__plan,"""plan""",word,0.0,0.0,0.0,NeuralNetwork_C_undersampled
plant,text__plant,"""plant""",word,0.0,0.0,0.0,NeuralNetwork_C_undersampled
plath,text__plath,"""plath""",word,0.0,0.0,0.0,NeuralNetwork_C_undersampled
played,text__played,"""played""",word,0.0,0.0,0.0,NeuralNetwork_C_undersampled
person,text__person,"""person""",word,0.0,0.0,0.0,NeuralNetwork_C_undersampled
personal,text__personal,"""personal""",word,0.0,0.0,0.0,NeuralNetwork_C_undersampled
personality,text__personality,"""personality""",word,0.0,0.0,0.0,NeuralNetwork_C_undersampled
personally,text__personally,"""personally""",word,0.0,0.0,0.0,NeuralNetwork_C_undersampled
pg,text__pg,"""pg""",word,0.0,0.0,0.0,NeuralNetwork_C_undersampled
philosophy,text__philosophy,"""philosophy""",word,0.0,0.0,0.0,NeuralNetwork_C_undersampled
pick,text__pick,"""pick""",word,0.0,0.0,0.0,NeuralNetwork_C_undersampled
picked,text__picked,"""picked""",word,0.0,0.0,0.0,NeuralNetwork_C_undersampled
peace,text__peace,"""peace""",word,0.0,0.0,0.0,NeuralNetwork_C_undersampled
arc,text__arc,"""arc""",word,0.0,0.0,0.0,NeuralNetwork_C_undersampled
argument,text__argument,"""argument""",word,0.0,0.0,0.0,NeuralNetwork_C_undersampled
arm,text__arm,"""arm""",word,0.0,0.0,0.0,NeuralNetwork_C_undersampled
army,text__army,"""army""",word,0.0,0.0,0.0,NeuralNetwork_C_undersampled
around,text__around,"""around""",word,0.0,0.0,0.0,NeuralNetwork_C_undersampled
art,text__art,"""art""",word,0.0,0.0,0.0,NeuralNetwork_C_undersampled
passed,text__passed,"""passed""",word,0.0,0.0,0.0,NeuralNetwork_C_undersampled
passing,text__passing,"""passing""",word,0.0,0.0,0.0,NeuralNetwork_C_undersampled
past,text__past,"""past""",word,0.0,0.0,0.0,NeuralNetwork_C_undersampled
path,text__path,"""path""",word,0.0,0.0,0.0,NeuralNetwork_C_undersampled
patience,text__patience,"""patience""",word,0.0,0.0,0.0,NeuralNetwork_C_undersampled
pattern,text__pattern,"""pattern""",word,0.0,0.0,0.0,NeuralNetwork_C_undersampled
pay,text__pay,"""pay""",word,0.0,0.0,0.0,NeuralNetwork_C_undersampled
picking,text__picking,"""picking""",word,0.0,0.0,0.0,NeuralNetwork_C_undersampled
turn,text__turn,"""turn""",word,0.0,0.0,0.0,NeuralNetwork_C_undersampled
turning,text__turning,"""turning""",word,0.0,0.0,0.0,NeuralNetwork_C_undersampled
tv,text__tv,"""tv""",word,0.0,0.0,0.0,NeuralNetwork_C_undersampled
twenty,text__twenty,"""twenty""",word,0.0,0.0,0.0,NeuralNetwork_C_undersampled
twice,text__twice,"""twice""",word,0.0,0.0,0.0,NeuralNetwork_C_undersampled
twin,text__twin,"""twin""",word,0.0,0.0,0.0,NeuralNetwork_C_undersampled
twist,text__twist,"""twist""",word,0.0,0.0,0.0,NeuralNetwork_C_undersampled
twitter,text__twitter,"""twitter""",word,0.0,0.0,0.0,NeuralNetwork_C_undersampled
admit,text__admit,"""admit""",word,0.0,0.0,0.0,NeuralNetwork_C_undersampled
adore,text__adore,"""adore""",word,0.0,0.0,0.0,NeuralNetwork_C_undersampled
adored,text__adored,"""adored""",word,0.0,0.0,0.0,NeuralNetwork_C_undersampled
trauma,text__trauma,"""trauma""",word,0.0,0.0,0.0,NeuralNetwork_C_undersampled
milton,text__milton,"""milton""",word,0.0,0.0,0.0,NeuralNetwork_C_undersampled
treasure,text__treasure,"""treasure""",word,0.0,0.0,0.0,NeuralNetwork_C_undersampled
treat,text__treat,"""treat""",word,0.0,0.0,0.0,NeuralNetwork_C_undersampled
tree,text__tree,"""tree""",word,0.0,0.0,0.0,NeuralNetwork_C_undersampled
trial,text__trial,"""trial""",word,0.0,0.0,0.0,NeuralNetwork_C_undersampled
triangle,text__triangle,"""triangle""",word,0.0,0.0,0.0,NeuralNetwork_C_undersampled
trick,text__trick,"""trick""",word,0.0,0.0,0.0,NeuralNetwork_C_undersampled
tried,text__tried,"""tried""",word,0.0,0.0,0.0,NeuralNetwork_C_undersampled
trojan,text__trojan,"""trojan""",word,0.0,0.0,0.0,NeuralNetwork_C_undersampled
trouble,text__trouble,"""trouble""",word,0.0,0.0,0.0,NeuralNetwork_C_undersampled
troy,text__troy,"""troy""",word,0.0,0.0,0.0,NeuralNetwork_C_undersampled
truly,text__truly,"""truly""",word,0.0,0.0,0.0,NeuralNetwork_C_undersampled
trust,text__trust,"""trust""",word,0.0,0.0,0.0,NeuralNetwork_C_undersampled
touch,text__touch,"""touch""",word,0.0,0.0,0.0,NeuralNetwork_C_undersampled
travel,text__travel,"""travel""",word,0.0,0.0,0.0,NeuralNetwork_C_undersampled
universe,text__universe,"""universe""",word,0.0,0.0,0.0,NeuralNetwork_C_undersampled
university,text__university,"""university""",word,0.0,0.0,0.0,NeuralNetwork_C_undersampled
unknown,text__unknown,"""unknown""",word,0.0,0.0,0.0,NeuralNetwork_C_undersampled
unless,text__unless,"""unless""",word,0.0,0.0,0.0,NeuralNetwork_C_undersampled
upon,text__upon,"""upon""",word,0.0,0.0,0.0,NeuralNetwork_C_undersampled
us,text__us,"""us""",word,0.0,0.0,0.0,NeuralNetwork_C_undersampled
used,text__used,"""used""",word,0.0,0.0,0.0,NeuralNetwork_C_undersampled
usual,text__usual,"""usual""",word,0.0,0.0,0.0,NeuralNetwork_C_undersampled
adventure,text__adventure,"""adventure""",word,0.0,0.0,0.0,NeuralNetwork_C_undersampled
advice,text__advice,"""advice""",word,0.0,0.0,0.0,NeuralNetwork_C_undersampled
aeneas,text__aeneas,"""aeneas""",word,0.0,0.0,0.0,NeuralNetwork_C_undersampled
aeneid,text__aeneid,"""aeneid""",word,0.0,0.0,0.0,NeuralNetwork_C_undersampled
tumblr,text__tumblr,"""tumblr""",word,0.0,0.0,0.0,NeuralNetwork_C_undersampled
affair,text__affair,"""affair""",word,0.0,0.0,0.0,NeuralNetwork_C_undersampled
agamemnon,text__agamemnon,"""agamemnon""",word,0.0,0.0,0.0,NeuralNetwork_C_undersampled
age,text__age,"""age""",word,0.0,0.0,0.0,NeuralNetwork_C_undersampled
ago,text__ago,"""ago""",word,0.0,0.0,0.0,NeuralNetwork_C_undersampled
agree,text__agree,"""agree""",word,0.0,0.0,0.0,NeuralNetwork_C_undersampled
ah,text__ah,"""ah""",word,0.0,0.0,0.0,NeuralNetwork_C_undersampled
type,text__type,"""type""",word,0.0,0.0,0.0,NeuralNetwork_C_undersampled
typical,text__typical,"""typical""",word,0.0,0.0,0.0,NeuralNetwork_C_undersampled
ugly,text__ugly,"""ugly""",word,0.0,0.0,0.0,NeuralNetwork_C_undersampled
ultimate,text__ultimate,"""ultimate""",word,0.0,0.0,0.0,NeuralNetwork_C_undersampled
ultimately,text__ultimately,"""ultimately""",word,0.0,0.0,0.0,NeuralNetwork_C_undersampled
try,text__try,"""try""",word,0.0,0.0,0.0,NeuralNetwork_C_undersampled
trying,text__trying,"""trying""",word,0.0,0.0,0.0,NeuralNetwork_C_undersampled
aesthetic,text__aesthetic,"""aesthetic""",word,0.0,0.0,0.0,NeuralNetwork_C_undersampled
totally,text__totally,"""totally""",word,0.0,0.0,0.0,NeuralNetwork_C_undersampled
therefore,text__therefore,"""therefore""",word,0.0,0.0,0.0,NeuralNetwork_C_undersampled
third,text__third,"""third""",word,0.0,0.0,0.0,NeuralNetwork_C_undersampled
thomas,text__thomas,"""thomas""",word,0.0,0.0,0.0,NeuralNetwork_C_undersampled
thoroughly,text__thoroughly,"""thoroughly""",word,0.0,0.0,0.0,NeuralNetwork_C_undersampled
thou,text__thou,"""thou""",word,0.0,0.0,0.0,NeuralNetwork_C_undersampled
thought,text__thought,"""thought""",word,0.0,0.0,0.0,NeuralNetwork_C_undersampled
thoughtful,text__thoughtful,"""thoughtful""",word,0.0,0.0,0.0,NeuralNetwork_C_undersampled
thousand,text__thousand,"""thousand""",word,0.0,0.0,0.0,NeuralNetwork_C_undersampled
thread,text__thread,"""thread""",word,0.0,0.0,0.0,NeuralNetwork_C_undersampled
three,text__three,"""three""",word,0.0,0.0,0.0,NeuralNetwork_C_undersampled
throughout,text__throughout,"""throughout""",word,0.0,0.0,0.0,NeuralNetwork_C_undersampled
touched,text__touched,"""touched""",word,0.0,0.0,0.0,NeuralNetwork_C_undersampled
thus,text__thus,"""thus""",word,0.0,0.0,0.0,NeuralNetwork_C_undersampled
ted,text__ted,"""ted""",word,0.0,0.0,0.0,NeuralNetwork_C_undersampled
teen,text__teen,"""teen""",word,0.0,0.0,0.0,NeuralNetwork_C_undersampled
teenage,text__teenage,"""teenage""",word,0.0,0.0,0.0,NeuralNetwork_C_undersampled
teenager,text__teenager,"""teenager""",word,0.0,0.0,0.0,NeuralNetwork_C_undersampled
teeth,text__teeth,"""teeth""",word,0.0,0.0,0.0,NeuralNetwork_C_undersampled
tell,text__tell,"""tell""",word,0.0,0.0,0.0,NeuralNetwork_C_undersampled
telling,text__telling,"""telling""",word,0.0,0.0,0.0,NeuralNetwork_C_undersampled
ten,text__ten,"""ten""",word,0.0,0.0,0.0,NeuralNetwork_C_undersampled
tend,text__tend,"""tend""",word,0.0,0.0,0.0,NeuralNetwork_C_undersampled
tender,text__tender,"""tender""",word,0.0,0.0,0.0,NeuralNetwork_C_undersampled
term,text__term,"""term""",word,0.0,0.0,0.0,NeuralNetwork_C_undersampled
terrible,text__terrible,"""terrible""",word,0.0,0.0,0.0,NeuralNetwork_C_undersampled
throw,text__throw,"""throw""",word,0.0,0.0,0.0,NeuralNetwork_C_undersampled
touching,text__touching,"""touching""",word,0.0,0.0,0.0,NeuralNetwork_C_undersampled
tough,text__tough,"""tough""",word,0.0,0.0,0.0,NeuralNetwork_C_undersampled
towards,text__towards,"""towards""",word,0.0,0.0,0.0,NeuralNetwork_C_undersampled
tower,text__tower,"""tower""",word,0.0,0.0,0.0,NeuralNetwork_C_undersampled
town,text__town,"""town""",word,0.0,0.0,0.0,NeuralNetwork_C_undersampled
track,text__track,"""track""",word,0.0,0.0,0.0,NeuralNetwork_C_undersampled
tradition,text__tradition,"""tradition""",word,0.0,0.0,0.0,NeuralNetwork_C_undersampled
traditional,text__traditional,"""traditional""",word,0.0,0.0,0.0,NeuralNetwork_C_undersampled
tragedy,text__tragedy,"""tragedy""",word,0.0,0.0,0.0,NeuralNetwork_C_undersampled
tragic,text__tragic,"""tragic""",word,0.0,0.0,0.0,NeuralNetwork_C_undersampled
train,text__train,"""train""",word,0.0,0.0,0.0,NeuralNetwork_C_undersampled
translated,text__translated,"""translated""",word,0.0,0.0,0.0,NeuralNetwork_C_undersampled
torn,text__torn,"""torn""",word,0.0,0.0,0.0,NeuralNetwork_C_undersampled
thy,text__thy,"""thy""",word,0.0,0.0,0.0,NeuralNetwork_C_undersampled
till,text__till,"""till""",word,0.0,0.0,0.0,NeuralNetwork_C_undersampled
tiny,text__tiny,"""tiny""",word,0.0,0.0,0.0,NeuralNetwork_C_undersampled
title,text__title,"""title""",word,0.0,0.0,0.0,NeuralNetwork_C_undersampled
titled,text__titled,"""titled""",word,0.0,0.0,0.0,NeuralNetwork_C_undersampled
tomorrow,text__tomorrow,"""tomorrow""",word,0.0,0.0,0.0,NeuralNetwork_C_undersampled
ton,text__ton,"""ton""",word,0.0,0.0,0.0,NeuralNetwork_C_undersampled
tone,text__tone,"""tone""",word,0.0,0.0,0.0,NeuralNetwork_C_undersampled
tongue,text__tongue,"""tongue""",word,0.0,0.0,0.0,NeuralNetwork_C_undersampled
tonight,text__tonight,"""tonight""",word,0.0,0.0,0.0,NeuralNetwork_C_undersampled
took,text__took,"""took""",word,0.0,0.0,0.0,NeuralNetwork_C_undersampled
top,text__top,"""top""",word,0.0,0.0,0.0,NeuralNetwork_C_undersampled
topic,text__topic,"""topic""",word,0.0,0.0,0.0,NeuralNetwork_C_undersampled
translator,text__translator,"""translator""",word,0.0,0.0,0.0,NeuralNetwork_C_undersampled
window,text__window,"""window""",word,0.0,0.0,0.0,NeuralNetwork_C_undersampled
wine,text__wine,"""wine""",word,0.0,0.0,0.0,NeuralNetwork_C_undersampled
wing,text__wing,"""wing""",word,0.0,0.0,0.0,NeuralNetwork_C_undersampled
winner,text__winner,"""winner""",word,0.0,0.0,0.0,NeuralNetwork_C_undersampled
winter,text__winter,"""winter""",word,0.0,0.0,0.0,NeuralNetwork_C_undersampled
wisdom,text__wisdom,"""wisdom""",word,0.0,0.0,0.0,NeuralNetwork_C_undersampled
wise,text__wise,"""wise""",word,0.0,0.0,0.0,NeuralNetwork_C_undersampled
wish,text__wish,"""wish""",word,0.0,0.0,0.0,NeuralNetwork_C_undersampled
wit,text__wit,"""wit""",word,0.0,0.0,0.0,NeuralNetwork_C_undersampled
within,text__within,"""within""",word,0.0,0.0,0.0,NeuralNetwork_C_undersampled
witness,text__witness,"""witness""",word,0.0,0.0,0.0,NeuralNetwork_C_undersampled
wo,text__wo,"""wo""",word,0.0,0.0,0.0,NeuralNetwork_C_undersampled
universal,text__universal,"""universal""",word,0.0,0.0,0.0,NeuralNetwork_C_undersampled
accessible,text__accessible,"""accessible""",word,0.0,0.0,0.0,NeuralNetwork_C_undersampled
western,text__western,"""western""",word,0.0,0.0,0.0,NeuralNetwork_C_undersampled
whatever,text__whatever,"""whatever""",word,0.0,0.0,0.0,NeuralNetwork_C_undersampled
whenever,text__whenever,"""whenever""",word,0.0,0.0,0.0,NeuralNetwork_C_undersampled
whether,text__whether,"""whether""",word,0.0,0.0,0.0,NeuralNetwork_C_undersampled
whilst,text__whilst,"""whilst""",word,0.0,0.0,0.0,NeuralNetwork_C_undersampled
whisper,text__whisper,"""whisper""",word,0.0,0.0,0.0,NeuralNetwork_C_undersampled
whitewolf,text__whitewolf,"""whitewolf""",word,0.0,0.0,0.0,NeuralNetwork_C_undersampled
whitman,text__whitman,"""whitman""",word,0.0,0.0,0.0,NeuralNetwork_C_undersampled
whole,text__whole,"""whole""",word,0.0,0.0,0.0,NeuralNetwork_C_undersampled
whose,text__whose,"""whose""",word,0.0,0.0,0.0,NeuralNetwork_C_undersampled
wide,text__wide,"""wide""",word,0.0,0.0,0.0,NeuralNetwork_C_undersampled
wild,text__wild,"""wild""",word,0.0,0.0,0.0,NeuralNetwork_C_undersampled
acceptance,text__acceptance,"""acceptance""",word,0.0,0.0,0.0,NeuralNetwork_C_undersampled
wrong,text__wrong,"""wrong""",word,0.0,0.0,0.0,NeuralNetwork_C_undersampled
ya,text__ya,"""ya""",word,0.0,0.0,0.0,NeuralNetwork_C_undersampled
yeah,text__yeah,"""yeah""",word,0.0,0.0,0.0,NeuralNetwork_C_undersampled
yellow,text__yellow,"""yellow""",word,0.0,0.0,0.0,NeuralNetwork_C_undersampled
bunch,text__bunch,"""bunch""",word,0.0,0.0,0.0,NeuralNetwork_C_undersampled
burn,text__burn,"""burn""",word,0.0,0.0,0.0,NeuralNetwork_C_undersampled
burning,text__burning,"""burning""",word,0.0,0.0,0.0,NeuralNetwork_C_undersampled
buy,text__buy,"""buy""",word,0.0,0.0,0.0,NeuralNetwork_C_undersampled
buying,text__buying,"""buying""",word,0.0,0.0,0.0,NeuralNetwork_C_undersampled
woodson,text__woodson,"""woodson""",word,0.0,0.0,0.0,NeuralNetwork_C_undersampled
wondering,text__wondering,"""wondering""",word,0.0,0.0,0.0,NeuralNetwork_C_undersampled
word,text__word,"""word""",word,0.0,0.0,0.0,NeuralNetwork_C_undersampled
wind,text__wind,"""wind""",word,0.0,0.0,0.0,NeuralNetwork_C_undersampled
working,text__working,"""working""",word,0.0,0.0,0.0,NeuralNetwork_C_undersampled
worry,text__worry,"""worry""",word,0.0,0.0,0.0,NeuralNetwork_C_undersampled
worse,text__worse,"""worse""",word,0.0,0.0,0.0,NeuralNetwork_C_undersampled
worst,text__worst,"""worst""",word,0.0,0.0,0.0,NeuralNetwork_C_undersampled
yesterday,text__yesterday,"""yesterday""",word,0.0,0.0,0.0,NeuralNetwork_C_undersampled
york,text__york,"""york""",word,0.0,0.0,0.0,NeuralNetwork_C_undersampled
young,text__young,"""young""",word,0.0,0.0,0.0,NeuralNetwork_C_undersampled
younger,text__younger,"""younger""",word,0.0,0.0,0.0,NeuralNetwork_C_undersampled
youth,text__youth,"""youth""",word,0.0,0.0,0.0,NeuralNetwork_C_undersampled
youtube,text__youtube,"""youtube""",word,0.0,0.0,0.0,NeuralNetwork_C_undersampled
zeus,text__zeus,"""zeus""",word,0.0,0.0,0.0,NeuralNetwork_C_undersampled
according,text__according,"""according""",word,0.0,0.0,0.0,NeuralNetwork_C_undersampled
win,text__win,"""win""",word,0.0,0.0,0.0,NeuralNetwork_C_undersampled
worked,text__worked,"""worked""",word,0.0,0.0,0.0,NeuralNetwork_C_undersampled
wanting,text__wanting,"""wanting""",word,0.0,0.0,0.0,NeuralNetwork_C_undersampled
warm,text__warm,"""warm""",word,0.0,0.0,0.0,NeuralNetwork_C_undersampled
warning,text__warning,"""warning""",word,0.0,0.0,0.0,NeuralNetwork_C_undersampled
warrior,text__warrior,"""warrior""",word,0.0,0.0,0.0,NeuralNetwork_C_undersampled
warsan,text__warsan,"""warsan""",word,0.0,0.0,0.0,NeuralNetwork_C_undersampled
utterly,text__utterly,"""utterly""",word,0.0,0.0,0.0,NeuralNetwork_C_undersampled
value,text__value,"""value""",word,0.0,0.0,0.0,NeuralNetwork_C_undersampled
variety,text__variety,"""variety""",word,0.0,0.0,0.0,NeuralNetwork_C_undersampled
various,text__various,"""various""",word,0.0,0.0,0.0,NeuralNetwork_C_undersampled
vast,text__vast,"""vast""",word,0.0,0.0,0.0,NeuralNetwork_C_undersampled
verse,text__verse,"""verse""",word,0.0,0.0,0.0,NeuralNetwork_C_undersampled
version,text__version,"""version""",word,0.0,0.0,0.0,NeuralNetwork_C_undersampled
william,text__william,"""william""",word,0.0,0.0,0.0,NeuralNetwork_C_undersampled
view,text__view,"""view""",word,0.0,0.0,0.0,NeuralNetwork_C_undersampled
violence,text__violence,"""violence""",word,0.0,0.0,0.0,NeuralNetwork_C_undersampled
violent,text__violent,"""violent""",word,0.0,0.0,0.0,NeuralNetwork_C_undersampled
virgil,text__virgil,"""virgil""",word,0.0,0.0,0.0,NeuralNetwork_C_undersampled
vision,text__vision,"""vision""",word,0.0,0.0,0.0,NeuralNetwork_C_undersampled
visit,text__visit,"""visit""",word,0.0,0.0,0.0,NeuralNetwork_C_undersampled
visual,text__visual,"""visual""",word,0.0,0.0,0.0,NeuralNetwork_C_undersampled
vivid,text__vivid,"""vivid""",word,0.0,0.0,0.0,NeuralNetwork_C_undersampled
uncomfortable,text__uncomfortable,"""uncomfortable""",word,0.0,0.0,0.0,NeuralNetwork_C_undersampled
understand,text__understand,"""understand""",word,0.0,0.0,0.0,NeuralNetwork_C_undersampled
understanding,text__understanding,"""understanding""",word,0.0,0.0,0.0,NeuralNetwork_C_undersampled
understood,text__understood,"""understood""",word,0.0,0.0,0.0,NeuralNetwork_C_undersampled
unfinished,text__unfinished,"""unfinished""",word,0.0,0.0,0.0,NeuralNetwork_C_undersampled
video,text__video,"""video""",word,0.0,0.0,0.0,NeuralNetwork_C_undersampled
williams,text__williams,"""williams""",word,0.0,0.0,0.0,NeuralNetwork_C_undersampled
willing,text__willing,"""willing""",word,0.0,0.0,0.0,NeuralNetwork_C_undersampled
waste,text__waste,"""waste""",word,0.0,0.0,0.0,NeuralNetwork_C_undersampled
watched,text__watched,"""watched""",word,0.0,0.0,0.0,NeuralNetwork_C_undersampled
watching,text__watching,"""watching""",word,0.0,0.0,0.0,NeuralNetwork_C_undersampled
water,text__water,"""water""",word,0.0,0.0,0.0,NeuralNetwork_C_undersampled
wave,text__wave,"""wave""",word,0.0,0.0,0.0,NeuralNetwork_C_undersampled
way,text__way,"""way""",word,0.0,0.0,0.0,NeuralNetwork_C_undersampled
weak,text__weak,"""weak""",word,0.0,0.0,0.0,NeuralNetwork_C_undersampled
weakness,text__weakness,"""weakness""",word,0.0,0.0,0.0,NeuralNetwork_C_undersampled
wear,text__wear,"""wear""",word,0.0,0.0,0.0,NeuralNetwork_C_undersampled
weave,text__weave,"""weave""",word,0.0,0.0,0.0,NeuralNetwork_C_undersampled
wanted,text__wanted,"""wanted""",word,0.0,0.0,0.0,NeuralNetwork_C_undersampled
weight,text__weight,"""weight""",word,0.0,0.0,0.0,NeuralNetwork_C_undersampled
welcome,text__welcome,"""welcome""",word,0.0,0.0,0.0,NeuralNetwork_C_undersampled
well,text__well,"""well""",word,0.0,0.0,0.0,NeuralNetwork_C_undersampled
went,text__went,"""went""",word,0.0,0.0,0.0,NeuralNetwork_C_undersampled
werewolf,text__werewolf,"""werewolf""",word,0.0,0.0,0.0,NeuralNetwork_C_undersampled
volume,text__volume,"""volume""",word,0.0,0.0,0.0,NeuralNetwork_C_undersampled
waheed,text__waheed,"""waheed""",word,0.0,0.0,0.0,NeuralNetwork_C_undersampled
wait,text__wait,"""wait""",word,0.0,0.0,0.0,NeuralNetwork_C_undersampled
waiting,text__waiting,"""waiting""",word,0.0,0.0,0.0,NeuralNetwork_C_undersampled
wake,text__wake,"""wake""",word,0.0,0.0,0.0,NeuralNetwork_C_undersampled
walk,text__walk,"""walk""",word,0.0,0.0,0.0,NeuralNetwork_C_undersampled
walking,text__walking,"""walking""",word,0.0,0.0,0.0,NeuralNetwork_C_undersampled
walt,text__walt,"""walt""",word,0.0,0.0,0.0,NeuralNetwork_C_undersampled
week,text__week,"""week""",word,0.0,0.0,0.0,NeuralNetwork_C_undersampled
somebody,text__somebody,"""somebody""",word,0.0,0.0,0.0,NeuralNetwork_C_undersampled
somehow,text__somehow,"""somehow""",word,0.0,0.0,0.0,NeuralNetwork_C_undersampled
something,text__something,"""something""",word,0.0,0.0,0.0,NeuralNetwork_C_undersampled
sometimes,text__sometimes,"""sometimes""",word,0.0,0.0,0.0,NeuralNetwork_C_undersampled
somewhat,text__somewhat,"""somewhat""",word,0.0,0.0,0.0,NeuralNetwork_C_undersampled
somewhere,text__somewhere,"""somewhere""",word,0.0,0.0,0.0,NeuralNetwork_C_undersampled
son,text__son,"""son""",word,0.0,0.0,0.0,NeuralNetwork_C_undersampled
sing,text__sing,"""sing""",word,0.0,0.0,0.0,NeuralNetwork_C_undersampled
singing,text__singing,"""singing""",word,0.0,0.0,0.0,NeuralNetwork_C_undersampled
single,text__single,"""single""",word,0.0,0.0,0.0,NeuralNetwork_C_undersampled
sir,text__sir,"""sir""",word,0.0,0.0,0.0,NeuralNetwork_C_undersampled
sister,text__sister,"""sister""",word,0.0,0.0,0.0,NeuralNetwork_C_undersampled
thank,text__thank,"""thank""",word,0.0,0.0,0.0,NeuralNetwork_C_undersampled
situation,text__situation,"""situation""",word,0.0,0.0,0.0,NeuralNetwork_C_undersampled
six,text__six,"""six""",word,0.0,0.0,0.0,NeuralNetwork_C_undersampled
skill,text__skill,"""skill""",word,0.0,0.0,0.0,NeuralNetwork_C_undersampled
skin,text__skin,"""skin""",word,0.0,0.0,0.0,NeuralNetwork_C_undersampled
sky,text__sky,"""sky""",word,0.0,0.0,0.0,NeuralNetwork_C_undersampled
sleeping,text__sleeping,"""sleeping""",word,0.0,0.0,0.0,NeuralNetwork_C_undersampled
slightly,text__slightly,"""slightly""",word,0.0,0.0,0.0,NeuralNetwork_C_undersampled
slow,text__slow,"""slow""",word,0.0,0.0,0.0,NeuralNetwork_C_undersampled
slowly,text__slowly,"""slowly""",word,0.0,0.0,0.0,NeuralNetwork_C_undersampled
smart,text__smart,"""smart""",word,0.0,0.0,0.0,NeuralNetwork_C_undersampled
sick,text__sick,"""sick""",word,0.0,0.0,0.0,NeuralNetwork_C_undersampled
sigh,text__sigh,"""sigh""",word,0.0,0.0,0.0,NeuralNetwork_C_undersampled
sight,text__sight,"""sight""",word,0.0,0.0,0.0,NeuralNetwork_C_undersampled
sit,text__sit,"""sit""",word,0.0,0.0,0.0,NeuralNetwork_C_undersampled
spread,text__spread,"""spread""",word,0.0,0.0,0.0,NeuralNetwork_C_undersampled
spring,text__spring,"""spring""",word,0.0,0.0,0.0,NeuralNetwork_C_undersampled
song,text__song,"""song""",word,0.0,0.0,0.0,NeuralNetwork_C_undersampled
sonnet,text__sonnet,"""sonnet""",word,0.0,0.0,0.0,NeuralNetwork_C_undersampled
soon,text__soon,"""soon""",word,0.0,0.0,0.0,NeuralNetwork_C_undersampled
sorrow,text__sorrow,"""sorrow""",word,0.0,0.0,0.0,NeuralNetwork_C_undersampled
sorry,text__sorry,"""sorry""",word,0.0,0.0,0.0,NeuralNetwork_C_undersampled
sort,text__sort,"""sort""",word,0.0,0.0,0.0,NeuralNetwork_C_undersampled
soul,text__soul,"""soul""",word,0.0,0.0,0.0,NeuralNetwork_C_undersampled
sound,text__sound,"""sound""",word,0.0,0.0,0.0,NeuralNetwork_C_undersampled
source,text__source,"""source""",word,0.0,0.0,0.0,NeuralNetwork_C_undersampled
south,text__south,"""south""",word,0.0,0.0,0.0,NeuralNetwork_C_undersampled
solitude,text__solitude,"""solitude""",word,0.0,0.0,0.0,NeuralNetwork_C_undersampled
spanish,text__spanish,"""spanish""",word,0.0,0.0,0.0,NeuralNetwork_C_undersampled
speak,text__speak,"""speak""",word,0.0,0.0,0.0,NeuralNetwork_C_undersampled
speaker,text__speaker,"""speaker""",word,0.0,0.0,0.0,NeuralNetwork_C_undersampled
speaking,text__speaking,"""speaking""",word,0.0,0.0,0.0,NeuralNetwork_C_undersampled
speaks,text__speaks,"""speaks""",word,0.0,0.0,0.0,NeuralNetwork_C_undersampled
smell,text__smell,"""smell""",word,0.0,0.0,0.0,NeuralNetwork_C_undersampled
smile,text__smile,"""smile""",word,0.0,0.0,0.0,NeuralNetwork_C_undersampled
snippet,text__snippet,"""snippet""",word,0.0,0.0,0.0,NeuralNetwork_C_undersampled
snow,text__snow,"""snow""",word,0.0,0.0,0.0,NeuralNetwork_C_undersampled
society,text__society,"""society""",word,0.0,0.0,0.0,NeuralNetwork_C_undersampled
soft,text__soft,"""soft""",word,0.0,0.0,0.0,NeuralNetwork_C_undersampled
soldier,text__soldier,"""soldier""",word,0.0,0.0,0.0,NeuralNetwork_C_undersampled
solid,text__solid,"""solid""",word,0.0,0.0,0.0,NeuralNetwork_C_undersampled
space,text__space,"""space""",word,0.0,0.0,0.0,NeuralNetwork_C_undersampled
ancient,text__ancient,"""ancient""",word,0.0,0.0,0.0,NeuralNetwork_C_undersampled
andrea,text__andrea,"""andrea""",word,0.0,0.0,0.0,NeuralNetwork_C_undersampled
andrew,text__andrew,"""andrew""",word,0.0,0.0,0.0,NeuralNetwork_C_undersampled
angel,text__angel,"""angel""",word,0.0,0.0,0.0,NeuralNetwork_C_undersampled
anger,text__anger,"""anger""",word,0.0,0.0,0.0,NeuralNetwork_C_undersampled
angry,text__angry,"""angry""",word,0.0,0.0,0.0,NeuralNetwork_C_undersampled
animal,text__animal,"""animal""",word,0.0,0.0,0.0,NeuralNetwork_C_undersampled
shadow,text__shadow,"""shadow""",word,0.0,0.0,0.0,NeuralNetwork_C_undersampled
shallow,text__shallow,"""shallow""",word,0.0,0.0,0.0,NeuralNetwork_C_undersampled
shame,text__shame,"""shame""",word,0.0,0.0,0.0,NeuralNetwork_C_undersampled
shape,text__shape,"""shape""",word,0.0,0.0,0.0,NeuralNetwork_C_undersampled
share,text__share,"""share""",word,0.0,0.0,0.0,NeuralNetwork_C_undersampled
sign,text__sign,"""sign""",word,0.0,0.0,0.0,NeuralNetwork_C_undersampled
sharing,text__sharing,"""sharing""",word,0.0,0.0,0.0,NeuralNetwork_C_undersampled
sharp,text__sharp,"""sharp""",word,0.0,0.0,0.0,NeuralNetwork_C_undersampled
set,text__set,"""set""",word,0.0,0.0,0.0,NeuralNetwork_C_undersampled
seven,text__seven,"""seven""",word,0.0,0.0,0.0,NeuralNetwork_C_undersampled
several,text__several,"""several""",word,0.0,0.0,0.0,NeuralNetwork_C_undersampled
sex,text__sex,"""sex""",word,0.0,0.0,0.0,NeuralNetwork_C_undersampled
sexton,text__sexton,"""sexton""",word,0.0,0.0,0.0,NeuralNetwork_C_undersampled
sexual,text__sexual,"""sexual""",word,0.0,0.0,0.0,NeuralNetwork_C_undersampled
sexuality,text__sexuality,"""sexuality""",word,0.0,0.0,0.0,NeuralNetwork_C_undersampled
shade,text__shade,"""shade""",word,0.0,0.0,0.0,NeuralNetwork_C_undersampled
amanda,text__amanda,"""amanda""",word,0.0,0.0,0.0,NeuralNetwork_C_undersampled
amazed,text__amazed,"""amazed""",word,0.0,0.0,0.0,NeuralNetwork_C_undersampled
amazing,text__amazing,"""amazing""",word,0.0,0.0,0.0,NeuralNetwork_C_undersampled
shared,text__shared,"""shared""",word,0.0,0.0,0.0,NeuralNetwork_C_undersampled
silence,text__silence,"""silence""",word,0.0,0.0,0.0,NeuralNetwork_C_undersampled
silent,text__silent,"""silent""",word,0.0,0.0,0.0,NeuralNetwork_C_undersampled
silly,text__silly,"""silly""",word,0.0,0.0,0.0,NeuralNetwork_C_undersampled
silverstein,text__silverstein,"""silverstein""",word,0.0,0.0,0.0,NeuralNetwork_C_undersampled
similar,text__similar,"""similar""",word,0.0,0.0,0.0,NeuralNetwork_C_undersampled
simple,text__simple,"""simple""",word,0.0,0.0,0.0,NeuralNetwork_C_undersampled
simplicity,text__simplicity,"""simplicity""",word,0.0,0.0,0.0,NeuralNetwork_C_undersampled
simplistic,text__simplistic,"""simplistic""",word,0.0,0.0,0.0,NeuralNetwork_C_undersampled
simply,text__simply,"""simply""",word,0.0,0.0,0.0,NeuralNetwork_C_undersampled
sin,text__sin,"""sin""",word,0.0,0.0,0.0,NeuralNetwork_C_undersampled
since,text__since,"""since""",word,0.0,0.0,0.0,NeuralNetwork_C_undersampled
sheer,text__sheer,"""sheer""",word,0.0,0.0,0.0,NeuralNetwork_C_undersampled
amount,text__amount,"""amount""",word,0.0,0.0,0.0,NeuralNetwork_C_undersampled
shelf,text__shelf,"""shelf""",word,0.0,0.0,0.0,NeuralNetwork_C_undersampled
shepard,text__shepard,"""shepard""",word,0.0,0.0,0.0,NeuralNetwork_C_undersampled
shine,text__shine,"""shine""",word,0.0,0.0,0.0,NeuralNetwork_C_undersampled
shire,text__shire,"""shire""",word,0.0,0.0,0.0,NeuralNetwork_C_undersampled
shit,text__shit,"""shit""",word,0.0,0.0,0.0,NeuralNetwork_C_undersampled
shock,text__shock,"""shock""",word,0.0,0.0,0.0,NeuralNetwork_C_undersampled
short,text__short,"""short""",word,0.0,0.0,0.0,NeuralNetwork_C_undersampled
shot,text__shot,"""shot""",word,0.0,0.0,0.0,NeuralNetwork_C_undersampled
show,text__show,"""show""",word,0.0,0.0,0.0,NeuralNetwork_C_undersampled
showed,text__showed,"""showed""",word,0.0,0.0,0.0,NeuralNetwork_C_undersampled
showing,text__showing,"""showing""",word,0.0,0.0,0.0,NeuralNetwork_C_undersampled
shut,text__shut,"""shut""",word,0.0,0.0,0.0,NeuralNetwork_C_undersampled
sibling,text__sibling,"""sibling""",word,0.0,0.0,0.0,NeuralNetwork_C_undersampled
shel,text__shel,"""shel""",word,0.0,0.0,0.0,NeuralNetwork_C_undersampled
alexander,text__alexander,"""alexander""",word,0.0,0.0,0.0,NeuralNetwork_C_undersampled
alive,text__alive,"""alive""",word,0.0,0.0,0.0,NeuralNetwork_C_undersampled
allow,text__allow,"""allow""",word,0.0,0.0,0.0,NeuralNetwork_C_undersampled
allowed,text__allowed,"""allowed""",word,0.0,0.0,0.0,NeuralNetwork_C_undersampled
allows,text__allows,"""allows""",word,0.0,0.0,0.0,NeuralNetwork_C_undersampled
summer,text__summer,"""summer""",word,0.0,0.0,0.0,NeuralNetwork_C_undersampled
sun,text__sun,"""sun""",word,0.0,0.0,0.0,NeuralNetwork_C_undersampled
super,text__super,"""super""",word,0.0,0.0,0.0,NeuralNetwork_C_undersampled
support,text__support,"""support""",word,0.0,0.0,0.0,NeuralNetwork_C_undersampled
suppose,text__suppose,"""suppose""",word,0.0,0.0,0.0,NeuralNetwork_C_undersampled
supposed,text__supposed,"""supposed""",word,0.0,0.0,0.0,NeuralNetwork_C_undersampled
sure,text__sure,"""sure""",word,0.0,0.0,0.0,NeuralNetwork_C_undersampled
spot,text__spot,"""spot""",word,0.0,0.0,0.0,NeuralNetwork_C_undersampled
surface,text__surface,"""surface""",word,0.0,0.0,0.0,NeuralNetwork_C_undersampled
surprise,text__surprise,"""surprise""",word,0.0,0.0,0.0,NeuralNetwork_C_undersampled
surprised,text__surprised,"""surprised""",word,0.0,0.0,0.0,NeuralNetwork_C_undersampled
surprising,text__surprising,"""surprising""",word,0.0,0.0,0.0,NeuralNetwork_C_undersampled
surprisingly,text__surprisingly,"""surprisingly""",word,0.0,0.0,0.0,NeuralNetwork_C_undersampled
sweet,text__sweet,"""sweet""",word,0.0,0.0,0.0,NeuralNetwork_C_undersampled
sword,text__sword,"""sword""",word,0.0,0.0,0.0,NeuralNetwork_C_undersampled
sylvia,text__sylvia,"""sylvia""",word,0.0,0.0,0.0,NeuralNetwork_C_undersampled
stuck,text__stuck,"""stuck""",word,0.0,0.0,0.0,NeuralNetwork_C_undersampled
student,text__student,"""student""",word,0.0,0.0,0.0,NeuralNetwork_C_undersampled
stuff,text__stuff,"""stuff""",word,0.0,0.0,0.0,NeuralNetwork_C_undersampled
stupid,text__stupid,"""stupid""",word,0.0,0.0,0.0,NeuralNetwork_C_undersampled
subject,text__subject,"""subject""",word,0.0,0.0,0.0,NeuralNetwork_C_undersampled
surely,text__surely,"""surely""",word,0.0,0.0,0.0,NeuralNetwork_C_undersampled
thanks,text__thanks,"""thanks""",word,0.0,0.0,0.0,NeuralNetwork_C_undersampled
thee,text__thee,"""thee""",word,0.0,0.0,0.0,NeuralNetwork_C_undersampled
almost,text__almost,"""almost""",word,0.0,0.0,0.0,NeuralNetwork_C_undersampled
alone,text__alone,"""alone""",word,0.0,0.0,0.0,NeuralNetwork_C_undersampled
along,text__along,"""along""",word,0.0,0.0,0.0,NeuralNetwork_C_undersampled
aloud,text__aloud,"""aloud""",word,0.0,0.0,0.0,NeuralNetwork_C_undersampled
already,text__already,"""already""",word,0.0,0.0,0.0,NeuralNetwork_C_undersampled
although,text__although,"""although""",word,0.0,0.0,0.0,NeuralNetwork_C_undersampled
always,text__always,"""always""",word,0.0,0.0,0.0,NeuralNetwork_C_undersampled
talk,text__talk,"""talk""",word,0.0,0.0,0.0,NeuralNetwork_C_undersampled
talked,text__talked,"""talked""",word,0.0,0.0,0.0,NeuralNetwork_C_undersampled
talking,text__talking,"""talking""",word,0.0,0.0,0.0,NeuralNetwork_C_undersampled
ala,text__ala,"""ala""",word,0.0,0.0,0.0,NeuralNetwork_C_undersampled
tea,text__tea,"""tea""",word,0.0,0.0,0.0,NeuralNetwork_C_undersampled
teach,text__teach,"""teach""",word,0.0,0.0,0.0,NeuralNetwork_C_undersampled
teaching,text__teaching,"""teaching""",word,0.0,0.0,0.0,NeuralNetwork_C_undersampled
tear,text__tear,"""tear""",word,0.0,0.0,0.0,NeuralNetwork_C_undersampled
system,text__system,"""system""",word,0.0,0.0,0.0,NeuralNetwork_C_undersampled
table,text__table,"""table""",word,0.0,0.0,0.0,NeuralNetwork_C_undersampled
tagore,text__tagore,"""tagore""",word,0.0,0.0,0.0,NeuralNetwork_C_undersampled
taken,text__taken,"""taken""",word,0.0,0.0,0.0,NeuralNetwork_C_undersampled
tale,text__tale,"""tale""",word,0.0,0.0,0.0,NeuralNetwork_C_undersampled
talent,text__talent,"""talent""",word,0.0,0.0,0.0,NeuralNetwork_C_undersampled
talented,text__talented,"""talented""",word,0.0,0.0,0.0,NeuralNetwork_C_undersampled
ahead,text__ahead,"""ahead""",word,0.0,0.0,0.0,NeuralNetwork_C_undersampled
air,text__air,"""air""",word,0.0,0.0,0.0,NeuralNetwork_C_undersampled
task,text__task,"""task""",word,0.0,0.0,0.0,NeuralNetwork_C_undersampled
standing,text__standing,"""standing""",word,0.0,0.0,0.0,NeuralNetwork_C_undersampled
stanza,text__stanza,"""stanza""",word,0.0,0.0,0.0,NeuralNetwork_C_undersampled
started,text__started,"""started""",word,0.0,0.0,0.0,NeuralNetwork_C_undersampled
starting,text__starting,"""starting""",word,0.0,0.0,0.0,NeuralNetwork_C_undersampled
state,text__state,"""state""",word,0.0,0.0,0.0,NeuralNetwork_C_undersampled
statement,text__statement,"""statement""",word,0.0,0.0,0.0,NeuralNetwork_C_undersampled
stay,text__stay,"""stay""",word,0.0,0.0,0.0,NeuralNetwork_C_undersampled
step,text__step,"""step""",word,0.0,0.0,0.0,NeuralNetwork_C_undersampled
stick,text__stick,"""stick""",word,0.0,0.0,0.0,NeuralNetwork_C_undersampled
still,text__still,"""still""",word,0.0,0.0,0.0,NeuralNetwork_C_undersampled
stone,text__stone,"""stone""",word,0.0,0.0,0.0,NeuralNetwork_C_undersampled
stood,text__stood,"""stood""",word,0.0,0.0,0.0,NeuralNetwork_C_undersampled
subtle,text__subtle,"""subtle""",word,0.0,0.0,0.0,NeuralNetwork_C_undersampled
stopped,text__stopped,"""stopped""",word,0.0,0.0,0.0,NeuralNetwork_C_undersampled
special,text__special,"""special""",word,0.0,0.0,0.0,NeuralNetwork_C_undersampled
specific,text__specific,"""specific""",word,0.0,0.0,0.0,NeuralNetwork_C_undersampled
specifically,text__specifically,"""specifically""",word,0.0,0.0,0.0,NeuralNetwork_C_undersampled
speech,text__speech,"""speech""",word,0.0,0.0,0.0,NeuralNetwork_C_undersampled
spend,text__spend,"""spend""",word,0.0,0.0,0.0,NeuralNetwork_C_undersampled
spent,text__spent,"""spent""",word,0.0,0.0,0.0,NeuralNetwork_C_undersampled
spiritual,text__spiritual,"""spiritual""",word,0.0,0.0,0.0,NeuralNetwork_C_undersampled
split,text__split,"""split""",word,0.0,0.0,0.0,NeuralNetwork_C_undersampled
spoiler,text__spoiler,"""spoiler""",word,0.0,0.0,0.0,NeuralNetwork_C_undersampled
spoke,text__spoke,"""spoke""",word,0.0,0.0,0.0,NeuralNetwork_C_undersampled
spoken,text__spoken,"""spoken""",word,0.0,0.0,0.0,NeuralNetwork_C_undersampled
sport,text__sport,"""sport""",word,0.0,0.0,0.0,NeuralNetwork_C_undersampled
stop,text__stop,"""stop""",word,0.0,0.0,0.0,NeuralNetwork_C_undersampled
success,text__success,"""success""",word,0.0,0.0,0.0,NeuralNetwork_C_undersampled
sudden,text__sudden,"""sudden""",word,0.0,0.0,0.0,NeuralNetwork_C_undersampled
suddenly,text__suddenly,"""suddenly""",word,0.0,0.0,0.0,NeuralNetwork_C_undersampled
suffer,text__suffer,"""suffer""",word,0.0,0.0,0.0,NeuralNetwork_C_undersampled
suffering,text__suffering,"""suffering""",word,0.0,0.0,0.0,NeuralNetwork_C_undersampled
sugar,text__sugar,"""sugar""",word,0.0,0.0,0.0,NeuralNetwork_C_undersampled
suggest,text__suggest,"""suggest""",word,0.0,0.0,0.0,NeuralNetwork_C_undersampled
suggests,text__suggests,"""suggests""",word,0.0,0.0,0.0,NeuralNetwork_C_undersampled
suicide,text__suicide,"""suicide""",word,0.0,0.0,0.0,NeuralNetwork_C_undersampled
suitor,text__suitor,"""suitor""",word,0.0,0.0,0.0,NeuralNetwork_C_undersampled
store,text__store,"""store""",word,0.0,0.0,0.0,NeuralNetwork_C_undersampled
storm,text__storm,"""storm""",word,0.0,0.0,0.0,NeuralNetwork_C_undersampled
stand,text__stand,"""stand""",word,0.0,0.0,0.0,NeuralNetwork_C_undersampled
straight,text__straight,"""straight""",word,0.0,0.0,0.0,NeuralNetwork_C_undersampled
strange,text__strange,"""strange""",word,0.0,0.0,0.0,NeuralNetwork_C_undersampled
stranger,text__stranger,"""stranger""",word,0.0,0.0,0.0,NeuralNetwork_C_undersampled
strength,text__strength,"""strength""",word,0.0,0.0,0.0,NeuralNetwork_C_undersampled
strike,text__strike,"""strike""",word,0.0,0.0,0.0,NeuralNetwork_C_undersampled
striking,text__striking,"""striking""",word,0.0,0.0,0.0,NeuralNetwork_C_undersampled
string,text__string,"""string""",word,0.0,0.0,0.0,NeuralNetwork_C_undersampled
strong,text__strong,"""strong""",word,0.0,0.0,0.0,NeuralNetwork_C_undersampled
strongly,text__strongly,"""strongly""",word,0.0,0.0,0.0,NeuralNetwork_C_undersampled
struck,text__struck,"""struck""",word,0.0,0.0,0.0,NeuralNetwork_C_undersampled
structure,text__structure,"""structure""",word,0.0,0.0,0.0,NeuralNetwork_C_undersampled
struggle,text__struggle,"""struggle""",word,0.0,0.0,0.0,NeuralNetwork_C_undersampled
struggling,text__struggling,"""struggling""",word,0.0,0.0,0.0,NeuralNetwork_C_undersampled
story,text__story,"""story""",word,0.0,0.0,0.0,NeuralNetwork_C_undersampled
endless,text__endless,"""endless""",word,0.0,0.0,0.0,NeuralNetwork_C_undersampled
enemy,text__enemy,"""enemy""",word,0.0,0.0,0.0,NeuralNetwork_C_undersampled
energy,text__energy,"""energy""",word,0.0,0.0,0.0,NeuralNetwork_C_undersampled
engaging,text__engaging,"""engaging""",word,0.0,0.0,0.0,NeuralNetwork_C_undersampled
england,text__england,"""england""",word,0.0,0.0,0.0,NeuralNetwork_C_undersampled
english,text__english,"""english""",word,0.0,0.0,0.0,NeuralNetwork_C_undersampled
enjoy,text__enjoy,"""enjoy""",word,0.0,0.0,0.0,NeuralNetwork_C_undersampled
enjoyable,text__enjoyable,"""enjoyable""",word,0.0,0.0,0.0,NeuralNetwork_C_undersampled
enjoyed,text__enjoyed,"""enjoyed""",word,0.0,0.0,0.0,NeuralNetwork_C_undersampled
enjoying,text__enjoying,"""enjoying""",word,0.0,0.0,0.0,NeuralNetwork_C_undersampled
enjoyment,text__enjoyment,"""enjoyment""",word,0.0,0.0,0.0,NeuralNetwork_C_undersampled
enough,text__enough,"""enough""",word,0.0,0.0,0.0,NeuralNetwork_C_undersampled
middle,text__middle,"""middle""",word,0.0,0.0,0.0,NeuralNetwork_C_undersampled
effect,text__effect,"""effect""",word,0.0,0.0,0.0,NeuralNetwork_C_undersampled
effort,text__effort,"""effort""",word,0.0,0.0,0.0,NeuralNetwork_C_undersampled
eight,text__eight,"""eight""",word,0.0,0.0,0.0,NeuralNetwork_C_undersampled
either,text__either,"""either""",word,0.0,0.0,0.0,NeuralNetwork_C_undersampled
elegant,text__elegant,"""elegant""",word,0.0,0.0,0.0,NeuralNetwork_C_undersampled
eliot,text__eliot,"""eliot""",word,0.0,0.0,0.0,NeuralNetwork_C_undersampled
ellen,text__ellen,"""ellen""",word,0.0,0.0,0.0,NeuralNetwork_C_undersampled
embrace,text__embrace,"""embrace""",word,0.0,0.0,0.0,NeuralNetwork_C_undersampled
emily,text__emily,"""emily""",word,0.0,0.0,0.0,NeuralNetwork_C_undersampled
emotion,text__emotion,"""emotion""",word,0.0,0.0,0.0,NeuralNetwork_C_undersampled
emotional,text__emotional,"""emotional""",word,0.0,0.0,0.0,NeuralNetwork_C_undersampled
emotionally,text__emotionally,"""emotionally""",word,0.0,0.0,0.0,NeuralNetwork_C_undersampled
empowering,text__empowering,"""empowering""",word,0.0,0.0,0.0,NeuralNetwork_C_undersampled
entertaining,text__entertaining,"""entertaining""",word,0.0,0.0,0.0,NeuralNetwork_C_undersampled
evocative,text__evocative,"""evocative""",word,0.0,0.0,0.0,NeuralNetwork_C_undersampled
exact,text__exact,"""exact""",word,0.0,0.0,0.0,NeuralNetwork_C_undersampled
exactly,text__exactly,"""exactly""",word,0.0,0.0,0.0,NeuralNetwork_C_undersampled
example,text__example,"""example""",word,0.0,0.0,0.0,NeuralNetwork_C_undersampled
excellent,text__excellent,"""excellent""",word,0.0,0.0,0.0,NeuralNetwork_C_undersampled
exception,text__exception,"""exception""",word,0.0,0.0,0.0,NeuralNetwork_C_undersampled
excerpt,text__excerpt,"""excerpt""",word,0.0,0.0,0.0,NeuralNetwork_C_undersampled
exchange,text__exchange,"""exchange""",word,0.0,0.0,0.0,NeuralNetwork_C_undersampled
excited,text__excited,"""excited""",word,0.0,0.0,0.0,NeuralNetwork_C_undersampled
entire,text__entire,"""entire""",word,0.0,0.0,0.0,NeuralNetwork_C_undersampled
entirely,text__entirely,"""entirely""",word,0.0,0.0,0.0,NeuralNetwork_C_undersampled
entry,text__entry,"""entry""",word,0.0,0.0,0.0,NeuralNetwork_C_undersampled
ending,text__ending,"""ending""",word,0.0,0.0,0.0,NeuralNetwork_C_undersampled
equally,text__equally,"""equally""",word,0.0,0.0,0.0,NeuralNetwork_C_undersampled
era,text__era,"""era""",word,0.0,0.0,0.0,NeuralNetwork_C_undersampled
erotic,text__erotic,"""erotic""",word,0.0,0.0,0.0,NeuralNetwork_C_undersampled
escape,text__escape,"""escape""",word,0.0,0.0,0.0,NeuralNetwork_C_undersampled
essay,text__essay,"""essay""",word,0.0,0.0,0.0,NeuralNetwork_C_undersampled
essence,text__essence,"""essence""",word,0.0,0.0,0.0,NeuralNetwork_C_undersampled
essentially,text__essentially,"""essentially""",word,0.0,0.0,0.0,NeuralNetwork_C_undersampled
etc,text__etc,"""etc""",word,0.0,0.0,0.0,NeuralNetwork_C_undersampled
eternal,text__eternal,"""eternal""",word,0.0,0.0,0.0,NeuralNetwork_C_undersampled
eve,text__eve,"""eve""",word,0.0,0.0,0.0,NeuralNetwork_C_undersampled
evening,text__evening,"""evening""",word,0.0,0.0,0.0,NeuralNetwork_C_undersampled
end,text__end,"""end""",word,0.0,0.0,0.0,NeuralNetwork_C_undersampled
ended,text__ended,"""ended""",word,0.0,0.0,0.0,NeuralNetwork_C_undersampled
equal,text__equal,"""equal""",word,0.0,0.0,0.0,NeuralNetwork_C_undersampled
drunk,text__drunk,"""drunk""",word,0.0,0.0,0.0,NeuralNetwork_C_undersampled
dry,text__dry,"""dry""",word,0.0,0.0,0.0,NeuralNetwork_C_undersampled
due,text__due,"""due""",word,0.0,0.0,0.0,NeuralNetwork_C_undersampled
dull,text__dull,"""dull""",word,0.0,0.0,0.0,NeuralNetwork_C_undersampled
discover,text__discover,"""discover""",word,0.0,0.0,0.0,NeuralNetwork_C_undersampled
discovered,text__discovered,"""discovered""",word,0.0,0.0,0.0,NeuralNetwork_C_undersampled
discus,text__discus,"""discus""",word,0.0,0.0,0.0,NeuralNetwork_C_undersampled
discussed,text__discussed,"""discussed""",word,0.0,0.0,0.0,NeuralNetwork_C_undersampled
discussion,text__discussion,"""discussion""",word,0.0,0.0,0.0,NeuralNetwork_C_undersampled
dislike,text__dislike,"""dislike""",word,0.0,0.0,0.0,NeuralNetwork_C_undersampled
disorder,text__disorder,"""disorder""",word,0.0,0.0,0.0,NeuralNetwork_C_undersampled
distance,text__distance,"""distance""",word,0.0,0.0,0.0,NeuralNetwork_C_undersampled
empty,text__empty,"""empty""",word,0.0,0.0,0.0,NeuralNetwork_C_undersampled
disturbing,text__disturbing,"""disturbing""",word,0.0,0.0,0.0,NeuralNetwork_C_undersampled
divided,text__divided,"""divided""",word,0.0,0.0,0.0,NeuralNetwork_C_undersampled
divine,text__divine,"""divine""",word,0.0,0.0,0.0,NeuralNetwork_C_undersampled
divorce,text__divorce,"""divorce""",word,0.0,0.0,0.0,NeuralNetwork_C_undersampled
dog,text__dog,"""dog""",word,0.0,0.0,0.0,NeuralNetwork_C_undersampled
done,text__done,"""done""",word,0.0,0.0,0.0,NeuralNetwork_C_undersampled
door,text__door,"""door""",word,0.0,0.0,0.0,NeuralNetwork_C_undersampled
desire,text__desire,"""desire""",word,0.0,0.0,0.0,NeuralNetwork_C_undersampled
despair,text__despair,"""despair""",word,0.0,0.0,0.0,NeuralNetwork_C_undersampled
despite,text__despite,"""despite""",word,0.0,0.0,0.0,NeuralNetwork_C_undersampled
detail,text__detail,"""detail""",word,0.0,0.0,0.0,NeuralNetwork_C_undersampled
devil,text__devil,"""devil""",word,0.0,0.0,0.0,NeuralNetwork_C_undersampled
diary,text__diary,"""diary""",word,0.0,0.0,0.0,NeuralNetwork_C_undersampled
distant,text__distant,"""distant""",word,0.0,0.0,0.0,NeuralNetwork_C_undersampled
encounter,text__encounter,"""encounter""",word,0.0,0.0,0.0,NeuralNetwork_C_undersampled
dust,text__dust,"""dust""",word,0.0,0.0,0.0,NeuralNetwork_C_undersampled
dy,text__dy,"""dy""",word,0.0,0.0,0.0,NeuralNetwork_C_undersampled
dying,text__dying,"""dying""",word,0.0,0.0,0.0,NeuralNetwork_C_undersampled
dylan,text__dylan,"""dylan""",word,0.0,0.0,0.0,NeuralNetwork_C_undersampled
e,text__e,"""e""",word,0.0,0.0,0.0,NeuralNetwork_C_undersampled
ear,text__ear,"""ear""",word,0.0,0.0,0.0,NeuralNetwork_C_undersampled
earlier,text__earlier,"""earlier""",word,0.0,0.0,0.0,NeuralNetwork_C_undersampled
early,text__early,"""early""",word,0.0,0.0,0.0,NeuralNetwork_C_undersampled
earth,text__earth,"""earth""",word,0.0,0.0,0.0,NeuralNetwork_C_undersampled
easier,text__easier,"""easier""",word,0.0,0.0,0.0,NeuralNetwork_C_undersampled
easily,text__easily,"""easily""",word,0.0,0.0,0.0,NeuralNetwork_C_undersampled
drop,text__drop,"""drop""",word,0.0,0.0,0.0,NeuralNetwork_C_undersampled
eat,text__eat,"""eat""",word,0.0,0.0,0.0,NeuralNetwork_C_undersampled
eating,text__eating,"""eating""",word,0.0,0.0,0.0,NeuralNetwork_C_undersampled
echo,text__echo,"""echo""",word,0.0,0.0,0.0,NeuralNetwork_C_undersampled
edition,text__edition,"""edition""",word,0.0,0.0,0.0,NeuralNetwork_C_undersampled
doubt,text__doubt,"""doubt""",word,0.0,0.0,0.0,NeuralNetwork_C_undersampled
dragon,text__dragon,"""dragon""",word,0.0,0.0,0.0,NeuralNetwork_C_undersampled
drama,text__drama,"""drama""",word,0.0,0.0,0.0,NeuralNetwork_C_undersampled
draw,text__draw,"""draw""",word,0.0,0.0,0.0,NeuralNetwork_C_undersampled
drawing,text__drawing,"""drawing""",word,0.0,0.0,0.0,NeuralNetwork_C_undersampled
drawn,text__drawn,"""drawn""",word,0.0,0.0,0.0,NeuralNetwork_C_undersampled
dreaming,text__dreaming,"""dreaming""",word,0.0,0.0,0.0,NeuralNetwork_C_undersampled
drink,text__drink,"""drink""",word,0.0,0.0,0.0,NeuralNetwork_C_undersampled
drive,text__drive,"""drive""",word,0.0,0.0,0.0,NeuralNetwork_C_undersampled
easy,text__easy,"""easy""",word,0.0,0.0,0.0,NeuralNetwork_C_undersampled
flesh,text__flesh,"""flesh""",word,0.0,0.0,0.0,NeuralNetwork_C_undersampled
feed,text__feed,"""feed""",word,0.0,0.0,0.0,NeuralNetwork_C_undersampled
feel,text__feel,"""feel""",word,0.0,0.0,0.0,NeuralNetwork_C_undersampled
feeling,text__feeling,"""feeling""",word,0.0,0.0,0.0,NeuralNetwork_C_undersampled
fell,text__fell,"""fell""",word,0.0,0.0,0.0,NeuralNetwork_C_undersampled
fellow,text__fellow,"""fellow""",word,0.0,0.0,0.0,NeuralNetwork_C_undersampled
felt,text__felt,"""felt""",word,0.0,0.0,0.0,NeuralNetwork_C_undersampled
female,text__female,"""female""",word,0.0,0.0,0.0,NeuralNetwork_C_undersampled
femininity,text__femininity,"""femininity""",word,0.0,0.0,0.0,NeuralNetwork_C_undersampled
feminist,text__feminist,"""feminist""",word,0.0,0.0,0.0,NeuralNetwork_C_undersampled
ferlinghetti,text__ferlinghetti,"""ferlinghetti""",word,0.0,0.0,0.0,NeuralNetwork_C_undersampled
fiction,text__fiction,"""fiction""",word,0.0,0.0,0.0,NeuralNetwork_C_undersampled
everywhere,text__everywhere,"""everywhere""",word,0.0,0.0,0.0,NeuralNetwork_C_undersampled
fifth,text__fifth,"""fifth""",word,0.0,0.0,0.0,NeuralNetwork_C_undersampled
fight,text__fight,"""fight""",word,0.0,0.0,0.0,NeuralNetwork_C_undersampled
fighting,text__fighting,"""fighting""",word,0.0,0.0,0.0,NeuralNetwork_C_undersampled
family,text__family,"""family""",word,0.0,0.0,0.0,NeuralNetwork_C_undersampled
famous,text__famous,"""famous""",word,0.0,0.0,0.0,NeuralNetwork_C_undersampled
fantastic,text__fantastic,"""fantastic""",word,0.0,0.0,0.0,NeuralNetwork_C_undersampled
fantasy,text__fantasy,"""fantasy""",word,0.0,0.0,0.0,NeuralNetwork_C_undersampled
far,text__far,"""far""",word,0.0,0.0,0.0,NeuralNetwork_C_undersampled
fascinating,text__fascinating,"""fascinating""",word,0.0,0.0,0.0,NeuralNetwork_C_undersampled
fast,text__fast,"""fast""",word,0.0,0.0,0.0,NeuralNetwork_C_undersampled
fate,text__fate,"""fate""",word,0.0,0.0,0.0,NeuralNetwork_C_undersampled
father,text__father,"""father""",word,0.0,0.0,0.0,NeuralNetwork_C_undersampled
fault,text__fault,"""fault""",word,0.0,0.0,0.0,NeuralNetwork_C_undersampled
field,text__field,"""field""",word,0.0,0.0,0.0,NeuralNetwork_C_undersampled
fresh,text__fresh,"""fresh""",word,0.0,0.0,0.0,NeuralNetwork_C_undersampled
flow,text__flow,"""flow""",word,0.0,0.0,0.0,NeuralNetwork_C_undersampled
fly,text__fly,"""fly""",word,0.0,0.0,0.0,NeuralNetwork_C_undersampled
focus,text__focus,"""focus""",word,0.0,0.0,0.0,NeuralNetwork_C_undersampled
focused,text__focused,"""focused""",word,0.0,0.0,0.0,NeuralNetwork_C_undersampled
folk,text__folk,"""folk""",word,0.0,0.0,0.0,NeuralNetwork_C_undersampled
follow,text__follow,"""follow""",word,0.0,0.0,0.0,NeuralNetwork_C_undersampled
followed,text__followed,"""followed""",word,0.0,0.0,0.0,NeuralNetwork_C_undersampled
following,text__following,"""following""",word,0.0,0.0,0.0,NeuralNetwork_C_undersampled
follows,text__follows,"""follows""",word,0.0,0.0,0.0,NeuralNetwork_C_undersampled
food,text__food,"""food""",word,0.0,0.0,0.0,NeuralNetwork_C_undersampled
foot,text__foot,"""foot""",word,0.0,0.0,0.0,NeuralNetwork_C_undersampled
flat,text__flat,"""flat""",word,0.0,0.0,0.0,NeuralNetwork_C_undersampled
forced,text__forced,"""forced""",word,0.0,0.0,0.0,NeuralNetwork_C_undersampled
forest,text__forest,"""forest""",word,0.0,0.0,0.0,NeuralNetwork_C_undersampled
forever,text__forever,"""forever""",word,0.0,0.0,0.0,NeuralNetwork_C_undersampled
fill,text__fill,"""fill""",word,0.0,0.0,0.0,NeuralNetwork_C_undersampled
film,text__film,"""film""",word,0.0,0.0,0.0,NeuralNetwork_C_undersampled
final,text__final,"""final""",word,0.0,0.0,0.0,NeuralNetwork_C_undersampled
finally,text__finally,"""finally""",word,0.0,0.0,0.0,NeuralNetwork_C_undersampled
find,text__find,"""find""",word,0.0,0.0,0.0,NeuralNetwork_C_undersampled
fine,text__fine,"""fine""",word,0.0,0.0,0.0,NeuralNetwork_C_undersampled
finger,text__finger,"""finger""",word,0.0,0.0,0.0,NeuralNetwork_C_undersampled
fire,text__fire,"""fire""",word,0.0,0.0,0.0,NeuralNetwork_C_undersampled
fit,text__fit,"""fit""",word,0.0,0.0,0.0,NeuralNetwork_C_undersampled
flame,text__flame,"""flame""",word,0.0,0.0,0.0,NeuralNetwork_C_undersampled
force,text__force,"""force""",word,0.0,0.0,0.0,NeuralNetwork_C_undersampled
explain,text__explain,"""explain""",word,0.0,0.0,0.0,NeuralNetwork_C_undersampled
explore,text__explore,"""explore""",word,0.0,0.0,0.0,NeuralNetwork_C_undersampled
explored,text__explored,"""explored""",word,0.0,0.0,0.0,NeuralNetwork_C_undersampled
explores,text__explores,"""explores""",word,0.0,0.0,0.0,NeuralNetwork_C_undersampled
express,text__express,"""express""",word,0.0,0.0,0.0,NeuralNetwork_C_undersampled
expressed,text__expressed,"""expressed""",word,0.0,0.0,0.0,NeuralNetwork_C_undersampled
expression,text__expression,"""expression""",word,0.0,0.0,0.0,NeuralNetwork_C_undersampled
exquisite,text__exquisite,"""exquisite""",word,0.0,0.0,0.0,NeuralNetwork_C_undersampled
exciting,text__exciting,"""exciting""",word,0.0,0.0,0.0,NeuralNetwork_C_undersampled
excuse,text__excuse,"""excuse""",word,0.0,0.0,0.0,NeuralNetwork_C_undersampled
exist,text__exist,"""exist""",word,0.0,0.0,0.0,NeuralNetwork_C_undersampled
expect,text__expect,"""expect""",word,0.0,0.0,0.0,NeuralNetwork_C_undersampled
favorite,text__favorite,"""favorite""",word,0.0,0.0,0.0,NeuralNetwork_C_undersampled
expected,text__expected,"""expected""",word,0.0,0.0,0.0,NeuralNetwork_C_undersampled
expecting,text__expecting,"""expecting""",word,0.0,0.0,0.0,NeuralNetwork_C_undersampled
experience,text__experience,"""experience""",word,0.0,0.0,0.0,NeuralNetwork_C_undersampled
experienced,text__experienced,"""experienced""",word,0.0,0.0,0.0,NeuralNetwork_C_undersampled
bookstore,text__bookstore,"""bookstore""",word,0.0,0.0,0.0,NeuralNetwork_C_undersampled
bored,text__bored,"""bored""",word,0.0,0.0,0.0,NeuralNetwork_C_undersampled
born,text__born,"""born""",word,0.0,0.0,0.0,NeuralNetwork_C_undersampled
bother,text__bother,"""bother""",word,0.0,0.0,0.0,NeuralNetwork_C_undersampled
bought,text__bought,"""bought""",word,0.0,0.0,0.0,NeuralNetwork_C_undersampled
boy,text__boy,"""boy""",word,0.0,0.0,0.0,NeuralNetwork_C_undersampled
eventually,text__eventually,"""eventually""",word,0.0,0.0,0.0,NeuralNetwork_C_undersampled
everybody,text__everybody,"""everybody""",word,0.0,0.0,0.0,NeuralNetwork_C_undersampled
everyday,text__everyday,"""everyday""",word,0.0,0.0,0.0,NeuralNetwork_C_undersampled
expectation,text__expectation,"""expectation""",word,0.0,0.0,0.0,NeuralNetwork_C_undersampled
favourite,text__favourite,"""favourite""",word,0.0,0.0,0.0,NeuralNetwork_C_undersampled
fear,text__fear,"""fear""",word,0.0,0.0,0.0,NeuralNetwork_C_undersampled
feather,text__feather,"""feather""",word,0.0,0.0,0.0,NeuralNetwork_C_undersampled
feature,text__feature,"""feature""",word,0.0,0.0,0.0,NeuralNetwork_C_undersampled
extra,text__extra,"""extra""",word,0.0,0.0,0.0,NeuralNetwork_C_undersampled
extraordinary,text__extraordinary,"""extraordinary""",word,0.0,0.0,0.0,NeuralNetwork_C_undersampled
extremely,text__extremely,"""extremely""",word,0.0,0.0,0.0,NeuralNetwork_C_undersampled
face,text__face,"""face""",word,0.0,0.0,0.0,NeuralNetwork_C_undersampled
fagles,text__fagles,"""fagles""",word,0.0,0.0,0.0,NeuralNetwork_C_undersampled
fail,text__fail,"""fail""",word,0.0,0.0,0.0,NeuralNetwork_C_undersampled
failed,text__failed,"""failed""",word,0.0,0.0,0.0,NeuralNetwork_C_undersampled
fairly,text__fairly,"""fairly""",word,0.0,0.0,0.0,NeuralNetwork_C_undersampled
bridge,text__bridge,"""bridge""",word,0.0,0.0,0.0,NeuralNetwork_C_undersampled
fairytale,text__fairytale,"""fairytale""",word,0.0,0.0,0.0,NeuralNetwork_C_undersampled
faith,text__faith,"""faith""",word,0.0,0.0,0.0,NeuralNetwork_C_undersampled
fallen,text__fallen,"""fallen""",word,0.0,0.0,0.0,NeuralNetwork_C_undersampled
falling,text__falling,"""falling""",word,0.0,0.0,0.0,NeuralNetwork_C_undersampled
false,text__false,"""false""",word,0.0,0.0,0.0,NeuralNetwork_C_undersampled
familiar,text__familiar,"""familiar""",word,0.0,0.0,0.0,NeuralNetwork_C_undersampled
brain,text__brain,"""brain""",word,0.0,0.0,0.0,NeuralNetwork_C_undersampled
branch,text__branch,"""branch""",word,0.0,0.0,0.0,NeuralNetwork_C_undersampled
brave,text__brave,"""brave""",word,0.0,0.0,0.0,NeuralNetwork_C_undersampled
break,text__break,"""break""",word,0.0,0.0,0.0,NeuralNetwork_C_undersampled
breath,text__breath,"""breath""",word,0.0,0.0,0.0,NeuralNetwork_C_undersampled
breathe,text__breathe,"""breathe""",word,0.0,0.0,0.0,NeuralNetwork_C_undersampled
breathtaking,text__breathtaking,"""breathtaking""",word,0.0,0.0,0.0,NeuralNetwork_C_undersampled
fairy,text__fairy,"""fairy""",word,0.0,0.0,0.0,NeuralNetwork_C_undersampled
closer,text__closer,"""closer""",word,0.0,0.0,0.0,NeuralNetwork_C_undersampled
clothes,text__clothes,"""clothes""",word,0.0,0.0,0.0,NeuralNetwork_C_undersampled
cloud,text__cloud,"""cloud""",word,0.0,0.0,0.0,NeuralNetwork_C_undersampled
coffee,text__coffee,"""coffee""",word,0.0,0.0,0.0,NeuralNetwork_C_undersampled
cold,text__cold,"""cold""",word,0.0,0.0,0.0,NeuralNetwork_C_undersampled
collection,text__collection,"""collection""",word,0.0,0.0,0.0,NeuralNetwork_C_undersampled
college,text__college,"""college""",word,0.0,0.0,0.0,NeuralNetwork_C_undersampled
collins,text__collins,"""collins""",word,0.0,0.0,0.0,NeuralNetwork_C_undersampled
color,text__color,"""color""",word,0.0,0.0,0.0,NeuralNetwork_C_undersampled
combination,text__combination,"""combination""",word,0.0,0.0,0.0,NeuralNetwork_C_undersampled
check,text__check,"""check""",word,0.0,0.0,0.0,NeuralNetwork_C_undersampled
child,text__child,"""child""",word,0.0,0.0,0.0,NeuralNetwork_C_undersampled
dickinson,text__dickinson,"""dickinson""",word,0.0,0.0,0.0,NeuralNetwork_C_undersampled
choice,text__choice,"""choice""",word,0.0,0.0,0.0,NeuralNetwork_C_undersampled
choose,text__choose,"""choose""",word,0.0,0.0,0.0,NeuralNetwork_C_undersampled
chose,text__chose,"""chose""",word,0.0,0.0,0.0,NeuralNetwork_C_undersampled
chosen,text__chosen,"""chosen""",word,0.0,0.0,0.0,NeuralNetwork_C_undersampled
christian,text__christian,"""christian""",word,0.0,0.0,0.0,NeuralNetwork_C_undersampled
circle,text__circle,"""circle""",word,0.0,0.0,0.0,NeuralNetwork_C_undersampled
citizen,text__citizen,"""citizen""",word,0.0,0.0,0.0,NeuralNetwork_C_undersampled
city,text__city,"""city""",word,0.0,0.0,0.0,NeuralNetwork_C_undersampled
civil,text__civil,"""civil""",word,0.0,0.0,0.0,NeuralNetwork_C_undersampled
claim,text__claim,"""claim""",word,0.0,0.0,0.0,NeuralNetwork_C_undersampled
class,text__class,"""class""",word,0.0,0.0,0.0,NeuralNetwork_C_undersampled
classic,text__classic,"""classic""",word,0.0,0.0,0.0,NeuralNetwork_C_undersampled
classical,text__classical,"""classical""",word,0.0,0.0,0.0,NeuralNetwork_C_undersampled
childhood,text__childhood,"""childhood""",word,0.0,0.0,0.0,NeuralNetwork_C_undersampled
connected,text__connected,"""connected""",word,0.0,0.0,0.0,NeuralNetwork_C_undersampled
connection,text__connection,"""connection""",word,0.0,0.0,0.0,NeuralNetwork_C_undersampled
consciousness,text__consciousness,"""consciousness""",word,0.0,0.0,0.0,NeuralNetwork_C_undersampled
considered,text__considered,"""considered""",word,0.0,0.0,0.0,NeuralNetwork_C_undersampled
considering,text__considering,"""considering""",word,0.0,0.0,0.0,NeuralNetwork_C_undersampled
come,text__come,"""come""",word,0.0,0.0,0.0,NeuralNetwork_C_undersampled
comedy,text__comedy,"""comedy""",word,0.0,0.0,0.0,NeuralNetwork_C_undersampled
comfort,text__comfort,"""comfort""",word,0.0,0.0,0.0,NeuralNetwork_C_undersampled
comfortable,text__comfortable,"""comfortable""",word,0.0,0.0,0.0,NeuralNetwork_C_undersampled
coming,text__coming,"""coming""",word,0.0,0.0,0.0,NeuralNetwork_C_undersampled
commentary,text__commentary,"""commentary""",word,0.0,0.0,0.0,NeuralNetwork_C_undersampled
common,text__common,"""common""",word,0.0,0.0,0.0,NeuralNetwork_C_undersampled
closed,text__closed,"""closed""",word,0.0,0.0,0.0,NeuralNetwork_C_undersampled
companion,text__companion,"""companion""",word,0.0,0.0,0.0,NeuralNetwork_C_undersampled
compare,text__compare,"""compare""",word,0.0,0.0,0.0,NeuralNetwork_C_undersampled
compared,text__compared,"""compared""",word,0.0,0.0,0.0,NeuralNetwork_C_undersampled
comparison,text__comparison,"""comparison""",word,0.0,0.0,0.0,NeuralNetwork_C_undersampled
compelling,text__compelling,"""compelling""",word,0.0,0.0,0.0,NeuralNetwork_C_undersampled
compilation,text__compilation,"""compilation""",word,0.0,0.0,0.0,NeuralNetwork_C_undersampled
complete,text__complete,"""complete""",word,0.0,0.0,0.0,NeuralNetwork_C_undersampled
completely,text__completely,"""completely""",word,0.0,0.0,0.0,NeuralNetwork_C_undersampled
claudia,text__claudia,"""claudia""",word,0.0,0.0,0.0,NeuralNetwork_C_undersampled
clear,text__clear,"""clear""",word,0.0,0.0,0.0,NeuralNetwork_C_undersampled
clearly,text__clearly,"""clearly""",word,0.0,0.0,0.0,NeuralNetwork_C_undersampled
clever,text__clever,"""clever""",word,0.0,0.0,0.0,NeuralNetwork_C_undersampled
cliche,text__cliche,"""cliche""",word,0.0,0.0,0.0,NeuralNetwork_C_undersampled
community,text__community,"""community""",word,0.0,0.0,0.0,NeuralNetwork_C_undersampled
call,text__call,"""call""",word,0.0,0.0,0.0,NeuralNetwork_C_undersampled
account,text__account,"""account""",word,0.0,0.0,0.0,NeuralNetwork_C_undersampled
achilles,text__achilles,"""achilles""",word,0.0,0.0,0.0,NeuralNetwork_C_undersampled
across,text__across,"""across""",word,0.0,0.0,0.0,NeuralNetwork_C_undersampled
act,text__act,"""act""",word,0.0,0.0,0.0,NeuralNetwork_C_undersampled
actual,text__actual,"""actual""",word,0.0,0.0,0.0,NeuralNetwork_C_undersampled
adam,text__adam,"""adam""",word,0.0,0.0,0.0,NeuralNetwork_C_undersampled
add,text__add,"""add""",word,0.0,0.0,0.0,NeuralNetwork_C_undersampled
addition,text__addition,"""addition""",word,0.0,0.0,0.0,NeuralNetwork_C_undersampled
address,text__address,"""address""",word,0.0,0.0,0.0,NeuralNetwork_C_undersampled
admire,text__admire,"""admire""",word,0.0,0.0,0.0,NeuralNetwork_C_undersampled
wonder,text__wonder,"""wonder""",word,0.0,0.0,0.0,NeuralNetwork_C_undersampled
catch,text__catch,"""catch""",word,0.0,0.0,0.0,NeuralNetwork_C_undersampled
wonderfully,text__wonderfully,"""wonderfully""",word,0.0,0.0,0.0,NeuralNetwork_C_undersampled
writer,text__writer,"""writer""",word,0.0,0.0,0.0,NeuralNetwork_C_undersampled
wow,text__wow,"""wow""",word,0.0,0.0,0.0,NeuralNetwork_C_undersampled
wound,text__wound,"""wound""",word,0.0,0.0,0.0,NeuralNetwork_C_undersampled
worthy,text__worthy,"""worthy""",word,0.0,0.0,0.0,NeuralNetwork_C_undersampled
accept,text__accept,"""accept""",word,0.0,0.0,0.0,NeuralNetwork_C_undersampled
abuse,text__abuse,"""abuse""",word,0.0,0.0,0.0,NeuralNetwork_C_undersampled
absolutely,text__absolutely,"""absolutely""",word,0.0,0.0,0.0,NeuralNetwork_C_undersampled
absolute,text__absolute,"""absolute""",word,0.0,0.0,0.0,NeuralNetwork_C_undersampled
absence,text__absence,"""absence""",word,0.0,0.0,0.0,NeuralNetwork_C_undersampled
able,text__able,"""able""",word,0.0,0.0,0.0,NeuralNetwork_C_undersampled
ability,text__ability,"""ability""",word,0.0,0.0,0.0,NeuralNetwork_C_undersampled
pct_nouns,numeric__pct_nouns,pct_nouns,numeric,0.0,0.0,0.0,NeuralNetwork_C_undersampled
wonderful,text__wonderful,"""wonderful""",word,0.0,0.0,0.0,NeuralNetwork_C_undersampled
cause,text__cause,"""cause""",word,0.0,0.0,0.0,NeuralNetwork_C_undersampled
center,text__center,"""center""",word,0.0,0.0,0.0,NeuralNetwork_C_undersampled
century,text__century,"""century""",word,0.0,0.0,0.0,NeuralNetwork_C_undersampled
certainly,text__certainly,"""certainly""",word,0.0,0.0,0.0,NeuralNetwork_C_undersampled
challenge,text__challenge,"""challenge""",word,0.0,0.0,0.0,NeuralNetwork_C_undersampled
chance,text__chance,"""chance""",word,0.0,0.0,0.0,NeuralNetwork_C_undersampled
change,text__change,"""change""",word,0.0,0.0,0.0,NeuralNetwork_C_undersampled
changed,text__changed,"""changed""",word,0.0,0.0,0.0,NeuralNetwork_C_undersampled
changing,text__changing,"""changing""",word,0.0,0.0,0.0,NeuralNetwork_C_undersampled
chaos,text__chaos,"""chaos""",word,0.0,0.0,0.0,NeuralNetwork_C_undersampled
chapter,text__chapter,"""chapter""",word,0.0,0.0,0.0,NeuralNetwork_C_undersampled
charles,text__charles,"""charles""",word,0.0,0.0,0.0,NeuralNetwork_C_undersampled
cat,text__cat,"""cat""",word,0.0,0.0,0.0,NeuralNetwork_C_undersampled
came,text__came,"""came""",word,0.0,0.0,0.0,NeuralNetwork_C_undersampled
cancer,text__cancer,"""cancer""",word,0.0,0.0,0.0,NeuralNetwork_C_undersampled
capable,text__capable,"""capable""",word,0.0,0.0,0.0,NeuralNetwork_C_undersampled
capture,text__capture,"""capture""",word,0.0,0.0,0.0,NeuralNetwork_C_undersampled
captured,text__captured,"""captured""",word,0.0,0.0,0.0,NeuralNetwork_C_undersampled
car,text__car,"""car""",word,0.0,0.0,0.0,NeuralNetwork_C_undersampled
card,text__card,"""card""",word,0.0,0.0,0.0,NeuralNetwork_C_undersampled
care,text__care,"""care""",word,0.0,0.0,0.0,NeuralNetwork_C_undersampled
carefully,text__carefully,"""carefully""",word,0.0,0.0,0.0,NeuralNetwork_C_undersampled
carolina,text__carolina,"""carolina""",word,0.0,0.0,0.0,NeuralNetwork_C_undersampled
carried,text__carried,"""carried""",word,0.0,0.0,0.0,NeuralNetwork_C_undersampled
carry,text__carry,"""carry""",word,0.0,0.0,0.0,NeuralNetwork_C_undersampled
cast,text__cast,"""cast""",word,0.0,0.0,0.0,NeuralNetwork_C_undersampled
calling,text__calling,"""calling""",word,0.0,0.0,0.0,NeuralNetwork_C_undersampled
brown,text__brown,"""brown""",word,0.0,0.0,0.0,NeuralNetwork_C_undersampled
brutal,text__brutal,"""brutal""",word,0.0,0.0,0.0,NeuralNetwork_C_undersampled
build,text__build,"""build""",word,0.0,0.0,0.0,NeuralNetwork_C_undersampled
building,text__building,"""building""",word,0.0,0.0,0.0,NeuralNetwork_C_undersampled
bukowski,text__bukowski,"""bukowski""",word,0.0,0.0,0.0,NeuralNetwork_C_undersampled
deal,text__deal,"""deal""",word,0.0,0.0,0.0,NeuralNetwork_C_undersampled
dear,text__dear,"""dear""",word,0.0,0.0,0.0,NeuralNetwork_C_undersampled
death,text__death,"""death""",word,0.0,0.0,0.0,NeuralNetwork_C_undersampled
debut,text__debut,"""debut""",word,0.0,0.0,0.0,NeuralNetwork_C_undersampled
decide,text__decide,"""decide""",word,0.0,0.0,0.0,NeuralNetwork_C_undersampled
decision,text__decision,"""decision""",word,0.0,0.0,0.0,NeuralNetwork_C_undersampled
deep,text__deep,"""deep""",word,0.0,0.0,0.0,NeuralNetwork_C_undersampled
confusing,text__confusing,"""confusing""",word,0.0,0.0,0.0,NeuralNetwork_C_undersampled
damn,text__damn,"""damn""",word,0.0,0.0,0.0,NeuralNetwork_C_undersampled
dance,text__dance,"""dance""",word,0.0,0.0,0.0,NeuralNetwork_C_undersampled
dante,text__dante,"""dante""",word,0.0,0.0,0.0,NeuralNetwork_C_undersampled
darkness,text__darkness,"""darkness""",word,0.0,0.0,0.0,NeuralNetwork_C_undersampled
daughter,text__daughter,"""daughter""",word,0.0,0.0,0.0,NeuralNetwork_C_undersampled
david,text__david,"""david""",word,0.0,0.0,0.0,NeuralNetwork_C_undersampled
dawn,text__dawn,"""dawn""",word,0.0,0.0,0.0,NeuralNetwork_C_undersampled
de,text__de,"""de""",word,0.0,0.0,0.0,NeuralNetwork_C_undersampled
brief,text__brief,"""brief""",word,0.0,0.0,0.0,NeuralNetwork_C_undersampled
bright,text__bright,"""bright""",word,0.0,0.0,0.0,NeuralNetwork_C_undersampled
brilliance,text__brilliance,"""brilliance""",word,0.0,0.0,0.0,NeuralNetwork_C_undersampled
brilliant,text__brilliant,"""brilliant""",word,0.0,0.0,0.0,NeuralNetwork_C_undersampled
bring,text__bring,"""bring""",word,0.0,0.0,0.0,NeuralNetwork_C_undersampled
daily,text__daily,"""daily""",word,0.0,0.0,0.0,NeuralNetwork_C_undersampled
died,text__died,"""died""",word,0.0,0.0,0.0,NeuralNetwork_C_undersampled
difference,text__difference,"""difference""",word,0.0,0.0,0.0,NeuralNetwork_C_undersampled
difficult,text__difficult,"""difficult""",word,0.0,0.0,0.0,NeuralNetwork_C_undersampled
difficulty,text__difficulty,"""difficulty""",word,0.0,0.0,0.0,NeuralNetwork_C_undersampled
direct,text__direct,"""direct""",word,0.0,0.0,0.0,NeuralNetwork_C_undersampled
directly,text__directly,"""directly""",word,0.0,0.0,0.0,NeuralNetwork_C_undersampled
dirty,text__dirty,"""dirty""",word,0.0,0.0,0.0,NeuralNetwork_C_undersampled
disappointed,text__disappointed,"""disappointed""",word,0.0,0.0,0.0,NeuralNetwork_C_undersampled
deeper,text__deeper,"""deeper""",word,0.0,0.0,0.0,NeuralNetwork_C_undersampled
deeply,text__deeply,"""deeply""",word,0.0,0.0,0.0,NeuralNetwork_C_undersampled
definitely,text__definitely,"""definitely""",word,0.0,0.0,0.0,NeuralNetwork_C_undersampled
degree,text__degree,"""degree""",word,0.0,0.0,0.0,NeuralNetwork_C_undersampled
brother,text__brother,"""brother""",word,0.0,0.0,0.0,NeuralNetwork_C_undersampled
delightful,text__delightful,"""delightful""",word,0.0,0.0,0.0,NeuralNetwork_C_undersampled
depressing,text__depressing,"""depressing""",word,0.0,0.0,0.0,NeuralNetwork_C_undersampled
depression,text__depression,"""depression""",word,0.0,0.0,0.0,NeuralNetwork_C_undersampled
depth,text__depth,"""depth""",word,0.0,0.0,0.0,NeuralNetwork_C_undersampled
describe,text__describe,"""describe""",word,0.0,0.0,0.0,NeuralNetwork_C_undersampled
described,text__described,"""described""",word,0.0,0.0,0.0,NeuralNetwork_C_undersampled
describing,text__describing,"""describing""",word,0.0,0.0,0.0,NeuralNetwork_C_undersampled
description,text__description,"""description""",word,0.0,0.0,0.0,NeuralNetwork_C_undersampled
deserve,text__deserve,"""deserve""",word,0.0,0.0,0.0,NeuralNetwork_C_undersampled
deserves,text__deserves,"""deserves""",word,0.0,0.0,0.0,NeuralNetwork_C_undersampled
broke,text__broke,"""broke""",word,0.0,0.0,0.0,NeuralNetwork_C_undersampled
broken,text__broken,"""broken""",word,0.0,0.0,0.0,NeuralNetwork_C_undersampled
brooklyn,text__brooklyn,"""brooklyn""",word,0.0,0.0,0.0,NeuralNetwork_C_undersampled
delight,text__delight,"""delight""",word,0.0,0.0,0.0,NeuralNetwork_C_undersampled
crime,text__crime,"""crime""",word,0.0,0.0,0.0,NeuralNetwork_C_undersampled
critic,text__critic,"""critic""",word,0.0,0.0,0.0,NeuralNetwork_C_undersampled
critical,text__critical,"""critical""",word,0.0,0.0,0.0,NeuralNetwork_C_undersampled
constantly,text__constantly,"""constantly""",word,0.0,0.0,0.0,NeuralNetwork_C_undersampled
contain,text__contain,"""contain""",word,0.0,0.0,0.0,NeuralNetwork_C_undersampled
contained,text__contained,"""contained""",word,0.0,0.0,0.0,NeuralNetwork_C_undersampled
contemporary,text__contemporary,"""contemporary""",word,0.0,0.0,0.0,NeuralNetwork_C_undersampled
content,text__content,"""content""",word,0.0,0.0,0.0,NeuralNetwork_C_undersampled
context,text__context,"""context""",word,0.0,0.0,0.0,NeuralNetwork_C_undersampled
continue,text__continue,"""continue""",word,0.0,0.0,0.0,NeuralNetwork_C_undersampled
conversation,text__conversation,"""conversation""",word,0.0,0.0,0.0,NeuralNetwork_C_undersampled
convey,text__convey,"""convey""",word,0.0,0.0,0.0,NeuralNetwork_C_undersampled
brings,text__brings,"""brings""",word,0.0,0.0,0.0,NeuralNetwork_C_undersampled
corner,text__corner,"""corner""",word,0.0,0.0,0.0,NeuralNetwork_C_undersampled
could,text__could,"""could""",word,0.0,0.0,0.0,NeuralNetwork_C_undersampled
count,text__count,"""count""",word,0.0,0.0,0.0,NeuralNetwork_C_undersampled
country,text__country,"""country""",word,0.0,0.0,0.0,NeuralNetwork_C_undersampled
couple,text__couple,"""couple""",word,0.0,0.0,0.0,NeuralNetwork_C_undersampled
complex,text__complex,"""complex""",word,0.0,0.0,0.0,NeuralNetwork_C_undersampled
complexity,text__complexity,"""complexity""",word,0.0,0.0,0.0,NeuralNetwork_C_undersampled
complicated,text__complicated,"""complicated""",word,0.0,0.0,0.0,NeuralNetwork_C_undersampled
concept,text__concept,"""concept""",word,0.0,0.0,0.0,NeuralNetwork_C_undersampled
concern,text__concern,"""concern""",word,0.0,0.0,0.0,NeuralNetwork_C_undersampled
conclusion,text__conclusion,"""conclusion""",word,0.0,0.0,0.0,NeuralNetwork_C_undersampled
condition,text__condition,"""condition""",word,0.0,0.0,0.0,NeuralNetwork_C_undersampled
conflict,text__conflict,"""conflict""",word,0.0,0.0,0.0,NeuralNetwork_C_undersampled
copy,text__copy,"""copy""",word,0.0,0.0,0.0,NeuralNetwork_C_undersampled
criticism,text__criticism,"""criticism""",word,0.0,0.0,0.0,NeuralNetwork_C_undersampled
cross,text__cross,"""cross""",word,0.0,0.0,0.0,NeuralNetwork_C_undersampled
crow,text__crow,"""crow""",word,0.0,0.0,0.0,NeuralNetwork_C_undersampled
cruel,text__cruel,"""cruel""",word,0.0,0.0,0.0,NeuralNetwork_C_undersampled
crush,text__crush,"""crush""",word,0.0,0.0,0.0,NeuralNetwork_C_undersampled
cry,text__cry,"""cry""",word,0.0,0.0,0.0,NeuralNetwork_C_undersampled
cultural,text__cultural,"""cultural""",word,0.0,0.0,0.0,NeuralNetwork_C_undersampled
culture,text__culture,"""culture""",word,0.0,0.0,0.0,NeuralNetwork_C_undersampled
cummings,text__cummings,"""cummings""",word,0.0,0.0,0.0,NeuralNetwork_C_undersampled
cup,text__cup,"""cup""",word,0.0,0.0,0.0,NeuralNetwork_C_undersampled
current,text__current,"""current""",word,0.0,0.0,0.0,NeuralNetwork_C_undersampled
currently,text__currently,"""currently""",word,0.0,0.0,0.0,NeuralNetwork_C_undersampled
cut,text__cut,"""cut""",word,0.0,0.0,0.0,NeuralNetwork_C_undersampled
cried,text__cried,"""cried""",word,0.0,0.0,0.0,NeuralNetwork_C_undersampled
dad,text__dad,"""dad""",word,0.0,0.0,0.0,NeuralNetwork_C_undersampled
courage,text__courage,"""courage""",word,0.0,0.0,0.0,NeuralNetwork_C_undersampled
course,text__course,"""course""",word,0.0,0.0,0.0,NeuralNetwork_C_undersampled
court,text__court,"""court""",word,0.0,0.0,0.0,NeuralNetwork_C_undersampled
cover,text__cover,"""cover""",word,0.0,0.0,0.0,NeuralNetwork_C_undersampled
covered,text__covered,"""covered""",word,0.0,0.0,0.0,NeuralNetwork_C_undersampled
craft,text__craft,"""craft""",word,0.0,0.0,0.0,NeuralNetwork_C_undersampled
created,text__created,"""created""",word,0.0,0.0,0.0,NeuralNetwork_C_undersampled
creates,text__creates,"""creates""",word,0.0,0.0,0.0,NeuralNetwork_C_undersampled
creating,text__creating,"""creating""",word,0.0,0.0,0.0,NeuralNetwork_C_undersampled
creation,text__creation,"""creation""",word,0.0,0.0,0.0,NeuralNetwork_C_undersampled
creative,text__creative,"""creative""",word,0.0,0.0,0.0,NeuralNetwork_C_undersampled
creature,text__creature,"""creature""",word,0.0,0.0,0.0,NeuralNetwork_C_undersampled
cute,text__cute,"""cute""",word,0.0,0.0,0.0,NeuralNetwork_C_undersampled
learning,text__learning,"""learning""",word,0.0,0.0,0.0,NeuralNetwork_C_undersampled
leav,text__leav,"""leav""",word,0.0,0.0,0.0,NeuralNetwork_C_undersampled
leaving,text__leaving,"""leaving""",word,0.0,0.0,0.0,NeuralNetwork_C_undersampled
beast,text__beast,"""beast""",word,0.0,0.0,0.0,NeuralNetwork_C_undersampled
beat,text__beat,"""beat""",word,0.0,0.0,0.0,NeuralNetwork_C_undersampled
beautifully,text__beautifully,"""beautifully""",word,0.0,0.0,0.0,NeuralNetwork_C_undersampled
became,text__became,"""became""",word,0.0,0.0,0.0,NeuralNetwork_C_undersampled
become,text__become,"""become""",word,0.0,0.0,0.0,NeuralNetwork_C_undersampled
lack,text__lack,"""lack""",word,0.0,0.0,0.0,NeuralNetwork_C_undersampled
lacking,text__lacking,"""lacking""",word,0.0,0.0,0.0,NeuralNetwork_C_undersampled
land,text__land,"""land""",word,0.0,0.0,0.0,NeuralNetwork_C_undersampled
lang,text__lang,"""lang""",word,0.0,0.0,0.0,NeuralNetwork_C_undersampled
french,text__french,"""french""",word,0.0,0.0,0.0,NeuralNetwork_C_undersampled
large,text__large,"""large""",word,0.0,0.0,0.0,NeuralNetwork_C_undersampled
larger,text__larger,"""larger""",word,0.0,0.0,0.0,NeuralNetwork_C_undersampled
late,text__late,"""late""",word,0.0,0.0,0.0,NeuralNetwork_C_undersampled
later,text__later,"""later""",word,0.0,0.0,0.0,NeuralNetwork_C_undersampled
latin,text__latin,"""latin""",word,0.0,0.0,0.0,NeuralNetwork_C_undersampled
latter,text__latter,"""latter""",word,0.0,0.0,0.0,NeuralNetwork_C_undersampled
laugh,text__laugh,"""laugh""",word,0.0,0.0,0.0,NeuralNetwork_C_undersampled
laughed,text__laughed,"""laughed""",word,0.0,0.0,0.0,NeuralNetwork_C_undersampled
laughing,text__laughing,"""laughing""",word,0.0,0.0,0.0,NeuralNetwork_C_undersampled
laughter,text__laughter,"""laughter""",word,0.0,0.0,0.0,NeuralNetwork_C_undersampled
law,text__law,"""law""",word,0.0,0.0,0.0,NeuralNetwork_C_undersampled
kid,text__kid,"""kid""",word,0.0,0.0,0.0,NeuralNetwork_C_undersampled
kill,text__kill,"""kill""",word,0.0,0.0,0.0,NeuralNetwork_C_undersampled
language,text__language,"""language""",word,0.0,0.0,0.0,NeuralNetwork_C_undersampled
list,text__list,"""list""",word,0.0,0.0,0.0,NeuralNetwork_C_undersampled
listen,text__listen,"""listen""",word,0.0,0.0,0.0,NeuralNetwork_C_undersampled
listened,text__listened,"""listened""",word,0.0,0.0,0.0,NeuralNetwork_C_undersampled
listening,text__listening,"""listening""",word,0.0,0.0,0.0,NeuralNetwork_C_undersampled
literary,text__literary,"""literary""",word,0.0,0.0,0.0,NeuralNetwork_C_undersampled
becomes,text__becomes,"""becomes""",word,0.0,0.0,0.0,NeuralNetwork_C_undersampled
becoming,text__becoming,"""becoming""",word,0.0,0.0,0.0,NeuralNetwork_C_undersampled
bed,text__bed,"""bed""",word,0.0,0.0,0.0,NeuralNetwork_C_undersampled
began,text__began,"""began""",word,0.0,0.0,0.0,NeuralNetwork_C_undersampled
begin,text__begin,"""begin""",word,0.0,0.0,0.0,NeuralNetwork_C_undersampled
beginning,text__beginning,"""beginning""",word,0.0,0.0,0.0,NeuralNetwork_C_undersampled
behind,text__behind,"""behind""",word,0.0,0.0,0.0,NeuralNetwork_C_undersampled
learned,text__learned,"""learned""",word,0.0,0.0,0.0,NeuralNetwork_C_undersampled
belief,text__belief,"""belief""",word,0.0,0.0,0.0,NeuralNetwork_C_undersampled
led,text__led,"""led""",word,0.0,0.0,0.0,NeuralNetwork_C_undersampled
leg,text__leg,"""leg""",word,0.0,0.0,0.0,NeuralNetwork_C_undersampled
less,text__less,"""less""",word,0.0,0.0,0.0,NeuralNetwork_C_undersampled
lesson,text__lesson,"""lesson""",word,0.0,0.0,0.0,NeuralNetwork_C_undersampled
letter,text__letter,"""letter""",word,0.0,0.0,0.0,NeuralNetwork_C_undersampled
letting,text__letting,"""letting""",word,0.0,0.0,0.0,NeuralNetwork_C_undersampled
lay,text__lay,"""lay""",word,0.0,0.0,0.0,NeuralNetwork_C_undersampled
layer,text__layer,"""layer""",word,0.0,0.0,0.0,NeuralNetwork_C_undersampled
le,text__le,"""le""",word,0.0,0.0,0.0,NeuralNetwork_C_undersampled
lead,text__lead,"""lead""",word,0.0,0.0,0.0,NeuralNetwork_C_undersampled
leaf,text__leaf,"""leaf""",word,0.0,0.0,0.0,NeuralNetwork_C_undersampled
learn,text__learn,"""learn""",word,0.0,0.0,0.0,NeuralNetwork_C_undersampled
being,text__being,"""being""",word,0.0,0.0,0.0,NeuralNetwork_C_undersampled
intention,text__intention,"""intention""",word,0.0,0.0,0.0,NeuralNetwork_C_undersampled
interest,text__interest,"""interest""",word,0.0,0.0,0.0,NeuralNetwork_C_undersampled
interested,text__interested,"""interested""",word,0.0,0.0,0.0,NeuralNetwork_C_undersampled
internet,text__internet,"""internet""",word,0.0,0.0,0.0,NeuralNetwork_C_undersampled
interpretation,text__interpretation,"""interpretation""",word,0.0,0.0,0.0,NeuralNetwork_C_undersampled
intimate,text__intimate,"""intimate""",word,0.0,0.0,0.0,NeuralNetwork_C_undersampled
intrigued,text__intrigued,"""intrigued""",word,0.0,0.0,0.0,NeuralNetwork_C_undersampled
intriguing,text__intriguing,"""intriguing""",word,0.0,0.0,0.0,NeuralNetwork_C_undersampled
introduced,text__introduced,"""introduced""",word,0.0,0.0,0.0,NeuralNetwork_C_undersampled
island,text__island,"""island""",word,0.0,0.0,0.0,NeuralNetwork_C_undersampled
issue,text__issue,"""issue""",word,0.0,0.0,0.0,NeuralNetwork_C_undersampled
jacqueline,text__jacqueline,"""jacqueline""",word,0.0,0.0,0.0,NeuralNetwork_C_undersampled
killed,text__killed,"""killed""",word,0.0,0.0,0.0,NeuralNetwork_C_undersampled
jazz,text__jazz,"""jazz""",word,0.0,0.0,0.0,NeuralNetwork_C_undersampled
inferno,text__inferno,"""inferno""",word,0.0,0.0,0.0,NeuralNetwork_C_undersampled
infinite,text__infinite,"""infinite""",word,0.0,0.0,0.0,NeuralNetwork_C_undersampled
influence,text__influence,"""influence""",word,0.0,0.0,0.0,NeuralNetwork_C_undersampled
information,text__information,"""information""",word,0.0,0.0,0.0,NeuralNetwork_C_undersampled
inner,text__inner,"""inner""",word,0.0,0.0,0.0,NeuralNetwork_C_undersampled
innocence,text__innocence,"""innocence""",word,0.0,0.0,0.0,NeuralNetwork_C_undersampled
innocent,text__innocent,"""innocent""",word,0.0,0.0,0.0,NeuralNetwork_C_undersampled
inside,text__inside,"""inside""",word,0.0,0.0,0.0,NeuralNetwork_C_undersampled
insight,text__insight,"""insight""",word,0.0,0.0,0.0,NeuralNetwork_C_undersampled
insightful,text__insightful,"""insightful""",word,0.0,0.0,0.0,NeuralNetwork_C_undersampled
inspiration,text__inspiration,"""inspiration""",word,0.0,0.0,0.0,NeuralNetwork_C_undersampled
inspired,text__inspired,"""inspired""",word,0.0,0.0,0.0,NeuralNetwork_C_undersampled
james,text__james,"""james""",word,0.0,0.0,0.0,NeuralNetwork_C_undersampled
killing,text__killing,"""killing""",word,0.0,0.0,0.0,NeuralNetwork_C_undersampled
kinbote,text__kinbote,"""kinbote""",word,0.0,0.0,0.0,NeuralNetwork_C_undersampled
king,text__king,"""king""",word,0.0,0.0,0.0,NeuralNetwork_C_undersampled
knew,text__knew,"""knew""",word,0.0,0.0,0.0,NeuralNetwork_C_undersampled
knight,text__knight,"""knight""",word,0.0,0.0,0.0,NeuralNetwork_C_undersampled
knowing,text__knowing,"""knowing""",word,0.0,0.0,0.0,NeuralNetwork_C_undersampled
knowledge,text__knowledge,"""knowledge""",word,0.0,0.0,0.0,NeuralNetwork_C_undersampled
known,text__known,"""known""",word,0.0,0.0,0.0,NeuralNetwork_C_undersampled
krishna,text__krishna,"""krishna""",word,0.0,0.0,0.0,NeuralNetwork_C_undersampled
kwame,text__kwame,"""kwame""",word,0.0,0.0,0.0,NeuralNetwork_C_undersampled
la,text__la,"""la""",word,0.0,0.0,0.0,NeuralNetwork_C_undersampled
jb,text__jb,"""jb""",word,0.0,0.0,0.0,NeuralNetwork_C_undersampled
intense,text__intense,"""intense""",word,0.0,0.0,0.0,NeuralNetwork_C_undersampled
job,text__job,"""job""",word,0.0,0.0,0.0,NeuralNetwork_C_undersampled
john,text__john,"""john""",word,0.0,0.0,0.0,NeuralNetwork_C_undersampled
joke,text__joke,"""joke""",word,0.0,0.0,0.0,NeuralNetwork_C_undersampled
josh,text__josh,"""josh""",word,0.0,0.0,0.0,NeuralNetwork_C_undersampled
journal,text__journal,"""journal""",word,0.0,0.0,0.0,NeuralNetwork_C_undersampled
journey,text__journey,"""journey""",word,0.0,0.0,0.0,NeuralNetwork_C_undersampled
judge,text__judge,"""judge""",word,0.0,0.0,0.0,NeuralNetwork_C_undersampled
jump,text__jump,"""jump""",word,0.0,0.0,0.0,NeuralNetwork_C_undersampled
justice,text__justice,"""justice""",word,0.0,0.0,0.0,NeuralNetwork_C_undersampled
kasienka,text__kasienka,"""kasienka""",word,0.0,0.0,0.0,NeuralNetwork_C_undersampled
keep,text__keep,"""keep""",word,0.0,0.0,0.0,NeuralNetwork_C_undersampled
keeping,text__keeping,"""keeping""",word,0.0,0.0,0.0,NeuralNetwork_C_undersampled
intended,text__intended,"""intended""",word,0.0,0.0,0.0,NeuralNetwork_C_undersampled
jess,text__jess,"""jess""",word,0.0,0.0,0.0,NeuralNetwork_C_undersampled
bark,text__bark,"""bark""",word,0.0,0.0,0.0,NeuralNetwork_C_undersampled
based,text__based,"""based""",word,0.0,0.0,0.0,NeuralNetwork_C_undersampled
basho,text__basho,"""basho""",word,0.0,0.0,0.0,NeuralNetwork_C_undersampled
basic,text__basic,"""basic""",word,0.0,0.0,0.0,NeuralNetwork_C_undersampled
basically,text__basically,"""basically""",word,0.0,0.0,0.0,NeuralNetwork_C_undersampled
battle,text__battle,"""battle""",word,0.0,0.0,0.0,NeuralNetwork_C_undersampled
baudelaire,text__baudelaire,"""baudelaire""",word,0.0,0.0,0.0,NeuralNetwork_C_undersampled
bear,text__bear,"""bear""",word,0.0,0.0,0.0,NeuralNetwork_C_undersampled
mean,text__mean,"""mean""",word,0.0,0.0,0.0,NeuralNetwork_C_undersampled
meaningful,text__meaningful,"""meaningful""",word,0.0,0.0,0.0,NeuralNetwork_C_undersampled
meant,text__meant,"""meant""",word,0.0,0.0,0.0,NeuralNetwork_C_undersampled
measure,text__measure,"""measure""",word,0.0,0.0,0.0,NeuralNetwork_C_undersampled
lip,text__lip,"""lip""",word,0.0,0.0,0.0,NeuralNetwork_C_undersampled
medium,text__medium,"""medium""",word,0.0,0.0,0.0,NeuralNetwork_C_undersampled
marked,text__marked,"""marked""",word,0.0,0.0,0.0,NeuralNetwork_C_undersampled
marriage,text__marriage,"""marriage""",word,0.0,0.0,0.0,NeuralNetwork_C_undersampled
married,text__married,"""married""",word,0.0,0.0,0.0,NeuralNetwork_C_undersampled
master,text__master,"""master""",word,0.0,0.0,0.0,NeuralNetwork_C_undersampled
masterpiece,text__masterpiece,"""masterpiece""",word,0.0,0.0,0.0,NeuralNetwork_C_undersampled
match,text__match,"""match""",word,0.0,0.0,0.0,NeuralNetwork_C_undersampled
material,text__material,"""material""",word,0.0,0.0,0.0,NeuralNetwork_C_undersampled
matter,text__matter,"""matter""",word,0.0,0.0,0.0,NeuralNetwork_C_undersampled
matthew,text__matthew,"""matthew""",word,0.0,0.0,0.0,NeuralNetwork_C_undersampled
may,text__may,"""may""",word,0.0,0.0,0.0,NeuralNetwork_C_undersampled
baby,text__baby,"""baby""",word,0.0,0.0,0.0,NeuralNetwork_C_undersampled
background,text__background,"""background""",word,0.0,0.0,0.0,NeuralNetwork_C_undersampled
meditation,text__meditation,"""meditation""",word,0.0,0.0,0.0,NeuralNetwork_C_undersampled
mine,text__mine,"""mine""",word,0.0,0.0,0.0,NeuralNetwork_C_undersampled
minute,text__minute,"""minute""",word,0.0,0.0,0.0,NeuralNetwork_C_undersampled
mirror,text__mirror,"""mirror""",word,0.0,0.0,0.0,NeuralNetwork_C_undersampled
misadventure,text__misadventure,"""misadventure""",word,0.0,0.0,0.0,NeuralNetwork_C_undersampled
miss,text__miss,"""miss""",word,0.0,0.0,0.0,NeuralNetwork_C_undersampled
missing,text__missing,"""missing""",word,0.0,0.0,0.0,NeuralNetwork_C_undersampled
mistake,text__mistake,"""mistake""",word,0.0,0.0,0.0,NeuralNetwork_C_undersampled
mix,text__mix,"""mix""",word,0.0,0.0,0.0,NeuralNetwork_C_undersampled
modern,text__modern,"""modern""",word,0.0,0.0,0.0,NeuralNetwork_C_undersampled
moloch,text__moloch,"""moloch""",word,0.0,0.0,0.0,NeuralNetwork_C_undersampled
mom,text__mom,"""mom""",word,0.0,0.0,0.0,NeuralNetwork_C_undersampled
moment,text__moment,"""moment""",word,0.0,0.0,0.0,NeuralNetwork_C_undersampled
barely,text__barely,"""barely""",word,0.0,0.0,0.0,NeuralNetwork_C_undersampled
meh,text__meh,"""meh""",word,0.0,0.0,0.0,NeuralNetwork_C_undersampled
memoir,text__memoir,"""memoir""",word,0.0,0.0,0.0,NeuralNetwork_C_undersampled
memorable,text__memorable,"""memorable""",word,0.0,0.0,0.0,NeuralNetwork_C_undersampled
mental,text__mental,"""mental""",word,0.0,0.0,0.0,NeuralNetwork_C_undersampled
mentioned,text__mentioned,"""mentioned""",word,0.0,0.0,0.0,NeuralNetwork_C_undersampled
mere,text__mere,"""mere""",word,0.0,0.0,0.0,NeuralNetwork_C_undersampled
merely,text__merely,"""merely""",word,0.0,0.0,0.0,NeuralNetwork_C_undersampled
message,text__message,"""message""",word,0.0,0.0,0.0,NeuralNetwork_C_undersampled
met,text__met,"""met""",word,0.0,0.0,0.0,NeuralNetwork_C_undersampled
metaphor,text__metaphor,"""metaphor""",word,0.0,0.0,0.0,NeuralNetwork_C_undersampled
meter,text__meter,"""meter""",word,0.0,0.0,0.0,NeuralNetwork_C_undersampled
michael,text__michael,"""michael""",word,0.0,0.0,0.0,NeuralNetwork_C_undersampled
zombie,text__zombie,"""zombie""",word,0.0,0.0,0.0,NeuralNetwork_C_undersampled
meet,text__meet,"""meet""",word,0.0,0.0,0.0,NeuralNetwork_C_undersampled
lust,text__lust,"""lust""",word,0.0,0.0,0.0,NeuralNetwork_C_undersampled
lying,text__lying,"""lying""",word,0.0,0.0,0.0,NeuralNetwork_C_undersampled
lyric,text__lyric,"""lyric""",word,0.0,0.0,0.0,NeuralNetwork_C_undersampled
lyrical,text__lyrical,"""lyrical""",word,0.0,0.0,0.0,NeuralNetwork_C_undersampled
lived,text__lived,"""lived""",word,0.0,0.0,0.0,NeuralNetwork_C_undersampled
living,text__living,"""living""",word,0.0,0.0,0.0,NeuralNetwork_C_undersampled
liz,text__liz,"""liz""",word,0.0,0.0,0.0,NeuralNetwork_C_undersampled
local,text__local,"""local""",word,0.0,0.0,0.0,NeuralNetwork_C_undersampled
loneliness,text__loneliness,"""loneliness""",word,0.0,0.0,0.0,NeuralNetwork_C_undersampled
lonely,text__lonely,"""lonely""",word,0.0,0.0,0.0,NeuralNetwork_C_undersampled
long,text__long,"""long""",word,0.0,0.0,0.0,NeuralNetwork_C_undersampled
longer,text__longer,"""longer""",word,0.0,0.0,0.0,NeuralNetwork_C_undersampled
bad,text__bad,"""bad""",word,0.0,0.0,0.0,NeuralNetwork_C_undersampled
looking,text__looking,"""looking""",word,0.0,0.0,0.0,NeuralNetwork_C_undersampled
lord,text__lord,"""lord""",word,0.0,0.0,0.0,NeuralNetwork_C_undersampled
lose,text__lose,"""lose""",word,0.0,0.0,0.0,NeuralNetwork_C_undersampled
losing,text__losing,"""losing""",word,0.0,0.0,0.0,NeuralNetwork_C_undersampled
loss,text__loss,"""loss""",word,0.0,0.0,0.0,NeuralNetwork_C_undersampled
level,text__level,"""level""",word,0.0,0.0,0.0,NeuralNetwork_C_undersampled
lie,text__lie,"""lie""",word,0.0,0.0,0.0,NeuralNetwork_C_undersampled
lifetime,text__lifetime,"""lifetime""",word,0.0,0.0,0.0,NeuralNetwork_C_undersampled
lift,text__lift,"""lift""",word,0.0,0.0,0.0,NeuralNetwork_C_undersampled
like,text__like,"""like""",word,0.0,0.0,0.0,NeuralNetwork_C_undersampled
liked,text__liked,"""liked""",word,0.0,0.0,0.0,NeuralNetwork_C_undersampled
likely,text__likely,"""likely""",word,0.0,0.0,0.0,NeuralNetwork_C_undersampled
link,text__link,"""link""",word,0.0,0.0,0.0,NeuralNetwork_C_undersampled
longing,text__longing,"""longing""",word,0.0,0.0,0.0,NeuralNetwork_C_undersampled
ball,text__ball,"""ball""",word,0.0,0.0,0.0,NeuralNetwork_C_undersampled
bar,text__bar,"""bar""",word,0.0,0.0,0.0,NeuralNetwork_C_undersampled
mad,text__mad,"""mad""",word,0.0,0.0,0.0,NeuralNetwork_C_undersampled
made,text__made,"""made""",word,0.0,0.0,0.0,NeuralNetwork_C_undersampled
madness,text__madness,"""madness""",word,0.0,0.0,0.0,NeuralNetwork_C_undersampled
magic,text__magic,"""magic""",word,0.0,0.0,0.0,NeuralNetwork_C_undersampled
magical,text__magical,"""magical""",word,0.0,0.0,0.0,NeuralNetwork_C_undersampled
main,text__main,"""main""",word,0.0,0.0,0.0,NeuralNetwork_C_undersampled
mainly,text__mainly,"""mainly""",word,0.0,0.0,0.0,NeuralNetwork_C_undersampled
major,text__major,"""major""",word,0.0,0.0,0.0,NeuralNetwork_C_undersampled
majority,text__majority,"""majority""",word,0.0,0.0,0.0,NeuralNetwork_C_undersampled
making,text__making,"""making""",word,0.0,0.0,0.0,NeuralNetwork_C_undersampled
manage,text__manage,"""manage""",word,0.0,0.0,0.0,NeuralNetwork_C_undersampled
lupita,text__lupita,"""lupita""",word,0.0,0.0,0.0,NeuralNetwork_C_undersampled
manages,text__manages,"""manages""",word,0.0,0.0,0.0,NeuralNetwork_C_undersampled
manner,text__manner,"""manner""",word,0.0,0.0,0.0,NeuralNetwork_C_undersampled
marissa,text__marissa,"""marissa""",word,0.0,0.0,0.0,NeuralNetwork_C_undersampled
mark,text__mark,"""mark""",word,0.0,0.0,0.0,NeuralNetwork_C_undersampled
lost,text__lost,"""lost""",word,0.0,0.0,0.0,NeuralNetwork_C_undersampled
loud,text__loud,"""loud""",word,0.0,0.0,0.0,NeuralNetwork_C_undersampled
love,text__love,"""love""",word,0.0,0.0,0.0,NeuralNetwork_C_undersampled
lovelace,text__lovelace,"""lovelace""",word,0.0,0.0,0.0,NeuralNetwork_C_undersampled
lovely,text__lovely,"""lovely""",word,0.0,0.0,0.0,NeuralNetwork_C_undersampled
lover,text__lover,"""lover""",word,0.0,0.0,0.0,NeuralNetwork_C_undersampled
loving,text__loving,"""loving""",word,0.0,0.0,0.0,NeuralNetwork_C_undersampled
low,text__low,"""low""",word,0.0,0.0,0.0,NeuralNetwork_C_undersampled
lullaby,text__lullaby,"""lullaby""",word,0.0,0.0,0.0,NeuralNetwork_C_undersampled
managed,text__managed,"""managed""",word,0.0,0.0,0.0,NeuralNetwork_C_undersampled
greek,text__greek,"""greek""",word,0.0,0.0,0.0,NeuralNetwork_C_undersampled
grew,text__grew,"""grew""",word,0.0,0.0,0.0,NeuralNetwork_C_undersampled
ground,text__ground,"""ground""",word,0.0,0.0,0.0,NeuralNetwork_C_undersampled
group,text__group,"""group""",word,0.0,0.0,0.0,NeuralNetwork_C_undersampled
grow,text__grow,"""grow""",word,0.0,0.0,0.0,NeuralNetwork_C_undersampled
gotten,text__gotten,"""gotten""",word,0.0,0.0,0.0,NeuralNetwork_C_undersampled
grace,text__grace,"""grace""",word,0.0,0.0,0.0,NeuralNetwork_C_undersampled
grandfather,text__grandfather,"""grandfather""",word,0.0,0.0,0.0,NeuralNetwork_C_undersampled
grandmother,text__grandmother,"""grandmother""",word,0.0,0.0,0.0,NeuralNetwork_C_undersampled
granted,text__granted,"""granted""",word,0.0,0.0,0.0,NeuralNetwork_C_undersampled
graphic,text__graphic,"""graphic""",word,0.0,0.0,0.0,NeuralNetwork_C_undersampled
grasp,text__grasp,"""grasp""",word,0.0,0.0,0.0,NeuralNetwork_C_undersampled
inspiring,text__inspiring,"""inspiring""",word,0.0,0.0,0.0,NeuralNetwork_C_undersampled
bitter,text__bitter,"""bitter""",word,0.0,0.0,0.0,NeuralNetwork_C_undersampled
black,text__black,"""black""",word,0.0,0.0,0.0,NeuralNetwork_C_undersampled
blade,text__blade,"""blade""",word,0.0,0.0,0.0,NeuralNetwork_C_undersampled
blake,text__blake,"""blake""",word,0.0,0.0,0.0,NeuralNetwork_C_undersampled
blind,text__blind,"""blind""",word,0.0,0.0,0.0,NeuralNetwork_C_undersampled
blog,text__blog,"""blog""",word,0.0,0.0,0.0,NeuralNetwork_C_undersampled
give,text__give,"""give""",word,0.0,0.0,0.0,NeuralNetwork_C_undersampled
giving,text__giving,"""giving""",word,0.0,0.0,0.0,NeuralNetwork_C_undersampled
glad,text__glad,"""glad""",word,0.0,0.0,0.0,NeuralNetwork_C_undersampled
glass,text__glass,"""glass""",word,0.0,0.0,0.0,NeuralNetwork_C_undersampled
glimpse,text__glimpse,"""glimpse""",word,0.0,0.0,0.0,NeuralNetwork_C_undersampled
glory,text__glory,"""glory""",word,0.0,0.0,0.0,NeuralNetwork_C_undersampled
go,text__go,"""go""",word,0.0,0.0,0.0,NeuralNetwork_C_undersampled
birthday,text__birthday,"""birthday""",word,0.0,0.0,0.0,NeuralNetwork_C_undersampled
heartache,text__heartache,"""heartache""",word,0.0,0.0,0.0,NeuralNetwork_C_undersampled
heartbreak,text__heartbreak,"""heartbreak""",word,0.0,0.0,0.0,NeuralNetwork_C_undersampled
heartbreaking,text__heartbreaking,"""heartbreaking""",word,0.0,0.0,0.0,NeuralNetwork_C_undersampled
growing,text__growing,"""growing""",word,0.0,0.0,0.0,NeuralNetwork_C_undersampled
grown,text__grown,"""grown""",word,0.0,0.0,0.0,NeuralNetwork_C_undersampled
grows,text__grows,"""grows""",word,0.0,0.0,0.0,NeuralNetwork_C_undersampled
growth,text__growth,"""growth""",word,0.0,0.0,0.0,NeuralNetwork_C_undersampled
guess,text__guess,"""guess""",word,0.0,0.0,0.0,NeuralNetwork_C_undersampled
guide,text__guide,"""guide""",word,0.0,0.0,0.0,NeuralNetwork_C_undersampled
gut,text__gut,"""gut""",word,0.0,0.0,0.0,NeuralNetwork_C_undersampled
guy,text__guy,"""guy""",word,0.0,0.0,0.0,NeuralNetwork_C_undersampled
haiku,text__haiku,"""haiku""",word,0.0,0.0,0.0,NeuralNetwork_C_undersampled
greatest,text__greatest,"""greatest""",word,0.0,0.0,0.0,NeuralNetwork_C_undersampled
half,text__half,"""half""",word,0.0,0.0,0.0,NeuralNetwork_C_undersampled
handful,text__handful,"""handful""",word,0.0,0.0,0.0,NeuralNetwork_C_undersampled
happen,text__happen,"""happen""",word,0.0,0.0,0.0,NeuralNetwork_C_undersampled
happened,text__happened,"""happened""",word,0.0,0.0,0.0,NeuralNetwork_C_undersampled
happens,text__happens,"""happens""",word,0.0,0.0,0.0,NeuralNetwork_C_undersampled
blood,text__blood,"""blood""",word,0.0,0.0,0.0,NeuralNetwork_C_undersampled
blow,text__blow,"""blow""",word,0.0,0.0,0.0,NeuralNetwork_C_undersampled
blown,text__blown,"""blown""",word,0.0,0.0,0.0,NeuralNetwork_C_undersampled
blue,text__blue,"""blue""",word,0.0,0.0,0.0,NeuralNetwork_C_undersampled
bone,text__bone,"""bone""",word,0.0,0.0,0.0,NeuralNetwork_C_undersampled
book,text__book,"""book""",word,0.0,0.0,0.0,NeuralNetwork_C_undersampled
grateful,text__grateful,"""grateful""",word,0.0,0.0,0.0,NeuralNetwork_C_undersampled
greater,text__greater,"""greater""",word,0.0,0.0,0.0,NeuralNetwork_C_undersampled
hair,text__hair,"""hair""",word,0.0,0.0,0.0,NeuralNetwork_C_undersampled
fruit,text__fruit,"""fruit""",word,0.0,0.0,0.0,NeuralNetwork_C_undersampled
fuck,text__fuck,"""fuck""",word,0.0,0.0,0.0,NeuralNetwork_C_undersampled
fucking,text__fucking,"""fucking""",word,0.0,0.0,0.0,NeuralNetwork_C_undersampled
full,text__full,"""full""",word,0.0,0.0,0.0,NeuralNetwork_C_undersampled
fully,text__fully,"""fully""",word,0.0,0.0,0.0,NeuralNetwork_C_undersampled
funny,text__funny,"""funny""",word,0.0,0.0,0.0,NeuralNetwork_C_undersampled
future,text__future,"""future""",word,0.0,0.0,0.0,NeuralNetwork_C_undersampled
game,text__game,"""game""",word,0.0,0.0,0.0,NeuralNetwork_C_undersampled
garden,text__garden,"""garden""",word,0.0,0.0,0.0,NeuralNetwork_C_undersampled
gave,text__gave,"""gave""",word,0.0,0.0,0.0,NeuralNetwork_C_undersampled
gawain,text__gawain,"""gawain""",word,0.0,0.0,0.0,NeuralNetwork_C_undersampled
gay,text__gay,"""gay""",word,0.0,0.0,0.0,NeuralNetwork_C_undersampled
goal,text__goal,"""goal""",word,0.0,0.0,0.0,NeuralNetwork_C_undersampled
forgot,text__forgot,"""forgot""",word,0.0,0.0,0.0,NeuralNetwork_C_undersampled
forgotten,text__forgotten,"""forgotten""",word,0.0,0.0,0.0,NeuralNetwork_C_undersampled
form,text__form,"""form""",word,0.0,0.0,0.0,NeuralNetwork_C_undersampled
format,text__format,"""format""",word,0.0,0.0,0.0,NeuralNetwork_C_undersampled
formatting,text__formatting,"""formatting""",word,0.0,0.0,0.0,NeuralNetwork_C_undersampled
former,text__former,"""former""",word,0.0,0.0,0.0,NeuralNetwork_C_undersampled
forth,text__forth,"""forth""",word,0.0,0.0,0.0,NeuralNetwork_C_undersampled
found,text__found,"""found""",word,0.0,0.0,0.0,NeuralNetwork_C_undersampled
four,text__four,"""four""",word,0.0,0.0,0.0,NeuralNetwork_C_undersampled
fourth,text__fourth,"""fourth""",word,0.0,0.0,0.0,NeuralNetwork_C_undersampled
fragment,text__fragment,"""fragment""",word,0.0,0.0,0.0,NeuralNetwork_C_undersampled
free,text__free,"""free""",word,0.0,0.0,0.0,NeuralNetwork_C_undersampled
freedom,text__freedom,"""freedom""",word,0.0,0.0,0.0,NeuralNetwork_C_undersampled
forget,text__forget,"""forget""",word,0.0,0.0,0.0,NeuralNetwork_C_undersampled
god,text__god,"""god""",word,0.0,0.0,0.0,NeuralNetwork_C_undersampled
goddess,text__goddess,"""goddess""",word,0.0,0.0,0.0,NeuralNetwork_C_undersampled
gold,text__gold,"""gold""",word,0.0,0.0,0.0,NeuralNetwork_C_undersampled
golden,text__golden,"""golden""",word,0.0,0.0,0.0,NeuralNetwork_C_undersampled
gon,text__gon,"""gon""",word,0.0,0.0,0.0,NeuralNetwork_C_undersampled
gone,text__gone,"""gone""",word,0.0,0.0,0.0,NeuralNetwork_C_undersampled
goodreads,text__goodreads,"""goodreads""",word,0.0,0.0,0.0,NeuralNetwork_C_undersampled
gorgeous,text__gorgeous,"""gorgeous""",word,0.0,0.0,0.0,NeuralNetwork_C_undersampled
gem,text__gem,"""gem""",word,0.0,0.0,0.0,NeuralNetwork_C_undersampled
gender,text__gender,"""gender""",word,0.0,0.0,0.0,NeuralNetwork_C_undersampled
general,text__general,"""general""",word,0.0,0.0,0.0,NeuralNetwork_C_undersampled
generally,text__generally,"""generally""",word,0.0,0.0,0.0,NeuralNetwork_C_undersampled
frost,text__frost,"""frost""",word,0.0,0.0,0.0,NeuralNetwork_C_undersampled
genre,text__genre,"""genre""",word,0.0,0.0,0.0,NeuralNetwork_C_undersampled
gentle,text__gentle,"""gentle""",word,0.0,0.0,0.0,NeuralNetwork_C_undersampled
genuine,text__genuine,"""genuine""",word,0.0,0.0,0.0,NeuralNetwork_C_undersampled
getting,text__getting,"""getting""",word,0.0,0.0,0.0,NeuralNetwork_C_undersampled
ghost,text__ghost,"""ghost""",word,0.0,0.0,0.0,NeuralNetwork_C_undersampled
gibran,text__gibran,"""gibran""",word,0.0,0.0,0.0,NeuralNetwork_C_undersampled
gift,text__gift,"""gift""",word,0.0,0.0,0.0,NeuralNetwork_C_undersampled
gilgamesh,text__gilgamesh,"""gilgamesh""",word,0.0,0.0,0.0,NeuralNetwork_C_undersampled
ginsberg,text__ginsberg,"""ginsberg""",word,0.0,0.0,0.0,NeuralNetwork_C_undersampled
girlfriend,text__girlfriend,"""girlfriend""",word,0.0,0.0,0.0,NeuralNetwork_C_undersampled
friend,text__friend,"""friend""",word,0.0,0.0,0.0,NeuralNetwork_C_undersampled
friendship,text__friendship,"""friendship""",word,0.0,0.0,0.0,NeuralNetwork_C_undersampled
front,text__front,"""front""",word,0.0,0.0,0.0,NeuralNetwork_C_undersampled
generation,text__generation,"""generation""",word,0.0,0.0,0.0,NeuralNetwork_C_undersampled
illness,text__illness,"""illness""",word,0.0,0.0,0.0,NeuralNetwork_C_undersampled
illustration,text__illustration,"""illustration""",word,0.0,0.0,0.0,NeuralNetwork_C_undersampled
image,text__image,"""image""",word,0.0,0.0,0.0,NeuralNetwork_C_undersampled
imagery,text__imagery,"""imagery""",word,0.0,0.0,0.0,NeuralNetwork_C_undersampled
imagination,text__imagination,"""imagination""",word,0.0,0.0,0.0,NeuralNetwork_C_undersampled
imagine,text__imagine,"""imagine""",word,0.0,0.0,0.0,NeuralNetwork_C_undersampled
immediately,text__immediately,"""immediately""",word,0.0,0.0,0.0,NeuralNetwork_C_undersampled
immigrant,text__immigrant,"""immigrant""",word,0.0,0.0,0.0,NeuralNetwork_C_undersampled
better,text__better,"""better""",word,0.0,0.0,0.0,NeuralNetwork_C_undersampled
beyonce,text__beyonce,"""beyonce""",word,0.0,0.0,0.0,NeuralNetwork_C_undersampled
beyond,text__beyond,"""beyond""",word,0.0,0.0,0.0,NeuralNetwork_C_undersampled
bible,text__bible,"""bible""",word,0.0,0.0,0.0,NeuralNetwork_C_undersampled
hearing,text__hearing,"""hearing""",word,0.0,0.0,0.0,NeuralNetwork_C_undersampled
billy,text__billy,"""billy""",word,0.0,0.0,0.0,NeuralNetwork_C_undersampled
bird,text__bird,"""bird""",word,0.0,0.0,0.0,NeuralNetwork_C_undersampled
birth,text__birth,"""birth""",word,0.0,0.0,0.0,NeuralNetwork_C_undersampled
hughes,text__hughes,"""hughes""",word,0.0,0.0,0.0,NeuralNetwork_C_undersampled
human,text__human,"""human""",word,0.0,0.0,0.0,NeuralNetwork_C_undersampled
humanity,text__humanity,"""humanity""",word,0.0,0.0,0.0,NeuralNetwork_C_undersampled
humor,text__humor,"""humor""",word,0.0,0.0,0.0,NeuralNetwork_C_undersampled
hundred,text__hundred,"""hundred""",word,0.0,0.0,0.0,NeuralNetwork_C_undersampled
hurt,text__hurt,"""hurt""",word,0.0,0.0,0.0,NeuralNetwork_C_undersampled
hurting,text__hurting,"""hurting""",word,0.0,0.0,0.0,NeuralNetwork_C_undersampled
hoping,text__hoping,"""hoping""",word,0.0,0.0,0.0,NeuralNetwork_C_undersampled
hopkins,text__hopkins,"""hopkins""",word,0.0,0.0,0.0,NeuralNetwork_C_undersampled
horrible,text__horrible,"""horrible""",word,0.0,0.0,0.0,NeuralNetwork_C_undersampled
biggest,text__biggest,"""biggest""",word,0.0,0.0,0.0,NeuralNetwork_C_undersampled
instagram,text__instagram,"""instagram""",word,0.0,0.0,0.0,NeuralNetwork_C_undersampled
instance,text__instance,"""instance""",word,0.0,0.0,0.0,NeuralNetwork_C_undersampled
intelligent,text__intelligent,"""intelligent""",word,0.0,0.0,0.0,NeuralNetwork_C_undersampled
impact,text__impact,"""impact""",word,0.0,0.0,0.0,NeuralNetwork_C_undersampled
importance,text__importance,"""importance""",word,0.0,0.0,0.0,NeuralNetwork_C_undersampled
important,text__important,"""important""",word,0.0,0.0,0.0,NeuralNetwork_C_undersampled
impossible,text__impossible,"""impossible""",word,0.0,0.0,0.0,NeuralNetwork_C_undersampled
impressed,text__impressed,"""impressed""",word,0.0,0.0,0.0,NeuralNetwork_C_undersampled
impression,text__impression,"""impression""",word,0.0,0.0,0.0,NeuralNetwork_C_undersampled
impressive,text__impressive,"""impressive""",word,0.0,0.0,0.0,NeuralNetwork_C_undersampled
include,text__include,"""include""",word,0.0,0.0,0.0,NeuralNetwork_C_undersampled
included,text__included,"""included""",word,0.0,0.0,0.0,NeuralNetwork_C_undersampled
iliad,text__iliad,"""iliad""",word,0.0,0.0,0.0,NeuralNetwork_C_undersampled
including,text__including,"""including""",word,0.0,0.0,0.0,NeuralNetwork_C_undersampled
incredible,text__incredible,"""incredible""",word,0.0,0.0,0.0,NeuralNetwork_C_undersampled
incredibly,text__incredibly,"""incredibly""",word,0.0,0.0,0.0,NeuralNetwork_C_undersampled
indeed,text__indeed,"""indeed""",word,0.0,0.0,0.0,NeuralNetwork_C_undersampled
indian,text__indian,"""indian""",word,0.0,0.0,0.0,NeuralNetwork_C_undersampled
individual,text__individual,"""individual""",word,0.0,0.0,0.0,NeuralNetwork_C_undersampled
husband,text__husband,"""husband""",word,0.0,0.0,0.0,NeuralNetwork_C_undersampled
hype,text__hype,"""hype""",word,0.0,0.0,0.0,NeuralNetwork_C_undersampled
ice,text__ice,"""ice""",word,0.0,0.0,0.0,NeuralNetwork_C_undersampled
idea,text__idea,"""idea""",word,0.0,0.0,0.0,NeuralNetwork_C_undersampled
ideal,text__ideal,"""ideal""",word,0.0,0.0,0.0,NeuralNetwork_C_undersampled
identity,text__identity,"""identity""",word,0.0,0.0,0.0,NeuralNetwork_C_undersampled
ii,text__ii,"""ii""",word,0.0,0.0,0.0,NeuralNetwork_C_undersampled
includes,text__includes,"""includes""",word,0.0,0.0,0.0,NeuralNetwork_C_undersampled
heaven,text__heaven,"""heaven""",word,0.0,0.0,0.0,NeuralNetwork_C_undersampled
heavy,text__heavy,"""heavy""",word,0.0,0.0,0.0,NeuralNetwork_C_undersampled
hector,text__hector,"""hector""",word,0.0,0.0,0.0,NeuralNetwork_C_undersampled
held,text__held,"""held""",word,0.0,0.0,0.0,NeuralNetwork_C_undersampled
helen,text__helen,"""helen""",word,0.0,0.0,0.0,NeuralNetwork_C_undersampled
help,text__help,"""help""",word,0.0,0.0,0.0,NeuralNetwork_C_undersampled
helped,text__helped,"""helped""",word,0.0,0.0,0.0,NeuralNetwork_C_undersampled
hero,text__hero,"""hero""",word,0.0,0.0,0.0,NeuralNetwork_C_undersampled
hide,text__hide,"""hide""",word,0.0,0.0,0.0,NeuralNetwork_C_undersampled
higher,text__higher,"""higher""",word,0.0,0.0,0.0,NeuralNetwork_C_undersampled
highlight,text__highlight,"""highlight""",word,0.0,0.0,0.0,NeuralNetwork_C_undersampled
highly,text__highly,"""highly""",word,0.0,0.0,0.0,NeuralNetwork_C_undersampled
horror,text__horror,"""horror""",word,0.0,0.0,0.0,NeuralNetwork_C_undersampled
hill,text__hill,"""hill""",word,0.0,0.0,0.0,NeuralNetwork_C_undersampled
hirsch,text__hirsch,"""hirsch""",word,0.0,0.0,0.0,NeuralNetwork_C_undersampled
happiness,text__happiness,"""happiness""",word,0.0,0.0,0.0,NeuralNetwork_C_undersampled
happy,text__happy,"""happy""",word,0.0,0.0,0.0,NeuralNetwork_C_undersampled
hard,text__hard,"""hard""",word,0.0,0.0,0.0,NeuralNetwork_C_undersampled
hardly,text__hardly,"""hardly""",word,0.0,0.0,0.0,NeuralNetwork_C_undersampled
harry,text__harry,"""harry""",word,0.0,0.0,0.0,NeuralNetwork_C_undersampled
hate,text__hate,"""hate""",word,0.0,0.0,0.0,NeuralNetwork_C_undersampled
hated,text__hated,"""hated""",word,0.0,0.0,0.0,NeuralNetwork_C_undersampled
healing,text__healing,"""healing""",word,0.0,0.0,0.0,NeuralNetwork_C_undersampled
health,text__health,"""health""",word,0.0,0.0,0.0,NeuralNetwork_C_undersampled
hear,text__hear,"""hear""",word,0.0,0.0,0.0,NeuralNetwork_C_undersampled
heard,text__heard,"""heard""",word,0.0,0.0,0.0,NeuralNetwork_C_undersampled
hilarious,text__hilarious,"""hilarious""",word,0.0,0.0,0.0,NeuralNetwork_C_undersampled
horse,text__horse,"""horse""",word,0.0,0.0,0.0,NeuralNetwork_C_undersampled
hot,text__hot,"""hot""",word,0.0,0.0,0.0,NeuralNetwork_C_undersampled
hour,text__hour,"""hour""",word,0.0,0.0,0.0,NeuralNetwork_C_undersampled
house,text__house,"""house""",word,0.0,0.0,0.0,NeuralNetwork_C_undersampled
howl,text__howl,"""howl""",word,0.0,0.0,0.0,NeuralNetwork_C_undersampled
http,text__http,"""http""",word,0.0,0.0,0.0,NeuralNetwork_C_undersampled
bell,text__bell,"""bell""",word,0.0,0.0,0.0,NeuralNetwork_C_undersampled
beloved,text__beloved,"""beloved""",word,0.0,0.0,0.0,NeuralNetwork_C_undersampled
beneath,text__beneath,"""beneath""",word,0.0,0.0,0.0,NeuralNetwork_C_undersampled
beside,text__beside,"""beside""",word,0.0,0.0,0.0,NeuralNetwork_C_undersampled
besides,text__besides,"""besides""",word,0.0,0.0,0.0,NeuralNetwork_C_undersampled
best,text__best,"""best""",word,0.0,0.0,0.0,NeuralNetwork_C_undersampled
historical,text__historical,"""historical""",word,0.0,0.0,0.0,NeuralNetwork_C_undersampled
heartfelt,text__heartfelt,"""heartfelt""",word,0.0,0.0,0.0,NeuralNetwork_C_undersampled
hit,text__hit,"""hit""",word,0.0,0.0,0.0,NeuralNetwork_C_undersampled
holding,text__holding,"""holding""",word,0.0,0.0,0.0,NeuralNetwork_C_undersampled
holly,text__holly,"""holly""",word,0.0,0.0,0.0,NeuralNetwork_C_undersampled
holy,text__holy,"""holy""",word,0.0,0.0,0.0,NeuralNetwork_C_undersampled
home,text__home,"""home""",word,0.0,0.0,0.0,NeuralNetwork_C_undersampled
homer,text__homer,"""homer""",word,0.0,0.0,0.0,NeuralNetwork_C_undersampled
honest,text__honest,"""honest""",word,0.0,0.0,0.0,NeuralNetwork_C_undersampled
honestly,text__honestly,"""honestly""",word,0.0,0.0,0.0,NeuralNetwork_C_undersampled
honesty,text__honesty,"""honesty""",word,0.0,0.0,0.0,NeuralNetwork_C_undersampled
honey,text__honey,"""honey""",word,0.0,0.0,0.0,NeuralNetwork_C_undersampled
honor,text__honor,"""honor""",word,0.0,0.0,0.0,NeuralNetwork_C_undersampled
hope,text__hope,"""hope""",word,0.0,0.0,0.0,NeuralNetwork_C_undersampled
hopefully,text__hopefully,"""hopefully""",word,0.0,0.0,0.0,NeuralNetwork_C_undersampled
history,text__history,"""history""",word,0.0,0.0,0.0,NeuralNetwork_C_undersampled
