review_id,book_id,split
cb1ebc02d8b2aff15735d513877463ce,253264,train
85774b2b683b536b21fad720836de932,30075802,train
1b126444cc658efd2cb15b17145dc631,29431081,train
9e632a8de83863ad255886b0e493a51f,23513349,train
1804a934cba532144f82349b649cd08a,23513349,train
f2d665a45737129927467e08dca47fcb,171547,train
229951158b7c796a045fa3f9224102fe,18051460,train
ead7c67fde89da5e612084c517fd069f,23513349,train
04198570118ee501f9bde7af1ffade41,25986827,train
2aba25624430e9807de1701c2b7c80eb,18003300,train
5d1f8426ad8f147a1ba0b765a09bc9e3,66414,train
98284243f7d77feebd0155954f4ff06b,171547,train
63f27a7112aa20c7a355db9a98d3ffa4,400723,train
d7eb1ec12866b2c3b8acaaeacaa06945,34146688,train
81caada8ebca6f114d8cedac95b9027d,20613761,train
206778015659ca0757346431493f2d09,30118,train
d02bcff3cac4cafb75d1454dbf097685,13123245,train
139d345baf6d347ebf14cac600e09912,29059581,train
4ff4f5e7d0172b0d4aaecb98efc72e6a,30075802,train
4aebb89130cc1768dde4d0aec9e0e13e,24874353,train
2a7b18b30393831b3c686d28a2b1965c,19288242,train
e7ff11aedc704a98104afa3a02352f68,18263725,train
c9f2726ef46b4256035abfbc8bbeaf57,25897953,train
263b2616d151fa3e33e26f5757a95796,67376,train
fee4d59e30bd63d397a65408ada61c38,23513349,train
7e7ac5af3ef3d0742238743a45b72976,778310,train
d6cd957d9b5c26f44926de4d5cb814e0,8423931,train
329702b1bb2cb95c8919c03dbdf991c0,26599,train
1036be493f74b4bfcb57db4a895e7881,16234590,train
d72e6ee479f3b6d8c4bf6f951389b97c,3775266,train
cf66a3cfd7cec71ff79a9b39fa0abf06,18003300,train
5588da708b710bfc3978365adf4ae785,14553840,train
49413a79a99ba9675e24d0d9261570cb,24874329,train
056911396169abc8cf0e06c4a94a9686,22585014,train
3f5bef2ae0dd8b5801a5906d186ef999,13376363,train
d518bb43204a0ac1b565fa101ff95c87,18585282,train
69abd44d4f3aa5d894c8b7458eada6eb,239229,train
4ed060260f5269dbc2b4364679d27452,25986827,train
50493ea994b524d96f1584b895d7d209,8411631,train
8ea8bb6915dc689df7d264289917afc2,1384,train
3b98eb3cad07c7fd5cc0f7b5d61327c6,18003300,train
4783d12c2eb02446788af6b9c721bf09,46199,train
354bd461edfc73fc7770e5aeb6e98941,16075147,train
419ca134aaf8493729c8969f07089100,333706,train
ddcadff7333163ae8f311657744a1db1,3213640,train
7247507e289114d12fe07178e6bee96a,286806,train
756a0587ad0f30ab2b03e8c67b795ab5,33837404,train
cca395996cf568ac75a3a6afe5a99880,293918,train
3d461840ae57931aa05faa44346f04bd,29499443,train
791004d137e6ea7aea6dbbf39deda8a9,23282006,train
91fe273f48502585b2253d302e94d89b,178959,train
b1836b721a7cff133098c86e4d3dc1ac,26114444,train
0e0ff583b1df44cd0c2b066aca142402,29358559,train
0ce4fa0e01741f4adf0b6f452410067d,20613761,train
f1c715cbee5f9ad7bd1fcfb982a37976,13330670,train
f72d670dfd5525e4558ff14b989aab1b,104855,train
aee771a78408a7d723af9e09961b9301,15645,train
92fcc06b095639b49285d351e931a333,27494,train
246214c56fc56e0c8637a565336744c8,6295,train
d2c61802d0a94e2b5de52fef1f2a600e,13376363,train
d1451d138325a84a49353edf340dcd28,20613761,train
2c84b2d5571045d607903cde78ffe9cf,22151696,train
7d691f4941132b761f0ea407962cd147,91571,train
ce6b74430bb49c62df8ab58530d27518,25897953,train
3fc059867630987ef7ff731ec3f45a06,13530012,train
67b796b6b38f4484cf155d7ca5a5f73f,395090,train
f66f9f010904f4bc19ef2c644c00a6a4,1381,train
02a0cc4cb15240527b16617fbe4cedf3,19351,train
446a3dc084e8e3d593e63d89dcadcb15,12914,train
db5e1a847ee271d2c8d2c4c798e2b428,1381,train
10af019350220b06c51fb3120be95b15,25330489,train
45aa0a44a505d376ff80480c843f0f1b,25986827,train
095fdb940a78bf524294f0504d3d2af9,23513349,train
423604c2ef787b68bbd7c4dab2d63b5e,23513349,train
515d3b17bbef9199850886fdd61d122f,20821284,train
7658f4d995fc17d6accbf1164df6bc40,23513349,train
fe439d07a6acf5c75d6c42eb835db59a,19351,train
5ba3ef68db879103d6c47cc1bbd358c6,304079,train
e16478fe1e2fef1da905976b4aff4371,617495,train
00769f68198652b269d0d830d4c5c96f,171547,train
f5f11dac40c9386649e6e168b8aa3d71,20821284,train
baef3198433721543b03b2799eeb89ec,1371,train
9e79d33ce3a39cbafacb2c38df9fed72,22151696,train
bd5d3959be9cd991a5345b269b2ad034,30075802,train
9639458e6ba1d86d6068d7472074bdaf,22151696,train
4a03b675c7e7c8c40f153f6a3738c5b7,18003300,train
b7e44ee2db0e9f51158c0398663e55c5,3109162,train
a31b9db8952f47abb6c498a953c46e2f,11298440,train
b0fe2bc027a0c735e5332a618235ceb4,1432,train
b2679b09830cc166c8e0666354f943a9,91571,train
a9c2f2e73f09420133b8a056e59ae8f1,1519,train
7f1523d64d36d8590967dab6afe46fa7,732562,train
ff54bf4a65f47383da8a0909df7e77ae,23513349,train
3d6a7749be8a838e4b957e4cb529eb70,2544,train
43f68fb2e17901b4a48b07eb953b888b,30075802,train
a0e2fe459a043dace1e2a23fb56e4311,24854376,train
94f977d377db00b5adac26556f6cd815,25897953,train
943f116a776c1acd82717d858c3d52f1,29737292,train
a47efa113f01f7f2b80705d91c8f4dde,25986828,train
f6ecce5209f2215c4a46e7d23b741770,29431081,train
145395df54f8ad2eae6583ca246e8b20,20821284,train
1ef602cf48fd3595cf66e6c202bde611,23513349,train
e6e159c9758676bce2aedb508485be01,28818619,train
5931d8ce115e43068bb87542e0fc9d69,23513349,train
bf3defd511e39f7f044fcea880c2b276,34594982,train
a8674c10ea7bb46fdb0681881ca2a522,12907847,train
65cb9ea989ea144b762af8206863db6d,27494,train
ea421258151eadb83d14af8b38c106fa,1724365,train
b0fb38bd1e741bec7d5ac77b95ff3046,1381,train
010a7d2aade4052d105121a0ddc75493,29358559,train
dc31f3f91d926fdd3e1e910594a1a440,732562,train
748bb759de1591941a88a32bf7eb4aa7,24611522,train
8f1ddb3cc5f3d12e1af4566ba3a08735,18263725,train
f235906ab230250de28de38b1cb84b96,25310356,train
8e25f661346c3c91bed32d6b28ce747c,35108792,train
21bea995e39bd4a34f10cb9ff9c4004b,23513349,train
8c18aff6f8975b0e3b5b24b54bc3f653,19519461,train
9dfa1b69622446f5a49a1dc2b02b0e05,18263725,train
42baec4cd86c2dead6b5ac3bdb53e29d,53498,train
9552e90e87c989b2d5d8c2a1ff0be4c6,23513349,train
7af8bb156b88c1150d719e6588e96848,8423931,train
1904bb0b75375d0abd03cab1b60c8359,32334098,train
ec27ccafbc98c77a8d8fbee7539258e4,33905090,train
a1ace0777550b03699f6658d88c162c8,20613761,train
f730d3b4e008654e539bc2abb50a8991,28818619,train
51946256d63dd5385f3cd140c34c98e6,18585282,train
b830a8b3214b6d6919d36871d9b86932,25986827,train
c13b0513d1c35c12ef52ad469fc78de2,13376363,train
ed406fade30be0ef9b8bcfd06f086fae,18338416,train
c199ea7310b28106f7643172ba25c4b3,22151696,train
32a097eacbb912e4f97e57b81432facd,47730,train
39572b07b7f4a4f9659e9b3d74cf50ae,765418,train
6d21eff6ea278f89ccb994e2ceddba30,29499443,train
3420dd1382207445a1790af09f3f8fc2,18263725,train
5a5c943c621577b8ccfd441f2eae8e4c,395090,train
da79d34b07ccfb6c93cb97e8d24c3ea4,18222724,train
0ba1c18db75fb873a827c890c524134a,20821284,train
155b63eecfdd1ff2181c93f89f2d9395,23534,train
21bcefbe2cab41bc6f04a6deace1e872,27245634,train
b5364d0e8cec594802d1f459c23629d5,23513349,train
b8a2995f618a014a36f18d0150f679de,262304,train
c7b897073538a16df3e1926304692763,1724365,train
3c9e05192261c8966522e7fae52415c4,26599,train
bb0171b89aeb065d7f19130f611174f2,304079,train
d153e6e7151ccc8570f35c99de4eb18f,293918,train
505d7c477fd8afc2db7d4357ce642207,20821284,train
9ce42cfceb9ed970a5a4dfb76b96ab02,23919,train
f45148fd4dd42f7ab67563ef532bae65,707569,train
12368df3da67bfffbf2df2ae7b169a56,24611612,train
a054f5769827f6d510d2c25efd5fdee5,395090,train
ae9186cfe602436aa22c6f657ceb3f67,29357293,train
eb30369d5066b0e96b437babab86e252,24874353,train
88e41b4696135310e8ad380bc282f9a5,171547,train
029a1d9ba979cc257599f836524727fb,30075802,train
f68e72fa855e2e395f1d0fff7394f50c,18263725,train
41578a8e205d60b57fab3d83ed5e746f,18585282,train
c1cc24dcb81ec8d1bfbb4915ce187d2a,14553840,train
88d463017ecca0095f8525556ff6c29a,724371,train
e48ca35d914363d8d2e88bd495e81497,732562,train
969a6ae35f0f3a9689d5dd8b4cd6dbc0,34080,train
d73762adbeefdf2573a6bc753bf37030,6328,train
e41698dcbe33856bb38afa46c0634be9,30118,train
ccfb561691c0cd8f07df589559d710c1,400723,train
1f962ac6c4275c69de73736415033c76,18486,train
f2c4cd5b5b5ef65847b58492e732a0a6,30119,train
5ff9729e4972b548e121b8e2b1ce0997,23513349,train
0fa0379b3a332b66109c062297b61d73,33304157,train
1e7ff70d4adbc7a93dd8067a39a66417,30325231,train
32bd3c52ab299faaeb4d9748bdbac3b3,25330489,train
30f659545d3ad758d5ad778c09d9d33e,24874309,train
6efe9c6036188021645474204f7986da,24874353,train
02895a008339a5a870899207d5ce3866,24874359,train
4e4959900bac187d9a1857c9298ddf2b,13376363,train
cf9d047e4dc711856144cc92aa43953c,23434371,train
eea2d4534b71e6df943daba5f0304e03,22151696,train
109c2e479a93f6a0dcb14f864fecc674,22151696,train
ce6e29c20ea65095d4b5d1b2530e38eb,400723,train
17a51124b3b6a4be1a59b436d9db05e1,96259,train
17fa26c6fd4361f5243682e48798f23c,20821284,train
a2ce9b6dbd3fcbe6f90f7a3378538fce,30119,train
5ac10dd8568a02ff2076afd0557110cf,53498,train
112e2b9bb5142c35678fe531a1af7f31,13376363,train
73dc9c20b602a12e2ef78b29bf88d78e,29358559,train
eb443a30309639f07328b62b45fa58d1,20821284,train
78754a46ed83a5abb71322a049f6141b,13588404,train
bd2b8748981757c87011b321c56ac1b2,778310,train
b1024e9bc1d19b12d2c5cc2e93f5387e,239229,train
5bc82186a171351b939d64f88707d293,20821284,train
df27fa928ef7eda5eb7773d134400746,86560,train
b8abda22c2ebfcaf6b76aace79bafbaf,133380,train
54b03f86ceb2ec760735674da5595d59,30075802,train
2d8a8cea37ea541de439071bb07824b0,25310356,train
bbdcff88786d645265f1c8c723dc85cb,17707772,train
4bd885ea689181bb0037579ba06ca1e0,13588404,train
03210c2e3516da42708ce39c4594c6b8,18263725,train
2c6e3ab336de8512c7e23d0d29fdd92e,13124956,train
9a22b789cddc3092641af894da49f0c5,29358559,train
8521d4c827321716b81d1d36bf9a6f6e,402128,train
1924b7721a17e0b921d60035f555ac4c,18051460,train
8f3b2363397d0377315c18641a6483c8,33004289,train
7d39bbdc80e5a242cc31b591df246966,25877517,train
91853229d167ed05c70d4ab6d2fbabfe,20821284,train
c2e127c68ee9b0185c6d156b62fc09c6,25897953,train
c086f189d0ce1a79f4d3ed64ab9a295b,23513349,train
974b49adf08a6b6c9ac87bf53cf728fe,30075802,train
6b1c1953e7a6e02b954dab10a8e64b4e,1432,train
1efebc5770ed6566efed1eb19d458fac,22151696,train
4775a3801a9d475ddd35014c810f6b15,18263725,train
7af3352d565c013bfff1fb077369e544,20821284,train
2a080bf88f205ee65b7c1add7734c823,46199,train
d76329e2be41b3f9107c95ba44c0bc32,6897011,train
c5c672d427cc0e46de0b735a50b49d76,1724365,train
7f323c70a35b92ded27f364d2c4e84e8,118252,train
c0a9f08c14de97c4bd9f7dd58b3add56,20613761,train
462c7288eb1ebbd8ac10ecb1bdd3dff7,23513349,train
afc5b6e2dbf7884afc8ddb28c68b7ee9,178959,train
676a079c997f0f3b029fa38c87bf2c79,50453,train
1a82d0810fab55ffb7b3bf91db52cd14,30325231,train
59ea6eeec20a46a21816e0b20b537925,20821284,train
61736dffaa51a7755bcd469d53711fde,23534,train
585860f5f6abcc34f13267dcbdd9057d,102908,train
f363277ff4009680988795fd492d26c0,30119,train
dc302bed0fd9c75c534cec5aea641d3a,33837404,train
a1a31a5da7ea316c20aa458e02b3f09d,11409124,train
e5135d3479f0ac7e85babf898df6967a,5931,train
6970f3a54eff223d99b7478283bd12dc,23513349,train
283cfdef46ec7ff9148bd750d884cbf9,18263725,train
23156ee03e057615cbd06f7fb6291407,25897953,train
6bb7e5d128f9f31fb01c689d62722175,18222724,train
c739e9ad31e52a2c505f4654c2793577,18003300,train
2b80e8e2d9e7534ac631d7447e8a2f2a,6295,train
851e217510206509e4eb245799cca178,3049,train
88419c16e40fb05da1db2e9213d5e189,29358559,train
7b040f5af3a5126f7c67c1b10cce231e,22151696,train
b2f11bdf9b40f284be11d0e888e97983,402128,train
4a2e70effc933a258c91e666cfb82630,8423931,train
0dc9860f0a6e1e706f34689c3dd529f8,29358559,train
e85b8fefb305515e0950377d11ac088c,13588404,train
414fe10e0a56986273f7d5e337d90c3e,49473,train
71fb650dbe2a2b6cf1d75512c2596057,980426,train
511e920e3e5349f708370ce5342c4c38,20821284,train
49d4110f46dfe85602973bd4cdb78f79,18586895,train
1a882ac17f82c854f124eb7239443aff,203220,train
d0ab476018eeac69bbb9ce9d7b15de58,171547,train
50dd0f63d2aa1626c12ba73dc16b3a79,12914,train
b42a39eab9560cbe2a45d8fbc02006d7,18586895,train
664016b7ee953fdd8ef9cc828221f35a,30119,train
3f9775d9edb00ae82e087c5559c5c24f,66414,train
4fd2bc3d1d137b0566f1abfa5045e425,23513349,train
7313e9f0b72ce60909747182a0c94d84,22151696,train
101cced2e0a4e7755c4ed8ad5ffc358b,14553840,train
19ac32265223f412b1b6799c5458f58c,23678552,train
68d16335c294599543ccc4c6eaa37de9,130403,train
65988d98e0e1e648f9ca3b896d2cdd0f,130810,train
be8525fee49aba8093e6d58fb282ddac,313277,train
bb843f97ba38fae9a17ddee4a97afe7d,47730,train
4c8a47937c3fad7d1c94a47ca3b486d9,9490,train
26e1932f6c5106884ba30a2a941ddf81,25986827,train
4537ac70a65cfe111d46ccf0f8095300,12914,train
8c03d4a9b9ece106d1eb7e4e219f815a,12914,train
be522b3664fd239bf98ace54302c2b12,30759223,train
17ed1d8acb8a0109a9cae98c471eb3fa,25986828,train
bb2482694a776b61761ecbac72f5b438,66414,train
686c2c0e1063e6133fc44d8ec92812c9,1371,train
56e3a704e5a628482dedef689619e46a,400412,train
4b1153a32c25ce9ae83ce1b096e91677,12907847,train
d567a9876c454e4473a31418a7b09eb6,2470643,train
2ffb475a9aa5f1b73f8c5290bd7f975d,18222724,train
4ea3e47108c499829f851c3c992df4e5,27245634,train
758766147b61b288a40bbee469802588,23513349,train
4b254440900ed788c9cb650be8c54288,20613761,train
9d6a54e2ea8a59cd2dd6e174f1d1d459,20821284,train
434716bd2608016f609af464e5d69b80,29357293,train
2b5c29accf8c236d03368de3d0865469,33208115,train
3104c067431d35bc587b36e6d1b8a219,778310,train
873b12b5a48c0db3ee868b8fb427e1ad,18585282,train
6032afad8d3511c47903e8cbc42a73dd,26114444,train
4a243f8c2c5e7a40a23316c1abbeca7f,23513349,train
e91f743e41df7410b9416e396ab92af5,18003300,train
95848a4fae3e4e324507a5a162a33630,499933,train
e1e994f041cdf29822a2f80f6f56f878,53498,train
2c436cf1812f4715118777f4206f85fe,58098,train
c51770d4dc0814abc1056e21720e557d,27494,train
34c877aa29d3c2520d2679c2f233c5c1,30075802,train
ff7f513d0706f1d991963531e188ed10,18222724,train
fa583b0e6e8c5849a8a2ef5b095335c8,14553840,train
4589d8508f088ea144a58561909454e3,47730,train
9ed0ac35921d4ca058c8be9ebeeb1758,19152,train
d3e6ad63cec5fa228109d47e0184142d,26114444,train
3264bea8bc5664c37188b869cc47aad1,20613761,train
a3e2265822759196ffcc9f7c7d7131b2,18263725,train
8069d6dcd54a647baeebac4d432c8355,23513349,train
7d78f2c82d6754bb552546e3c2e7dcb3,8423931,train
205ded748411cf25abecec7f270f30a4,30118,train
52c7414968eb9c0629cd72fd54c7e55b,30119,train
5feff4bb7d5577859c3f0c633bf31a94,175626,train
3cc42fe0e00d869fc64e52e1f3f6fe55,5932,train
d87ddaf097eb44305c666a233da7ce42,30075802,train
ca9c59b91a770b5a27d6598b37b71885,6798263,train
17c4eff74adb0bb1804829e7e80418d3,1724365,train
4144c94a542dd87c5e4cf55fca7a8f09,402128,train
e4117bfb8ba9bcb5118d2571cbc1d7e8,30118,train
23f7c694cc6c55f54c3133143d7ee3a1,1371,train
9c8a55076528eae0cfe3273e78d44038,17646,train
bfe85dc5e30f78e5fea5852a61124955,24611522,train
a272df7e8db853b92f432377c3e0c36b,24874352,train
c5fa44d5c63d668888d0f3bfcf6e0d94,18586895,train
7142aad108ef6c11ad9a365926cec46e,10843755,train
789ae18c2840041bb06881cb29eca073,29357293,train
48e96987f7a66ab8533b14251fc6669c,32334098,train
d0a8b45bbd59e162255615bb8b282ac5,30969875,train
8beceb6e2c14a0dde77cc91d77923aa8,23513349,train
9d086dc76f91c4994b5daee446c34e73,765427,train
da7dd4f8162781c9a4995e14e1da6a94,1329726,train
79dc5dc3b88a4f20f7a97264184b251e,76546,train
3f534f7d61e45dadf21eaac8fd98ab97,171547,train
727ba8de1d6116643c02392fb8ddb6af,31443393,train
16c745f74f08ed51f25458eb2fc18edc,11904233,train
6e68ed6b13f06e5d9ce9f44e6750315d,29499443,train
1c222437d62f18fe46d2269f03152d4a,400412,train
bd80e94e938455ee256f3754d8257237,29499443,train
86d1ce929d22e1d14471f048c013f5f2,18003300,train
581108a2e2a832e8ec0f0686d7d9b181,25330489,train
6ea0b6d919682f41cc3275073a1ffcbf,22151696,train
947f3bb45152baeaf6d2c4f542c964ee,29431081,train
8b5067c1a016f52f4b12877f3a865131,25986828,train
a22d03e75a4a841bc2e0552ca8708dba,333706,train
90e819c4f5b35eda4326dddf420249fb,13376363,train
3dd2e27368e3e9e94249ca94b8273a4f,50453,train
696b1ac330ad233efe561c0607c7d641,23513349,train
aa9dc6553cd87db1fa462306819025c3,230246,train
a977e1fb42d2f080187f0d74b295970d,17646,train
85b2f89655da3a6f69dcdc086120fbde,34146688,train
cec1526c6b7eb72379c196b5ed43f16d,34419228,train
ec69264131f685459752ecb6255810b7,33375618,train
0bcd67387f30c1783b57f0ceb44c5d62,30304222,train
24412f821ad7af5066ac63e25c124cd4,20613761,train
74b053c803c6c5721ef7beaff4fa93b3,13124956,train
45455e7114e5a2d141a695ad0ba06f67,270903,train
a09c7bfa40db8d64c44bd4df997c38b0,11535502,train
2066cdcbb2298a88df3e61bd372153a6,178959,train
2403bad91e1856f66b4463a4c2569255,13376363,train
5418af17ecde8e2121c10b0b3d6ecfed,33004289,train
e3773e54109ce77439c52a571d769323,13588404,train
f8671103b767e219c6aeda460d05c444,23513349,train
d0a1fc66f9aa87c292949adfe9d947b3,2549,train
b4f389fdd46a90697c95af0851f095f3,13376363,train
a4703fa58c8d61664e03bf160ebc9abd,20613761,train
0addfe3cba5f341c936cd0356b79f053,30119,train
1632614f68719ab8e373e5025f19fdc9,23534,train
0801dbc0b7790d8ef446918e1818eb0a,66414,train
c083e986a640cf5c6b215f948b13e3bf,34594982,train
f02dd7e4882e3daf78c723ddd4425d5d,6295,train
9e8c794ace4a03d2e2028ca38dab375a,30969875,train
04fa8419a405f6a905eb74b764d02ecf,20613761,train
1806f44204830d15436030cd2ca52dd9,24611522,train
2cdac8b08ccaa47c87f3d8186d9369b0,18459455,train
1dd5140d5b48a1742d2e301ad30288c1,30075802,train
1dc835f99fc3c44f3f7a241498354785,19288242,train
54527352c96c6fe1841ec1990bd424bf,46199,train
da50fbcf1099c60f700e11216ae7c9f1,6798263,train
60e65cedde2743ccf6c8fd01ab15559d,1371,train
2679eec7471afbc6148d603c27c5a71a,3143972,train
4cc4c82be332f2b88acfc49bfc372988,23513349,train
b49dd8b9eeee15180cd28ad8eab0cbe7,20821284,train
527b1239023b34028b54b1a97f3882df,91571,train
4330e56167ae4424119f317db4a6fc70,286806,train
57589a1f80501c0f2ed0235037d6f0f7,32942666,train
d5d9cf552bb7e41b8af274a924dd7688,13588404,train
88d29ccf65e6465bc3575bfcb6fe9cad,175626,train
6f93c82a11d344ac4dc13d57a4c1c2c2,18486,train
13a485e00810d32a2ae86f5a0ea8ac62,30119,train
46681e35122abf532385cb016a0f74c4,30118,train
09d6749c7ba132b0879ec5b54a5e1d9b,6328,train
4ba7414f2ae897ddf707033a53739991,23513349,train
97ab9974decf44bde02014c4ac0f50b3,13124956,train
5f1a9f0af026f1d949fe39d2c265ded6,20660824,train
b51906f491a61259f6dc22a2f7c92e4a,30969875,train
c08329afc38a8dc567d07b710eae7c22,23513349,train
4593476b473b905cba09e5a3f62ddfbb,765427,train
d9f75dcf14f7b1a52eb780d3363ad3dd,30075802,train
e7c4c8053f01abb7644785dbdd883ee7,20613761,train
564269722220abc1a2f11eaaf027ef37,23513349,train
10c7389978c7ee5406b66a0b62ad697c,46292,train
73e234c2337a1b9596148830dc3c0cdf,66414,train
ccecdd25c6b066bf28c5bc750a2e81f9,46199,train
ac66297f874055ed9ae87ed846c25180,30075802,train
409e92e46de5e0e86b0ed60e003dddf2,20821284,train
8d762ecbe4c47168acb667b25babed42,23513349,train
6e1467cd1c67bfbd81492dc9d07b1c5d,18263725,train
84dc4f6aeab769b20390340ac221ee7b,23513349,train
fecc98c875f4f5cacd7252081c4b7c26,1381,train
05c8a3118fb5b8b217e8d30be0b7208b,29499443,train
5534f4e8801120c6609230d8101c235d,24611522,train
8aa749760ad065b43c776bb590543256,23513349,train
f319db1733139a68a76fcf2b8a182b9b,27494,train
4635b446b047a03d4e9f420975020af3,25986827,train
2407662cf27c7c4ef867836a314a9192,96259,train
4a81279f295795dc82b2ed05bc9bf870,24874319,train
d47220ce374f006fff6a9d8fe017faa1,10843755,train
d36baf260096af89eb22c629316297b2,30075802,train
5eac8c4f363b5b0b9b37fa5e9507563b,96259,train
812c844f19ae3d0013c36b19aa42e416,33905090,train
3a66aaed6a67b83ae47cd74c868de4de,23513349,train
438df97c842a4032fac54911dcf75827,17707772,train
0b6cb053a3563f627c976890bffbcb5b,24471629,train
5855d9a916353d1828c6f4aa1fd25723,12914,train
54f9d604a28213b97691e668bb61797d,23513349,train
4e26dd5a27f6175e098756f388f958b3,30325231,train
b74a7e0357e10c6f8a6b34256251f2e5,11409124,train
1088cc728715e650250a26b7084b1658,22501980,train
ab1bffeb9d15daddf6e4240740f49656,18003300,train
77226b0e3c39f01594ddc795f1a851eb,23513349,train
96299312eb30e9cea629293012a11f76,23513349,train
bfe2a45a7a99bfc7cd2f8623b9b36b76,25330489,train
88cf33d5470d9d19071224191f6de764,20821284,train
5830f2045b72b5aa35f3d131ea831352,6130588,train
3a5c3fba3e6222268e69742f896649e0,33208115,train
99bce951a654044b5a2629a399e09200,24611612,train
b5583f791a9efc07f47740610a81f8c7,29773753,train
1fed41e7326fedbd512a55253b209fd3,29499443,train
0ae119196444ba7e3b32d2338d36b35d,23513349,train
e83d6c7a798ed326265f731d550776b9,23513349,train
4d69eb0c6407ce77eda1dce0a8069ce5,27494,train
512f0eb746e1c572a8522841ad1d7925,441200,train
313596e36c768eaa6e62e2f33766b603,12914,train
f80c649b34f5c709255e1f1b075ecb52,66414,train
841e60f3aaf00f2f8d35b2d9d36dac5e,30075802,train
845de9e5c2d89a2219f6f941b18190fb,23513349,train
63dabbc3fc2cf2da40fa08d957648eec,20821284,train
f310442c865ece9db81254d5b5fdcaeb,778310,train
68c3b9e4ba2dda4eccb47e14ca19eca0,30075802,train
5ea1e3e27b3d8735ebed4ae064b0bd7f,30119,train
f47689e8471be572fee2997e7bd58718,765427,train
292a3f9da64cd2d835b8d0760329855e,20613761,train
2c59ee6b59c09591bf4efa241997c6c0,20821284,train
761bc80b7a9070eabf20222f62d09e20,20821239,train
1d77e2261efe12785bc9663bd42db770,17707772,train
486f1d9556fe0f27ee44bb18113211e2,387812,train
433d26453a04b0ebd0fca3b2a9bf89e6,32894545,train
a8f1cfc207f6f02000ee1269e09d7593,15645,train
c82dbaee54c811f50555dcb61b3a0346,12381,train
d33d4c96746d2ad244260eb4cc18d036,239229,train
ac77ab62c9fe49c0865ef47aee6def0c,24874353,train
21e8b8e87a5dd72eb91f6b6caf334618,20821284,train
9fb3acebf5eec99e7ef9a4f644fcb4ba,253264,train
a6f63b379c58a2c893896348070e886a,23366732,train
f999ee8cc7239034a5f78fbb6be5fa48,304079,train
7f7c26f973d40b87708cfa9bdf6e8282,23534,train
07a0c1efd9b4aa66a5d5edfbd1347952,400412,train
9987817186f7a707340980982aaba252,25897953,train
ec817d8b8a567340e1b24079c3f72930,18222724,train
d655c7d894e98e4d35c0ccc5bf8bff18,20821284,train
4ca5ed6d403bdda3e38deb31b8b37cf8,8423931,train
6c5b7ade9f1ddc93f61c711e50883b6a,203220,train
c62e559a190017358c77d48a561591a4,18585282,train
92c226d246dd449cb779c0ed2aeccaea,23513349,train
3360bc476580a0ed0f5a774313f64fe7,2544,train
eccc163ec324746d4bbb10ac53c9c9dc,8423931,train
db790feb40b83f770908770837e75843,20660824,train
85a773914c089047275d832fb88bab9a,24611522,train
ff03fd104c2562dd2e7c8b1746a9bb99,13376363,train
e16ddc4e37aa59e1b6dd086398851a3b,23183,train
7f9f937591d70560579492a425c4f711,23366732,train
4d6183f681304127b3073ff569deaa93,20821284,train
35e324ca0cd1e73eb508ddd5d9281cce,395090,train
2e39bbbdec02534297fbb137f3538d5d,3109162,train
47e11bbf1b51fd473cc162d9f35fbea6,18263725,train
f3a59f3345afbbd9192004e943287d6a,23513349,train
923b38e7c38c64380cf3966935e580a9,2544,train
ac264226a9dc91de10a861f68208ac1d,778310,train
504104067849183129428319fa75c291,1432,train
17e98ee6b248addb075c6d349240fd51,12914,train
b92b32882a159802cd3ddf7971dc6e7f,34080,train
6eb71c6826b4b5ca8a62d9b7f1d6a746,18051460,train
5138b81c10855d8159c87b832318570f,304079,train
cac71c7354b4c6f7b93a9150ac9a4227,18338416,train
5ee06bba52e57817f438883744f49de8,3347848,train
94f448110e8469b6060ade35e3db1109,99944,train
229b5baeb3b6fd202246488b20b4f574,23513349,train
d8e1aced2ce31716120e4c4aca176614,30118,train
709f7390b051be49ea8279043be576f6,10843755,train
e807f3b08c308882405d32b7944d3736,96259,train
b3f3738cb349861ef9b290b2bec9df38,203220,train
3b1f2b6d5b66f314629729625b423a91,12914,train
ca217f17d4624df8f4d11c2da0361a51,18003300,train
3e05121951b153593a290c7cc0fe3630,23434371,train
82bdf7013dcf698b771c291651ce6d0e,22585014,train
1de7dac5faf0a1393a051315986cd3c8,28818619,train
09c65f9802fe3bb71f6ac14e73751009,13376363,train
0b9fc80693162b77a6f6639d4d5e07b8,18263725,train
15b6506a5212bb910065f069d06c9ae4,23513349,train
8f6b331e6bf92e9de02a3515c099b198,18585282,train
77dffa4bb44660e1ba4d0cb86ce0b44c,23780641,train
068bd46f5eb468a0ef7487f698ce921f,20613761,train
217d0c02dd664da68edd3d8028215dd9,23678552,train
f5c0ae567e7bf0b9b712f720ab62d1ff,6295,train
47804cda2698e53df44b938c3366720d,23534,train
9b7593eb9bb3db0429adf11b577f3079,27494,train
c2644cefb3fd0452a9e55e873f7ae6cd,29773753,train
54635d65eba9dfc2e60312c24387d2f7,19288242,train
fee1b82c360b98165913526689d6a083,15798111,train
1bd9125b7f88c4bb3b7905002b494eef,13330670,train
b35fc8defb0917a71b6f7d02bbc5ab20,26114444,train
fadbf3877b7f9e5992303a003c2c9a57,18003300,train
d991f593902238e69d942619b4a0939e,33905090,train
dd216139550534b5b0590e7b1b578d56,25310356,train
fff1a5a51c2d3f997df47705b6dd627c,30075802,train
20afe508fd0b6608945805010359ed68,1371,train
7dcbefe21405ab88a99d93480e3cd979,24874353,train
022c8d018512c2d6c464d299ce5e2c10,5932,train
445e3ca63d106203a2ea78aa0fa417d6,20821284,train
65370cf0a1c35d9e15fcf7902314784c,23513349,train
53f42c42a6d579036093de2580bd28c3,20821284,train
0a3190065670b1831bf1e91864a8acba,763508,train
e53ce3eacc94efec3adb8c37ab630c56,36203806,train
75f8bdd6a4c365d8c546e0baf0dffd8a,35236575,train
9713ef5c1238eee83384d0998df2634e,35108792,train
9c76c38d352de385f0ad3c7a13dae454,33806286,train
53b711df4034827d1537acecc99ebb02,6328,train
2efdd250b101690a7de9422837899ff4,33166902,train
125bc45dac15b636bea2dc8a1e282b3a,32307768,train
3f7bf19cd1525ff80d36cfd4ee7a4015,32186794,train
45c1f9210b008c204555534fca182418,6747271,train
1b563a950aee4271998ac52663c44fd2,19519461,train
d907f44b36c9fb8f0fc86146f3213f6e,25276818,train
30431a6caa25ce64d305109b34eacfe5,1381,train
67c000c83bbd9141eab5c4be9955db46,22221,train
7e534f835575e7bacc5257bc9b5f552f,18586895,train
95622b5b1cba24c0a7acdd748604ca22,22151696,train
7e850e62cde3ca23337f9a399e8636f6,18003300,train
6a39c33afcd93c291571ed90256e801a,253264,train
e28638558e834929ecdc14fb5136edb0,23513349,train
93ce02f9de184deb1d6ddb556d54e321,23513349,train
1ae9694e435e3b6ea4a37a9e788f108f,18625143,train
34fb7a6da0a9c012df70e00a4fb01d62,402128,train
b895707649ea20ed983e4ee810e5d6f4,112204,train
4370d970b108df76c28b04de47d61357,11043,train
8d175bcebafb905b0c6e10180e25a651,26114444,train
8fe4cc0ad2e09722532319e66f97799c,10843755,train
5afc648ff550d4f93e184ef72a43468b,20613761,train
291b0e0a1c57ecf5ee371e8b7ad5a23a,17707772,train
d9f4df18b3c52297d8f140eaead49394,333706,train
54802444e2506664d70d19ffe075f02f,1371,train
fd599ab445cb1266103e65fcee2962b3,499933,train
e5d678b6fc52ff02a6f4fd920213f680,34828719,train
1f472a4c96bacd03f9bfd71d80df9a0f,30075802,train
9dcb7ce56b995cbcd04717ef457e4e96,23513349,train
7060bd85c0bdecb104a9ada3e7cd6c2e,30969875,train
e2011ff31159d4ac20640e3b067507f4,23513349,train
3f8d7647b187dc6b62f542aa54cf7da4,12568,train
89f73302f43597fd08b6098fba300298,14553840,train
548623ff5df9ae2761689ed1c1595191,6798263,train
7deb54a0c26295cd3eb791d9254ddc50,18222724,train
f445f869a0679d73a761a7b2b0942519,15798111,train
41757c23e32e519443c4e4745cbd0512,17707772,train
f13af66b2ff538de3fff0b6419aca3fa,151809,train
6266acc454c820a5defeb7228689dc46,203220,train
9000323b25277d4b9e4823fa49cfd9ae,80410,train
cfc2335bb9145b6aa2e3e2eb4534df9b,171547,train
ed8edb720ed1a4bd1d50c54c3abb2499,617495,train
7ffe0d8808f097aed5a4eca7c27ec93f,96259,train
5bc547696506e99dabe648e0d5eb9b32,33304157,train
9c2cef0dae7b4b8aaba1598a5d7f887c,12907847,train
8c16dd9c41e20b1a5a8c1f0b1cbc1732,27494,train
1273971aa4a6c9e13c4ecfc46af90421,23513349,train
605cd931380f00ee3c8c5f28c5a88972,17572847,train
fe02d6687933792118525ea0f711453b,151809,train
8c191a5bf6994a4c9c5a84dddd62fb24,23513349,train
8e4bab44a9c4fdd201eee61ad94e96a6,2930911,train
719557887e9284b2299bddb8252de81c,53498,train
e5b93a4a92e9bd0e5f4d52096f683732,30075802,train
7063fef17bd18280d3ee04984ddad14d,23513349,train
27282856f4324dcf057d56fe234e6f34,3143972,train
bc64b3c03ac8c993bcc88b1f4a75fca4,11043,train
b944f7ff864b3c52d481afd2118a636b,18003300,train
72f3420fb0c28d99df6d279bac36bf1a,22151696,train
21db5dc16ac3670a579b49f7b1472699,23513349,train
948ca85448f0e63b52654adc8be8fe2d,19351,train
66b90a48730a05e46b7d1612f49b1eff,24874309,train
6a3cc2b768e67ad27a4f5c2406737b70,778310,train
051254cf8b99f27878cc3d6d2533a857,23513349,train
706ccee24429ea0494b921aa2bd34022,23513349,train
aa5fdd5b82496fb521e968c6c15cf715,96259,train
07c23430cae48c1365fc418955515895,24874329,train
8f69096b8e17b719cd53d314b5e58474,23534,train
2042c00abc65b172a277317409403483,35108792,train
3461719e9ca553729fc6b76de0f76afe,139867,train
dc65d44644b1deb633be265ec6503ca8,29059581,train
27e82d52db63ead0c1ab1f4b46e307b8,32894545,train
92f0c417516c0de539bd852212a82478,33166902,train
222eb505f3c7aaf8042dd354f797ba66,29737292,train
d814d9f97fdbb792513f7f49a8fa55df,32307768,train
20c958f8fcb99dbae2c57d7d4013849e,29431081,train
fe18138153e0600eb8070d23188c48e6,29499443,train
aacd3e11bb930a529adf938eb3dd3f90,28146064,train
2001388a8cb907c2a99a43390c4ea19c,25986828,train
b4dfcd32a032d2fb1453ba59f483f6f9,12381,train
9b9baab7a0567702df39e695c508554e,118389,train
aad5ef3d3f8b6518876597f19b18636b,15798111,train
7a69d620a006c2e7c91a4e668074f583,732562,train
cda2600d26d4fdbac45760c64e73479c,765418,train
c247dfa558b839e2e47892c6918cb955,400412,train
3e24db91fd9f62b54ade6917290f8f19,30227846,train
004b78149d1c1812d7b87db16b81a51a,23513349,train
aa64964db9cfbd1dea9f58d62cf16c8d,20821284,train
feed3fa40adb51971f2ccb6e24f92fc8,18586895,train
96004de3048a5962a5710aadc2c42f34,19351,train
dbb0a508c048bff2bdabb5294c7562f9,18263725,train
9bf0124d1a6639fa5218aae1b365f4ea,20821284,train
6e72d1bc67865b529fc09eb86bf4e3e0,29499443,train
732ada697eef8c57a67cbc138e0c12f5,23627418,train
576d64545d0104dde496e495a0fb12f8,25330489,train
3c80a8d1708680bb5d3b34fb592dc0cb,18003300,train
783922d60599a9c00cdaa1cc488e6f0f,23513349,train
fe28ca725aa3bdb00d713f81cfc379af,23513349,train
46d8780e512b5cdf892c32aa712e7254,24874353,train
7a7807fcafa6fb0f0ccb5125593ec47a,17707772,train
6006a77537873d5ddc10409b4eec4ebb,400723,train
c49e8c21c7a92676bf1877bec4e5522c,15798111,train
891809d07f3b44eb7992ecd47c372262,30119,train
c4ddfd9b4cd8926c2675cb819e32be47,12914,train
89c8bdf5ce9d741348874994b53afa7b,28818619,train
4a7dfcbe897c9c0a42b1106ab6273fea,270903,train
968184178eb0d883c28161ee07a9ce7e,23513349,train
63bdf70692226289e8d57f151938100c,24611522,train
77fe964d6bbe5fb097ced6699de448ad,20613761,train
23a7469b48637e802e4c7d0e15b9cfeb,99944,train
7e9b21831936c115328241df79c6f982,23513349,train
9d2ca91001ca04624d60f71382bf38c5,778310,train
55fa66b4f5bef876c004cc73fe93352f,279221,train
bbc553174081d934b72ac525be776c3c,23513349,train
e32bf27bddac70717d3f2274b2445ffd,23513349,train
7955a077943cadd7943c5f3efb1e6b0f,18585282,train
98843a2f0489a4bed8a583dd371faa8b,102908,train
814270e0e8cbce556a3ebbae638bc3e7,20821284,train
9f2d6f5289f2f086039d352d64a2bd7c,23513349,train
61fed533d00770adc792a8bc64727e2e,171547,train
13575edfcaf44a37a0d2550b88006269,441200,train
c82dbcd4d7bc427cb6a83a37a13c329b,11043,train
c8477c613d9716cd80b362e27e3b5014,13588404,train
c273c9e2a6b0e3929fbf32e4fafb01d2,18586895,train
727dcd0bfc96f94dea9de161a5da61b9,262304,train
5c26e03bf7ee927b2fbf77bebdd98d38,20821284,train
08d47016acd73032054cf2fc9db94091,16099190,train
4c92997945e9eeef7172a60bed7486c3,10843755,train
53216e74e127bd8bed6e22a4cb138ddb,1724365,train
0dcf0445c449b4ef54c48c12e3347bf1,12914,train
c779c4f7888f87f5693e014642df66ac,15645,train
e50cdc130a7bc45242b1dfc64a0e2bf1,30075802,train
93be2d06045b099b2d78c6d49f1cd117,25877517,train
67b6d8ec53878abcc21f7c7e4c818072,1432,train
7640180724acf383f9befdc7f1d6a875,29499443,train
460a1c4f356c3cea18a79a5c9fc34556,20613761,train
fb4bfa488edb203fc159e6f39046a97d,1381,train
ac3564469d555dd0490dd68a4c19b8b6,53498,train
710411acdd01de0c831dd88139f50b6a,118271,train
709413f1dd0c759a725cc1bc29f85558,6798263,train
0a881acf2bf76482363d5be947f6d28b,13124956,train
e79fbc7fded00cef499fbdcaa3027982,20660824,train
882ba1d486beecbb1867aa0bf2973e0a,18459455,train
4f0f3bc6ab38b3f49e2cecaf269ab583,22151696,train
b463da2d531bc577f934a4eca6f0e690,6295,train
5a21738f1843b5d12dfc24c8533f39ab,18338416,train
2e5dc747ed6ca495bc719c815a2b36c9,29801264,train
40af1f1796edd0ff1ae979eae3b6961e,30075802,train
06b19a68e31fb206c540f37326c071da,18003300,train
8daf8d05007b67b2ba4bd9a0b41f61d9,23534,train
472a2ac602d7655a2d93e6ba2e0d6f95,732562,train
b553427e302768d189ebc3122ee1c135,19351,train
1a997f848cadfd83010239acf452d867,66414,train
e85063ca7b06bee1d172015a2945ff74,130810,train
7feaeda4b653831de94784907c79f3cb,13793390,train
283b64f8398e6844e3e56481247784b2,20613761,train
daa8f2d21a87922888c4531a70a9fba7,539477,train
cf40f0d6e3d48e10b2e7074f4dab2f73,46201,train
3c5087c269fab3a77dcaa5f6f2363859,22151696,train
9521a4232fa552e5a25630f43a95cfe0,18003300,train
5d12a2a704c88af3d7e1b7c29963a290,1724365,train
380bbee86f077eeec2d60964a8646dbc,23513349,train
de81c7fc052e10cafe1d0919daad870a,30075802,train
9fdeda4d4a9d39c76d69b73514a2bdf1,24945396,train
f1db34053c6b0c8980270afde60c2bfa,12907847,train
88488d93f05cd499e63a299da6039976,1371,train
b7650941887529eba66d76bf0cb5b558,133380,train
b819fe8f2ae82dd819a932bb9a80982f,1371,train
2c8d206cb71bdd338f3e1be602d7d173,151809,train
b3a7aa24f4814c7c031b2cd5d960d492,18459455,train
38bc5193018e6ac3860678efa4d2a698,203220,train
52ffb7d1b4ca84c9767f03f27e37860e,203220,train
64701d0eeec37c736c5e91ab4b81125e,24601,train
f36277aba26c88a4881aca4316de8e3f,139867,train
2086e77ef1de4da4bbc639b9c489a818,10843755,train
981bd327f2facd7847eb657ce2300aab,151809,train
f0b1bcfd77eae1e1e6e80cda42360e6a,30118,train
9348b64c6d8a000deba33ed6a199dad4,80410,train
0025ab912b46b7f9716cd597257210cd,1371,train
ea54f87c4122951fff8dd70782d9c14e,20613761,train
1b81e3e344264342cafdc8b5c7c8ec5d,139867,train
25abe08b67ac76b46ee31d3582ea911b,130403,train
1ef592460609e83875e485e460559825,196520,train
2607abe06d9c344276466ab024b7a227,175626,train
0097216bf0f76fc2e75b48f405a433e2,25897953,train
67e26b4edb7ee560903b740cd015278a,6798263,train
8ac171d4aa70868b5216d74a4cf5c21b,23513349,train
051ad4e6716b19e24b65259529bd9067,765427,train
57a8db88fe317d40255551cfed5a6ff6,15997,train
98b084fc5a5d1a05a645934d09719684,19351,train
8d66566563222deff5d3f9be998d3e91,20821284,train
6082e2fe71320706236a0b030c98a3ac,29059581,train
5a4a11edc21dc90a92ee01df89ace8a9,25897953,train
ba41ccb36f3f8e4834be5a2fea90e1e7,20613761,train
8000b13c074cf90306c6240e742ebae4,20821284,train
2a06a4e8b655b00cebeecf568828136c,395090,train
e5f48fb6ca42ace19b63db239cb1f993,13588404,train
c42b682592fd7944d0063ac3b0c35be6,13124956,train
ece53fd3c4dfad5a9a0072c09915fac6,11904233,train
13203989af88d44f21542567e20adb9c,99713,train
0a2438d42030d8c207e1e368c831a72f,270903,train
3876f41d4c93a662f7aae6dd5e74d131,20613761,train
d1d9d3b517006d4481a0167033d6bf90,23513349,train
e68c453c23c1dc50c17bb2e37769be5c,30119,train
b528883d74eaabc353ee1fd59cf79a61,18003300,train
7561e7e1f45135760866a1ef8c8f8dc9,8423931,train
8d836ddcf225014736a38fef2898070a,32942666,train
2b8a3404570bd6e50d5728975207f5d1,395090,train
455d49c0fa46ea11ba7f51b5c7fb2a6c,15645,train
280d73f6c37292904b51f8948576f8e5,262304,train
a68e0f5734b9bd7a3285747d26613635,1381,train
577d6a7d056cc0b747a2571e936336b6,30119,train
e509a16bfbf6835a1e77ea4db3e15d39,1432,train
6ba90aac8658648bf665e64d0f2b7a20,47730,train
64f716f3ff077d50cd341ced64d930b9,23513349,train
56201d9f3da1a19fc98f62cd265dcb55,12914,train
29900c66bcca83e1196533c98b213107,18003300,train
abede41982068cba662b7eccf82fdf96,5931,train
48a3f7540fd8214ade18d1b76d0024a3,23366732,train
5aef5d72776866f0ddb7080c235f0c0b,13124956,train
073a268f9acba807bf9fb70bbbfa8ddf,2544,train
e2479f21d18f8c28440ae98fb1ae6745,18263725,train
0235259541e7f37cf9a85b3342270ddb,20613761,train
fdec645ba7986ccce43b6c05c55e15ce,13376363,train
186a25b44a5372c3b33870ab421e5fd2,18263725,train
8f344a37a85260b3fa6fe64e1ddefbe3,24611522,train
e3ed078747511ec0f93180c5e8c7b034,5932,train
95fe9a42fd09b11a797a906597d97f60,30075802,train
c4cf14621b5d65ddc7ae1a9b0c15ddfd,50453,train
17ebce269da2a4c327d1e3d7580d53b6,93405,train
9454f55f28690e6753883ee84feaa2fa,13330670,train
dd828994412c3db6725f1e7564a663cc,80410,train
81a8ead74f068479c967479e108751b1,58098,train
1f42aa3689f3a0a35a658646dccf4a6a,20821284,train
012d487c955f3f3321844f45d21743f1,18222724,train
ec0cd1fb8954c63a93f6e731e65a0e09,25897953,train
d4785086b23fac1ca4a1f60b1aad49a0,30075802,train
f60f7c1871c6f63b6f3c42aa7733b24f,32334098,train
fd7f0c746fb251553bc2c35c6d05f6a1,1432,train
302216f108c6783e090ae99080fd4dee,23780641,train
6576256a1155ad0185d69a50caf97500,178959,train
3ff6a62fbb19199cfe66d2a9c2a7e33d,80410,train
e965e7c9a39d7857cc996d0db3159f20,34080,train
2eeb8b73d59f40717d5e0a37db7a5349,13588404,train
a07dc7ed65b5b5c9fa5ac43d8c5df1cf,130810,train
d985eecf49ff0b44ff3b15e102e4bee2,980426,train
fae5b7c64b313bc022d61575ba92ff2d,8744427,train
cace42b43c3d2826b10b76383a267c2c,118271,train
677cedb239285832627f20510c9d4b2a,47730,train
2dce9751e1363a88a76ee9322ba01972,402128,train
bbc39b68d716305a349452f344845b04,13124956,train
9097b62238e9dc97e81ed123f2c91c04,178959,train
f21d141ee30406c6db88da4f0429386f,76546,train
37271f93db369477eb2fab2259baf538,96259,train
61ce9ff574815c2e603c9f5f1cce9906,99713,train
207d50bcbf45fe886ee3a636a60c0604,139867,train
57f2f3a7a47a45f15e7bb2f9f8d9a9b7,400412,train
e59c355ddd260b59c11cac2c07e6a2d6,6295,train
f474c6324071a1afff3fe9750c0ba09a,304079,train
55e3e2f3e5c809830dd39a7820348c41,23513349,train
364a795f0e0eb518eabb28d221d46258,30075802,train
4ec0ce2f0a7b5df0157b6c493bc3579a,96259,train
86f1acabb3a27d2d3bb53818d41876f1,2549,train
21cb74e84bde862d7b7e645e8fb29b1f,401060,train
298653ef64f324500c10cacaef8e55ef,203220,train
140bfd32bc7003d49cf472a04505b789,23513349,train
5752d15524473a603254e5156cf2d188,23522212,train
b426f717f8044acf857217cfd3025272,293918,train
28b202cfe0d4064cd9f54e24f2e69e82,34080,train
4d9a51eb316bb99c958bbbe6d3bd0df6,2549,train
67e1253e27add68b0d0c82d5a484d707,171547,train
aeb56fef90134ca8112dcc09402cfd45,2544,train
b44fb3121a76295291d9f30c3e4c9038,1432,train
3012881bed8ad74e79c893029d0b306f,29358559,train
fdbec02c3518fdd7c2c0e368f198ce35,50453,train
55539c8c767ecff3ab2a5ec91754bb5f,17707772,train
401152f90cf1fa6fda7fd8b1bbd744c2,13330670,train
89a3bbd3c7f7b7c890ab4f59ebfd933a,6897011,train
af165afa8012f69656f20d96595af47a,8423931,train
584b7201aa3227d0c20e50a46f38b5d4,18586895,train
cf03886b1af369c077afc6bdb86354df,18459455,train
bd35f5dd3289eca764d288a266faa5d6,18051460,train
9699452cd9c22fe1b551dca8515c1ac5,626685,train
ed1525a6a58590ff641a9d669272dfce,34594982,train
680763b8979b3e68ac364c8c563f1a17,30075802,train
d8709a7750dc2d197d314a62d98b4296,402128,train
08b8499800a3ffd9855743d8ba861b2c,2930911,train
f7dd3f4e40746bee6959445ab99efc4a,53498,train
29118eb5b20072a9491216f1b67c1068,18263725,train
ecba639887076bae02ec7d963d8e4d4c,617495,train
7ef465af0eda818a4bcbcd201ee36a73,67522,train
c8e0b304480a759ba98072bca550ee80,765418,train
214b49704cf56dfc7d5dd4803ded9f26,86560,train
b28b6a0c0f21ec98b580c62ff9784583,99944,train
41ed2673f2d6ea6be058b5c63da387cc,94578,train
7fdcbbba105cd55e5fffafa511845fef,400412,train
5358c54f9b37eec99d0cad9697d8673a,1371,train
8cb91f73ad2b8e950e4606258f110573,1381,train
3a0af86acc1b8180f029ba242cfe3b08,15997,train
8e810a469726fc0ad0926ac13062e765,22151696,train
a9492e7a335880546c36107337d94af4,18003300,train
5dc66252420a97bb67edff46fbd5b695,20821284,train
3e77656b5beb09a9abb5e95c0449edc3,8423931,train
b9c23e310c7fbc592190c9cbeec1bcc9,46199,train
36c9323666f1cf2a69614e901b8ba57f,30119,train
beeffe4f0b157a480a3795bc0ab81ef3,27245634,train
03c58186fb05d3761c0d7235bf850120,34080,train
c5f9f8e1f40a983bca54307f3ab0616e,333706,train
ec18a44184ff4a10cffefa18f4a0fc6e,13376363,train
16e516cb50be33102686d6b5ab929ef1,6798263,train
6ce562d3a767787cf6d6e44d1539dbcb,23534,train
13a1e031dc99003fc42c7ae6499194b5,29059581,train
5e5798acc9efba374a537aabb6098993,20613761,train
bda2e0294e470bac04c4d0ef79a37750,30075802,train
c398be13892800135a7642d26258d9f4,23282006,train
a675085258db45bdc295b1aebcbad735,20821284,train
4d503661fb730a74ad524f031ca2f1dd,25330489,train
d4aa2efaae56cef622fed0e27767c8f5,13376363,train
8f663e06be44c315d737fd9d147199bc,18585282,train
c773fb2a4a80ac726e5c1183282847f2,80410,train
f25e227d9eaf823e77491612e3d7b9aa,171547,train
6cc505e4733f321a6eda9b7b49486219,203220,train
8d9ca309a03f3850fdc1d1d3f4204879,23513349,train
e29b3a37f1e25b2f0798a56663c619d5,13376363,train
3957989536a406b170b1ac90ac3e3d46,25897953,train
bd2e1009197ae42ddfc706c16d29fa84,22151696,train
d108744943d557d253f273c1732174da,18586895,train
d47641c6ef0e635f092ac60dae1e9a34,18459455,train
80587bcdc96c407248ce6e91791cf1ff,33837404,train
db9a58b6022175028352835614155697,25986827,train
a6b98ed4501fb91e120a2e50b4907834,30075802,train
15b0eeaab7c821a6f83e35c07143eb78,13376363,train
07ead3aaf5252d8439db9a3abe82869d,13330670,train
07a95df0f3b491e0f637e18baaeaba90,23513349,train
ba5f1e04487030f5e9bba55aa2c3bd55,14553840,train
60a0c09ce3b4b6f85be0397205992509,46199,train
93ffd61aaa8a99519552cf7601595242,23183,train
d1a5ef846509672cd46670173ede52a2,5932,train
81c234e9093fdf58f8edbbec8521e32f,23513349,train
958d2c6c4dd012bf7cb7e6492d844970,20613761,train
e2f76a6fcce243ed0a3c579e1907b658,765427,train
858e1e4a684f6f3a16409a5f3173c178,617495,train
d1a1c8634129adc9311ffc2258acd3db,29737292,train
3171fca75fafc8307f7f2199fca2af9f,13330670,train
ed342f1641534a21698cd5e730cc35f3,34080,train
70c2a451b9c4d617a84968fac528aee1,626685,train
0e0274dfd99c01b857635bb026eba3d5,400723,train
06b4cd9c2a3445dc2924eec939772558,27494,train
4034f62ca636df28aed26747257635a0,67376,train
8321267b84839474c8268c39b95a41f6,26114444,train
b9ca7ee5a1ffa823672c5d3d329a0123,23513349,train
88416213a43d577897774735b5b1e29f,20821284,train
1dd436d4e9a8e25226762784defec69d,8423931,train
9c57200363059ca2e430969719ffe67c,20821284,train
a25506e06c27d6b5dd6c575312e0a88b,18459455,train
da32d32b8449cccb7a53654f2a71d8bc,116503,train
93ee5f23a57cd933fdc6a84caa92dadd,1432,train
022e483285088c2fcbdce296f200ee46,1381,train
6b257557d3a10207a5e81d35a758827c,3109162,train
c1c36fd8e9a3c49d639c924b24efc8f3,203220,train
1014f9297d44f4a4b0bf3f41b2f09a3f,23513349,train
261a57848b4a835e25aeae75940da783,18003300,train
bc68c34486fc5c008401466aa99d5867,18263725,train
acb2e88e5294c052e24be507a68b402f,30969875,train
cf4db4fbb13d3aed1fb819d5f5ded9c4,20660824,train
b6833556aacaeb039f51d080eb5d9aad,12907847,train
e0285feae9fdace1859326711db6497a,8423931,train
ef9caa039841e86d528726bc8fe4dd6a,10203,train
ddca4b33eecf0acf8fa201b74f0e5b33,15645,train
216727fe95c153966bd4cb91c1b02fd9,25276818,train
e9b907e24c1bc97ad8d83c91f5ab2231,23513349,train
45731d2550f1e3e94ed96b51dabba92f,20613761,train
f0bf2f993cea41abc64908c5c7803008,13330670,train
51a4ffefd6ee1ca0a890ec19a59b659b,13588404,train
3032a4226ed6f8e21816c159a5627702,24611522,train
bed41f2ffa98c0aa4522e2dccb0a3df9,18263725,train
adfb37c737c231d218a7071d3f063123,32942666,train
f486e7ee50ec79667e589c2ee7f83786,20821284,train
db4ed000cf8ce6746fa63d2b5b6a92dd,18263725,train
7cb0aca963e6321bb3c643025178f310,96259,train
503cfbff02f418e0b5809e45e501546c,23513349,train
b99054549089646bbed5552160f3fd6c,18222724,train
95083237626feb166050a1b88651ad0d,53498,train
e98cdf56ee46d13cdecb88faebe5d388,2930911,train
8d216e2c83e9c18be3d7ab86972fc703,46199,train
aae0aa8c30edfa0c946797984c0f44c8,20821284,train
beaa2a5e8170bb1a3a11cf3a815e0dbb,13530012,train
9c6006485565871dc530ba2aee068d69,8423931,train
ad2f97a6b02afe147fa9a8b04b409b5e,11904233,train
7e8f2429fedfdb3312ca8ce04743ed19,10843755,train
9d0ed4cf446f97e40e9dc8e127b5b5af,18003300,train
7205a48c7bb4ef086b5cc0b74730655b,1724365,train
bd98c6384815e520c7a859f8c3e2348b,12907847,train
7a1b64160880fe0834e7bc82f6cfe74c,20613761,train
ebefbdf3d23da3e17a00cfc835df6ea5,30075802,train
dc32d8013598f84fba8191435be3a561,20821284,train
794e82a78335d9ab4373fc7945f3299d,18263725,train
0158760d4c0a8f5f2351403b6aa0f595,20821284,train
c261e070cdf572798e0d09560e3cba9b,5932,train
f951386b6cbe5963681644844a0a3882,130810,train
1fea0eac2a89f05dedd7cdaf096183ec,76546,train
c2ee8daa92355167d84698815095e852,20821284,train
a12145aa1e5c007cad9bd8f032310c05,25897953,train
5aab05c4e66154faeddda3df28a4008f,17707772,train
f481714da4f5a7c5622fd155dce210a9,96259,train
b28fe4521f84fc9e5945abc441c0da0f,1371,train
b53af14f51e9708a92bcbe39d4264f5a,138164,train
f2118959ae51eb19d83ab36c59d5f715,30075802,train
edd78ace8b4ece0c8bc619c7c5ccd537,19519461,train
6a156ec31cd725081b253b268822c9bd,23534,train
0a4b2efdd272a72031be10e450c5de30,158010,train
3a4f9d40e56ded941b00297c283bf7b4,16099190,train
7089a5022cd123c6f47a32e89c05b520,11904233,train
5bdeb3beab6b87e11d4de27b85327099,23513349,train
eb40aa74f24a62d3f498def93aecbb1c,96259,train
d578ae32a64ee5800d953b2e2bf0ac9d,25986827,train
88b94cd51c4192f511acbc853b08eed9,23282006,train
3051ea26e7b03dc7ba8a72b5c4e5bcc4,11904233,train
104fc8e07445c39b7c1767f655213c06,33208115,train
a214c681ea3802e368fe982ad055ef8b,34594982,train
ccb5b6529bdbb7b15232ca74671dd90e,34828719,train
92cf458971e1e59cc68da99bd937810f,30227846,train
81a2c573ad89a52496c12e0c89c1c86b,23627418,train
7532fa26ca4b572b58b3b484b0944d9d,18585282,train
7020c281aebe9f0e1a1699b49b758c69,30075802,train
9b02eef8698f93b656c0e8b6df58faa3,27245634,train
2690e50bdb2a2f3bd0fb509498655f4e,25928164,train
795db9c5432ccbdaafd2397bd58e4792,13376363,train
15cafc03dfd70e61b3457fc8465bf7cc,6549,train
30255497f38b491bbf53ff9eee5c7d9b,20613761,train
218e5757132317c97e7d555b5fd6f3ac,23513349,train
13b571d164050495fef4e0c60c287813,20821284,train
5828ed6cc2b501d38f00048d0a9ca5ec,96259,train
c9e955413b53cb2c8c74ea06f2e136f2,53498,train
5d50305597920dae7800e6a55c21258c,35236575,train
86d384c0855103cb800c4385c8f665ec,35108792,train
0a83846b91462d41ad0793bb93212c35,33806286,train
88dad3eed8e8e09637e51e16b7fcb86f,32307768,train
834bb3e7c9b01371d7bd3a4f4e1237d6,980426,train
436d5a25a4accbfc63e17f89962dc021,5932,train
731819394b0ef2e2546c3ee9fb34af63,11043,train
f1ef3386e5b291ddd78215ba5c745e03,1329726,train
04f3fae2ad5e72ecc93d81f8a2d5f510,24874359,train
cced3121cce711f066b442585e3ea4c3,15645,train
3c8343e49095431f271ad1baa94bc674,30119,train
68ee63b2d14a6caafb72441671ebdf31,99713,train
c31cc4cad303cd3547f6cdb37acd1e31,6944946,train
6caca45273d06eff1179874639e52dea,30075802,train
c9a17481baf2fa463e2bf919d6bbf0f2,171547,train
f6730786902540eb4083fa3cf1429415,23627418,train
013b9d38faded42800b7d66aa583539f,6295,train
bf11200aa576e0fb669142504b2c8e30,20821284,train
a4e50493cb76b6bda98f6416917a19e5,18263725,train
d06c9b8467b58eeb4ae4fb83d663847e,30119,train
e3dc766d25e0187682d6daff84cd6fec,32942666,train
c89c23a442b15cfbc8714bf3f8436a90,17707772,train
f7ab9f94580a217259348fab8f57475d,20413,train
c5a63aa4b66fe13fa58598aadb8e045c,763508,train
466f580900941ddafd3600201016bcf1,23513349,train
0366198c9a95a790beaae64bdd69e5a4,13588404,train
d67145c6661814feb9f63374437b8757,1724365,train
1e05b3003b6df934ec036ed317a71f43,30075802,train
9e0c218ca23faf60ea18cbcce73bfdfb,23627418,train
0ee5b40072c5a85470bbdf19b8414209,1371,train
71243b2d61b9773d364585d81ba625bc,86560,train
1a1c33fcf356c5516f91818f6865f614,18586895,train
5b704bfdda8df0c7288b38e3ba044f84,23513349,train
ae22a0b99b11c1b8000bf13879e02fc4,23513349,train
499882e4f2cabaf97167aee79c7e7070,30119,train
b76f52706d2bd10281c88b212463dfd9,24611522,train
9bb0745c78a72bea8d17f722cebd9aab,6549,train
51000c831e3050fe45d959bcfc65d9d7,30075802,train
5358b1c13e6c65e4141e31aa2702b800,30227846,train
3e67b54f3b889eb976e0f9dcf22e8886,96259,train
ecbceee9a157ec603ce76c04bc968904,23513349,train
2fdd4d3abb390b54e0c1570411b013b5,24874353,train
abe5c04a99a0dc92b10b9df12ea6af69,279221,train
7f691f92f9de05c8efa6eff14c9f27dd,76889,train
fe59a955049d115c8aebd1daf31ebd19,13376363,train
adca090c74c1e9cb2dfbb252f2e460e2,23513349,train
7e2f34057001542b41e440e1956c759f,18263725,train
5bf5fdd92e437f36ba05cd0f45b74b90,13376363,train
9ac85828331b896420ffa1a76abc318f,203220,train
2ddc4f1b0d72ad481b8c3c7a5b5ff6ff,767549,train
2cfd47b09e3c7449c38e00985db8312c,46199,train
9aff3d305bb016902d5036bae9d08193,1381,train
8bfb7b4d39fa21ac96b7c1171f7d0b32,18003300,train
7b5d2a381357137807f6ef5dae59a66c,29059581,train
468768aa3fb34f8a6d382fbb5f51a8f8,23513349,train
1b7cca6c7f44d219cdf882aaeb6a7bbf,293918,train
238e8cb5c0ec22f0937dec9887aa5ca0,46199,train
6cb5defe17f3d7523112fa55b80ed669,22151696,train
1bd39bd788f8a7a946581bb3217d90e9,178959,train
09cab278ecfbd8a94124a45f6e4ca3c4,46201,train
5a121c5ecd70af9eaa0511bc1f30b7ba,23513349,train
192983bf5fe37c46a45f3dedcabcaf2d,23513349,train
c846a5d7a93a75421a7c155c28557b0e,23513349,train
fadc86f176d0c899a22fbee1af0b2d8f,20821284,train
9b76d4ef51c8ec863f3e3d01470f5f9e,1432,train
979e305e308340210f001bbb6e8aff91,20613761,train
805eb6e407815764bd915ceaa25b6fe1,27494,train
6ebb8cc87a5423e859ed0e4aea44fdf7,23513349,train
a5247bb0722a9b45fb52f7eb72011e26,46199,train
ba387668cf9c8ef499041ac5dd3f5b6f,20613761,train
dd29bfe2fcda18e8144ad3a076f2ba77,24874329,train
7888e508562c3cdfc070b3a265d72dc9,25897953,train
1c0270dc762975eb493a7fe5ef5642e0,203220,train
100b95447c5125b7d5e93b5680b63e81,20613761,train
9f7dd8c69b4a3ce738a59a77a0cda3a8,20821284,train
90478a5cf0c719e59cee026d6b5c6c7d,25897953,train
485cb8f57e329e68807285504dc0cc9f,53498,train
105d2687a97334873cc780c0db12ed2f,18486,train
5c34a8e3514b56db7ce2695fdef7a3f3,15997,train
d84fc70cf3da41a4a726b98126134f66,25877517,train
8e89032337f27f9fad3d120063a170b2,86560,train
e0b573a68bcd45788f789f189b8a861e,262304,train
67bfcf0ebd11a96c0f5678152ed10f79,23513349,train
a72c5c30cfd1f74d2349cc5dfaf06529,30075802,train
7ee37e32d032f83938912d5fccb6426a,29499443,train
879d0a099ab6be7a441826380bc796ea,30227846,train
4826c04181aa337d77bea188ad274307,18003300,train
e4007999ae4983efeb4117e53a0e6df5,6897011,train
d11ee5bdc3da9ad6c4180514b6598344,15798111,train
7e9ee0a7d5f2af4e363e9a75e8c5135b,20613761,train
d9536b4d1b6375fba128b841b57f5bb0,304079,train
3525e66755df795ec189b4c805f5df41,14553840,train
5f091ce62e1782121e2cb521e309de6e,22523971,train
439ba403857d9eb8e47e6c6dfc0f0767,18585282,train
35c36e5c0c5b6819573e71d71d32a928,23513349,train
1d4750ef694ac62506d29dc53d701965,6884116,train
96b835f00e8e23c48a65ec3c8d78ad54,27494,train
f1680332517e43c41353d4d8bea49fb9,26877039,train
c2ef8a3a740db02ad2b02d8976ff695b,1432,train
c5bc53cdf3c1f216a3d3fbd5fba55ba3,30075802,train
05192b05f99a07daaa61ebcc9e5d6e03,23513349,train
19bc093f55443efab5016911267b9a57,24611522,train
391986186b1a144e247fbd3fef852d26,139867,train
96477d51fdd2a4ce781950cf3716b1f7,15997,train
53420a2e65e9e96614ed5b75a8f46e44,253264,train
9b2b2eca6883f137e982aa304c6027a2,23513349,train
c4c8495de6a7584b08045814c64ab877,18003300,train
f865d7e9b103586ee5a02b1a0af7ed7a,25897953,train
792483a844025dd09524b5dfa1222628,11339,train
3d0be1bb142b03f416a22737648265bb,13376363,train
218ca93a84572360fd787818f8c21111,18263725,train
1c261cfa87445d9c132520903ae95e97,1602620,train
58244c5feb3f518b43b545110121f823,6798263,train
7596fdb355717de13f068f8f95f4f5c3,66414,train
4b7e99a8fb89154f01de5177055db97d,23513349,train
810f9744d66020649bcfcd3071ec8c1a,29431081,train
8b70938814c444bdb4abe50c1bca132e,20821284,train
d2a085d996448d5f22fa1ccc8c0daedb,220805,train
dd80c537b8feae0cb030dde4de822d1b,130810,train
738100e4f8e053f98b07acde8d6c3e60,53498,train
3f48167802afdbaf3f266bc10cca0f36,86560,train
df9ddf0a881f3bbaf431031dbce9d5bb,400723,train
8ac3c589bbb0eb0c36bfb7a475de9f1f,28818619,train
306faf28409d2c1650f40e1e627025e1,18003300,train
5aed08c6532aa17bdcfeead8e43a533e,24471629,train
b44bb0ee3963bf2f911d899c43ca4787,821055,train
a50f6873110480aad8916de97fe29403,8744427,train
c22d6478155e2e47a392edb6f05e7f53,18263725,train
d0e858fa2c808ae2a8e06f6ecd0329d1,17707772,train
d6cedad4669d1904a343d92831d651d6,30969875,train
22e8458be777e3d71a7395f2006f16d4,58098,train
cdaa11205e471c0b6068dc5b3cb6ad8c,10203,train
646fdfeccc00f45c7aac673798f30511,2549,train
dac0edbd283752750b2c3ed057c4f4e8,30075802,train
2731700bc3cf6efb49c039212baee38f,175626,train
c8328dc046403d44d5179ae0de7ca1dd,23513349,train
f6bd17129a9f9982dca29ccb5029d0ad,539477,train
468dce9a882babe1111ee5c4ef82fb3e,175626,train
5a6cbeda02604cbd71ea56779c485bc3,13530012,train
c2274bf5ff7817241190367a310a8218,14553840,train
925507fb77ce008501f1c95a657288dd,23282006,train
e9da94cd9d15176e20ec125048396902,8680420,train
c1844642c58394505f5f20a7679aefee,16075147,train
7b95f27c8e960350995435a9b4e9e66c,146548,train
4cf34fafb6cf84e1fbb9befe09c4c542,30119,train
61cd114f4ba569aad4b16f1e26e8254d,23919,train
e2a87ae775f3f2a931a5785c80854018,23513349,train
bc9167cd64c711c27e6b9fae769635d6,133380,train
6ab69580ba332d2f3faeacb295d779ab,467164,train
ac8193a0de3590446acc7eccbf966a54,96259,train
15b72adf8372d51efa8d22511e9d5dad,23513349,train
5fa61e5a15c7c461a80c7d0e5402db9b,13376363,train
031da15c8d0956c5dab97627ee723307,25986827,train
9d768ec62c97ccc42bf69edaaf067c91,67522,train
e8885de1364907ddefeee7bfdae69438,23513349,train
2966fb87f9f42da667acda4a66e3ee3c,15997,train
1185675649005295ad285e7df584a8c8,23513349,train
c9ea6c6ec53bb5f22e3fb1af6e1201a2,22151696,train
da922a699590c9efd75e8c8e2e93c563,1432,train
251aa3b460a6839304faf3864bc2189c,23513349,train
7c6f52a7ec858905d2a1592c34251cd3,304079,train
b98bc68c52a3e9b3daeaefc44e69a705,10843755,train
633b97d67c60cf05c017856b9a3a89e8,18051460,train
0f057aa5114932dbc44a3bdbac2bc46d,15798111,train
e3b6441f9b7848e53d33bdbe9594e37e,29358559,train
7c816c6d1a505fec2b83792293f65fc3,31443393,train
9e6772b67dc371786645e3e6bc7ac551,15997,train
34acd2f6fe3e702be08ecd13bd8d2113,18518733,train
828999f6ac859d017aa960e31b6162f2,14553840,train
9885bb5148c1ba157a0f61b498586a66,23513349,train
0858a20f57cf8f5193acfb1092e61eb9,18263725,train
fd6fb385bef0fb3dcba66e50180522df,15645,train
7ad5211b57d81b42005e6dd1ffdbb48a,22151696,train
1376c4b0ab8f57c81bc61ebec2abbb46,395090,train
eeef68a7b06a14e5dda62a8fda3d3e46,25897953,train
429e81ddcef5c220f19b00f1c2cbc9c4,18263725,train
2590bb49802dca7435a451e03dfe323b,23513349,train
3b0e807628719a43bd60e5c8356bbac8,22151696,train
ccf59e8c07a7a826d169647e7787bf20,30075802,train
ef95c9fbc4d756375b2c7f94ff5e5fcc,25986827,train
888b98789e0f3e95e56e3638b138d780,293918,train
3885e5cd903eac752327ab15f1c28625,13376363,train
a019e7c03a9b42cdadb44de5f9d5c260,33004289,train
44e78a7ddd1f64d246f1ffe6ae6d4cb4,20821284,train
9823aad4152144cbefe2ca7c89aeb7f7,34146688,train
5608ba9a1952a8547c3fad9e4cb3d9ff,96259,train
748903fedeab652d261dab049e3c68bf,1432,train
614d698fc514c1c23a9010ab38b70ee7,732562,train
57481247436bd2d092f5fdd4df3fe785,178959,train
c74cf379bf187080be131a64b5f11461,23513349,train
dc945f07d8f5e0000a50548777f083c8,23513349,train
32111bd2e8610cfc618b882508e6756f,30075802,train
f40e3b2ccaf37fe278e0c19082096432,20821284,train
ccab8b67db5bed2a9aba70e1a7b4dfc6,22585014,train
30c8f55b83459f1e62c7ea3934b6a875,20613761,train
218967170f8c2384dd06f1b13a0d9a10,20613761,train
6c5356d420bf6275981d5b14d544232c,25986827,train
9a3ada4382b5027e308da05565bbe5c6,23513349,train
802f54b575adebb280c3fa8cec61d26a,29357293,train
6ab488b48fc2687d4402fa1ff7b24dce,23513349,train
36bb9d729802e15f88327bc131edaf8d,25897953,train
9f21c12b7d195e4518a6ea3f25a1dc06,25986827,train
6b0762b0e8889b6da13da5176201b2f2,18586895,train
659d5b3fcc1ffcd095b65fafa052f677,53498,train
e3b33dcdb4ab19a5e79d51ffed24cea9,91571,train
7ccacb23945944a4a6aef82d2627bdba,13124956,train
f5b7b6b1f16002da1bf7a44260539a81,66414,train
0604e6eb1251b4a9470df6521aed3fc1,2470643,train
ed414fa3813994598784c913333e8e58,11339,train
a39c5be45cb1427182e2315effff7c06,24874344,train
762df4371c4128424242c1a7ca8cc85a,24874329,train
923061c61c6ff8eca15946992b5ceafd,24874450,train
56a6c8320b2067a294eb8c9b95e9cbbe,400412,train
6b272f2b40ac5249d322d28ced4f3cbf,1421,train
ece4d228befb89edba6ba6b68d4f70e1,6328,train
ff356c91709f735b95740c3fd378100a,31443393,train
7c8050a7fd7bb80b9bbc958bd98a6607,33208115,train
920913516c4cfa83528b785a1d9e2c81,18003300,train
e14dcc76e2747c6989de6a831b3af786,23513349,train
bbf8d70a4191c547d5c3a39bbeb9160f,171547,train
b709e31cfaa8c033d40a67f3655ba546,23513349,train
6784e9e0baa847024a0f2c0e3bc7087d,12914,train
0dc5eecb2b5d55a42fa4ab14f7a0a3c1,763508,train
fdc1aecb33a217fdd5ecd01813bc43bd,26877039,train
29d67a644756075797bed9e695c78359,33004289,train
0453396bf77f4f8b06d71c26df8d5f4d,25877517,train
1c39a3760321c2382ca9706c19df8fc2,53498,train
719131e14554428ef48431f5eaee9928,20660824,train
78ceedf40ae994fc36c505577d30f254,18263725,train
761f3d016c2d6b2950e2e4784c5f2ae9,23513349,train
03eceb8e9ed8ad2340c0fc8df372b934,30075802,train
ee6a37256a49c145d6ca69bcb888a130,11043,train
48eec57f37ad582758696a5784d8e7ee,5269911,train
7da96288a1430284ca9b6390f24d49c4,18585282,train
9eee763bf7f0c404df5982522481ce6d,29431081,train
a24778a65e0e64b85a18ed0e15299284,30075802,train
240293079a340d752fafbe7efcf71741,24611522,train
f2e37bd9df1fb56ff0344934f0f2cde7,6798263,train
1ca2fb0f2013b001e1d8c1ebe0218f85,18459455,train
4de5ccdcd80de23d2581556ee6bcc604,5932,train
2c3f87647a3c23e7d232107a3bf55906,30119,train
49520044a5520b8cf7a8c4db3ad9d458,11904233,train
cd887eee99d523ba93797656c2d8c821,32334098,train
67582dd95a176ac8d0c3cb350b2811b8,31443393,train
cb07c6088f3894b4a579b2666f0d6e88,23513349,train
1a41647e9157d771e5b7fb0c777b06a5,116503,train
2252196a8b96555ed75e49fd61a58637,24874353,train
ed1b3fe34fe574952dabd55b539e64a2,18263725,train
5097480c8b4fa454d1a53bedf18198d4,20821284,train
dce0d6b7e1f43f3dfee33e58fc2d3026,33905090,train
419b5b530da24700557941b43363f106,23513349,train
e7aabbc47415819b444797effdf17810,139867,train
9933ad5d4ac8e7a12678761879f91166,8423931,train
88b3b726356562a9a4df08b4c61b2cd7,18263725,train
06b872e18e7964eb4b86b145628496af,17707772,train
d9937ae5a4d2748f88e441213ec84555,25897953,train
9011c3d3f566ace0fcaef6792fa8e66d,30119,train
77575aacc41e94d44aa3fe68177dd470,67377,train
b7c3e328dbfe43ad027c0edcc102e727,18586895,train
ed467c9a88d85e57c3d2eab6fbbc138d,30075802,train
0c7a80866586d475d969f9845fac44ae,8423931,train
024023ec63cd6b191445bcaabcb98159,1724365,train
c507962f4684b61e4cf265336e2c43df,22151696,train
b7361248fb0bc9b2e5f517d0f9306e59,30075802,train
d01816529f10ee8da565a3973bf6094e,23513349,train
9303552b9b3fa1a21bfae364f8380e5b,12914,train
4e88039b91aad6c66fc80b01ea653434,23513349,train
120d855bf590546d91dddc981026aae5,18459455,train
33a9758701c0ed67e30c052fb821f200,20613761,train
3be992b1cc227d29babb3ad4357011a4,30119,train
f60dfa831549a460271a89dcaef974a7,18586895,train
f39003b3282032debd13cc14bb40b69f,27494,train
9967ec98dc9bc99a391974e01fcb82e9,650197,train
def65bd1a561f85aa6f9068f5bfa9796,402128,train
697ef95ddc0a6333eb26ebb03c0f95c0,23627418,train
0bcd6c82e9cc4fd080b028a9c54600e8,23513349,train
fa5a25d834ae4bc6febdf7db689f7e20,29499443,train
775536be50e828fa005a62543a036692,23513349,train
d435a8d9b7396fef761c7714ffb3db09,26877039,train
d396392a0b390418e0cbe4ac97b2c1aa,11904233,train
85b141561c51d8ec71b37674d65d7425,15798111,train
3aae038b89860975a2b7ebfe99a505f5,402128,train
e8894e41be4bed1c686aa0fa1d69b495,8411631,train
053c27b99bda1f904e28515792f9e089,20413,train
68586b56f56858f24d1572344212f1e5,29499443,train
0ca35e4944ad88caeff90b0b59384416,5932,train
e6b7f5eef4645267ec5f4a4ab6a7b2bb,732562,train
e3c9cdc4a1d8c3726b6295d336f051c4,20413,train
dc6b6600a3e0371b37447d3f25cce45b,76889,train
1ed714f583b4b20715fb27f58ac2e7bf,102908,train
735558e685351afd2fb991205aed0c8e,1519,train
4ba38182deee9275b2624b40e268dc8b,30075802,train
a64adcbd06d423cb6957231f10034608,67522,train
64a43395f02bfb5cce079fc45aa26185,293918,train
6fff150df1fc1bdac8f2b2e630421f5c,23513349,train
4db8fcc6663ec7308a42a6055f3698c5,25330489,train
cfc2440add4efb3b99a93aaf15d327b4,66414,train
fbbf6c2762db3c73c03c6877d4380391,15997,train
a57cd213c40d168f13798198239ac151,23513349,train
893616a85d152e582b36b54d32d69dd1,293918,train
337204aa5f73e9093492dca637eb1d77,441200,train
e781b2f0af5c3019c4a47f96e02200ce,1371,train
b1bfe03e09a25841b304eb4cebe229a7,30075802,train
e98537af684437e8a454b08032af00df,1724365,train
69e71cb1c328339466af74d67ad2b68d,18673996,train
8f88d1144d5c7d73cdabc3188927f7ac,16075147,train
07ccac0901ca953d41b31e96c2707113,1381,train
36d34ed9d78c91cfca0d658d5997740a,22151696,train
309595e9ea77a78fa64e8462021c9c37,23513349,train
61d376d2d72bc3de4f2aac3bad708d99,30075802,train
df7459baf94ad8dd52a27dc36ba2c676,1724365,train
33044f3acff54dbfa0b97cefacd0779c,18003300,train
d2205b612becf95277cb3c8d21f14a00,20821284,train
1c680f91e831423ae9b4764541603f69,25986827,train
d3e08a2ea076a3c8e52bf20040bb0bb4,23919,train
53ec13d501a3f6ab6d9efd925542d2fb,11904233,train
655674220779e5a99c874641b0eab6f5,18459455,train
58be749635e794986f67f9dd84575e01,25986827,train
eb3fd160fe3a187a6ee345cc5a9f6569,5932,train
bf0e59c2e36fb29b77fcf18f9f92f843,6897011,train
d1c14733890b6e78bc460a5015d05f90,18003300,train
6ff914dfad7e17dea59f50949b9b454d,18003300,train
3e2b1d14196eb9fe25ac93272e947db7,27494,train
18a6d079d11ab197b4414ef7c541de86,50453,train
cdb184d9137e9056101b8736de2cd49b,25986827,train
c35cfc95ee4a8bc9bf02e7d86aa3ab5f,13376363,train
365d1d64413c2733873fbd14ff12049d,23513349,train
0f5e0b9bc84065e3e0914011be84592c,20613761,train
d9fe0ca0092f42239fbd256bc0157434,31443393,train
dddf7fba9297ed74d70871af9926d5b3,400412,train
8ae43849b4b0450c278523bb956a0a1f,23522212,train
4bbfe688c914bd81c2036e9c02cb6299,1441445,train
e8c5ccfeb65047f7499f10d6e0d386e8,30118,train
ae0b761714fbba063577854f2183e0e8,32570443,train
1dae573a256aed8f2f8f6157c2c54d1a,5885639,train
c8b462aa1ea6abd3dc2e5732adade296,7117551,train
107f0a2a38707f8444bb2eeee3fb0800,30119,train
28b73120e8a7d84c33c85cc179f1e95f,20614795,train
e90b1250dec1124c43436ae36f6f521d,18003300,train
47783e8de07ab54c6152f0d0b8505543,22585014,train
62aa94850e282ec098c8a3700c99593b,17707772,train
c53ac8907fed953742a03e57dc1ce130,29358559,train
ac68e5f9d210f19882a4cc5399a674e9,76889,train
9b1743555504c3240ef80a171d312bd0,18263725,train
d680b5df2977e68557fc85f74a1162dc,846491,train
b692efd0ce0d1679b6d66465da55068b,1384,train
940b1be8e684e5e7530503ad969d9118,293918,train
b2b2e3d61487fd24d7670c113c135460,24874359,train
5ec2773c5f9933e1dbe708a7125a6ee2,16075147,train
e1b9fa52f3cfdad2740d10f072837134,18586895,train
a91cf4ddc2b04b9d68653e3051802cbe,25330489,train
5a4ebf427d3a84ed73b2da57f0f0d829,18003300,train
92964677636a2768a8ab813a6e963617,10691701,train
d9bd54fa3eea181c07533d14c7d309b5,11043,train
b7be0baa0e1724a3612d2730f55535fc,139867,train
18f7cb08e5a6f9f3cea187c33b998980,395090,train
989610aafab7eb48facfe05c4662f1e9,13330670,train
f9197dbf5213cd75f7c1f30e9ff0d1a2,18459455,train
4db1e542b2b1ce807e6a2cbe08cdf217,23513349,train
fbbbe8074c7fdcc2dd4058e8d4a2392d,13152144,train
2f010b47de8908370a9050eabdb27169,1724365,train
687df15d7a69b46d863fdbabcc0ec572,23534,train
3e06a01717bc14b39651e894a558d7b3,20821284,train
89747fb95376cb59835488c8042e66f7,30325231,train
12fe7a5e9545b687fb01d0060a6d5b92,1724365,train
0a98a4c24b0e455f8d66e0b7b8fc11f4,16099190,train
2d981134c98e6ff3d73d51efd86fc7d9,30075802,train
02a6b124e51400df69d622c615c7d45b,1432,train
95222e5be5e34c3b5244f42ddf55b5f8,18003300,train
f42f56e057235ca71c4c105229f73da9,30075802,train
f790e0afb50d1c35d983d89fb812f99b,25897953,train
5d75a952c0f70813790ee13b5626cb3c,20821284,train
d9432dffd627a377ff3283c1f6ee96f2,6798263,train
48bf5540073c8bd85785317c0280196d,1724365,train
9e75c78a956eeb31873679c21771f405,32334098,train
93dbee4a9044b306e2f0e695cabeef47,18338416,train
871ad653458db4ca71d55ebd74381895,272102,train
b58fc088f43d607fabfe7c1b44571f47,14553840,train
17256e0fbd033861198d57898eebeb94,724371,train
a4f817c53f4e67428c4b3f0349c47581,171547,train
441d7d2c04b5c1fb8e5ddfae9e7fac36,400723,train
c6efb7adfbe0ebebcf07dc82a6fa6ad4,732562,train
c7ad7ca2306df9fcca7cbb9e7060ee8a,821055,train
df277d420d489a1a5c56a8df310a0452,402128,train
985febcc7205b9d5b9c3c67a734c5962,395090,train
054f5ba34df06734a1fa2c2cd7a9e17d,19152,train
0fefd5c081fcb833ab9c99b229100cbc,6328,train
ab89a5d2ca9aba617397b8c8f03df5ce,15997,train
572372ac8ab73634ef5dbf2132a1a76b,33004289,train
1aa4bd4386e1c4248a08b79aaf8fac16,20821284,train
7668650eb9be50aa7d8ef29727893f0e,14553840,train
36d29d1142bdb90bd540ee5d4aad40b8,20613761,train
786672273b6a05c5bad4ccd40c6a781d,12914,train
5d813ad7e961dc1bd498045f1c3cbb49,30075802,train
6619ea500e1ad5cb5c9e63ac7d3d2d3b,402128,train
f32683ffddb37cd53c004b77e5235336,15645,train
8e1e80f845fd5f6154c811522ff3d7f8,80410,train
fc7d65c0675aa43cc19f26dddcca16ed,34080,train
924a275924bdffdc4a7e4a823b23bd30,1371,train
d070630f3e28c7a9e42fb6f06ab193ed,12914,train
627204455405c4a7484e9b71bcbd334e,1381,train
418cdb60c2e334e6dcc1f8008b28598e,1441445,train
4c085897e10e45238d70339867f63fd8,33905090,train
cd2d22233ed548497750d9a226f58ceb,30075802,train
1adb9a4631fa2dfbdd1eaa93b347c131,23513349,train
d13d2fdf490e86bcae153f5979108903,25330489,train
c141ab0e5cbd9bb5cde296a866f93a5e,395090,train
8eefb62fd16c9e6e9a7e32f6ce9c48bc,13588404,train
57bdbb6bb0551636d895c2c168f6922e,18003300,train
430cb1cf592b16643e96ed1426ac8159,32334098,train
bc486d38716c45209bc6c3d55a0ad8bf,23513349,train
2363cf3a984e2c583f0915ab5881fb7f,15997,train
a3cad757a66714bfb928496b2ade03e5,30759223,train
b55d4628bbeffde31c28fdfef7fd3609,10843755,train
52e454ddf099b57813ede1d421c3ad5c,146548,train
788f9971a7e2658c33f379d42fe98d70,2544,train
0190e1e9595f053b331c88c5268eacd0,47730,train
82cab1a50b48dc5edac4c73f3689b653,66414,train
6d8dde9b96dbdcf2884029c812ab7e4d,13376363,train
51fdb1f05c26de0142b5491a7cc1740e,499933,train
3a5c2e4d136ff243982825a4db4f2446,46292,train
0eb740959eebc535073ce716a3f076c1,23513349,train
5d86d5b63c0f6b7051ace1c1e3d3128b,24874353,train
4f3744356efc0c1d0a6996c64776cba8,30075802,train
72e79197143d133f535edfcf2d78abab,24874353,train
a3e1fbbd8ff55878dea639dca0a5d618,12914,train
4bcfb574cb8c7f0addfd6b4e859c900a,1371,train
abbd35028775cd59044a19608846a2d3,20821284,train
dab90d5b5ecea895895e4aa7f5b95ea1,20613761,train
439e5381f6a0a3af5c83d067e16359e6,7606878,train
e0e2b85e6f0459e922b49628659219e1,23513349,train
d9876d6994dfe7aeecfcd7d390d2179a,763508,train
0f11a27ca7780e235a4521615eb5fc0e,25986828,train
251b535d88f7da5ebc1f41bcbb65be7c,34594982,train
85fbee21fcae48541e116e00e2765ced,23627418,train
a2693ed6dd1edaef51169dfa27065ba6,25330489,train
72101f144a2fa667f86aa7ef68ace187,24874353,train
d9d3868824e9c4f320347e2962b75c3b,12381,train
1051943099f21d176f48cc7ca246b73d,14553840,train
7cf118f7390346fd570a07c7a8088813,15997,train
055443848e4ed8d39aa52d79400f8515,3049,train
b39772043e1fc32ede2090a1076190cf,58098,train
f86166059d9eaff5666ba0d39503c831,11339,train
6dc5dc9d9686962e3b0928604a80efb9,93405,train
0916e9bd84b9220a1e3bc900d5262347,46201,train
a5d038979b0c1fe821e7511e21108324,139867,train
8daa00be0f637f53a017cd2d6672d2ed,18585282,train
4c1853dd7f8efe7f653de00759e92410,26599,train
d5f1f77d95d089e8195c6ebdcc59515e,23513349,train
c2c77f4996cd32326043fe5b07225949,23919,train
53a220fc8bd628f94c6bb5baddbe3d3d,23513349,train
9e1131f2b9f52568a701857ec695ad20,25928164,train
2303086f906543e45ae75bb5bb3fb6d4,23513349,train
d45c7631e508376f97918fa61f267ed0,12914,train
0ac424b1334e401f355ab876a4904666,626685,train
3298ffeb785a638ef0672974616db229,10203,train
99f550289559f4030b46842c5d57ba74,175626,train
eb53376e2a86c7b5a8711522792670b8,20821284,train
3713c0293c4e6fc113ad06c9f13e38aa,18263725,train
86e0d3ed26a475c9d68c753ea9e7f880,23534,train
7591210d82964523476fce5bad9fd925,732562,train
ee0c2506b6511f5e2f18b6b4a5bac67f,30325231,train
00817339110ee3ec6d30460f4196163c,22523971,train
daa0ed6ab5d82cde10873e7824e2a444,18585282,train
6899466e25deae7b400fca9dedac35c9,27245634,train
1360a670437908eabda28b69010075cc,151809,train
950dd80c7e0ee80739d70754e601d004,24874359,train
46101bace6ab090d92124d017faa8f4f,12914,train
13e8f0fb76b70d4deaaa2c241cde3ab7,18263725,train
e2a1c5bcb95b433038626ea46691b126,20613761,train
8383234b1ed35e722fda44dc1e798ded,23522212,train
92d58cca0ee76c333163e7e4f3458012,23513349,train
4df789ba8b40fcf8bdd4ff18338200ea,30075802,train
ad71428e45e061608dbfcbe1a1ba2403,5931,train
fbac47502f7967c8331dc3a26f96993f,112204,train
b1c0fbbbcd069a4d1d60c1bfacb9799c,15645,train
e340464fdfe775f77f3b33bb2501a8eb,67377,train
ef4f5ddab6fdc6fbdfc7eb6bcd027445,1724365,train
284f8930efd1676d9d1b94c717e78ef4,6798263,train
cf95f5852abc423df64c208ab2adaeef,18585282,train
f642f432b344f509b215d173cc4ff8a5,5932,train
a7d171b0eb3db2a77e0de9869559f5d6,30075802,train
801d08d3cfbbe6cdff05e30e402026f1,23513349,train
18828ef7039b4a49214315eaf162b3db,46199,train
ff9d02c9a9cac3727412b0bbd8a16a77,13588404,train
fc096da957ad3bce865dd804bbafaa14,20660824,train
d16f9bfb1e377aa8594b4763c21ca0f2,5931,train
b67dbf495bafc79db9ca96498efd27a2,25310356,train
1045e73828c56082bd6a7c3008563b52,15997,train
b59a4fbf8770da10045059b8dbe0ccdb,118252,train
65cc2fea565916bfbb50dc8eca4b94d6,30075802,train
92671e3783b8adf8fa14d7a66dc0653f,23513349,train
992ce104d5ddf6ee2626d232c60bcb29,23513349,train
bf65fce9068f25533d8aae8600273c5c,76546,train
e03d080ddaa0b7b5d3dd26f3923aceda,26599,train
7f0a3d997b519b6f7e3db638399a7d7c,30075802,train
3c68819a1aec006f1e4c9c3e7dafca90,23522212,train
20cadfc6c96a3ab8ac89812cfa9b2733,25330489,train
475afd5689088e08570598bacbe4df2b,23534,train
916114162e2cb405b58609ffb461f6b1,402128,train
a1c80d853e69bae83a9db0e8b093e0c8,239229,train
f2c797f099f9ed8ce5fa712391406a58,24945396,train
92c856bd4f9bf8c91bec4fa431258c32,1519,train
bf2e9de414fe52f46b455953c1af73db,23513349,train
1f8f516dec6b3d40ef0994d7029b2e77,29059581,train
baf1267584361c609a990a06937cf42a,23513349,train
2846b8d1b074f647ab50cf223761c504,29431081,train
1266cabf1061f19adc2159615c48cf59,66414,train
35bc3b859de1885fa57dd8e52e8ca798,46201,train
c8887b67842ee1ef92994093c9b3e666,53498,train
9cba0c0bab31d69117e8977e5b2b33fa,20821284,train
d58d2df696656728565679a78dfd5bd5,253264,train
b977dcfb111436dff2475a2e4bb8c7de,30969875,train
2d1b1bfaa2531147dd2a151326a9bfc1,34080,train
33c11b43f3ae83bb93dec44d567b308c,20821284,train
2eff4606d31fca80e8ef44d784414e35,33208115,train
814da47d33bcec47fd6ee2b02ba4acac,23513349,train
f214b24b7bfd02a276ac4235a57e746c,10843755,train
ad290a19e1fd297487d4f680d82489be,18586895,train
487bd100250e48a8bc9a2a49b6c92155,25877517,train
f8285054bb213481aec39173aefea733,11904233,train
58c55276fc91ace4d4644f47ce2f6e5b,23513349,train
4523ca552a3461c3219145d78b7066b9,20821284,train
3c7e33f820ab9598ddab71f38969f54d,617495,train
bf748d36aad1397bf8837de47ca3296e,18459455,train
1db5b490820d292ebda052e4169dd07a,25330489,train
65c20c61f5bde1fec6ecd1fec9b0ddfc,20821284,train
691bc8e2da576336496d93be01987427,1381,train
4ffdd995f9b018b4e866e79026c9508b,18003300,train
282f2aecda9c2c482f56c5a865160dd6,58098,train
afecf8dbdca4fa991058c5f88c27c75e,18003300,train
10f3b325e5607e62b7243a178db928f9,25330489,train
c0d65b55489580698e8c187494c17187,23534,train
f8b47caba5dcaeba5d7de1aacb82065b,15997,train
b169a87854986fbfe98d204b3dafe19e,203220,train
8496f29bef6de4deb3885dad039e5bc0,778310,train
d8e0bab5b38125febb1b7c86e0717277,313277,train
033389afd20282cef9d2500dad043fd3,22501980,train
966483e45c5013da0a7afc18440d0129,23513349,train
0a9c18cb8dd399a88ada6ab26138e833,20821284,train
4972e2d95f5c75271baf3d89687f346f,10843755,train
0cf577575db38a5f78990f70f3fe041f,32148213,train
1558fffb8c6bfe6ae85c1f8754b28a8a,33905090,train
c1d2cd5559208e725f598f271a7f5f0e,30075802,train
30f6d44d2d2a78aab323353d8bc0f35f,24611522,train
5566010cdc399a83a184d7f7eeed422a,30075802,train
975f09c8aee691dbc595b9f934452b2a,23513349,train
267e32c0c4bd9b651d4fc348e29c0382,30075802,train
cfb3bf34892666c959df2f1bf6ebec53,30075802,train
3d2b793ca6ab4cc34a98c88b0ff7dd76,53111,train
2e5e34ac4f1274087ba0c0def7c6c828,1421,train
3baabe10d8df1f619b85ebbc59478c23,20660824,train
c4089644e369476d9c84036d0cbfba94,18263725,train
2de65a3eee6ecd69f424de665db9f34d,732562,train
9fe4403b56c236090d26f0f662e4b7ec,20821284,train
9b0d1269a73eb82e0e0d4040c45e06b4,30118,train
669883457f61f41144f5a49611509af4,18003300,train
d1efba133620010c6e9b747ffbd9e1f2,102908,train
61f61d61707799e9300b69d7f539dc8d,23513349,train
81a89bde9c6237dce9e3c03fa098554f,33837404,train
edf304d3308b602c5960988e2c8cf92c,23780641,train
710f2a12effef01334d08e95610f0f81,30075802,train
84806701e7f248056e76e5686b739510,96259,train
1c802eea5ea83d5afa58812a11f3e863,30075802,train
c29b84f3d611902eace6878ad8cea17c,32334098,train
9fb62029eb3acc8f3db3df8bdb80934e,18263725,train
71066418d5ee89f35005b188b9673077,24471629,train
6a774b69cd7d4165bcbe1819f7773af0,13376363,train
e368ae6384314fc5bda3b3588e86e0f4,20660824,train
3acf2b0c6a57a0ed535f8de86ef5eec2,18263725,train
fbdc5419b6484b537be026dbe6c3c10b,10843755,train
c7c2bbb8609f8436c28c8054bf486038,617495,train
6404267b563c5fd9671d03e5c1a1b355,6798263,train
3ee209cd6948e65667f6ec5333a86d03,3775266,train
ba83f97bf9b8f024b6789725de877fcf,23513349,train
635350616533fb462c6e1af22b10387d,18003300,train
72abecad135c3b4467c267ad418e7632,26877039,train
3cb4d049f610e6cb26746cc6ac887eaf,8411631,train
2d211d9dad3b1b8d7420d2f8a3321424,25897953,train
41b0932eed4b15c25c7cb2e1b314b905,20821284,train
ad704830cc3d665c73148a9516610fb8,151809,train
15f46c1558ab29e981c0c0cc819b9de6,24874353,train
f8a124864090541c0d78335bbc016417,28146064,train
fb5b79d5ce9f08ea37d03d058c17d16c,33004289,train
aa5e5092fee6c1dd8dc6dc02190fccdd,19351,train
3fe71108a8e5ef4c212830a94aece12d,1371,train
be8a7c852c648ba931a1642cd7ecfc2e,24945396,train
b3e7df217def93a9445f823507ec10f2,20821284,train
97d2a0959c077073c435e6aacb1b9191,20613761,train
342c8c988beefa57fa746a95ee00c542,400412,train
8d25e800b4bedc36a691e80b32bffbd9,2470643,train
1b696c3c3b8c7bfb62e6dec045519aaf,25986828,train
fad387bb2f627b5e4fa828631584a0c8,395090,train
5f8fdc03745094c8fa3b08e6fd899e8c,18003300,train
32b69a36fd3b60eecb020c5ce245cd58,112200,train
95d8192b5eabe6576afbf896ee6610c3,29939104,train
414af523900e166bb9f111a720517717,29431081,train
2cf681af0fc7643e57871e04b81d6009,23513349,train
141f0660ea27eea4902e78cd172c36c7,16075147,train
afee7878defe70c3cd5423b6300b8389,33837404,train
2dfec0b6b25893d12bff15995514e0e3,23513349,train
19c94a38b982fde67f31380290822437,25310356,train
ed1b9e4f8a20721574bb0e374be5de2c,20613761,train
77cab94fc8e957ac93e44d61bc25934b,30118,train
d0e839e8bc866264ca5eb6692e96db93,20821239,train
3bd3120d283e9b61e281744b797761aa,13588404,train
5a859256b3122777bf172df00a0af9ad,24611522,train
450acc049094d78d92d499968bf0e4bd,20613761,train
7ef3f45ab1850af16e95a8e27259897a,23513349,train
2fb3f487fd07233de5d3f4428c560c0c,1432,train
fe8ade6916904ae360bcb59b63bcad51,6798263,train
8a8c77093bf029639c48a7fa09dc9c61,20660824,train
b6ea60f248b291a48a90d9039ad469fb,18586895,train
d35f614bcfbb88e8c071f61938f50753,14553840,train
6558ab321c5e5f4e6ddffc702f73446c,14553840,train
ec3256611959dd30474b9abbc81c0cf0,30075802,train
eee47b3f49b66d30fa81b8183ec44e56,23513349,train
c38dd401b2c7f11cb2417e01fa7be558,66414,train
7883e08895acd847b18aaa8817bc21d7,5932,train
ac1adb53425c05d0f8f2c49d48ff99b7,5931,train
64a53b246c35f3e5f25bd6fdfaf79a83,27494,train
edb9b3a0bd25473903c25027fea94dd1,18585282,train
d68d54266d0c767ee4fb36ff143b68dc,30075802,train
0ccc7508e254cea8c15b3455ab8dd0a1,2544,train
67e150ed60e81d64af3e90ad2f664738,18003300,train
08e2cfadf75b778deff923b301611502,1724365,train
bd229d909ba85924c98211d254cd884d,12914,train
2ded0a69606d776ba4ebf6430cbe1dd3,18003300,train
254e98deafa33f179d3b45b574b4ae33,22523971,train
41f5695b4afd90b2f2667e8c1c02ba0a,18585282,train
7bfb6238f85913d95f224b92ee06382d,13376363,train
f578cea79043c7d7a29bac6017e66979,29059581,train
42b947d7ea3257d7880f71dc8f164e8b,29499443,train
5bcd759680112022d71861925fe66725,23513349,train
ee59b019a7f32d1e065ddc8a0c7de212,34040649,train
00adeb573f32d83ba2bb44780af51682,23678552,train
8e35e867246c92e81b74ee50fd986acc,13376363,train
3098bda022b58d2f49863a3af7cbf693,58098,train
d44fc83b1cf565782b2ce2cadcdc4741,23513349,train
aa65ed3fea562e5f0a3479875865fce2,25928164,train
22f9c0dd2ff3984358f150b66c05f4e9,23513349,train
be9cf843c6ce7ab0f7fde7dd2f309f66,30075802,train
00f993636eddf36b84c276bd7eeb2c0d,30075802,train
768da2ef8ba941e15bc380c10eac44b1,13376363,train
f63f4328fefb91fbb0197446c8973e6a,15645,train
9d41c67a1713f84db9ed36b5305275ec,23513349,train
0aabab6d18897a77c7ca9b19f1887dc2,18003300,train
8b87e6d59540d061ef519d6266468bbc,23513349,train
1f66ec901b1ee1f1ca40d62ea884e70f,27494,train
79f30ff3146efe6a207f95f615f820af,23919,train
c4d7e456057820e6d85ae4d792cade7c,18051460,train
efecc23ab3a0123fb5bfef84b4b5f89a,33905090,train
37b1ad3da4d4abf2cc80bba78e96b919,13376363,train
dfe6674f392602ba9538bf4abbe6b03d,29100335,train
4daf67a0bdb123ce20a93d672eeebb36,18586895,train
9c7a9336b9cd471f756704bf04394ad2,14553840,train
c982bec37ae38fa1633348122e4ec434,30075802,train
a73248826bc9831b650f8f445c26ac36,23513349,train
25c032fa7fe2dd526362395a554c4c2b,6747271,train
acaf8dbcca919be91d43359ac9249046,1381,train
006205bf259a6f9303959a39583a9924,18003300,train
35931f2a8609f6d2258a7f55fb56bf48,20821284,train
827bc7d70a0788db5bf41ab8d44ba669,53498,train
d990cb05a652e4a7746226b89c106df4,11904233,train
3a6119b88acb8bd31b9f701e9526d731,20821239,train
6ef7a9361f1971ac96bdf7ebe1bab417,16099190,train
261be59647560cae633367d4c359f6c6,15798111,train
1c816f0032bb96537e9ddc83e9c151b3,17707772,train
59fc156ae06e05ee195dcf29e0312a1e,13588404,train
0ed6d3431e4e23e4fc6a4bbeeb4f35b7,18338416,train
ae992d72a623aa2092e7446512d9afd3,66414,train
bac4b141797d87ca82bd4e3d527a81c9,53111,train
8fe4ab799c000fb2d10573452975d634,24611522,train
c209805060bdf7e8fe8efc41d333c28b,23627418,train
5716cf69872275957ef9763d2ea65abf,30325231,train
d6a47bba3dde7438078994a4cc80d2a2,30075802,train
6f7067e2c350d5b650d6d97c5793c0c6,5932,train
d1eb9eea0a5a41692294de9fdc3909f0,30118,train
4853c18f690eb472af9c47814baecaed,1432,train
35a06a5dd647b62fa0e261292bd5105d,13588404,train
3f1810bf70f8236a432c4a29affab0ad,119550,train
77550b2e91ef9c8df3f81d16cb535967,293918,train
d362d871cd2d3edd767cb5073c1c241c,30325231,train
77db2a1f54b2326361fb92efe6642755,30075802,train
4eb7004fb71d7bc8c7674aea755a2e81,29357293,train
4e6526fc15d97f86aeebe9b84bd44af2,279221,train
46eaac372ea20d19cc2e2f74d32c060b,29737292,train
ba5dfb0ada7e2f7441c8baaa2785c05f,6897011,train
985caf6638876b75fb50c9532a98628b,29358559,train
9ea8b9df79e4a4b958f5acb25411a998,5932,train
6286c9c3c3f0c42b0b00ccc9fad5d8f7,1519,train
ec4748548dd8a2172922841ab08111f5,30118,train
5876add1db6a3c2a64dcacd3aa76ebd3,25986827,train
eaaaab1edd2a9ac40b841e61de7727b6,94578,train
534c642cb97dd86ff3201e89b189624f,1432,train
cf8b703a5fb63f2ca10106955551900d,499933,train
9437b3ba731780badf5e95a73e4b6cff,32334098,train
2c16ef7c5651cb26312dd94ac974db34,23513349,train
ef3ab8fe9c7c8efe6b1acc09d3dcdb5a,765418,train
b470e71f7d4e00245a1fc1a1349b14cf,24874352,train
d657104714542979824627b8001753fc,230246,train
c76489325e407144a21c679ced4d4fb7,20821284,train
45e548c54a2e98490b30b17337503659,17646,train
7c843ec06414cf7fb5941d08c8a48ed7,53498,train
559d3bafdfae7201a0546273d040995d,18263725,train
93aa1ad81e65a9eb1f52563b353b9c70,3213640,train
d62a9a92c275a3274befbd951aec7192,18459455,train
7278b0715d1c35a0e83da6d6ddf4b90d,1724365,train
22d80b72daed5aa09f77dad5118ad8e7,30075802,train
6efb98f011f2d5d93a9c5bc1ac5f3324,30075802,train
9c409b0eb615315fda7b2d1427a3b6e9,1371,train
ea8f2fd4284e8227036f861d89734f24,5932,train
9f4fb524b146993c23259f61f5366aac,1432,train
d8d7f7ddbbab64ae12158f1e9790bdfc,17707772,train
f4ffb4ffa911def91c8bbf02c78861c7,8423931,train
a64763341a7ff5c4359ccfc52cc03f74,30075802,train
f8f9d6e2b9fedb014914e7d7d647e063,30075802,train
db813bac1887dd88a3a7a5cc3eaaa6b0,1519,train
ff6cf6a400d7c1a079e57967add375d4,1371,train
b20a8d0dac20780ec98bd09319d5dc96,15645,train
c1e070b47d99eaceb59528d4eaebdceb,23513349,train
de8393d210a8cb1b12cdc1304cd7ceda,29431081,train
a6f249727ef4df2dcfa331c65e9d50eb,13793390,train
ec114de239a96481ac8a59e29a74524f,24471629,train
d3a0e94785c50a3feca9eef224aabae8,30969875,train
4d0a28cf786cfa13454726d857ac1b13,14553840,train
3bf2d56738dbeccb7348471badfc5dfa,20821284,train
fac21f4ed98826e95feec0e6f0c59b71,23513349,train
07508243f2f1799373f5f563c5456d08,980426,train
fc9028facd664e0951e0242d00f60dc5,24874352,train
1fa41be0d07365f38dd849d4d7047938,24874450,train
ff3ff5457a8984a815a7f5e698e3ca54,23780641,train
8c119a63a2eecc8b15ecced9643ab01d,171547,train
c46b258f0811155b583c14f7a3fac377,1371,train
f65d6e1790d351fd51655856aeac889e,25310356,train
4faa96110d54a66a3bf284a3c8b8a30d,7606878,train
c14f699286583a16b51880a3a02d572d,22585014,train
6d084f5d93b7fb87ffdb4c850bb0a450,22523971,train
97e1d7b2d1f2ee3fd3924e3c6f6d9a2a,18585282,train
ca65ac1f8d19eed84e74899f6b472bcf,112204,train
6d4d9c4d4219500f8fa39e70d9f0355b,15997,train
957ac60c1abf351609d1e04000510d44,400412,train
82d68d03114da6a6ff10fe192bf10cae,313277,train
3f9bff85c0dd7f0834a55ac3cc2b25b0,765427,train
e692555d7c03ccde08e294b971177799,96259,train
cb750adb8268ad46d2721cadd94425f8,18051460,train
ecc179e408eaf400261df6ed4ee8c586,8423931,train
668ebb62f9425e055c96d110432488da,3347848,train
372be97401ba163fd0c6827ddfbb484c,6798263,train
115c4ebe09249d7b1939bc9e899724b4,23513349,train
182fc75e7ee1f108ca416f64a7a45ff5,763508,train
b33a6de31b2d20d7681c64a7f7b96192,23513349,train
f4620087127a7071d6971f90a8ce332f,22151696,train
9c84ac3fac16b0435c76ba674e6e25ba,19351,train
88746fd2a4c872199ed0ae183ddbef4f,25877517,train
6a6902f26a5520ec49b9f840a9817171,18222724,train
904490e0dfe7ac09078786f79bf2c635,2930911,train
7e46c1d10e05639c31a3d2826084361a,395090,train
9371bb6f6cbc43756baada0ce5328325,20821239,train
4a878a46b59f83d9d0c354f638d99462,23366732,train
453fdb8bddbdd6851852de9ec867b135,25986827,train
33f71d5e0877a654424c286eed057066,13123245,train
f0e68fd4436297213fa2dccbee8a413b,13530012,train
e60a543619bbfed5dc81dff300373bb2,18263725,train
9fa4809d4dfe5c0d2e918326847f3882,20821284,train
9892e8db3c692975e62e1603d18a41b3,13530012,train
8bc3c3557b1a72b92e69b11218eeb1a3,8411631,train
9a7eb19e6756822b6ac088d6467b1be5,8423931,train
2014075afa346cdac0d76075934b2402,8423931,train
567c30fa9787ec4bfe990106c36ed2d0,20821284,train
68bb3debba67c47b78a74b1839d5f7b7,1381,train
9bb6627cca021b23f00ecebb882255f6,6798263,train
fd150a51f78c08ec2221d71c2c58fb43,33375618,train
8e4b292fc6310dd7b41e7647cf8fa1b5,20660824,train
ebd4011ddd1dfca242683fe2b59f724e,25330489,train
34ffa96fa112a6b1bbbebaa237a99cbc,16099190,train
adff35d764a38db63e80d4503fa55e66,18263725,train
63442d0aed15160b83136dce68b6e6b8,23513349,train
4c60f0c94b910c89ff67aad33b8babbb,23513349,train
d603ce68756d67a63d6181d0ca928f88,13376363,train
1a0bb8a7f170f51d5805e3d3160363bb,955076,train
61f5d6571c02dbeb28aa3f76f093cb7d,20821284,train
bf9edd6225dced520bc58c352f59fc88,23513349,train
f542e3bcd64cfcb72826c44f769e13cf,175626,train
39d3d98736a17eaa4318bdcb5b1b975a,203220,train
89f5fb1e8fbf1ad7b91720143fce84fb,1381,train
d1730b624e5dc8661176a20c64c20163,499933,train
e4abae002d59371e9579bb9b3f38d674,18586895,train
caf747cd387e1bb11a010635237e48fc,18586895,train
daf6802d3c44a0908882e29cdea3a019,11535502,train
a465995eed6387c61bd37312207a4a8f,23513349,train
284f7d476448acc9bdc02d9cbe326016,13376363,train
543ec22241de1c11a6f3b7e9b45f7b2d,13588404,train
8a2ceeedcdbd854956b0563239d4cea5,30075802,train
0bace68d3de067dd0006c68bccd8237a,23522212,train
47d1747aeb9d38cf7ab84cce9035593c,30304222,train
021801fb471921821311d3757ab5e0de,29499443,train
772eca49eeb453182a246f632eba81e5,23522212,train
7d273aa0d0346fa87fee8de98ce0610f,23513349,train
3ea2182e47485f0a22a42c41cadd0143,11904233,train
245e38d86903ca200791535a7e59b7f9,30075802,train
2c7f3447614bbc27496d957d11ba3e43,24945396,train
c310a51c30d676040d0501ab9e5fc2e6,286806,train
4c2809e4812c9e9cb61b629589519b9c,279221,train
9b9b5ce992b75a18b6574052db898cec,16075147,train
a9350b66530bc9d7fc3b91c6f678ea07,23513349,train
36cf50a1046b472d01bd5e489882a9c5,18263725,train
2bfc1791f630b47ff70b9f0fdb1df32d,20821284,train
5ea456580e9bce2696427c6b5881d24f,31443393,train
871c9d900990e9013e2b7e11e982f963,30075802,train
52f875b43b71ac804b8e25d9019dbf25,23513349,train
420a85290f8361ac0b8f404ac790797a,23513349,train
806004c223fe000e428219eb445e767a,30227846,train
12338a5d8506e221d3823798a3263354,22151696,train
a9636de08bbccb6aaf98cb8056eb70b4,18003300,train
08dc072e090f26eae7bcb3f34d9476fa,10843755,train
3e2add4d9d4d9ee99a15520be7b561e9,23513349,train
b7f819dd482070d501d992915c14698d,1371,train
312543b10032b58cb6f58d6ed619653f,15997,train
70e93e448e7c434c8a99959db6fe8f18,102908,train
669bc6f94637becece1ce29ff46184a1,20821284,train
6aead13337ea4c2d4999aaba67e003e3,53498,train
b680c325bc6c84e3550a03c55f4391b9,27494,train
814d1f976feb8f89cc9635ab1c8fba23,91571,train
7ace588dd1dfc00962b94ce28d927406,15645,train
2267c04ebc4fc641591cf05b8465e282,1432,train
c0a05f287d07bdd117231f7c1a6e8035,1381,train
953a470773722f8e0af06944badd4679,34828719,train
3315382dd387f691557a126c49281d30,15997,train
a9c5a7c02dbbc871eed595f44a87f96a,23513349,train
8a02e7a9e676dad39b8b3710e222b7d6,15997,train
22a7ca4b132aba8ec4a6f40e1e8b8530,132025,train
69eba41be3bbe723e16728f7a2a40c22,23534,train
bf3e6c0e3a4af22fe16ee89f3da2a0c7,50453,train
394d45913fd52900e4053e07666c142b,139867,train
75144aa21ef08e62f1b1e449a6c1fafb,175626,train
1ce60503e16b775617f9d8a2a8f660ad,27494,train
591664609f15f7dfcd86ded0ced785db,25986827,train
d26b2f106935beea3f1c071316c33a60,24874352,train
fa2e3901155b3db3fbb9a2aa11ccca99,617495,train
3aee2c913110ef488ea71676413394a5,10365836,train
d85405879b3b2d6c1a7b858275e499fe,30075802,train
b787bf017a8ac190efe122c72ed5ab8b,18586895,train
e960432a52c4768ba7901ed513de727d,1519,train
896bbb7f34b868fd6631ccbc9456cf22,10843755,train
5933e5946550d539d73eee6fa7141327,20821284,train
7c4561dbdde8156fa42b74db1a8d4114,291,train
256909d87b1d85b9143a9106a2809972,6549,train
4251faaa246c88bdf655cbb8d1e2b2ed,18625143,train
51ffa2fc203201599211c19010446e23,30969875,train
b4577f21a980cac55418266b07343493,19351,train
c623863fd8cb6defd66cd32b673038cb,18459455,train
47d1b7144d643ac0ec2b0c2738773ca0,1384,train
8ae87402e6533744a2b82763a362fc16,66414,train
41f3bf10f588ce4a8e549567df01a344,20613761,train
b1e0c8ca7e2851263a21c13765fe0e1d,8744427,train
b0ba7ff49faea24437b6b1fcef836acf,25897953,train
ad20ba65fee17eabeca743404071b91a,11904233,train
dbc8b2ee6bc46aa7fd47910a14ea7a2d,15997,train
b34976075e01744e3c73a534001ec696,22523971,train
12b5edc548f23f23e79eb8c0c909f4eb,18585282,train
0c3733b5ab87460c5cd660930cd5a0a4,23513349,train
cb892ea49c87729dc61c09bbb9fba345,13376363,train
24c2c53aff451a9c2a6adfbf2f5177c1,27494,train
c9993aeae34e142534a47deaa3a3ee0c,20821284,train
cea4e0c2a1b25e5bfdbde2b290479e39,18586895,train
d102705f53478fe945a567efe7647573,15997,train
0efed1971760a74d51dc8232286590d2,34594982,train
cba6200cbf819a5880966b590deffc23,18585282,train
266defd9d158a844f3a18cc6ed490025,1381,train
d37b5aea35532cb139145882e47b5f3c,33208115,train
b77987a79a3a3bb6ce22476d2cd780e7,18263725,train
8ecb999e6cd573bd1ec8cd18c83840c9,58098,train
daebe12df5cba43ecd55f3d0f6e0b7d9,18459455,train
6939c2f421090bbf83a2792e52f1938a,14553840,train
aec9d553b8402ddd8c6e0b6ef1729d90,13588404,train
0bd01dbe2b0b26e71b21f57fa7d86648,8423931,train
fcad6c0914c96364ffa4f61941d7945d,118389,train
ea5a77792ff364bcd6a9b9222a58a8bf,23627418,train
8857253a834dcdc12979382c996431b0,53111,train
656c7d7efbd0d547cc5f041384e12d9f,6295,train
2c8b8495fdd6544b151a1957538ab928,23513349,train
3120915be44c2bff6ce32a92c4673e19,22151696,train
d5208c4aef7e72370ddd758702ea371a,23513349,train
cdc93a89405aa876304f7262798c0370,23522212,train
babbc79a7b20cc789bade07434dc1e06,30075802,train
c37a09a4614ae0a4c401e46861e8171e,30325231,train
738c59d31ffcc8c12233353b820c165b,29059581,train
51427f18c38049b91e876b836857ae35,30075802,train
0ed990ead07a2fc91a7a4c6a217c0d22,15645,train
b9b88b071a95721b561d8e72049912ca,67377,train
29c510875bb82d6d60afa264f119b3f8,1329726,train
d1d31ca1a710a181fa57de3ac7c56dfc,30075802,train
310c3d58d32a7aed50a005bd84999d76,6328,train
3ac76abcb2dc3874e48e77ea452b5157,30119,train
45cfdccbabe88c851eb0a6cb954b63a3,29059581,train
e3c5c2dc1471fc07409c9b3ea9fc574e,30075802,train
552850de2894b14608d4108ce847ccb1,22585014,train
cc0a6e552ff388ab113a37f1de26cd7c,23513349,train
7e2e0d50c3b2b7cf50f64f24f5be20ef,13376363,train
833e27cc9defec802e8d47ec7b738092,20613761,train
77a76fcbaf167a57d8a2e89cf073e6ab,6295,train
af8a64466e8f9779c79611143d412d07,23513349,train
225a2f9aa96dbe53717c50d1f5dc19c7,13588404,train
1354a9322ff054ffc0abf4f3d228216f,13793390,train
18271aea56515ccdba3f11a977d7fe7e,3049,train
64b85640e7f01fdfa3f4c57eb8ef9091,12914,train
3a432aa52bb06b71fc7db796f3e1bfc6,732562,train
4e4b73eb18b74436a323d02b3032fa98,1381,train
0f818a295e8c5105f631f5a6949ed741,23513349,train
285c9fe51f0dcbdd8bfe260c7e99c95d,20821284,train
46e4af3624be6586db6892bb66fbeaca,49473,train
41bae2fcb515214cfef34d104cd37f6b,30119,train
4896dce4b7e8033a7413f1ae6aa13026,5932,train
95df049ba61856a9570cd6f3c0448cee,8423931,train
406ebf8184a40c4b9ddadfe6da9d0543,20821284,train
578842aae3791589a84375b50a57d1ec,25897953,train
b11826f7f3b41877fbcf08b0ed13c878,25877517,train
6624b2295840981f06edf7d8d9996c39,20660824,train
6565c3d371af6563adc40d599758d1ae,8423931,train
1191c17df0e5fdb2c2be23cf6caa624d,23513349,train
671a957832d1aeb844d485184774d917,23513349,train
0af106c4fa47206c5dbcd77045d14053,112204,train
2af662a44f59fb00fe4ef3cd99f2d88d,203220,train
08cfc884a3aa6574f0da0b09e29bce5f,1724365,train
e2d1cdbbae72d1e0461c0422dcb759b5,23513349,train
53da2deafefd38a005f98e8c3f90068a,34080,train
99b760df00d470614367598a227a9d99,1381,train
4d96cf3744976e03f8ac80115fa6cf16,765427,train
dd51a04ca0ca16dd85262e9a68eae59c,80410,train
d5fe179e25ff3eae96271b993f091bc7,17707772,train
d569a337feb2970ca13365a15139f45f,262304,train
2875a5ba2b5806d1e90a6074f343f553,99713,train
941fa38a5c35e2bec9239c9f2024d206,139867,train
d541f3ac538ab37249534e3535e81fa8,6295,train
076d47a9a2d86b3df9328d952538f762,30075802,train
c361a5ef5c196df373107ee24b8d5c26,23513349,train
2b7f03ad974d1c98254ba1f35b57d70a,467164,train
05868b87100f06e703c3015bf22a297c,29358559,train
ba8b6d66d2f7139c788cfa3341cb22de,20660824,train
be07f6989fd11323d332fe51f1e83352,12914,train
45b01cf2f1cb4f14c6d62d90b99c5024,32942666,train
f8f56a24fe6f7d9a63458b090a709aea,24874359,train
67dd32a1797401b66fbdb3d613d57783,18003300,train
bf16e6d53205e10f163eb36ddfeb7749,18003300,train
cf3bc0e935a4285520b728d1d5135d3c,18003300,train
146ae7347712070334558e055bc6e973,67376,train
f46c2b40768338810fec7f382acef1a9,20821284,train
0e97fd479a55b89809129189a1007d83,76889,train
cbf230f2a6872b7d123a6f487a411d29,617495,train
ede588693d74648a6f24e4d7747cb749,10843755,train
5596779a23c9bbd5d565d0ee63dd21ab,13376363,train
03d341621b30abcc6218d09acdbc0465,23513349,train
eb4850f109ac5d0f5aa6227c04e16e1c,778310,train
5d8b974a4c9b50efd009456960fbf78b,30075802,train
8e9db52e09924fcc4eb13630b32601d5,14553840,train
23dd140add11d851fe139765bcf347f0,15645,train
555a7106c22ad46b0182c599db6337d6,11409124,train
b96f194c50f1c6710cd770d765215815,25986827,train
1a99bc5ae319b965ca7db227c9868880,25310356,train
f4e8ce9f68fc2db826b6e5a747085bab,24874353,train
9c2232fc50aeaa8d199fadacbf38dcd1,25330489,train
84e681c85394a722f765c358d0d1ed32,20613761,train
e2f17262e3c992d4d0236c93c273e283,23513349,train
2cd349f3fd15f553f57d08b0b0162502,23513349,train
472cb506755311943bac78c6f11b4598,23513349,train
1fac628f6a22104218473f2c67f4ada5,23513349,train
f4c1244c2b875e6ff1e7f2e83e3d78a9,29059581,train
2e1f6c69ec9b3d6a17abb24fc9f9762f,26877039,train
3363a8cd39b902d019ab9ef07fc7706f,23513349,train
a884932a9ee634513e0843cf5bdaa395,23780641,train
0c90d3245f0064e0ea226937e463992a,24874319,train
1253dca92775ebe4d0e26baea18f0320,175626,train
9b42eef1aced59ca239f2bf935c2db9a,30075802,train
799f64d40b1dc66fe7d33c63804f5add,25986827,train
6ea015cbecabe18e51895cf72700a9dc,20821284,train
1233e93af6ca9ae49ead298486ab1402,33004289,train
a253526720bbc04e41b98782ba2756a1,18263725,train
e61ddac18974797151f4543575036be2,1519,train
d95a6a8ea5a7008338737d81c099eba6,1381,train
616d98a60f9d83a86adbbff0764cba54,20821284,train
62bc0f5f062c294aa0f1605e0aabc07b,46199,train
1424e88d24d80d6b4aa52c627fe1c5ca,23513349,train
d157830012ad02162ce6dd08f4ce21c8,30075802,train
63433d93f6e6056ffc0b8653ccd7dd22,34594982,train
328026b5e1247904b588e3d815d2e81e,28818619,train
7e56ef2bc9835f17020d1e0debdb6755,33208115,train
caa2d04b8eb4383c93d520dff060624a,23513349,train
4f4aca234f135df793758dbc86ef5f79,11904233,train
bbb554ad6fb8c3918bbd0647a82f8946,29499443,train
b6442ecbbdd41148ebc44d8a1e04e19d,24874319,train
d214f53087f8bad40393077d9b14b618,15997,train
4e91d12e22795b85a53322525578397c,22585014,train
cf2867b4d9fea3c0bbf6edb708cdad59,22523971,train
9262e5024cd1a28d8d98ce3b3e9571d9,24611522,train
962742c184c46c7f1ea7e0c051c76a9b,13588404,train
d5c40854471c4bb1a6662fca6123878b,23183,train
9e3823e332bb0aa63f20324ce84c67bb,30118,train
05f143ee7705f804603df0ca3a925df2,30075802,train
a8c2e8d307d43d3ee66f77c0d72ece7d,23513349,train
b0d3f600793ee0bd4d4b28eebb07a9fd,18585282,train
dcad2c9450fed393501d2c0a6488a930,23513349,train
904269bcbbae872e8ad83d02268aad2c,58098,train
b40989bf6a39363d58e64aa03334c8fc,25310356,train
9f4a707d1a19282517fd9cc4c4be9ab1,18586895,train
3ea030dadcd6242b0056254f9587224e,23513349,train
751bce102cac7af8b0bd74436d8672b1,763508,train
85d86d950dc0877a0e2944c1725af6b7,16075147,train
d1e2a843ad5a195df91ae46e38eded1b,402128,train
e8e3ccf25566478c6821e0df044d8131,30969875,train
c0e0ce88d9774e7dabf1abe092e3ca1d,50453,train
7324907ea992341f5a0e636114438e1f,13588404,train
deae3981f83bfcf7a322421a637f66b1,23513349,train
5304febf7bb235f8c2c665851e5ef27e,23513349,train
45d31e4da2fe3ca06a1dc08e4e9e2cd7,23513349,train
12c5db4e43efc514aaa22851c0a7a452,333706,train
532d93ef853093f9667bca348070d274,270903,train
34c6044a3937e6793984151faa205786,34594982,train
b7a828e7d96a2e622abd2e9982c218e9,29431081,train
7ac4d758671bf7f64dfbf0beff674bea,1371,train
dbdd1464b4a710c7b64c3852c842e654,18003300,train
92352119961cc1d9e7ac15c21afa1ac2,1381,train
12e31a51080fb9a2bb29960fdec8905c,19351,train
e5ca1dfb4c6d40ccc2618bf6493b9112,28818619,train
669725acbad6207a47a011ef27d1fd2c,18263725,train
bae6e4cad116fb5bfe7a1e803a70a362,30075802,train
1169aaee148fae3bb91502a6254d6d91,12914,train
79d55942467ea3f7eefa19c1bb73d679,1432,train
b6ef1cc13c497c1472ec461ae09507a1,293918,train
a5e8e9ee49893cc63e19f2a48803f201,23513349,train
4a83fb799a8bc4731d3e5ddde617204f,13588404,train
75be8a44acd1783fbed4e748f2df9099,76889,train
4a99d7735307a64610540c654f3df7fc,724371,train
a35d2319f694bdcaab394f147ba3deec,23513349,train
680457a3296827e600d29aa76c635696,23919,train
e86d61621a0568d7c78bf2e26aec1e4f,5932,train
ba5dd1d49c7d39ae51d735aea6bc7ce2,6798263,train
cbe3f46e5722c5bd6bc9cebd85c80720,112204,train
5911e274353a1caddd7b1057fa78ff7e,66414,train
ceac3c271a075fd14925ae2dcf067156,66414,train
95ca5590b2e55a80b37dd04557b5ba3b,22151696,train
67581848ef763758ef99f801255ad74d,18003300,train
d28c2985d7a053e4d03dc8862fe913b8,86560,train
f6fbe3830ee9675da40b3b9b06f1fab0,30119,train
e5a2c7e51f197624fb226adfc9271873,20821284,train
500ca668f07a73e6feedd8cfdace6316,18263725,train
e7458171ea8028e5b9a30dd219c74448,539477,train
7e90715ccd43bb481336059e13cd08d8,34080,train
a3489c45c4ffc8dd9e64a46c273dc0f6,13330670,train
7457f46c9d8b573a8f3c4e2861af9cd6,171547,train
4f52c5e1286ccbc1fe2258ff90dcb528,15997,train
c9c3af7b315789da937fb148c36c89ab,26877039,train
695c79ffb8d2b99ee492511c22c010d7,23513349,train
90cafcfde04a87501f3cfbd8e1f7490a,20821284,train
943057d88dc8f22f77e35041babac006,34080,train
2f40a22c864c56f758fa548c3ab78b99,23513349,train
1a9101145f6261cc7c6488ddcbeacedf,18585282,train
9abd9f4a501aad0b753ba4eb8202705e,25986827,train
c142933da52ae38cc3673dcea40c867c,26114444,train
4dba6caf9153407aba96e89088da7d3d,6798263,train
3cef458a319f1d4435ee35909299fc22,26599,train
db1b12e0c96abcc88d78ae21bfe005c8,46201,train
5bd1814bf31a458b9970f7473ebbbe67,23513349,train
08668d91847e9b4d27ec666a8d1c8fa5,1371,train
27e4a7bd2d5cb581a65a8d94e376ae9d,15645,train
1ca918e4fbc16ba7aced67e6457629d4,20613761,train
e8a8ce7ec60c217f0ce888fc588c079b,30075802,train
155b984e23ff1811a5da0a6c259a95e6,23513349,train
73ec4201e5870f5fce02ffd0133ebce8,23513349,train
1fa8b23c987ca2667a7d4a40b0dddab4,18003300,train
81b14214a9a2da0d9a07d0021d923a19,3109162,train
42df004e2a4211d8512032cec2836fe5,1371,train
bf3ac3afa21c50804fa8c6762cd4cf6f,32148213,train
81ae1913b3bf0e4d7bcc8c7ce4e20c52,20821284,train
400f99b36228dbd275257c144fc0ae68,20821284,train
b7b0864cf3e68c872c611f639be64ac7,16099190,train
d9c1ad01d5083927abd408c08f79471a,67522,train
61fb05b27069d0507aaefd52bcc073d7,293918,train
6de09cfab4f1459544203590c4a2d7fa,30075802,train
bcbbf0453ed66d34ca1a93a4978106c0,146548,train
0a1a485da380a94db703d1ab835900e7,13376363,train
32f13f463f99bba748318df0164cf469,23513349,train
46d7b3a9c23cafc3eaa8a72666674013,18585282,train
a62f4360242c4feea81f091d079b111a,20613761,train
d92145ef8c7f62c3a29e1ff6607ef78f,20613761,train
e644f1fddf5566eea17d885401c2e45b,96259,train
586c255cc4b4e1345ea33f7c80adaf21,77903,train
8bdc2e6d10c94540eb3839aa94504b46,23513349,train
9e1429bfacea9872722ea8bcd9750735,66414,train
2463dde822daeae809359f74076995c9,18459455,train
052e09a7dcf288404e87f7c29f1053e4,20613761,train
7e58eb57bf228b22235854c9219c47b8,395090,train
94d458a57e5e37eed97c3c61530808ab,20660824,train
03c1f21ad8ae636f461fe4fd0367e939,139004,train
4fc44321b3d7fb1f69ea57c21fd10163,23513349,train
719e38a18d606c0e06d54511874bf794,763508,train
4816ca1d9a283ef83b152479326c4186,13530012,train
854dc5164b87f5af0250b42f16f0a53b,23513349,train
44c2da47c0232f6465a84a7a7bd8614f,4914818,train
8584cace0b10916c0a8b963309e33dab,30119,train
6164368fe48d0c5f0567b07be016aab0,13376363,train
a5d0d45e29fcfa838f528ef33f4b380e,5932,train
1215bde0aa5552bd6ce975894c2f88f0,18263725,train
a54b268b05eb0607b8dbc51b002650af,2544,train
08bbfd496a0e338e126bc1daae64b6de,23513349,train
6e5dd1a13b33b661d38272ad858848d7,29431081,train
5fe82c7263d1bc2028c230aade2b511a,22151696,train
1511c3fb6a47a5c55f0f0634124f0820,732562,train
3c0199237c25687010b68f103b066fee,1602620,train
0f41e33ae9483251a49ae7a5128649ab,6884116,train
d188616d5fb8dcc4ef94464650d951be,441200,train
4025e12f2dfd857b9a31d3599f65a377,293918,train
4116d850b7022aa136f010ebd8eaafe8,17324134,train
f1be67a0420c2e6054927332577952c9,35108792,train
54a3088ddbc7f5482c6fc128cabee863,32186794,train
530f387a5d74fb631629b8b0b0fb5b6d,14553840,train
795b47f7cafdb58079cf6d6913faf032,1724365,train
b6e797c9cf455c499bd4e1daf15b75f1,6549,train
2a36c54d2a086c9790befd8730be3786,138164,train
2edfdfded22272d1f67a9a5de64db435,23513349,train
87866fae5c64a23cdb3a7c11712e916c,8411631,train
fb3e3f9608dc42c8c0c338c601d5d50e,26114444,train
7964912230c33d72baa5d8c5ea19372a,27494,train
23cdd88347e4f01702bf7559f6fd2343,12914,train
501563eb19143fdc454834ee5281566f,30325231,train
5c898bb08f4f5b0ceea10182d71bebf6,27245634,train
d7517aec9e687c6e5c95cd2219a2eee3,23513349,train
37fed4474521f9c08dfb7c61f1df58b5,96259,train
283ee40babdae9c861ff520577408637,14553840,train
fa5dc1f29397b30d7219d655ac24c453,23513349,train
c3bdd62a075e58f81b94530b28f6f3e0,25877517,train
a0be1b57a40f7198678f4ee3d646c511,617495,train
a7c5389881da48afb020dd0421834837,24874450,train
6e8f9c53a63458c426702bafca9d07b5,18263725,train
5022557b212ff4a2c1b0edae77ec1c36,20821284,train
c7319d6e91ebd6d95b452d93b8bdff40,18586895,train
a2334ad683bba038e68724de2cd1484e,20613761,train
84d2788ad8ca7bb39e1f03cbc581a961,778310,train
a1324760c91ec208f627b9d289048f70,30075802,train
fe73a2d0ea219f18e6d443f736f0d2bd,18003300,train
acdc235eafc5abbc6a87624496af5b5a,23513349,train
ac12944d8bddc99ba0fbf88b3220d24d,18586895,train
7c3d24719aab0246d0b68e3d53e1a688,18222724,train
3138f021a821c8fe34f0b04c315f3ed3,23627418,train
69e5c4e9cd56a79c757a358405bb498b,18586895,train
9c57e2f9999b58b2859a02c70a561daa,6798263,train
d164d9c3d70105e57750caee2027c28e,47730,train
eb57f820bf7a3865a6a2d97549112586,3347848,train
0e7d4588631dbc640fa8891be85ab2cf,20821284,train
a2e326133f467dbcd0707275afef7953,25877517,train
1eafda203caa21d5d85468fe027686ff,32334098,train
4d4ca76645ed412219749b6092d76b46,25362908,train
05887b0027de39ddbbb7988a0cfe5aaf,15645,train
b38c8c14228c28a36d7084834fe64d6d,6798263,train
538c464d7c8023869850b101afad9f1e,175626,train
5f5164b01c91b727715b9939b44f5d97,707569,train
83d8637621f79c9640dbae2986627fd0,1519,train
993907369de2397604d0c48283cf274a,34080,train
eebf824839f338b388458094559e39a7,34594982,train
6bf1f2a0e9772ca8c654d69c3711e310,12568,train
d1cc01ec617a8db2a3d003afc333e432,23919,train
d6ea80689dcc1cac799efdd7632a9c2a,30119,train
7abf0f7ad56547ea137d9c5e283e5b9b,1381,train
4cf4de9bb5ff0c9eb89f7100a8a43cfa,20613761,train
8860bc50c137758f2af85807f10f0c2d,6798263,train
8ddf3a3d91397c91010802907579f86e,12914,train
68ae52752a67b904fa5040ec7a75427b,23513349,train
a2a1f79a6544dea4a0370614338d731e,80410,train
f98cd8c4c8aa025fde55a35ff152625d,467164,train
fbd94b06116beb904420ea613187cb0a,1329726,train
cc401d406b55aeb4a54e33be34e14a22,30118,train
98b459cd1e9c9a91a11948d29c7f0bea,30304222,train
cd4cd91bba478234dd56cdaf8fa3f4a5,30075802,train
110f2e913fc68a0a8a4296c43d792295,22151696,train
476b1106f2ebbaa08a9082b58593394f,18003300,train
930d90bdbf12291c0384622a5e544e31,23513349,train
ceda91a1545a5960139d9607126c0f90,31443393,train
b809506e9462777d4fe0bd77eecd180e,1381,train
6ab76caa3e8f22ba51e032acc794a30d,35663570,train
bad12df80547e3c8cfc96278b7bbe742,20413,train
e7ee2ee89422b38e7fc669d9e9891d5d,80410,train
9b4e4caa1ba3a1e1bf929385c9a3f108,34080,train
3378829bdbbc93516a1d07d1634b38fa,26114444,train
c3dc7d7d0cc77b2fcb89f5511e68c6e4,13530012,train
e9c4d65858eacf61e9d90a47fd2a9e58,30119,train
9ec2e36711a98f092c064203c1e2ec47,1381,train
358e479b3c5befb6f1eb38f11e9deb84,30119,train
6b08ec201f5d46035ae80d5245bf2b60,30119,train
4723efd721779fab931ed77738e1355f,33004289,train
dce6de1880f0855036c9b6f12b72a1ea,24611522,train
843a681e2927bd00a0c444caa18dc790,5932,train
3e33172a5f0309838a79121f80ceffaf,23513349,train
107f077fe039b1c5c9f944b9aefcd7e8,23534,train
bdd43cfb416505599335902060c4968b,13588404,train
df9d62aaa19dac59ffad518607fa60ce,47730,train
a89ea2abe97d783bb420eca43ac5da70,23513349,train
a1aa87597d50d6f20f38f1449273912c,32570443,train
7fbf1ee0f00dc75f579d486ba94171bc,23513349,train
d3dd10a81272158101eb7aa56509b0f9,151809,train
a59e669aa8b888e4d1b49c1735aa547a,17324134,train
97178e8575430e86efe79b43518fd6fa,18585282,train
c07f9c8ba625623c4d4247f8a0ad9982,20821284,train
496ff06d310415a22ddfb59840a46573,20821284,train
e57a6c15d1f81f7db26fa1e76642c666,400412,train
9319e89dbe5a5371b784edb10a58e52d,22151696,train
1bc75370409a7b7837b933d12ca20a42,22523971,train
6b6b7abfb2c20719e7dcfe1fdd3b07a8,146548,train
383fbfa2f2f43ddda612f2f25d117c4c,8423931,train
78ce5955d917ef0f98aeeb5d6d224a17,24471629,train
3e14f756fb629e797bf6f4c74476dc58,23513349,train
662eb8e0f43c49ee983c52abb76e5d97,18003300,train
e9a1dba35d8eb46b0b912b6088fa5ea1,1432,train
7357354f7dd4d2f76984a41302513aaf,27494,train
c343dbc67e978c6bef25b71ca213d29c,767549,train
4161ea89dd753c2081326cb83b3a8acb,18263725,train
bc93ec2c3923d9c062ef7c85bbffe982,20821284,train
5a02c6643eb058a5e3d1a2943b344cf5,13793390,train
e4f58ea83e508940492c0eb36eb8275a,102908,train
9f7aa81291a5347ca8863c299a0d4a41,778310,train
d5aa9d719777e3d12c0de51812843e66,20660824,train
ac6384760f7fce239ab64fec194b8f46,20413,train
661e873746e78b20f9d9bc81be62cb2c,18586895,train
f6f07309449c075f18377f286c7a805d,400412,train
6f0d38a942647531cd35325aa63709f7,5932,train
b59539c2ee1bab3de9e4e2eca7bd733c,32294975,train
bdcc23e314569f436469076ea8feb086,30119,train
0b18500044da136e0dc196e082b87a82,25986827,train
2e1e6dfe9132350b2a6e65109c778a44,3049,train
e35dd17b62f0ad689eafa9d283f16822,732562,train
ad4d52a01c2fb3b78abe4dd8257c6a1a,1381,train
185edfecd8c9509d7a8a0bb92aba3a12,67376,train
b39d422bbc50f7dbfb90db880af82893,46199,train
da1323a15396259c191e76d714815cee,30075802,train
65fb22d822ac06944c26970c8946cf79,23513349,train
fac94b85a5d593700b452d32013cddfa,25330489,train
38996d1c31ba29a01fa3187b1e70b763,31443393,train
b47bcf9a0c9fab2e176cf80a145967d4,30075802,train
6c55c845b8dd670bab83c55d799b0fb5,24601,train
0c361c32fc645e03094646a9bb63e459,23678552,train
220329d9d1a499ed42be7ec81ed24454,2930911,train
d63300d0775b6fb9020817ddb85fd025,6328,train
f95832adb485bdebb89be849f6b28c8b,18486,train
709851f606e47f7d6b94f2d7465fdea7,53498,train
9f3a1836955b8482b699a0098608baf2,18003300,train
86b9b90bac1a3bc42efc2fb36e69aff5,11535502,train
488b7e55f7004bee6c92185a21bb28a0,133380,train
631562572c6f5928e161431c562624ef,130810,train
10e08d47cc218bec62e2751b7a7494db,26599,train
9f3cd4d9f6ef8cd32010a1419c68aaa5,99944,train
5ee44985a1249a06772933413f46f197,15997,train
ed96fce8c80ec29ad2a361f25cf27af9,26114444,train
92cc9079b1636662cdefc390bcebf239,1381,train
37f0372b713f3260f31d32fb2f6ecc60,1371,train
783c626ef037942d7337d935522275bb,1381,train
2e5beef70ea9fb109159120b9240bbca,23513349,train
7ec1e86b6fe00352ced96cf600a7ce20,18222724,train
23f6d78133fc1f260331473688f0df91,20821284,train
d6271fb9151e77668d15ea5a3bce4316,30075802,train
e7a981a6892ebb33672d95d090e3732a,1371,train
ef8e24a48861504c83792ebb4016698f,13376363,train
6515f84d9822cd8870b922c4398feeda,25986827,train
1f6bfe7763a43b28203cd39020969b17,6348484,train
b213bff44519cf51a5bfe4eeff43f412,1724365,train
b587e56583169a7213c1b782e9f6cadf,23627418,train
558979ea827d7c398ac964ec7fa71521,18003300,train
2ceeed5aca9a300dfcb75bf738ce3eef,18003300,train
9861317927cc8650ea0194cb17ff4af9,23513349,train
48359797478e19f00bb9d7f08d6363de,402128,train
e632d1513ec3e0c457c4787875c536ad,395090,train
92923d0f343e1bfcdee33481ca613006,19351,train
f3c1333a1170f41c78a874dd480ba62e,46199,train
f43aaf49ac5d9433b4aacec48a004eae,13588404,train
0b4484c7939e9ce18699f9a50a83440c,20821284,train
a61f10b0508d829780eea1c9832b9502,76546,train
19dbb992930133928226f0d9865ef8e1,29499443,train
a11b8404ff63a6162defc30529ad3bc0,25986827,train
001fc22af4960e6c232cbf85076d49da,34080,train
d5512f7604e8cef87b81b2b16c1f07f1,91571,train
ef0a676eea1c799ef7adf5c4fd436954,24611522,train
47506f26ea733bce04b1b67e1b46b9f1,30075802,train
e1595a2c0ffa25daef07d01111b88308,5932,train
f07c4d181933aa57f8582c35b6afca7b,86560,train
99ad00e94f739cb2e20e3827c81d2622,24874450,train
7cafe2c363e6a02222cf6ca22c9da45e,58098,train
d122564f354f342994d8edc8c6bea060,19351,train
ef61f03f98a91d5e499b46c8f29d5d6e,6897011,train
b24e74d5e28c5ad2c2c7a1459111167c,15997,train
d03a81096bd576dcaedaca9dff735363,1384,train
d65fa543f7c4f0ccd8d4f7282640558c,18585282,train
4d62c14af8924e3740189d358d0d68b3,33905090,train
612f03c35d63e90c320e4c72ebef2c29,25986827,train
51de13c9210b51fcaa597a5bd7b175c5,178959,train
501bfcbf684ed6161856e54cfeec8d01,25986828,train
315c98f78967f4db5d50f88a1d223b27,24611522,train
0b01851feed648559e7837dd9f1bc5bf,1519,train
ce8b5fb12961317760330c7280796dcb,1371,train
6fb4d4231ae9ab2d2f5698efb3a9c778,104855,train
7ab5fcad174b7c02e190a718b1299e77,175626,train
873635ba9e8d6b8cf327eea430d90bbb,30075802,train
21cf8d273ee5dc15002d6a4e775f61ee,66414,train
72f6ea30e507db890e08bcf42c5c0307,262304,train
e670d03b095ed41c3edbbed2a26b228c,22151696,train
d8941a696f245ebcf03b497a060a605c,96259,train
7172dd58ea32cb74c552b87e3fb344c7,151809,train
ac821e3fe9ddaf7a2d87a25f481ac758,13588404,train
3d813ed38c80f1258319bd1f6a62338c,24874316,train
2b0d2ba9df324f15efdf84f4235e5bb6,20821284,train
999fd10fb157d0143e6eedf9392c0484,1432,train
b1c2f5e2b0811534c6e19cea221b6fc9,15997,train
72bb3e6606bb78dabc30f01573a5fc8c,23513349,train
6b8d2b201f932d9bec58fabd483e2584,18003300,train
a390cc8f24a23af7af1798bc1bf773f7,23513349,train
c312b7c25e288b04d1eac72f57754bcb,46199,train
9bf5887ce85b59a7fbf69a833e36b615,1371,train
e8708a41939ff8197bde3c05af0b3f47,18003300,train
1bd98602f7fcf44b9168d8a3e653493f,499933,train
aad65aabf25ed4bd6267fa800beb78db,23513349,train
1e23e49141511b5301e85018bacffe54,262304,train
4752150e358524b1c1838cb36496188b,23513349,train
de18b4648d8de07c575e9c6923d7bf9e,17324134,train
762b83c40bfedc12c97d1c33d028a6ad,171547,train
5b564681ce6dd75f6df9a05eb625070c,20821284,train
10a483846ee0eba792b52eee86c726a4,23513349,train
14d31c529da076aec7e66fb7ae5cd1be,23513349,train
1ba1c134662ae4fb97b13b2b867a9b6a,617495,train
c043a7b930d0e8fe779102292177b8fc,30227846,train
599d98c03b38672ef243fd5d0dfef694,30075802,train
3491550bac1536e3470a8b1941467d2d,23513349,train
37a218cacc299eb59346352bb81f7cd3,20613761,train
f5d83eb9679e3d49385718a799224998,19288242,train
d71801be5921ae0ae24aa243af7de159,17572847,train
04affe636a7a79b17738389639fb4dad,18586895,train
0761e196a0696426c82c7410ad526f23,11043,train
f057dcf193c8bd2040e37870087178ab,23513349,train
701ab8a06ff7366d774c565a348c68d4,30119,train
5b7aea1a23c1bd2473cea23ccedd874e,93405,train
a655658ac46765ed66cd781ebe01bd48,3213640,train
b0d165bbc9f958cd6e660fd0c3e36ec6,32570443,train
28f7eee3bde238dc428d1d474d5f455d,18459455,train
410de46b78b21f7a96887ef26b1c8389,67376,train
4559c0f9079893fd287cccc99d572470,30119,train
c95485cd0887ab4f57034ab91b64e88a,130403,train
e1b4166e10ebced9651e9cf58aa0c1f5,30325231,train
1ea7eb9bc8b6744bc94da948be508a25,25330489,train
d5c91e8b24cfea74fdcf99e11b4f152f,23513349,train
a002143791a0aa4312229d7250ab89a1,18003300,train
060ddba126dba338b58616c9eed873fd,20613761,train
0d1d7e36a54c432ea64f2b2c8ab19ec0,130810,train
a593224637422a7d9aec3204d127ae1f,1519,train
98ec2a8c8337414b1dbb091797bffa2d,99944,train
0da1845b38691d064c6bca4974bd9f7c,765427,train
95da7276594f2d609665f150be972a1c,23513349,train
f69d465a53685110d90d2d459fe038d8,1329726,train
c3ece3ba2371fde3765b34cdd1be2594,15645,train
03a7738849a25f6a7ea05b474dcb1a47,23513349,train
3dc96fbe7fe0ff1ef002e212563d1e6d,23513349,train
14ace0abf07aae384cc2bcd6ad00f6cc,20821284,train
8ba44648488cbd7ca8129b5b9784091e,8423931,train
7d1fde596a4ddc77de389719fa001c92,400723,train
77537102742cabc3a246855636526e94,6897011,train
9ec8859ceae8ca15b91425812e32cec8,20821284,train
69f8df1e98c4ac4580cb963ad9d3dfd9,34828719,train
3a8e496fcd226514755a152c3160d1db,30075802,train
6118b4bb57d6724e53bf99cbb5d79bca,20821284,train
a07741ca5d30431920a112c0a7872577,23513349,train
b595ee9d89491c3d6293bee282398ab2,22523971,train
7021b4a716443d54ccb491742be54cb9,18585282,train
856f70e2ef126c7ffb259646eb9d7b56,28818619,train
a5d91ab4cf08fb1060d8759400c17cde,133380,train
37541067c6e83342c37895420db12b9a,1371,train
731a0b37ef938bfaa5a4fab3003cf247,23183,train
fd6229f442fa65b2181d11f3ea8e39e8,8423931,train
e8e51afe0e2d14895e57ded0c0f4835d,18585282,train
e1ebf8e2a69e0a96c9b67bde183b5cfa,23780641,train
31c500bc514d95d4f9f6fd703413ea36,1432,train
1601eb1fe0b17fbd9c32942c0a821bd3,14553840,train
69343e0e24474e9433901e6d056e4948,24601,train
5afa325e2c0fedb46d1feb0850aac07d,139867,train
e4946b45e0899c51a51100bb1e460377,10203,train
98d3214c17d3e3dcffc4b3f0c6fe7029,626685,train
39ebf421ebaedea44213b67f329d6b94,203310,train
1b0d1a83434cc982187d068976490072,400412,train
cf4cd60b928b9fa1d6c3dcadb89704c4,94578,train
8dc212766df3f9f2d89c965f81cf2258,24611522,train
9df04717f51103d207190a931056a014,1371,train
6d2c5041ac05514f8486a74cd58d2893,23513349,train
d7264505c5608f8a6a9b24b5c6228a6c,13376363,train
d304c9f03776ea29cf574d2d191cca1c,18003300,train
8d921bd1b5965acb2928df63dee66cbe,23522212,train
535b460d11a91442fe4a6313790de0ae,724371,train
69fd2e8b2baca26a145f545709278181,29358559,train
773f5853bf4afff7a4dd1f4f08700f24,34080,train
1b9367d8631615470efe40faa43d6bcd,778310,train
c99b5a16800651b936b5a94b9ced95b2,24611522,train
aa8d40b01b91f9436fd480870fa528e1,20821284,train
3a9839880c721e6cc9485c1b1890d017,3831482,train
24b48cf700914de6da66f939c6624949,5931,train
e5db51489e0ab063d791fe8f5bcb505e,23513349,train
54a17d299df338e990206d728a928390,34594982,train
e12dee3e36b28b5435ee4723562a21bc,23522212,train
a9f120731121ae87f32b8e383c345ccc,33304157,train
934368797f8cf11f7e0815675739da55,22025587,train
2303bd8e1b9850cc33aaf82365544ba9,32148213,train
aac9c1d6f695ff2f6ed059b011aa8cc8,31443393,train
4562c16cc62653e4b1bf81d678e89621,22151696,train
3d27980d4249f71f030871404708b85a,30718287,train
d17d96bff6cca7ba4f007a2649c6e899,33905090,train
538309a185ce742a351045becf183a62,20821284,train
b42b96ef0d2d53e6fad3ae328c121e0e,27245634,train
e0355a287160e0f9286d4d46aa0ebfdf,18585282,train
4f9d7deccff81fdae79d77bc8f387d08,23282006,train
c4098c844d1dda7bb09830e8127f2b41,29431081,train
5b64be9437966d58cb80be5e7075c258,30075802,train
0db52ee6e080155bd86d6d35372f2e83,11904233,train
c5aea76ff891c541474bba0180f49448,23513349,train
2998c62e5f1f81ae509b69aee5aed7de,1189111,train
6f36ac29d1a6106235c5846b7b09e00a,203310,train
7a73b6f5d46df0ce70a3e3fe16b18d45,1384,train
3e159359782670b93f2e0ad4a2d24667,196520,train
ac8fa95771bd62b87429be05f43b0bb8,9490,train
c25c12af692055492701b648de84c12d,752627,train
d384d52666adfcedd5e1a575966cc297,33837404,train
8d7c148083be877d4dc2856b0a9ec72b,30075802,train
17efd3f6234d85b718d53149f3615d67,12914,train
93bd542cea82b5d0222ae2eb7253020b,23513349,train
9d9dda7dd1a4cd0af7fe9acbc693cd7d,32942666,train
6840159a0ee8761f481693b1f1da5e59,30075802,train
a2878111d0887fd2aa5b8a0c76fc1d95,30075802,train
0947d7cd11fe2753dee6522deff33b47,16075147,train
3cee40c164f52584291649f524ce9b39,23513349,train
d14ba8812a9d359a83c20061f0646dcf,18003300,train
e4d374b20f375c57e554621ff99bd302,20821284,train
20594107a177a1527783287d4c8a5d0c,15645,train
ffeb7063b419420e2ec4150acf7efaf7,24471629,train
574d04f13d8d6707dccce5f92c0fee31,30119,train
5cfcd560cb404867472b9229861eca48,13588404,train
e83f47411c9e91c06aa736ccaeab5fb4,13152144,train
03f8575b22ba6c0d36b80005066271c2,13376363,train
a91ed60867a61d6172ca415a48351ebd,30075802,train
81ca4ebed3e84c58c5c7f7aa202d8332,23513349,train
17d72b6c9c104a389561858f157aa7a8,18263725,train
c688b3b369e22281a3e60412b831d8ea,23513349,train
4265cf5a4ce79eb6f5df8e2e0b345e4e,304079,train
7933adba47b36b674cdb0f2d4157b9da,17572847,train
e08f2d9ab0614ff3c63ee1e8ee0b8575,25928164,train
839aef2224a987ae863d506aa7e78a97,203220,train
1a689aa1e2b63236e8097af18c8bbf47,1371,train
f9f6bdabb8e848e197c77d6a335f9159,34040649,train
0644c874fac28b52cda4b2fb46bfac6b,15997,train
a988bee7b25601eeacf3a540386002d9,23534,train
61b57082f3d9c3128007be54bb3a1848,5931,train
7a68a1dd9aaff4cc870fed5147a0bdae,3109162,train
85de5757e55e437425423b6c3488152c,30119,train
99234639d246565cf5e9d4728578ab44,18586895,train
4627adb0bdb118ac5258d5684cfdc31a,778310,train
1217bdf17ebd40c5c3026525bc97bc37,33004289,train
e1f580b7ab1428337e61ba98b9cb26bf,20613761,train
e42ab45d17511f1d725c26c960f8c54e,20613761,train
fd653939dfda78f4aec023c4ec88c622,3143972,train
c3eddba6b6fca0b8f69fa2aeb4f31c5d,29801264,train
332cb1b1ff72a9dc8ba73a23f5274c74,31443393,train
ea3999f40cbf3a1efc858934259fdb70,13588404,train
d9a0613bb99d08a7cd5809f6e2aa9d05,18585282,train
3935f0457e19549c606963638f81d441,22151696,train
2a4cd2d96765c71fcface948bd152560,18003300,train
5b4a1993da6ae5766b6e1ea86bbf7c83,13588404,train
23bec7fedf4443f5757018fa09a7df5b,23366732,train
f8b53535d10eebe2ca7e4b8329db3469,30075802,train
3f3e60d6acdc65b03d201ef3100ea9fe,8411631,train
396389f2f8508d9f179626fcb30891ae,14553840,train
87df482693c346a5a0f1c92ed715727f,17324134,train
1751023ab46c49a0608cc984f60ae3e5,32334098,train
9220d353945d5ff5c03f29cbe34c9c22,20821284,train
4f99277eb456d0c94d79213e92c48c06,23513349,train
62e58a120de105d345c57f6890ec1b6e,30075802,train
6b7307fad3af466cb209c372547cb8b4,25986828,train
ec111304df22109c2319c05df9c37f3f,25330489,train
ea0770594eae3c823e4434dac370b987,96259,train
64f5dabe1a331758442faad509d64c67,22151696,train
5db39fa3390a025ed92883f2e1c1f290,22523971,train
0945824838709ccbab568cdd7e1e1f56,23351705,train
fd9ad0622c0ba07b7571f6616761b3d8,12914,train
0aaeccc732b196455323fc6b4e5a7271,34040649,train
0c9c380ab9241ba451d7337b3d271f1c,23678552,train
a439374a5091177da119b8b68e435138,10843755,train
2ec20c36a525b307105fbcbdc9830780,17572847,train
6e2e1e1ab72712dcb6cd1efee66a20c8,33806286,train
711ff88e5e2ce9933065e13fb3934bae,3213640,train
a9f8e51b79e372d66343d97d4d33982a,957696,train
fd129938b34e8031ff12aee84d2bd9be,270903,train
9d92951fe5c1a6545537a9463208771f,6897011,train
c8c23c6741ab6bcede391cbfac168955,3331453,train
a27a595404a4b8c55b4c94508899e0cb,23627418,train
d34db810f84d10d856adc2ad065b0b23,22151696,train
ca6b84e17f0e8b1d7a5eec48ef99b39a,25986827,train
e8d1f322d3098c16607c35fe461631db,6549,train
23677ecafb0a238f8a5e44988701ca04,29357293,train
ea74904fc1b23d44d40f19017b5ab8f2,23780641,train
974225060a4ca3bb27d84ceca35ce8fe,23627418,train
a4034d9ff413f07e2a39bd7d1f553d6f,23366732,train
b080294c46b2db35f2091c4eae5c8d27,1371,train
ed6126c5ad1281a02a947f23fe931d7c,18586895,train
3a78c6a3735c2f518d1b3b217486d0be,18585282,train
7522d63bfb5836d349528504d703b242,724371,train
99f7f025ef45e88806b1afe09b355c99,1381,train
c1bda6e8aeda77bbc18243abb9d1a3a2,118389,train
1732f56aa99d0e0ca6dc42a2c6476420,171547,train
c285dfc72cb2884158f3eb608783a84f,253264,train
2a418b185dde91f803889ecdcc63e1ee,30075802,train
ae10ef6b07ad67efc3f493d7b16b51f1,22523971,train
b84854968002844b58e2f0e6940ee151,22585014,train
48a444a2b2245b11dd2aad29a9301651,18338416,train
94714a5bd57cce60c691f52a676f7941,30075802,train
ec9fb940a3360f0db30acc660b49a214,23513349,train
45f6fea2b720fb3c16e98e5337e2d7e5,67376,train
62de9b6e760258e74a93bcd59b736437,18263725,train
13e4dffad780819a25deda87be59862f,20821284,train
71951de78ef240171e42f5ce6ea8b569,18586895,train
36825f3d0d7e258d99b8de08403c33fa,763508,train
79764374e6309a11bc0de8e08480bd0d,22585014,train
7b28ded167e233006c90a28b99737a3e,18263725,train
7c6235c79fec28ab251f858408495868,23513349,train
6ca80b5468da8d80d720ff099a44d84d,980426,train
3b14c6974e3d4b10f42f0b2a1fd3dcd6,270903,train
94adfefffbe98070081eb37d0bed6c3c,23513349,train
0ab6eb09663b9f5b618321ce97ad70df,23513349,train
25e03fa4e3cf10c76214dc9f55a3df4b,30075802,train
b64d183f5ba1bd1df6001cd7f173884c,20821284,train
a069e114eb10ee736a44cb54b4872358,499933,train
11e525ddaaedac0281c0c59e99af11db,6295,train
05337d95adfe57251086b726dc0a0d4b,32942666,train
42804d3ce8c479bfdb5c484269466298,13376363,train
eab15ac64083259e3b5d1abbf268672e,20821284,train
458496907438faeeb36e1940e52568c0,18263725,train
bfcf5e7f8805e7fa58f6f3ef19074835,23513349,train
0a17283fe8e1a4be07702dbd2e22b8d0,96259,train
2f7430574a08736a83098413688fcb2f,270903,train
c3002bc0960a6b65283890477c520ad0,25986827,train
6f24db4e2ae66374edbc6565d5a2589c,58098,train
eee5ed7affec196ded8a6fd83f08c243,151809,train
7dd341038a9a32e43da82d1985e1527b,46199,train
8a261fb903d62a1abccd8b6cfe59c872,23513349,train
5378ac8d2104b5b71121e260f2bdc0a6,20821284,train
d70311be8ea5c603d552cd607a3061eb,30118,train
aad3b8ab9e880a84f6d13b78ca909ce4,29499443,train
599bbfa67d4548c764d33350342c06db,23513349,train
766dba37969b7b57d27923b617e31975,20613761,train
bd3d8f7904c779d99de83b9e995ae2f2,23534,train
bf45a2191f3c1faef0f8c66495fe6322,23513349,train
df10e69e45a81f64aa0f43ca3266f943,20613761,train
edbe38ad1db5abee40ddfc7596639da0,32334098,train
d3ad1c7ad916e9624fd88ec5023a13dc,23513349,train
4bccb4b1d4fc99f928f0f28d94a1f677,18003300,train
682ef11292f72550ab6ad24afbcb94ec,18222724,train
5c1781dbb70d87465a2c30752c464990,30075802,train
d4cb1e3e2ed6024f8e17acdcac540ae7,26877039,train
7bd97bccbdeece7028f083e0a7019702,26114444,train
a004bba469e1689ff9194a97828a30e9,20613761,train
1dbd879228d4312d3bd2ece343b1c5a5,23513349,train
7110b7a6ff0843aec008a8b5f77e74a6,12381,train
c7d2ecd9ee9972ca1338b3678942af6a,18586895,train
32c9a93290950beb0b408c5c22d8751e,13588404,train
6aae9f1651d0184e1eb9206d2a007a34,239229,train
2fda34ae24de3ebec34efc6ddd152486,18486,train
61d1b055452f4851c4407d7657159d7b,20613761,train
e15ff50efcd8f9d748d2994a3e4b799e,58098,train
7efc467c52be6f015afcaa998b63499c,15798111,train
844544be0343aa95de1c7f35deabcf65,36203806,train
7861193525bed4339802cfdace00bc47,35108792,train
e7560c9fc8d9fb34da275883bf8e1ecd,33806286,train
eec0160014282637c2d701c561af1f1f,32186794,train
8afcbe79d8ecf57756632b26bfcb6ce3,32307768,train
388c1e69a21c2e3e8922de20cd8b8943,25276818,train
e40d25f2288a5114d15994f042e1c4b1,23513349,train
0614ca5fe39853e90e6ae1d222236846,20613761,train
5ef0f070e34ec1c3367028b2342cd831,262304,train
1d7e826eba9967e163da6cab2061e6f8,16099190,train
c7b28a3e96bbdabdaffbbd0defd400d1,24874309,train
857a1941e73edc8097988019386305f2,24874344,train
8d2b9dd7c1bd032bc52952a2d0e2d26c,24874329,train
f8511e9db9442a254a68ed01ac7b3ed8,499933,train
47c5271165f95911bb842c3908fdb4fd,29358559,train
d89153d4722f9055d99a602ecb00841f,26877039,train
f180371df4aefdfd300a7e6388f407d7,30075802,train
8744c396967478f344a5ca304bfe57f3,11535502,train
d2c09392a8782cf5dfc838a875e63d3a,30075802,train
83de0020c189ad592f28f994f3d8c582,29499443,train
8eae9fa7b8a7f7fdba35afaa13779675,23513349,train
e5e101a760b5b2328b901256eda004cf,778310,train
17bdbfe1599ab609045f1e694ea353ae,20613761,train
f587eda450a447945e32052bbb4cb580,395090,train
61baa6ba41b3dd42d063fc5be2696785,30075802,train
4cfcbdcc71c8f8f2b5ce65bcade458c7,1432,train
f918d54298bd955f970b3dac81390638,18263725,train
d2642a5fa9a5b505ba166d1cb3cc1d30,20821284,train
e06fb315a45ad56681cc0bd7d2119e46,203220,train
81295822cdaed327d32379754046467e,133380,train
f4e49ce8ab90e942c29579b40db7060c,286806,train
05d465e78a46ef5315b7718b5d99531f,23513349,train
9200ad6940983dcf2a69f444a7fbd270,6328,train
1c76c798336500d3dca39cf7851d20e0,499933,train
de35002f2e7d577e7e99bd265b2661dd,23513349,train
5f69591bbf19673a416d054c0f0c2bdf,23522212,train
9c69ba6bbfb2f6a3d05eba35fd61426d,13123245,train
73503225c1a8ba760baac1be74305c9e,13376363,train
d9e28c88eac33cea8b0324741ca9624a,203220,train
da3eb00d21a0d96e41f89f28f061d3f0,499933,train
34ab1d6855ba43af393e48c0a83df07b,19351,train
68df40e2967b6c4e8e76298dfb5df75f,16234590,train
d04e09487c08c7d19b80743315175509,18003300,train
6f99b1e3400c15ea0da5d107fb126866,76546,train
1def5ba43aef49763aa8f997ab5efb80,402128,train
6ea038175d40f99210e6808c74287454,12907847,train
907d337c35c04b242f9d326f573d55f8,11409124,train
f986d26bb2a54464d2960df69dedeb93,8423931,train
7bc319b5dbf73cf865718d9c050dd31b,23513349,train
d1d9bfa81eb1146fad9335fbbda54a11,29059581,train
dd3f8acb56f27dd8510b4cc2b0936b98,18003300,train
2f588ccdaace0caf40ecfb7f860f34e2,18263725,train
1492b8a879a99934b0a86a5762116e57,22151696,train
809df5fd9f4d51875d291ceb14897ebe,23627418,train
5a40c530bff200137aca67cc639e6b5d,23513349,train
0fbfd220f9ba7fb20aa2f3a835f9d504,23513349,train
81504b1abf3556e06ff23e8bba33e8eb,34594982,train
345182a6e29769c0af5260a4d406eeb4,33905090,train
5a3bfb0fdad82cb6bfbbeb97f95f90c2,23513349,train
58041bd16454460af3895d9c47251aec,18003300,train
45d7e08d591e27774896e001b670f752,2549,train
3f2f2b2d66bb4948b9ec6c3f22b386fc,23513349,train
59445dfa820c5be69bd999503c024501,18263725,train
e8cb8bb70e28b8e7e6b387227981a535,13376363,train
fd54c111b20db730569effcb564a0717,1519,train
4b93e9be5384bc5f99ec7d3665f190ac,333706,train
995d28ec917ae543b22bacdb93ff25c7,22585014,train
8a785436bcdac2a894c492f63501fe7d,24874450,train
7e3902432514b1a3115bb0c544ed76c5,12907847,train
dcbcaf4bee1c51a0d72e461ffb6e2ddc,10843755,train
94f618461d3de395dd90c5703d3983c9,23513349,train
ee51d5c62eca956e5b0bf145d83a9699,18585282,train
133f3af53fb0b524b4b4c84406b95f14,17707772,train
179043250beeabf4aaf620c5b1315136,18263725,train
85b8ef8d7f74a799852ac4e0c9d2b6e4,15997,train
915918157f55e69e24604d3437f85b7d,23513349,train
dd65cede5ee96e66e7fed189096eee46,5936,train
8820d108dce61865d69aa98e2c0e43e2,23513349,train
e5220ceaaa7849422af351a8db9926e3,18003300,train
61d46597fb715c9e40937122ff1c1754,18263725,train
e2e36bd82775c50ea0551559a6f89acf,23513349,train
7ac8f79d93a52cf9960c718a616fd2ab,23513349,train
91911a423b8e674a3b83774c1731e77e,49473,train
0b8b7236b9f72a86df03573b330c4cf3,24601,train
bb0910c9cac60ed8c537a158ac5873d5,30075802,train
c3d6c771a6366f5df4c6a3ee734b3af8,29939104,train
df2edc638ca283fa398a39143ea05d6e,20613761,train
6d21283587b1f0a320b3860435d5301c,18003300,train
907768121ec2788f83ec5d17f099ec35,11236719,train
f9d4dac3fc2a05c8da22d0873b08e851,6295,train
d07f037fddcaacc874cc14aca01edfcf,617495,train
ec9dcc608b7ef2aee53049883e9cb7f5,29499443,train
cc23e3c3cfbadaad02326dd81e0e82a6,23919,train
eef942447823fd8b7725305346120198,34080,train
9379832d88b1bec0634af48a8ed1a151,1432,train
9c2ed95b56cac4bece9d30a2e4315062,18586895,train
1e8be57c7f68ca88a208b8f6498e3922,499933,train
b9f0ce7b37739c0ad3c312158429a846,30325231,train
df9fc7781ff0c9060e00032428b85f90,18338416,train
b49bd70e1a03f2fb9cf73f209ab3f97b,29059581,train
961b8f85eaca430a4aa637a66bf78f3c,23513349,train
bc96aaa7d725a2d11b9be3b7c98dea48,29499443,train
58311e931d1a20e3868267ddfc6b4ed5,23513349,train
472a30bac1059110d269964fd3bca6ee,76546,train
6715e0e8300b8d8736fe16462e5bfc14,20613761,train
2cd56bf3e65896168b23c39c215b0ab0,395090,train
29ea988e5c54157c6b5cef9991d9f5bd,23513349,train
a9bf3c0bb50a8e54f43219865e37b84e,94578,train
aa858001f8683f5e074c71fc418c5962,203220,train
218f3df08e00a7ed71ff9529ee2b82b3,23513349,train
8a32a4df05a13da570e17f7e05e6aa68,13376363,train
aaa21a98cfffe41fcd703873bf771b37,26877039,train
3b1bd309ce76baaa9b07432ea2d94238,765418,train
0881d781330a33aa8114bc6526ec1a4d,20821284,train
ac14acf030a5a4e901bf6d6015ec9944,46199,train
fe723e0291aba1ed4e6fec1bd2747940,23513349,train
d91c36e7b863261fe90140e67820c79d,26877039,train
663b908425e2d190801a84097bae1a3b,18263725,train
6b7d8a3a3442ed98318cd93079973067,24611522,train
769f4f590aa13ab98b1265622b49bd4d,58098,train
becffcc745de8d627a573b35d22fc5b3,8423931,train
7af541e657f263528e5f6776f2700f29,23513349,train
15c5156fd1a86c93cfc4b599f734475e,24945396,train
26e5b5d105923dab7ebef2792dc0e7d6,20821284,train
c0f859d7dd9ecd1ef7be01c8ccedbbc2,23513349,train
e9fc11fcfaa30a6a776c262808a82d7b,400723,train
9a9f0254dd412ab9a0ae55d3a78e47c0,15645,train
4322b7273a513625165f358c35cce0e8,291,train
998750d948a6dbec01bc6367596dca03,778310,train
ba026e22ba137a2269ca35a9a82c77dd,34828719,train
f207287dc7193efa38a94b397bd4459f,20821284,train
260564fcd50eecde6f0f5e15c15de93b,112200,train
66b7e9db985f29720ff630037fb208ef,15997,train
a7bda23b15a803748a692e8fb28e2cb3,15645,train
c12c80ff41d057fc4c8967a4dd1e1e15,23513349,train
5f393802dd0cd48e5ced89f4fb0d2266,15645,train
18350897ac44bef54a2ae5de48e046df,18003300,train
4f93870b39671175d68cddf68ac8c5d6,29358559,train
b557444fbdf9607d832e30842aa8f39e,18003300,train
321e8083ffde192c98bec2340328e60b,14553840,train
e74fb8a7af2b5bad29dd361ed7333a60,23627418,train
628b4d67a7e39e8f67069d930339c2a5,293918,train
37925ff0326f1de01896a0547713cb49,20613761,train
b08b19590a4b52ebc6dc218a8d18f506,20821284,train
39bd46c6f2d2a2b89a7c6f67623821ac,29499443,train
acfb53ddcbc89c4a6e56b945aba941cb,29431081,train
d4058ebb12c78e060da6bc6df25da37d,20821284,train
1999e5574170ccf1ec866694ecf456e1,19351,train
9aab8fa269fed79d0bfc66e7b9fa579e,175038,train
00f1206286367ab6ae3f1e24a59d3fd3,30325231,train
fc9334b6d82ac53228ae8f35acf45ad9,23513349,train
5f1dba93709e81892a7d59d9c7782317,12568,train
30ea46a5eaa4ac9923192e1f7e9e12ab,262304,train
a9b0abb93c7b0d49756821b7ba1350a7,19351,train
b3355b99e3ac670d9e2213114e2fe85f,29431081,train
3ca77a10ed3a71813560087c95af3486,12907847,train
770e535c41ba704255286eb5af2bf85b,778310,train
36650165fd8024696fbd4dd03b565f56,130810,train
05655b15734d9f2314645983af5f159c,133380,train
219b3887f25baff780cda5d966e07c10,23513349,train
3f09a60a8e25d329ac818bfa68862876,8411631,train
8745856b72b4e87c2def84bcf86a5bbd,12907847,train
16680ace076954b10a3a0ff501d8f9b6,53498,train
94f38624c6aa1daf00e4e35ee45724b4,23919,train
931803546e527d3af3766325e4245b1f,29431081,train
8e712ab3544c05d22e04ab604e6c2b9b,30227846,train
1fc9220bfd0a848b2f30a2185831151f,23513349,train
cc5990cf5e95ffffcf936a7e098c7d83,29499443,train
894adaffe8d1970aa357e9750d42373c,29431081,train
ca92c857d37f7df63ce148a1b0f255e0,23522212,train
b60cab54af264ffe6b39903e2d6cb3a7,17707772,train
56f03bdc2afbc36e997747231981187c,1381,train
5a049642fd5828037f8b3ab6957c9b1e,333706,train
4890e7ec32e1ba47374bdbbfee364afa,29773753,train
11f644c424f9fd3c10bfaed9dab9db46,24945396,train
66edcfa0948a82570b8b71c107b27895,20613761,train
0acb9b81583a000c24a76244d1bd93f2,46201,train
83af28d9acfb9e35df82c2ed5f650607,178959,train
539f33abee758fbc29175aef6b2c58d7,23513349,train
e559604a6cefb17b916fe3b67be7f0a9,262304,train
8b05c854cb323ef127db16efec6580c9,25986828,train
b3ef56060e45c216cfdedd68d05246c3,23513349,train
1ffa4771d9592f8404ab9df466a07ac9,20821284,train
3159f4f7cbd05e2585585f50e5b2ec70,22151696,train
8d33e6cc670ee982c4504f3adcc1af41,18003300,train
094128aa2296177cc545d04ab05e7645,16099190,train
dbdffa68998b435336f9fd3e5cd6bc30,23513349,train
179c37e7e11accb1c5daeaa14c0fc377,18003300,train
0077ebccdf45c37812352a3cdf4b8d31,22151696,train
b06b4fc970a59cc4d1bfbf0021cd291f,13530012,train
c46a481b966f2ac6267e1ce632c30421,25877517,train
3539dca16f262c0bbf302b3b090eecb9,20613761,train
d3ecdce6c3ce568c0eebfa13e74d3ca5,19351,train
14956ae7a80b8895eefbca67fdd183ca,33905090,train
24d8abebc52847b9a4630394645d099e,23513349,train
843313fd944d6f935aa00a9533a82397,6295,train
8ac071d934358b3f37c2e677978fdbdc,20613761,train
a8eac087aaa4de11203eb9998b29b3b4,18263725,train
c20c67c3731d18552fca8e665bae0284,146548,train
64b27510c00e76cbfb604354aaf3d021,17707772,train
2030ae298532779d3c996b3395e4e21d,23513349,train
a7cd2f2c7c9da9772bda76d1fd587e1b,23513349,train
8f21a5c75e40cdcf11ba0419fdb413a2,20613761,train
c34f72a5abf2daaee96c7e736577f0ab,34080,train
2fe52447c0b7b5689a171624e762855d,13330670,train
c38cb8ada67bb76237ede91424caf26e,6897011,train
c1a712222b740cd017741ce767d9ea22,53111,train
9212ade0709c25fc542bc350a7145f66,18222724,train
fa7be7e35416c8c657a5bf51ff9ad24d,2470643,train
b6c3e97b06c29a83d0dc6eb872900b69,239229,train
7842d431f74665685a8fe075b5495b5e,30119,train
3c1fc1901de52086f3637899728dbc43,22501980,train
040c37d48c3530a5f249fe42f0b078ca,18263725,train
3b53774f9e03e06430e6711205b24da1,30119,train
3e10e0238124cad4169a099c9f8acb89,20613761,train
07958b3a100b5877ea50948b3f67e2e5,13376363,train
9450b91317cf0393bc9aff01a20d6ed5,5931,train
453e0d57f2e2720a643cce1559ec2a2f,5932,train
c9637182876055364769beed481dfeb3,23534,train
35d6c5cf583cd15386c43523c708e07c,23513349,train
daaefc6b38372c5438802a5d2deb97e9,25310356,train
0e281b0fc75af4387d45afc1cfc28d50,20821284,train
d5839e1efe50c96e1bab2cc9f1574fba,18003300,train
cd66dd48652d23720e8440b9efb91af4,33004289,train
7164f738d220ef39125ee07ae3d3301e,25897953,train
afc828902c95d1cd0b0afd6e9c5416bb,25877517,train
14fb552d0f8c5fc87a7e98b16ec7a592,20660824,train
d3447d352ed42af59c3e9027ae7674ec,58098,train
2a71756a2317473569dff0f065a2d085,20821284,train
a3a6eaf0229c0e29a472291ee3f59136,32334098,train
2d946bc4bbea7657f08905c3a2208c9a,23513349,train
4eaf6186f27831bb7a33192d96e4608a,25310356,train
7299c3693471fcd531d2d8b55cb41460,32942666,train
3a584d5ad5cca0d3d6bd64dfe6091a46,30075802,train
f94e96b5639b5ba2e52e59c52c8b2da1,27245634,train
ed01da45b5b6fd2bf91ea713f6e968a4,24874319,train
98516dc71bf16af61a4a732fcbbe2e1e,24874353,train
781113ec6d8f82e70ee2a1661e47e325,24874316,train
2e48b29d7d3e1cd7e3132b768e684d0d,24611612,train
24b9e71c21fd62a63d9c2f0ba75b666d,18003300,train
58169894dc2f8cfa567b940e43b76296,13376363,train
6509c9992fc4ee39087bb08c5cb336ad,333706,train
7580bb258fea4bd0af9f621e918146c6,30075802,train
f31abcd42dbb5f6d47960858a953425f,25986827,train
6f3098d735df51c1da5f0c2bacfdda7b,50453,train
495d1654fe33e1039890e043c3fa689b,30325231,train
1d7dcfd572c1cdb24e04ff0bd1f3f46e,20613761,train
5abb99aecb67c91067acc7a02f6266de,13588404,train
fb4fc41430591bcd24e9d79457f4354f,23513349,train
ee6e13f806bb87a2e68622c2b2b5f233,24611522,train
0def4a434b72c1c997ed6d1c3449774d,25330489,train
f4085103590746c092979307f23d2045,20821284,train
5f0263fa67258654fd5e4f5ebb914e38,15645,train
b69d6cac78faf506818ee66bfef1164e,30075802,train
2c4a3e478a1e80d889f138d20cf1ca46,395090,train
a875b2ee1964b5750177a1b03092d368,1381,train
a95cc3690640f64d1c2ba38380c1f382,763508,train
6a1893ae1a98bb9d01ca79d18efacc07,8411631,train
6832f425665e4db05e4118a8aff2152d,23513349,train
f46196750fe24633694508a4c5bf8e85,6295,train
ea9e2357dc67b0942f39c8c7cb928b0c,1724365,train
6fab144e5dc107c8c8a687885e25f1b1,617495,train
4866d882d34b0d641fa2e346f14894d8,1384,train
fef2352770d612d2835d199d2ef28bf9,23513349,train
71e58bf4eb1c276ca88a78b1a36f71fb,25877517,train
e450d48523520bb149f4c09b14a2d35a,23513349,train
85e4516563f81a56020bc1c11ac7da09,10843755,train
9f5c4258f2c4f8f0427041cb88bdb285,18586895,train
68a069c3aa342baae950f20574c24f8b,13376363,train
fb3a2a672e28df924aab2859f9305538,18003300,train
89ef171aa9f9d65c9bcb3b8868c4a8d0,29059581,train
7295aac73a2e1abb31edd215e597102f,2470643,train
6f5beca53ed33f7228a3ee7a19ae200a,80410,train
e3c16bb466f6b366de95d8450aec7886,24945396,train
1ab6c712434d6dcd082272ed4fbcf1fd,53498,train
ba301d64f6b5c9748a4a1041b5ed71f8,17646,train
26aa21797115294ac4e8bd5473678909,18585282,train
555d6a471ee5976fdd72c26cc6f460cf,23513349,train
198effabaf582e44a47b6d5aa269ee7a,293918,train
cadb867d33348ef30249496d07d542a5,12914,train
4346a9aa12810059d99388c0860467b9,203310,train
5c231e4c612b83d5979cd1b0fd0c1897,30075802,train
25ebb4137f26e688054f478d7d149c79,18263725,train
7706b98a745426cf013255977924bd2e,8423931,train
143e32a562d8ebbec162b6fb3d9d9937,25877517,train
1562f10abae6f1dee4ac03ff202451fa,23513349,train
6fc74b5380dcce36d5d7f439575d2aa8,400723,train
58e4f49df9a53567cff51f973037da14,1724365,train
aee4e0305c28d9b6e0c5af6cf1856460,6295,train
07a3cfdbcedfba28dc215c62482cc089,400723,train
2908e3311cd302516cbf87ae9f1be076,23513349,train
c89b1ce155cd0d8ffa3733640ec9d792,23513349,train
034c122b00f1d5bbe73b843993673e60,34594982,train
ab5c85d2d93a5ddce640f5fedd281bac,23513349,train
75278cd4b1cc68eb567feb856473472a,286806,train
a99411fa54d91bf16c666d79565a7e04,93405,train
5c7c8c0e5964d0e1d00cfacec30eaab9,30075802,train
1a2bbbfecafccece8c9be43e29168e63,23513349,train
bb3edb6bba11b4b08d5ad356cb95169c,30075802,train
8aef5aced1b719a6a806787c60e48a8a,13376363,train
d8f0e20cf553640e0a6f61d76f72362c,76546,train
d88d4b9273c62291e79cdb3ff58c3678,34594982,train
9290a00f3df9f35977f8054b2b46d79e,25986828,train
5c757aaaac045a51a56d0b8186beeffd,13376363,train
b4b3d842864ef2fd5bdedef5773f341f,29358559,train
737fde7790942c171bc04b31c1a19d08,23513349,train
0040f42625fec4a42928385aa450073f,13530012,train
89857067a3a6f553d2addab4e6d6de56,262304,train
097f12cd093c0245a5bde0c17f62bf23,76546,train
accff6e39d984ffddfd358a43c95954e,13376363,train
97ce5e618e33d683a213233df97065ab,239229,train
32d217fedcb2184ebed03468358b19dd,175038,train
ecf2cc74b14f0d366c516d47a403be85,20613761,train
44e9e40363d56d2bcf0d40615308b808,130403,train
a1a76f1251ba054364193260a9da04f7,18263725,train
9d1bfdca480032bea80662ab133c0404,387812,train
3ce99d2d888bf0e8a926314914891421,20821284,train
3ca6b6706cab8e692148acf95229bacb,20821239,train
fed01c9d5b0a3677dd5b7d3dde229fa6,19288242,train
e91535dc872357dbd8f71525a27af72d,6798263,train
bd30e420cd3f821405d16ad42eb02004,313277,train
3dffb08ae21f9481eeea78565d08a346,13330670,train
dd1cbd5c170c3065ec040485c7883845,402128,train
47174d0e67c741169708f41c586e281b,14553840,train
e133cac59f42a6577d32ff742b49963b,96259,train
c8b93e0ec8c831d36cd95edc8b6c579c,23513349,train
d5d451154af8e3944ebc1cb81cd32504,8744427,train
60f3138169248c9ac5b03766e16795f4,15997,train
63f10bbe1827c27ae16c31c07bf8e367,12914,train
37e11d580399423abf4607f365eb204f,765427,train
543051207c395fa2081352de08f178ff,16075147,train
7b4e5df7afde60a8943e65baf7490ea4,23513349,train
88f8108a7e6ef208ee18da83a32a8735,14553840,train
00889e1fca0a6c3d9e4e14c800cbc452,23780641,train
b8c67962ecb95ccc7e0df071a039b23b,28818619,train
b7ed78ba3fcea01f791477c99819baf7,23282006,train
05f2f3403b610d189c11ab7f755d2534,707569,train
5f858a19b292a730b79ae90bb6c33148,13376363,train
bfdd7bcb3c4e2b43f8f33f1199ff0eb9,22151696,train
eb95feeacce3dafc87ffaca9f18bf1b3,30075802,train
e3d91caa9cd496eb58743faab3f002ef,30075802,train
876ff26ea950a6015a885f10a451f31a,23522212,train
ad36785584bdc0aad099e3fc6a2aa9d1,25330489,train
14d015a0df8a1d377f6d6702e9cbcdc7,23513349,train
91e616e0f71d0ef34042d7d952b87441,178959,train
604f5061306c9ac73e6ba04b778f722f,175626,train
7473d732efba229c5ca05b5f8b0106d9,25310356,train
37d99048e8769d66dd16445265ba80d5,763508,train
2b307da5479280bb198b397b4d77951e,33004289,train
18baeff2d21a388d72badb0a31f65bef,20821284,train
d83cbbc3496998baf490f5f66ad51c41,18263725,train
420538c049653d307a50975380eea289,30325231,train
9b004e2791dddb81a4feaba115e163b7,28146064,train
384b7a53a1bdb67d10af588fea6eaa4d,25986827,train
fdce57693b71d7ba79b226b474e4e2ec,91571,train
ed76c92b7699e1761832cf73c7615a78,18263725,train
c5c6602700e5cec0dcfc42665e7d6995,957696,train
d4a75e02e8252a0aa37adeb1c8f9a6c1,6328,train
d5b8b6dd3da53134276f9a6895bfdfe7,130810,train
eeac5cd33bfe45d01d2a9f015513b2de,80410,train
8afa6b32822c7787a99d663d00a65284,1381,train
296621cb90ac8ef79de144cdb4648226,23513349,train
dbf2a695745a5b7cd6038c17008d7234,18003300,train
7a30e036307bbc709fcc700c8e25e5a3,23513349,train
fc28b5b98f8fddc6c5e45d4ee012a430,118389,train
cadfc5241ac010b9c32506fda21e4bbc,30075802,train
b92911a9a00ca57f2dd88c08049922bc,20821284,train
e382dd8fd8dfaf77de10d9483da83d33,20821284,train
f7701028802b2e6f82aac865c6449110,46199,train
4559bba44500a3367147115dee535711,13588404,train
817f4ad81cd235cfaafd54d2c14d9680,23513349,train
4de7048e5457bc269110c704076e289a,96259,train
c3dc5d6b75d82193dadfb841530067cd,18003300,train
d183206dc906753ae1e9be0a93919a46,778310,train
c0c633b1ccabbc77135b78c575d350ae,3347848,train
050a0488b4b4d55b91a2a55b5162504f,23513349,train
622c835191b2871866e0ae9b3ea511d0,50453,train
2ee887877d92604413e0b1be747b55e3,13588404,train
8b1dc258c4870d0b29b97b006624a128,34080,train
8fa5ff199fcb2fa31bc416de7003ac1b,20821284,train
60764c019d964d4e6a37ae0ba06defee,17707772,train
e6ca9d8f46bd1a7ae751f8b6b02f2d9e,20613761,train
1a70e9a7eed4b97bc5c760be211e17d4,30075802,train
874a1323c7811a36114c632bf6726cbc,20821284,train
278b928633c8d1e2bfd2dfa30d27d1ae,28818619,train
080a0abb8fd99fcd78aa630e6e71c5e7,23282006,train
5be0df638cc8fb4a94801da265887235,23513349,train
20a178f52f7042b90b1c30f2b8386dcb,778310,train
11357c698a0350504a2e8afd06c11526,1381,train
4029d9817ef187f7eea41ae8fb1a0f00,23513349,train
a0573e98cf4cbd9d6ddfa78a91dec72a,29059581,train
c75417ed93b7cdb1fc26945c7501236e,18585282,train
a69081f89acc264e076c7171e1d1dfe5,30227846,train
c0c32cf4f309f04f23bafb4318d36a75,29499443,train
19500fe65d4f47e55e9cf25ad1fa6bb9,23627418,train
a8a64acfc65135585dcd5dc11563c3ee,30075802,train
23e5c4d393fae6fda105a11255d7b721,22151696,train
d5cc969e952cb138c4fea06107ea8d56,27494,train
fac8a1d6e7f5a665d8139ea29042cf5a,279221,train
744728533e220a4917a7a8e080ac0053,24945396,train
63ac0e19b7de9f7c03424fe2ac221734,46199,train
860215dcdfa45765da5e017f33615f5b,395090,train
e5030e912c5acbd4ed4f3077761f4194,24611612,train
02c1c1093261ff85a89e1872769fd689,1381,train
6c8d94b4ca3715adb591e942ace45dc9,146548,train
6af4d674d1fca95d03e6848bc76e5bc4,12914,train
4f2ef07968a0e4ff8517d298fb345f44,6295,train
f3ccfcd6a5da82a7bc03c4313bdd6c68,23513349,train
389ec7dcb214e32becd4b97748513089,10843755,train
2f710cc91557b1eab4a6e27a1f98dbd2,20613761,train
8423dbf5ebb0b88a7bd6e4c82d38f033,23513349,train
aa7614f235054816c6fa945942976ab6,32294975,train
af16f28414f063d27aa7f7920c7e5cb4,25362908,train
8ee1a1b51992fb7fa09b134f7cc3016b,13376363,train
599d255631caa8b449656e80882752ff,132025,train
4c74766dda8265b5cf9a877f3880dde6,99275,train
afd4ba3c05cc8ac5609095b901420432,2355014,train
dbc67fb8c5b719c90712638a09370250,24874344,train
8775f77cfaac22b4fbba7c07a4798db4,24874297,train
cda62b248a23faeff779e27882d27b95,24874353,train
0031e4503ba8783a76e95b62d119d78a,23510851,train
8d25a411b4f32e4f04e99528ff40086b,24874309,train
95f81e5b7f1adcc8b7c31196ee07bfab,24874450,train
5160edc97f742432ccc0647486c7cf57,293918,train
6af7473d9a5b3ed2f42d229c913cbf33,724371,train
f590d9bafe6b8b0c1f3cb33ff6385f12,24874359,train
d6ab7ab01d5be12a37d572f9d52a771f,24874352,train
d89134cc468a75020da95427d39bda4e,24874316,train
42dc26759712e4e1904de3fa0480daee,24874319,train
cffbb08c23b011f96a1919617c90bfb0,20413,train
124da66d48f7900ba06ec5d52d648a4a,34080,train
3fbddab846fbe58e809b107f6f4af321,24874329,train
80f4cdb0080e64c17586500b5ab1e865,732562,train
cce49dddfc669c3c4a02db5955e03422,23919,train
838ea613280a2e822dfb3226e176561a,1329726,train
6f4801b18c8eaa2f264d2e00113cbfbd,18263725,train
d2db1a2a5374bc8217837f52efbfd3a8,24874344,train
0176919cf902ca02884c5a425d075f20,23513349,train
0a94109174e0c7e9a30ab58b75b33ada,25276818,train
d9619c1905974fc84b849b134e32884b,28818619,train
a28bb9050ea3a0a1e07b2cc6be1734a3,17646,train
e0c83abce72ac22181cc366c3dc05cc3,23513349,train
a268221c4846ac343fe0ecec5ce0a15c,118252,train
074f9c24dd1970503803e6538edd5415,12381,train
895e50ab1b85cb2e01bbcb80d98d8983,94578,train
f430c5c73ac674c692b988e5cc19db4a,23513349,train
e426db6edd1e4f944aaa80f399a91cc8,32148213,train
c11be4e4866f1f218ad2c002f69c58b8,1432,train
d6be6887e3bf8184100a8f633ef5c5db,15645,train
70a86bf2a4ec393cb2eb852278ff2e3e,23513349,train
fd4881ffd81fe8437bce9866752d2ba0,15798111,train
e060529a9ec5a604498c8fb8ce93e6ff,25897953,train
5566944e0640565c1c625402abc8172d,25986828,train
0476476cf3f81e0ad0415e59876cf1d8,15798111,train
c7fd46b3b8541a544747cb4977526449,13530012,train
a267ce711cc3e2977f9e294e1eb1b9a2,8423931,train
e5ecb19d7878643029cb1cb123da128a,13376363,train
30691303e28cf71d878dfe53b00e7a71,34146688,train
aef3d179139fc735ef89b433a52d64fd,33806286,train
cf3edbbd91ee36fc9a32047d77ab86d0,30075802,train
780db73e22b922eccb155ed6c35e0406,23513349,train
65941a3a91105c6ad595a9eee102a967,23513349,train
b0afe14d40c57dc966ae14205e8bad01,5931,train
8c6dcd7216e2460a818432d320baf6df,20413,train
410b188e57e98f8503fc2d901ad9bfec,18263725,train
a923b17536227322dda961432209e0ba,26599,train
51750e39129b9977232fadbc6ed49390,23513349,train
cc3b0b3c97fa3a68a33a3de66f0e5dfa,23513349,train
45979e159f2f21f9e5b162f48be237a0,30075802,train
f5b7dfdfb0bbef0f07639c80b63df3e2,778310,train
747d8213bf2d5b60c666dcfc849b7fd2,18586895,train
ab307905cf6963da302565c22f6ccff9,20821284,train
06cb219eb1f2c0c034ed09bf7e430572,10843755,train
78952453f5f8ef4c754a206f24a47461,262304,train
b4f12f3a6f1a8d924170215bee17e3e8,29059581,train
1b9df5d6a8d01a0b70c9197d73f3e736,13376363,train
f8c28ce113b96bbafa4b3fbfbf3098ce,46199,train
bc60dff09649a4c14ea97c21d0ff1ab8,33208115,train
c74d172256cd456011f281ac97f02133,30075802,train
e83b382652ce654f4e3366891855abe0,23513349,train
6dbda0b372244b39c9187bb0855a6ebe,12907847,train
a21c12c6d734955b85f0a087490d0f1d,35236575,train
956a52de3d83a6f2cdc43584c4798ceb,33806286,train
a3e48472428db1d0c43408abe9b90757,33166902,train
b73d6811ff4a203f0d2063b145d8ca5e,32307768,train
e2ee0e8fa99aab9fec2bf1f34d68263c,19519461,train
d0d36989d77d601974af0f331963d973,18051460,train
016d5524ea6bf2e01d9848211c173235,24874450,train
37c5a12a8964edff0a688a5fecf07e55,24874353,train
c8f2d1afa6d9a1520c72e774769a5475,19152,train
a185e54adc723cc2fa6dba42516d14d0,23513349,train
a10d14df68ca935f86f9b359c98cff5c,25897953,train
e72ece479f87d011f743cc217ea62e52,18263725,train
4827aed190e62331b45014f47e2faae8,30075802,train
3500f8c70805a898ceccdfef9d18eda6,29499443,train
7bd1a3f31c75e0361a235c8e6bffdd74,23513349,train
6ccb8e892e07a445f2ed2284d160ce0e,18263725,train
6d817d051960ad580d9e45e2d6fca5e9,53498,train
fd7c437d55fee4c0b3d990c01de4219c,26114444,train
11094b83feadfd18321e8caee67638de,26877039,train
a99e44b7d4afee235a7cbb9392ce3d87,15645,train
694af5f3b337fe2561b4656d1b90a13a,1381,train
50fa58e217da20cd725b140513502f9e,18263725,train
b28ee607d0934e5720cbd53f218f1b18,239229,train
7dc935139d2ff8a13f44e550a2762e77,20821284,train
391cefd4c100d8e9da06776756a78d13,23513349,train
275c08acb89958cdf79946ccecb2d632,13376363,train
5be1507791a0bc5aa9a0bf72a7327a26,6798263,train
dbadeac8d827c76f9e84a8fb613af5cb,23513349,train
f500d800485e3517fdce4c2b85a4b7f1,30075802,train
d8cb2ad3df8f730757e17ec17430f3d0,30075802,train
258a3a3b743f391fb5e9b628604d6ee2,23513349,train
8e19f089c8e6f6bbddae28dd2578d11f,18263725,train
8fa0a987c9cbe0bf0d77c2ba821c7dff,1371,train
eaa77a6b3882aa76be6fba23a21b4a2c,20821284,train
f7900098b3dea91398d2fb0ec3570ce2,333706,train
3138367de2ec89b750ef6381408996e1,16099190,train
27a8b85d312954d9771d9762cb196d51,22151696,train
2f6cf4679812dbd3913ebf585aac144b,23513349,train
9d34baf3bfd2f899898c99f7b1a676d4,30075802,train
7e133a5e237eaab9805741de5abd96df,11904233,train
d6d0e11c9fdd9f0fc89f06c18aa8cdc4,171547,train
c0115bd2912d6c8e6c613b49084b16b2,26877039,train
53238f7026966a49c97f8aefc3b31b58,18003300,train
611f9c2b3a15a1c0d3d933945e713ed6,24874359,train
996adb081d4db1452512214eb226f9b0,25877517,train
b956616a6d333deb2eadd47120d528a1,23513349,train
778bc329914155fb8261e371335b1796,30075802,train
67e2819b4f46c8e10b45cdbedb874ff7,304079,train
06f27c0288ce008aa4248c9cb404996e,86560,train
4c2f263d2ac61e516fd252c71cd5a696,1432,train
21acfafc00261b2f48c511e321271108,23513349,train
e6fd4246414e659dd6004eb57db027b2,400723,train
a0f06d3d8aa70f84dd1f75947bc079c9,32894545,train
1d2f82f4834e12203da4c743b48c0db7,34594982,train
c08ed26a90011039e7d7c97076ecd279,30304222,train
15a37270d9e56a7a689efa209f78a398,23513349,train
446b8f05a2c4b15f73a334ae649c6cd4,1381,train
7a0db0c1ad873593849a8a683e031de2,11339,train
b36c5ea182af1721c9a042db369ed7b6,20613761,train
b60b9ebcc6d341e66c7d247e64dc0e0a,3109162,train
9371f4837b3f2618576a239a0a9dc2fc,23513349,train
7a87461ba864200f0e4df08f17261f90,102908,train
139708b036152640bff26c3ebceeef6c,46199,train
3c5f7139a320bffc5f4d5d90a291f46d,13376363,train
a92c2bb6f91ac5c1b3341216f07a971e,30075802,train
14bd718889d2e44cc96a0d29aba2611b,86560,train
5439efd2a69ea325283ad59923aa136f,23183,train
6c663c1e69d31b154b172f3fbf5c54b2,46199,train
b0f30d5c052ce115d3483e8ab97e1afa,29499443,train
26455eede44d10dee10a86134a9252cc,23522212,train
3596985a31fcb4920795ca8bf7aa5a77,30075802,train
9d41e30a6fe943aa0fdb2992a0b5b566,30075802,train
36186ff07b46db0d2d68ea8b9fbef0fa,23534,train
7a918adedf8f14bbc65dc8987c5ac4f6,313277,train
645e9ab4052d34d4548a0b46c20f69d8,102908,train
be60fbc29d6edf0515663e95c8714615,6295,train
ff7de8dc6d7c25e985562b8dd3930170,18003300,train
48f7269a8ff933b9e594ee560cdf729e,80410,train
ca0d730a9642794f88b58af614f8897c,130403,train
0cc6133d39b29281aca41b510fd9ce66,1371,train
9947407dbd2d703fb01ee7665ab654b4,333706,train
a403a7a15aed6bd6d428132451f619e2,18263725,train
e5cd27e67878b60900a8932f920bad5d,27494,train
530ea226ba91ae720cea9c7e729c23af,22025587,train
0af24b2938f32d8013403de2f2735876,22523971,train
75957aa37d83528f24d8bca89c22e589,15997,train
d1017932211a449aae8083f414683c10,1519,train
c2323b7e06147f9af2f2d20c46974500,13588404,train
30c30a3d05ed5e348b8e6db8f43f0a1a,32894545,train
3e9fc5027da5090a9c739b882b4bcba9,22585014,train
243f930a862a1fdf1e5e23b96982c301,30227846,train
3367d5d5b6c027608d21560aabf94a11,20821239,train
89e37d01cfdacde0f9c470718b1866ac,24874352,train
d755fe76cc588bcaec80a367c5c57868,11535502,train
146b15dc8bdf1decfa3066e9b2bea4dd,23434371,train
67e6494166befa6964d49d66b9eaac3b,23513349,train
b170c7d4771db93d2b3ff9f447d95e75,23513349,train
37d04292c46804705a0c756f39390f47,30075802,train
302b1c28bfe31e54681f3ceb7887ec18,22151696,train
f1d5d087fe01eabbfefbb51965add9e7,29431081,train
325bf36c779a591ec1812cdd317e225c,24611612,train
71b053dee4237b032a666fc155b76935,23513349,train
30c322860d2524e43c514707d89d5c78,400412,train
b156b63bab50d1f2201e47bf79852771,262304,train
9ddb2b004b3e3454ab1890cca1375ef1,15997,train
385f9c08adf1260fd73c9babe1fad6d2,23513349,train
b6723edbfda9989f58c1deaa8788a1be,8744427,train
9d5eba425c36f1d674a8b71cf1c60f4b,8423931,train
db21f5887fd8c1265ef7ead2fc163ad2,27245634,train
13e612e81581389a9b127b63b65f222e,25986827,train
6ef833e8edee4a21aff5456b9e0999de,80410,train
87d9e8e9bc92631147c3815a56283d93,12907847,train
efda32e9f6439d95b3a1463da040e732,23513349,train
68fe5d0a194858ff77f2691c59530348,20821284,train
1185600463ba24710c837daca7f2f845,20821284,train
b05ec56494abb9db3c6578448052f762,46199,train
9d1206acfec78e898eeeece9e54a1058,23513349,train
0bd955f7fabe387b849d09bf5b36f8be,15997,train
efa2f6b686386f7fde18d6e95429e944,18586895,train
66f626e7d590925da6caaf6cb94d9f7a,33837404,train
9a816b1289a66695f5f36a41b3f3ad40,76889,train
160c8261fec2ab1192482ed95db2dd11,23513349,train
308d6428579b57a6ecf97cc4752f850f,112204,train
733d936cbeafcdd8bdf47390445f100b,8423931,train
5fe0eacde0b4d3d63454427676913c1b,25310356,train
efadb8a6fb046881775272c8dd6187da,30075802,train
144a583a7de05d9cc615c37fd2a01b96,18585282,train
643d920664d0cf263bb310aa5c760e1a,26877039,train
91b8d86e253b2529eb57d01774280759,23513349,train
6e27d7319466c06a23ae293f87e6f2bc,30075802,train
26dcd28b7eec944923a43e984c8bfc9e,34594982,train
c1399dc90cf1c455a7af0af5777f68b2,29059581,train
5e55c5cf0b45535e4154e47c14b8041b,151809,train
aa7c2cb9032eea9d69aea545be383b30,30227846,train
6e76079c629c3131bb1dd57aa821d91b,23513349,train
87107d4a733a06de6dab58b2543f0b7e,765418,train
1ad4584f97f02b46c5c0599e20a8a25c,765427,train
4e3de5e71410a76e0b981280150077f0,151809,train
95628a1d9df228dd4f45bf098a4166dd,30075802,train
631abfd917b1e5bda341bc2dcffe25c2,27494,train
f7944aea2a88b141a8c83ab266363005,20821284,train
75acb10dab40b05acb8b80386692c86f,23183,train
c0aa1fdeb2490bf3a73b798c495d75ea,30075802,train
985bec523dc7289ab98aacfd79e4c9d0,29499443,train
0a2e737a4481883e611b17b753e13b28,23513349,train
0c29241ad18c99c988fa8af2a928dd8d,18585282,train
8b2a4f1e0112cc0840be3f2feb903018,13376363,train
16b59417b493be16659a397a19a42a4e,11339,train
1662dc5bd9a9c35c1bc07e51049d39e3,33004289,train
d4d0882a50d9d2a6d537748d13736522,25897953,train
d2203c03a7da23262979689a68fc9f78,18263725,train
54e67eac2036f9d00a6070939aea3c14,23513349,train
d03db0a788aecf590843e96ef0809bd2,30075802,train
312391540f9ce2a3b8466a336e127d92,23534,train
29e5ef48f1653fcc37b852d9184200b7,20660824,train
89c6c1d74a47336ca3286a0fa854a070,18263725,train
f0d19bd2b2dd00f3ae81b302b5d2d0dc,23513349,train
caa64568e367e186acb8e9a8cc45a9ee,3049,train
708a2d36165a1571bfa00efb158c7eac,18585282,train
bcf5cd78368ff8c4011eb38d7f3e7778,23513349,train
9c7d4ff29332018972e47825b91335d2,499933,train
54753b27e9233db273cba1bd370e25b3,333706,train
ebd95cf478a7ff4a8620f29543010a61,1371,train
c83213619dfdff951558588dbe45ec8c,13376363,train
98f357a2e523f718beb980cbe7292c7a,18585282,train
0f1fb0612bc24e640770649f2e728127,27245634,train
2390ce49c98fdf55250b04311e21b496,23282006,train
c0305dad5ab9a93535b6400e59cdd67a,24471629,train
fcfb7bda7a806af83b1e3fca99968a0b,23513349,train
d20b8554710abbf431d09db2a0035838,18003300,train
a76afab73ae27cb233e68e282c766340,33837404,train
86fb605ba9f878016a0d366c93f192df,24471629,train
521d303ef46a793eb2ee78b929b6be87,30118,train
909a54d16f4b2eac77dff2fb78f38614,732562,train
8d348dc5bf4aece648cef90c49caf733,29499443,train
02c18f4a14607f3463dfdced85a90d89,26114444,train
bdc216345e516617c48bb42e926a83d2,6798263,train
56fea05e47d8c460d6432ba906b35f48,23534,train
25d353b32a7a75477f9cb7cabd52cd4e,133380,train
8faf40483903c4a5ce823e86a39c3c3e,23627418,train
eaf6435b6f671f926f0ee6637cc7e9a7,22151696,train
c9059fdabc6c0de9b8ec2a346536d95d,30075802,train
3615a3abe5155739a823d43a37d44b31,11904233,train
a727007775ae984a75a2c54c54e7942a,23513349,train
d11ad6c2aa5f994a753991d48a2c4031,18263725,train
43a160c92d28dd4b66997c075a04e049,46292,train
724e52a1c89409d15b72be079765d452,12379467,train
557a23cdb6b8201b45707780b6c3b25d,96259,train
480d62f459ced15a0ac59e17ed27f150,23513349,train
c8b277370d088b7b26bedc50051ae182,23366732,train
4001ca8c21d83727cdac86f0c1dd0de5,23513349,train
9e62e3ce75bc384058004d6a8dacc914,23513349,train
a4421e3654aee8c752eceef64ae868eb,846491,train
557a413489b71a1f3cc4559fdcc87dfd,67376,train
a38015bab2079b6d4407fcff83dd044c,32334098,train
d70aaa75b566eae57243abcb4226a9bc,30304222,train
ecc85a7210fb468c27cea4b2211ac5fc,26599,train
b5ab264fc4d045e57d901b5c2db080b7,96259,train
59252dafcbf0324934db810509c70d82,6944946,train
c0440736a806d90d96846674037ebabd,18673996,train
018da56b117e84620f1e2c4dfe32b5c2,203220,train
82c37e8a4547dabfbb0913096176ba5d,23513349,train
0287e42fb10bfe26f5aa60d9d0935870,23513349,train
b4a85279a3062d1d4c7f731c9ba7edae,12914,train
024e77484993f8db1e65a5805ac438d5,1381,train
2929479ec6455f5cf3ac9a65ff435f71,33905090,train
1a5582cad27a2580ca8201c2c6a6fcbf,25986827,train
82cac0bf36017cc69cb4e617367216e4,1432,train
262f850825cb3202f97adb8506a4766b,18586895,train
787e6214180d2e87d0b658728c025f07,30075802,train
33e18ff989b4e126cd117470045c3474,80410,train
ec2fd7e23b26b6cbfee98a84b31fc7a1,22585014,train
db75d85664c84cc20f17a91e6cc120eb,23513349,train
970bc50ec7382f5570fc71b0cb573d13,13376363,train
38aea579fe3107860bb4ec6709e60b5e,18003300,train
5a83cc74e180d611c37e328588713243,30119,train
d625a5675efc55fce72fc88e199cff73,23513349,train
477ea8c3f9ffddd9df2f41dcfb39555e,23513349,train
16a81fa29ab4a3576058e456421a49c9,23513349,train
c377654bc419d54b3adf98d0c5812f58,30075802,train
9fb9c7d8b0c1af9e44572c66ff6a79f7,30075802,train
90176f502ea8cf31727ba0f396b0f206,11904233,train
2df5d33c11ce5b3ac53d79f6248c2b68,2544,train
cab4785bb70da9ef1eca19cb32c2dbad,33208115,train
34b5561b4c8eb261c1919914d94d9b32,31443393,train
c67cebcecd2c3dd09c746bf1f40aad73,27245634,train
2fb50ea3e8931b78b5295e6ec05a7e24,11339,train
c20a976923c5fd7d001d5d49b128cf24,23513349,train
9dc8698374190c9d59e5c65e581c28d6,25986827,train
fc3bde24045f4b1d741930cd1afac2de,20613761,train
5310bae3168eff588b66889e6bd77c70,20660824,train
8a4b52d00ce748203f1a89ea9033808f,313277,train
127f102f01ae7592619eb812f6828cef,22151696,train
29e499de9589407aa073d188be10da5f,20821284,train
0b0e1945408417c542dd09ce39da2bf3,23513349,train
88ac70614662b42f08bb2903be68cb94,30075802,train
f490527ec72aad41b17ae261b96a4ade,22151696,train
eefa0296140ed75110ded3b06f565c4e,23522212,train
a8b54221f75cba65d85c794c10ea2d23,24611612,train
4a154c1f5d78f4c7f2f8cc99f15b0b1b,1371,train
64347cbf849ffada978b6eb766e34ff3,1381,train
4db848ab70934d9e8d4779f753a0859d,33208115,train
4a9f9612bf3f9c3aadd56493d178e75f,32334098,train
10b1adcbf87caa802b39cf5b9b3cd1fe,20821284,train
9667dc69dd61e23325b9a366a7984c36,67376,train
041b700f408cf44f42d632f60e0045b5,67377,train
ea03dd356e38acae741dfb7735f5df8c,304079,train
abcc9db9664bb97f8136feb8fe6a5714,46199,train
afd7ded87e65d2fb4df3a30a6342165c,3109162,train
36a32351bea21719f7df8e5e0e310663,30075802,train
71f49f0aa1a1bc408c4792f8e004f678,18585282,train
5a2d58384961dc6a3d1d7e8b8cdb6306,23513349,train
c38926e7340f76dc9c3171a582b17df6,12914,train
8dcbc587691eb51aeb31d03a9e2d9047,30118,train
d2d44f4d61512524f6e5b278e0a15d2c,30119,train
3fc62636263bfe2deca0505be712b37e,23919,train
38f66ede296860d07322ad133133c512,1432,train
31b8de9f78e9441fcd2c4f1e63f8dc63,33208115,train
8365fd87c2bcc4e21e930633d9930b5e,23513349,train
854d30f52f69db4c0c4c0c9a8db0896b,28146064,train
dd7c8aabdd21008213cb9054c7a2df3e,18263725,train
a30d696977398c5b2b01b09a7c8167de,20613761,train
716f617c43945c6115bbdf895b90920c,30075802,train
9758323d04b5a0594c12ddf3ab3f28cf,30075802,train
76d14fb1f58ba9c30bc1b217c2e33bb5,22151696,train
2d7de0faa3be2d2f4c27c95ad6596caa,23513349,train
0e80fc6cb647c83d6a7b998ba9b3eb9b,25877517,train
5ea82f0229b1a5095682f4b431ac9362,239229,train
7c8044816f07dad48a5e785df3522f68,23513349,train
a86d40772a9e74c6fc9d63bbeba0c0b2,30075802,train
4a990b833278c0b8685519e83be0f09d,23282006,train
f847ae16676e36f3d90bbba512ec6ff1,30075802,train
0067ebe2f054bec4e5876278ebe98e6e,23513349,train
24c355f172d1bda88863e80bf0fc61dc,24471629,train
a9b02cee38956cbef54a2448b7842343,34594982,train
e80a96768736a4ef963c0b55855ebfb7,31443393,train
188f4cb5fdbf674a8962d9c67162ed8b,13376363,train
582c8a79e8f7c09a3b615512a33b7c40,23513349,train
b4c83990e4c67ab68760e20ebad5e6d5,23513349,train
1d9d5905dcc3bb7955420ef0847d5130,20613761,train
7fdffa2e8b4aafed98bcfec1ebbd0f49,20821284,train
9bab1f85280cb6ae06ec09c69225fe42,400412,train
67d09fd6292a46762839ee3481e16f63,262304,train
e23b690d48b488a145ee63472baa9957,112204,train
e04f3f50ad1ed817dde0f5efb1a42ffe,30119,train
4678c87a0b4973446fe5b508957f8a84,25897953,train
3ea01177f715b29a87be9d9aa6068109,26114444,train
e36ec8262bca6f0d5240c45bce98881f,29431081,train
778d5bb1a0c5412f4c3aa8ba653c5a0e,1381,train
377bdd7bafa932613f723794649f05e1,1381,train
d644798307944a8bcc01ee2e9f58d157,18486,train
8cd4f6f4c7da5319758686f661564806,20613761,train
8481cf98bce5b5be0da978dd04462f40,1371,train
a3019c54f4a41d34c538e59799d50f15,13588404,train
56ce4d722a902bb4d565402de4827926,18263725,train
fa74f91fc81daebb86602e741da1cce6,23513349,train
12c3deaf48e813bda919b68eab80ee76,18003300,train
46e5d8597d7be4fb37fc45c0bd68647a,20613761,train
01d39cd4bdf098c7894605b85c6924f0,25897953,train
0ec3799f32986383f0820729e84d4776,18263725,train
28b19cd6ad38ebfafe1b255dd121e884,53498,train
9adee1c9d6e88a8edc3fe867ffd78525,132025,train
bdbaefcb11fc309526ead5e58dce121b,23513349,train
b99ea9227469558bc089e76653af9383,291,train
84cb52e01971b2042c865b01a7fc52b3,11409124,train
af4d1dd2443f13b15aad8e3d9a21441b,20613761,train
fe487faacd336ec8f9ecfbe566cb00c9,30075802,train
ef073e0638dc0ae866562cd20468213d,30119,train
6fa4bb4b12e7f276c37c784c37f03830,22151696,train
3962c7ce6420aaac9c67573744467812,18003300,train
93abd6e6f0ac04df48aa6555616d163e,22151696,train
a7fbddbc3bcc3971e5332ec4bc5955ca,25986827,train
21dcd8e3dbd7d31de5e4c0591c70722d,66414,train
8dc33ba7e5cc95043f194307931c7cdb,23513349,train
1c596f0cb9117cf7b5bb58019f1de34f,58098,train
c6e0085b08a8f692c7cda8def665a2cd,23627418,train
c097c1cccb3120b80b88c7558acc38a8,96259,train
d8e185f126a9f77bf7560ae62df96a10,10843755,train
1475490965c54392807eb35d85d7327f,23513349,train
8226fa27bca77e5c3bcc0ac69b656495,18003300,train
737563d95f8295bc7534b3e29ea0541a,25310356,train
d45ef9941498c13f016ce9de143c61ea,23513349,train
ac07c9e48054ac3e361f3ae579d97ebb,293918,train
a6c3cfa126177f1b7863151c5f389e10,732562,train
9b4fc3dcda79379970a410db0638a31e,1432,train
9ad81fb96a136bdc898dc3189065f09c,22221,train
65699d3d0ee4b652be673919c1dffa85,26877039,train
e77507383b92ed17e7a4488aa9ff6b6e,66414,train
c02ed10fa12e50d65b633f21732da73b,778310,train
4caafee9bca6199f9ef4acc01b9473dc,33208115,train
767acede9195ae78b31326786aa87855,76889,train
04de32c471dcc9a28acaa81e6a26aa40,25986828,train
872670850c85c635c68fcacd3324649e,22151696,train
7828713368c85564091e4534133e494e,23627418,train
d8a897f54d6cdcf6bd92de3e6a99281c,23513349,train
a05f2d9b9116bdd59540a6ba050cfe93,30075802,train
c3c5a728bc17013178b467ce4d374f7d,23434371,train
0b13687579cf0ae078f48d66349fcb9b,262304,train
b91fc132a5cf62e655ff8b7e302ae01b,18585282,train
f44881ee8eb290e85ff45f1652479241,30075802,train
9bf6e0ee2412b9c8293fceac4aab64a0,146548,train
521d00fa2f25bf9472e2de24aab7760c,23513349,train
c3e91c24e80c4e17c36e9195fbb09264,30075802,train
c10c151dedf2673c14312c16650cec34,12914,train
40b70448bd1a0093f40a3f2165b3fb7b,13124956,train
7395ec1a4dcace7b73b6e537bf6e5bec,23513349,train
cde5f4d198dcdf6462354a518daa3666,28818619,train
46b9ea78fcb6caa9ad5cdd42f5f9115b,23513349,train
35e72eaa7b6c6919e4af5b6b6425f521,25986828,train
63538a4ad51cfb152ea87a58c5fa6b72,23513349,train
ea1ed3b733882e64f5aaeebc49f54698,8744427,train
969dcb054bfeceef8b78ded0c995d601,5931,train
ce2bc54c058d8112d8e4a8989d4319c5,29773753,train
83fcd3f23fc30b7090c7d479e0c19410,3213640,train
a8db1791e32846955a1cea8258e7a6c5,102908,train
c1dfad97eac3f53c3b570304e089ef8d,1519,train
c6037ecf772095337c01554a3aea5f5b,34080,train
04c7b771f13e2a3413572b17fa93a49d,15997,train
af7ee914fbd38d8a6b808a5238b07eea,441200,train
37889e060f53cc0d2253daea1f6acc66,12914,train
96f7af93fcc0fd5bfad2686c7c57f098,333706,train
75975b074c47509eb1919110baf1467e,20821284,train
1d50a7cadb17f848ca3c7cdd4814dbb2,29431081,train
a57d30433531e4149323f5cfc8c8fd72,18585282,train
50e5069595e7c31d580caff0b0e3840e,23513349,train
6919df2330fa84851cbe2dd9b18b5103,22151696,train
d02b2084a3fb651356dac6ffaebd2537,25330489,train
97c98d9d4ebc2568934c31179d1dab61,18003300,train
4372f90394278675ebf8dceb21b1335d,30075802,train
7888ea53e848b7e72457526758fcdf4c,33837404,train
e1a22cc75e8fa527506b0e42fb1e0724,23513349,train
66627cbe2073170905fa62f59c87b856,30075802,train
b99b28deb2412ca0c59e9e9ed13a20dd,30119,train
19abdd50e4658742f9ac3b9a01693215,23513349,train
bce6074bddd70fbd86ac8466ab669aa5,18003300,train
8940cfc30c4472950e4a7d9b66727245,25310356,train
a253339d7cb8fa401a1aa438ffedfd9a,25897953,train
9534db3b6d8f5873502160a6c0efc141,5932,train
b5f2a687c3f11604f6d2b929d22c31c1,23513349,train
cab6406cc3fa3da67fbb7dbc24f826e0,20613761,train
130137849c4d1419880860f448b1ee91,23513349,train
1bbb98ee59c7c27c2c8dfea23a5f8952,25986828,train
615593056353f7e3288e5bbbcc85189d,46199,train
6e1d2200001775e70582f6d21f54ede7,18003300,train
b294cdab97e7b168ec9c81f7a58d201a,29059581,train
8796f5b22aa6624db8ce406b9fa7d4b0,32148213,train
6da0bb3e18766e17f8a7cd7e2e5b6c34,30075802,train
38dbbfb0303ba5f9ceb3d71790908536,20613761,train
58362a11740eee18384713bdb866547a,30075802,train
316e8bc601f99c1aa0094c237cdacd57,6798263,train
e9358f57f3898f4b498b245915249f70,93405,train
8c15bc65a2af2b3125a6cdc99d47240a,1381,train
a32a1ba893084f686df8a4f63ee46670,94578,train
70c3fe9fbe03bab0996a53debd4b96b7,23513349,train
f204b11cdfed5f9fe72ed4384ebefa9c,13376363,train
affe3e5926ff0e40ed4cadbf25ac9f06,13530012,train
73d6a65505850b6d704524d2e1e33c1d,10843755,train
ecdad0c71b8c5c92bd9eddde0189e2ec,23513349,train
451b3038818f3c61380d03f38a6315ce,23434371,train
8a08196e7ec9cc9ae3df5fe701868a21,23513349,train
af6e3868ca370c157a8773993a275abd,15798111,train
c8fe7667f1e7e7d7fe5fa895dd90809d,400723,train
fb3c1bf48914dd27ea82f5ca326c847d,17646,train
3497eba03338de0f70e16e4ee54087a6,25330489,train
5dbc9b0637cae7767612efe3512440f5,30075802,train
d420c7773dac9e7fc2fbe5918b6585b0,22151696,train
f05e6a04a6fab75aaf7f5d30fb23f6e8,23513349,train
232fb554ade7840437a90e60f34e3aad,20821284,train
7a36a77de28c936f22aa2ccc23599899,33837404,train
6ad9c7cd8d9b985fe50b4b4793a39129,30075802,train
b45fae07ca80942f6c51b1a99c0464e2,67522,train
b6c1ef01d52953c36784c4dd2610864e,8423931,train
0d55b2625ecde666d8596a51f943f9d1,30304222,train
856d02bfbd49e2771122eb1c0a05e7c1,17646,train
bf841468dc31d86214993715c86516d1,23366732,train
75b3010cafabbc712a3ec62565d62f15,158010,train
1d281f213e40e461e3045f5e90234e15,99944,train
6055969818dfac1f816222b994294ddc,30075802,train
8f1cf0f2d673525ef911e3c2dceb4604,23513349,train
0cf401c8d90a2617ca3a67ce7c5527b7,30119,train
f78be9124a5242b1207b7fb90c71bf6a,18585282,train
3924ee395039432f06333924e2625f15,20613761,train
92336c0997bfe3772b631c424756670f,23513349,train
8b923c76dea7428fa6cbccf35a2a2e13,30969875,train
02c3e85803f3a0b81b0ac73600ca9017,778310,train
842f4ec4a91ca9d727076c214d302652,15997,train
59e5f7b34bfdf64265df210029a16bd3,24874344,train
6fc80549b600516b009fb3c2e460b0a1,6747271,train
604d4a41872a1b4cef6a4561407b5b79,23513349,train
a3a3cd1e36061d37681b93ff093cf723,46292,train
3fb0bbe4a617bb778ecbdbc00d10dbe9,10203,train
131b801f867b2d87a4d53d20898b559d,30075802,train
a2666bd7ee4f7e433fa0b1e42b258845,957696,train
eb6d2a8cf6ec908313fa3b4beabeee65,20821284,train
102532064aead99b60be260050c88593,313277,train
56ecca8d46b25cf0929a57025d1e5a6e,400412,train
6275731ecbbddf3049c240f578d76424,724371,train
d05a8dcf72625ad98ec53f0919547ef2,23513349,train
4447de786047f51d6cc453763ec0fb0d,20613761,train
6f7c83aea7efc4150d4a18b42c2d8baa,34594982,train
e8affae7f9f151d6bd7663bb96fd576b,30325231,train
18631bff1bdcc676d48ef17605275511,27245634,train
01661ec6e5830aa4c3afea8b74de8999,30075802,train
e3dc9de18dd0cc944080337970c7697f,18003300,train
1113920f48f42a530910092ca357330a,23513349,train
3f2e24b67e016da64baeaae6345a29b6,23513349,train
38983817e182bcf61148c137c7b57b4a,18003300,train
bd0ebe42fcb00edea484a10a6e14997d,18585282,train
99137d81446af5845e1c5feee25b3c7e,1432,train
2f645f56b33ac7bc1fe642cc8d040701,763508,train
ec9496564f345ec7f38f6d640c91923a,23513349,train
222a041bdddb40647dead9679eff0825,18003300,train
e63444cdd8d4227f7e2cf369272b554d,18003300,train
c51797f498be4d47c197a745800803bf,23513349,train
cf508e9a311e862b47fb1186de8b0d19,23513349,train
e069f30c25b971b2b2655b7d736ad10b,23513349,train
040297837d25cea053a117c7fde6c66c,25877517,train
4c29a7edb819be39d43c909d136e5e3c,30075802,train
6d91289f45f344dae4b01c6b0d0d915c,178959,train
0c21a1c60830972abb6ce4cbb62f72a3,1381,train
a8a87c81eee0e05ff50f661e8dbd8052,20613761,train
4e57a8a29c3297cdc9d4fdfbdd99f166,23513349,train
f23e15a9c7f596cdce03df7bc777b609,8423931,train
32564770a80776f94b606406da1fc43e,5931,train
4c8d6c87247a9ae5d6e45842fd144e13,707569,train
b58375bcc314886d502ccedbb0d3d0f2,31443393,train
def05a2a4e2404a9801489a094174d23,20821284,train
0cafe0454d798ec7e8abe5591725085b,25310356,train
9817998ee7a4ea81da8eccd6c1b72082,304079,train
ddfed097b8e8ce141717471dd50a9f8d,18586895,train
3a39034c019288589775daf5e79ba198,30075802,train
932c0be76bf4ef1fb075c58a96003fb2,1432,train
c3da48ab53f777f2e2790ffe59bcca50,23513349,train
980d9070bbfb2675cce71a994e8bde4e,24471629,train
910bb1df8f45a0101dadf8bb6c2b780d,23627418,train
59eaafede5c8d31df9876c6f0b2b4b0f,27245634,train
e30e2e5271e850bb25d9994a46d19db5,6328,train
59802f7a7851e5ad3ddb7cbbbb7774a2,20613761,train
b257e3758cd9a14e8de8ec5b87231e1a,23513349,train
21a336def20c4b5c187c0bad8065d406,25986827,train
2a0c97b538b2ae869008fa55e0ca11ce,26114444,train
01e127c6e36a746b3a0a562472ed19d7,23513349,train
3b3dfa3e93a04d50908c7bef55a5c7ad,22151696,train
b329155c1bda32ded8ec8db5f366e3c7,30075802,train
70496cbaa2a7ac3a039053b4c29a1bb1,253264,train
cbea893ae4e45310472fd5c2241c97f1,35108792,train
88b38f4f105bbaebc61866bdce31d3c6,18263725,train
7d863173bbc7a2dfa609c40b04931c8f,18263725,train
7589ecdb73e1d6303d2cca240883ef17,33004289,train
3793c7a7f2b283ac6eecca12ea8ff174,23282006,train
d13996e092223fea11d69ea2a1b8b28e,20613761,train
ceaef4f093e7e16d0884de6f4902347d,23513349,train
4440d49a991e4498ba01c3a766e6232b,96259,train
9b13ae624c3ade84d9b1c9679790d54a,22151696,train
086673a841c9a29ee497a925dbb048c2,23513349,train
975277f35e33cd1fb02b0293758ac3cd,333706,train
e9e100e5bf9e4660b5c408b2d233a904,30325231,train
d13d869fa50b34a93e9f2decd2915cae,30075802,train
07473d869911ff1f6cb2d21a0dd15847,18003300,train
7bdeccc540431f0cc50893668bf1e9a5,23513349,train
8758b87d10fc330f3f0c191659d65a55,67376,train
6abdc601b1d0ae8b1840f2b8428caa8f,151809,train
e8ed3cd6659b663bcfd387f8f4115170,20821284,train
8055988b02439d7d7044315f53d34858,18003300,train
9b2a5b54a170e141be48e6622f594c8e,23513349,train
f91c5b8663e0ea87b4a1ac3e67efe745,67376,train
a92c46c8a708eab65c7073987781e6e4,22025587,train
e19636881339715032ea42bbb53ff762,23513349,train
cca014a2725fd3483401d31481aac01d,30075802,train
efb6d0988d79e7dea89fed42c41cfd55,24874352,train
a307018d8567b4c13080efaccdf59134,1559625,train
4f78e35202b68351dd8902333f9203ad,23513349,train
0e9cc355d4525d4c75ed2e9defcdf557,20821284,train
c44571a12f311a0091f4e771dd0ca6cc,96259,train
bfc2f572965432d30f75cc9f0dbbba71,25986827,train
140f482f9818f7c6023dc0c1ef8c4cb5,17646,train
e698f16dd23c815e98d7d55db980c247,30075802,train
8abfc79942bb4fc0bd88ff6648e35da5,23513349,train
58fd00b6d919d62d5220ca7bdfd709f1,11409124,train
088de09898fa42da87f1b1108322423c,99944,train
2b2a08d37c085adc299c0625651f99cc,1519,train
f4f5cfa9ac830e4908cd65cecacb50c8,29431081,train
c68633f50b9bf2a4515c9c48744297c5,30075802,train
5c1b27c1fe85848b2ff85db6b9dc19c3,20821284,train
4cccee193e1a3a6d37020df434dc979e,26877039,train
2b2c730c93db7a8393fb2856570fe4e1,262304,train
ebf93f02d8048b0418b2ee92127a57f6,18003300,train
bca941b79b2d5137e4857600086698b5,112204,train
d830cd380cece885263ea5807a786cb2,12381,train
686bd0fb445175281be1c450f50efb1a,27245634,train
6d1d5cfa379865a342b105432ec6185a,13376363,train
a1fe50284342cbc3d621ab96678dfbe6,20613761,train
54095794dad9a1dcda240458fc677e11,23513349,train
4989de2e679eaad5f3a539b0666b6130,11904233,train
0b0836b4689d09c75685a80d35910097,20613761,train
752e0aac439008ce5852916c27393f96,27494,train
b74cb7d1223ca689920e35b045edb26f,23513349,train
9b8959e578e8130a8cf3fa47e6bb587d,30075802,train
eeb9e34a79e40aeb61facc348a6881b5,23513349,train
a83a29e74bf399f6205a01a39c81c1d1,20821284,train
621b8026abbb6dde6f9166be581ffba9,499933,train
021fdb2017a7f8b7a5d77793b4f07416,25986827,train
7a0137bc3a0adeaa09a292a44f515185,23513349,train
6b4f6043fc34b13da302d4bc730a7958,30075802,train
a79d8783a768598e84d898ba0adb875c,3049,train
9b675215c8420bef29341e8a91fab793,32894545,train
0d4574d24a8fd229c44da97b49d996ed,25310356,train
c68c92268a6fc6a08b4d6aa4838cc178,26877039,train
2e95040cab81de25e402db11f8fbaa79,34828719,train
444942c908a27f8ff8b42abeb33db007,18263725,train
400d15a59f2c06ac076c6a641c17dcbe,18003300,train
5a46169163ccc755d7e58213cff0420b,18003300,train
1c3aa202f8230e19e03e16325de2021d,11409124,train
5b34b38a89d4b8c3d2ccb9fa9dd5d438,23513349,train
dcb57056d99d18957a8f13659fc68e23,14553840,train
d7453fdfe18acd6232463b9471eafa13,20613761,train
370e53dd80cd14446956bfa2d6686ccf,18585282,train
30ae5c1c898917d147bd0cdc2ac9b8b2,12381,train
48c920ba17c912c1d9f5eb4a55b155b5,175626,train
619d2c8a0f198c4fed96b5fddfa04d6e,30075802,train
ccb4fc93f3ef2e0a6834770988872704,13588404,train
b5f714e07d7678fd6b17be53f994d7b8,6154011,train
544ce8a6691349858f332eb5697770b8,6295,train
d639c880025fa08d54f24d414a4dbc09,151809,train
ef216162b8dac7769dd6648c9a8cf390,22151696,train
d5ae0e30282871c373c6545c8e2768ff,23513349,train
ac835e4d926d3b8edf188a9abe732c81,34146688,train
d03e313592b045efde6bc09fdc2dcd2a,9490,train
4aaa2ba269f1abbf280a519602516df4,25877517,train
c8b47bd513377b1322b10500a992854f,18585282,train
380a8a0330be1c82d39d45456d8353a5,23513349,train
ae8e2c7c44f0f57a11a0071b55324167,25897953,train
c4f78ef8d523cb5305ecc71e30dc0189,19351,train
01b1689d2252ce369d19e0c095975eb8,20613761,train
5c2fae32ff92772564308e08657da5a7,20821284,train
11439a3eaceca9c3f3d4798484ebbc40,402128,train
385122c65fed14269001dda1cf66915c,23513349,train
3a3d8ded5fd6bdded685d9a5de069838,11904233,train
f5e741c3da4ce36b5eeda149c418eb07,26877039,train
d9568445686e50f45d40d7d0479d8b70,34594982,train
2e2bee5f4e936be0bba71b220b7a8cc0,18338416,train
729f44c50e6f3f06c9cc6a618da8c832,25986827,train
c27de7644bd1a6acb950898f9b7e3a48,13376363,train
a87f2b5d27b8bf2c22a5f3c073160a84,13376363,train
533f52b62d211bc36bdebb165964d677,13530012,train
02ec6dc6a5eeedfce0915a4b42a782b4,13588404,train
6ea81b98fe37c2f6db244db3b036547f,16075147,train
d7d7018f8e3376bfb3eab3e1a3fa37cc,26114444,train
50733aec8de2e378f340ae12cda5eac0,18625143,train
deb597f80df6f24b5848a57182b0d4b9,707569,train
41f20d72524e70bd686daef6d6dc5434,23513349,train
63b77689ca31259ff76c05ddcfe5e86c,29773753,train
46b2147efc77382a354b2b171ab10961,20613761,train
a5ba063f15bc8924411911c8ecff32a7,23919,train
d0ae7bebb0547c745ebb5e808de205a0,46199,train
b6e6e33ede418ecb244afdb194ab0604,1381,train
08d9b1b526ba656f54ee671d97c9049d,29431081,train
0b6fed95b7e025d538d4712d4836f49c,25897953,train
51b6918f411d0f3d3faffd95336ca148,13123245,train
ac46be5a44afb563a5d5afbe58902334,34594982,train
df65c6112ff8d63aef054d9bbb11c0fa,20613761,train
2ab3ab47acf1745e85ef7d8c666e7763,15997,train
50e70aa4b6d05071a992df189cbd7d5a,2930911,train
93669dec5e16f6f216834d8c58dc88fe,23513349,train
b0ecc405aeb124070c78e0a364481332,20821284,train
023efd00f2dca75c21bd105857eeae3f,1432,train
af09ae7ac4172c2808e9ad331676e5aa,23513349,train
d7c6e3dd8268a6bd39a2da6592517cf2,15645,train
c2096bf10f8aaedb601c901dabfd7e65,94578,train
1937e379ed4d1b3f6b0476b2338164a2,25897953,train
e0a2d713511cddd1f0b4bca3008b03b3,20821284,train
ecf83f0da658304522e95c0368673fb3,23366732,train
df4ad97d16cb8fb27c3fde82a5c066f6,467164,train
d3a714674d7a87f086de911a8e33dda6,313277,train
a9cc9c088179beb25f71a0985737a85e,30119,train
126fbe823d9f7e4bc82b639c3411fd3a,20613761,train
a266e78ce634e168d25cc44fce95ba77,20821284,train
fc26225405d140afe0b08f5f665986a9,15645,train
b4eedb040fe6887b405fdf7214e3e7b5,3213640,train
76fcc72603572c7c6431c27c69ebf66d,23366732,train
4e7319db9b617666fc2ebbaf415a7d96,25877517,train
2f832cb99a1be8c59476b53ffa2d8463,5931,train
94fd474eb6df71600ee7fb22e50f8b27,24611522,train
eba2c965cfb5e3eb1e2874efbcfad007,3109162,train
769f31ca9eeb669695dee96b516f518c,29431081,train
23b86f99d9e3cb8a01bd64cbcba9b580,23513349,train
2ece8ca5c6721240cd41728ffb691e54,33208115,train
89f30f58cdb426ffd7abeb9d8a6cf4ab,23522212,train
ce20923eb57ce9c5b9204ae5a2852792,30075802,train
9ae235f4088a67dd4ac293513f920b0d,23513349,train
79d160b9f8971546e2329aa265e606bf,30227846,train
e2f8b9ba08b85da915e3065ef31842ad,29431081,train
d2d560955d9bc37e844e5e3a4ef8f89d,25330489,train
9a1699f6d94527e81aae8bae834a0d75,23627418,train
b25dc17c508c8dc571c1fb68d0f55602,22151696,train
926aee0b44662a1efdbc4a1dc7edaf15,53111,train
6d8981e81ddb3c178a7f96248ebf3c11,1381,train
9666db0f71e9cc6ecf617cd78409f9b7,23513349,train
01a7696fd35a38a1f696f790c7f6f054,30075802,train
062e1a23ea01d4ffcbb46da9fc2a9bed,23513349,train
5001331c392ed9165143e57710f3f8e9,25877517,train
4a24796dec02dd65e9a6d5a439be4d99,18003300,train
31713b3bb8e4841b17282f4654b81e97,23513349,train
a44f6b0013122aa93701e71731775a87,6549,train
9a047f71bc1b2eca926fb6510886669a,29059581,train
3765b4127b5fbad00fe6d864db01a456,32894545,train
2aadbc1701fb92c57019ce07e0a07fb6,402128,train
7ac705eda16eadeedb126cdb5a4c304e,34080,train
95f7f3ed187de5972b8dd470138a3d5f,30075802,train
8b1f5d86265b66745eb078105bdecef2,1381,train
8a3cb10569cbe902fd6251a8b27e3c78,171547,train
ec6b2b58ec781d7adf209972f7f50e5c,6295,train
afd363696d8966368008c18b53e463b4,99713,train
0486c4ef9cdfb16097087fa4045c0c25,24611522,train
3b1fc4e943da1279b9863d2611d8974d,10691701,train
a30c380c271eb2a6d5635fbbaafe233f,15997,train
f15f546607863ddcf01188da75d9569a,1381,train
b81ae7894311bf0fc6cb6da1bef83593,1371,train
bfda9a7750e1af3577be25fc5453c065,262304,train
31da6b4f42e0826602660968a6ceec53,1371,train
7903a2e1f3d26fc595212921750dd2a9,171547,train
21dc77b40433cf182bdee7a2bb71276b,23513349,train
049b5203338675edd86a2dfd05804585,91571,train
f14d0d016efc72961d5e1a07fd3c237c,6747271,train
564e9cef3aa591f98369804951c1e0fd,732562,train
b9ef8bcf907d3c94c669334671be5220,15997,train
82c0e9e70509d69bca470bd4b7653f4c,23513349,train
bdad382451915fc30cd5824fefa06d09,1381,train
b1341d666af70f21d3b646a2bfe65ad6,30118,train
e7751ae9c22bc71367a94ce8eb28d468,8744427,train
a0a7300ac37168abdb841c3bfecfc2d7,1371,train
facd5d3425224652d68059baf6438998,93405,train
984794c56dd4a7500d61150d6cf3de85,395090,train
f6cd28d38a1a0102b0d04a92d84299b2,66414,train
11bac54b314058f0571cfaec1afe87c6,23366732,train
5e6f786dafdb4962b0e52e404ea136ba,178959,train
6b2aa02fad7fe810ad2f0db8212c32c7,15997,train
1f481cd07c64d138f7fc074b7480fb17,32334098,train
e2ff9d64b3e1d556e1af70245ec52266,25986827,train
288cdc04a71ac40a0bb9fe711a63cdeb,18003300,train
2406f39b2272fd23142256cf6ae09010,20821284,train
29f1cd328d744d39e450e1c69d3ff8b2,23513349,train
5c3794c1c7566876163ef2cf7d0cb289,30075802,train
5d60be64b173bdf24b59c7d33dcf5b51,14553840,train
2318d6975e372a500628ede5f8aac3c4,23513349,train
e6cf40d20c2ed7beeaeab3dbf463630f,980426,train
6ed752a584c987aa9d553748f0b5fd7d,23513349,train
ac872fa5a723a72e7b7bd0892dfc2681,20613761,train
16a723f225775b5f7ba94e03fef0d7e2,23366732,train
c2fd179b6b1cc297ce0f51ad98baa991,30075802,train
9cead41fb1148a29c538a452d7fbaed6,30227846,train
ec3c229b00c52162df6103e94a583ae7,25330489,train
fe167d994875fe63f298c1eaf029ddc2,23627418,train
b06fbe1d4036291f650b712ee30c0574,2470643,train
bae5d610a02e8ed3a4530abe6e51f07f,286806,train
478c0733c457384f47c2e96fdcf6107e,91571,train
4ab1a57a1646cf605d1ac04b3f263b4e,402128,train
1d909715a92d2c128dfe9c58cf85dde7,1432,train
87ea45f7bfd408e3ac121f222882ec09,23513349,train
7222484684e6868c0882e0829f240e41,23513349,train
339979cc6e0934f6513dbe98c30c2694,30119,train
72a6794a63fa6dc49ae7012c651d4a10,11535502,train
e66e671f4d1364710d055aaec329503d,22523971,train
478fa597d21b59289f595282c6384ae3,20821284,train
08dcd433e1a1fc0de19b8190539f265a,29358559,train
423e56af6e62f75fb0fce271140e407d,30075802,train
c8616ccac87edb42808b6eb75179d5bb,20821284,train
c92d79b4ba24487db1d96ac3db8a09ba,22151696,train
549afc7696f3389b8059939cc948d7f8,19288242,train
4567288f08eae55714337f40db6e101b,20821239,train
4615f2ae1b8aa0479789b7c649b4c717,5931,train
9d0fe637de300d6064ad35f4440a585a,118271,train
9f236ca5f89fabe7e7b5f44080586c1a,23434371,train
765caf661fec16d85ae4470198fb655e,23513349,train
551ad838b15d6b85bc7d15a40927237d,22151696,train
fc9c2129fa48e86c7cd6efa5a580f800,10843755,train
99a6864a32e60e28df42185edc41189a,16075147,train
ad4153e25da06513af6ccaa1ae73c767,31443393,train
a6c82d7ad61c5232b4c1b9a4d0efbb99,30075802,train
fb0f71f06f01b927053003848e546b89,6295,train
73bb3b3c0ed9819826536663b0d499f1,25986827,train
bcb16e775e6c68ecfaaa91dadc56ed7a,171547,train
70cf6bf1d66df8d8d62bcbfed11c86d4,15645,train
57cf7a25a8f832cf5ca22d8e6eccabcd,203220,train
6697d4f679744366f8a34b46791ede15,20821284,train
c1be9f1f2cf9dec30f7f59e834c9df84,8411631,train
daa9fae91ab57ce5d48844bdae0ecdb4,178959,train
3cac1f7d46cef469768e8e99a356f535,18263725,train
286e4a7a7faa54299ff24cbe2574d966,1381,train
87ca51c3016271c9c62520e720ff4fed,20613761,train
f1b0c81991c1062f97bcd7119aa546e2,47730,train
d2ca9d5fcdfeff1e721b4a9c63e1dcaa,18003300,train
cdb6732a364b5a8d9abc1881fe2e8b8a,12907847,train
f3af8d3ccf929825f62b15e94044625f,18263725,train
348214dfba09f02851357dcc3dff4108,20821284,train
b0bbfd096264dcac91d29ea8955276ee,34594982,train
8aa956643b98886158089ddd34501888,732562,train
6d41a669e83ca50f18cc905c39fa6956,18003300,train
abe02510d1eff92936f97a54af7dead3,765427,train
dc9c27865fb6952b1da2af642f0c309d,33208115,train
abc3d4b5f9cce9f3cc5df82b54d186d5,24945396,train
2d4c10b39856a38073ebae07529956d5,14553840,train
b4fa6d6e28580eb15287059fe9e7cb12,23513349,train
e5d2b23aac9804ca2cbe78278c3222b2,11904233,train
30595c4337a0b33b77536bea70d743b7,18585282,train
a018919602a5a41c1fd57a4334b20f3d,18338416,train
26acc5a0551199328a69ec68fc828401,333706,train
7bf1141b764eafd3a477bb03552fbb7c,25310356,train
51be48af6388c38ca60682df4c90f6a0,23366732,train
d024856c337826975071d47610324cba,1371,train
9a2c0024e5b6b44b069e931fd3436775,2544,train
f33bfc753096115566ddfea71f2402f9,1371,train
d5f1e56bcab57801eab390f69aa74676,29358559,train
2b667d2ed39e63463faa53edc320c214,25310356,train
1f719e807792daa044803979b8cec1fb,25897953,train
b44a605bb20bfbb7fbbe6659fcfa0d92,18263725,train
25f99c8852a05ff401445be87731e704,5932,train
d3538e1dbea34385cdaa97f33cf934bf,203220,train
bfa74ffa86b2bcd045fef201832a75d1,24601,train
16a1c2511d5169177648f0a5a6837876,26877039,train
486f7bc20a2051794c6b6423de3e2d71,31443393,train
213b13d1eedd8de9e5a6189d6d5cd848,10843755,train
83860fa21f9e573071b2a2b10b5e5b0c,23513349,train
a2cb0eb4dd3a78cc684b7079d7a94ca8,20821284,train
d133f50a90b3f6002b033bbe0324b050,53498,train
593b763a4481eba34c22078237b67832,130403,train
bdd33f9c096f7b4286b4c4836b4cf60a,1381,train
1190a3698bf8463692d4b92728c6902d,23513349,train
c0fece60d448408c69a188e7960cce0a,31443393,train
808c4ea9fa9ef1231e983911b946c93d,29059581,train
8e51b1c7d83881280d96f15116097f33,23513349,train
7492b121e711a6fe121504c2192e3bd6,23678552,train
c0a24e673e700321c953201bb047a4b6,30325231,train
b7de79a6be10eb0045dfd31d5689a34b,23513349,train
4e5ddb0faf8e1df34532e22a8592d7b6,23513349,train
a0ea06b6a96d86751ba9933fa8311cfc,1432,train
1d4789e87e0d6a69af4d70edea80d0ef,22151696,train
766b4db4f092baee5e78429cbe017ee4,30075802,train
d64f69f38de8563f82f5aa674c2d590f,732562,train
bb3c5c0057cce8b0abbb95f0913f08ea,6549,train
b8037fe5cf4138da5bd295cab52da0ae,30075802,train
ae7f0de56950d1a52db93afff2903ede,33806286,train
919e19d76a36cb19f9bbebf3e5c4cee3,32186794,train
15647b07cea96db64326cb8907f1706d,25276818,train
f889536deee26282bc8cfac58ad52694,19351,train
6dae74a0748711851dde41522d4883fb,30075802,train
261febba7074dd165694700fb3b08ac2,23513349,train
e873be0c9bf6d7a94d0ae9b831bf0102,400723,train
becc119e53f88624bdcb05768e90738b,1371,train
b26cd02c1bd4e9ad8277193dceab2760,13376363,train
1c90f902884b8ca176c6c50630ffd61f,1329726,train
843a9ecf3953ff4df56e931442940ec2,617495,train
6898543ec0668ed90d65c67791d42af4,34594982,train
800a896ce53756e33f5c1afb157dcd27,30075802,train
69e2e0b654b8fce9559ce2b6ecfb36d4,24874316,train
900ae0ebee7699f2774b09946b7657f0,11904233,train
5f209e481adc9341a33a245cd5e4cf1a,24874353,train
0acf48262ca42c4e0f6404b91a284272,30075802,train
8f72578d619d1691f2933c9aaa32ee25,31443393,train
8979c1cae62de3c0936bbce598de6f2b,91571,train
87965aa32e91b10e89bf3bd26a0165f1,30075802,train
cdb4f1b71c1c1fbf6323455b63a8a214,29499443,train
a789a16e74ebc4ec883b4778bb1e0745,18585282,train
72c974f6e7b6281a2f5857314455fd72,23522212,train
aafe2ce373d1e0bd640482a97c72b0e3,13376363,train
4158d516c5848383984d2a67e50e4f90,20821284,train
6330cf26a1b92eb310268891d0f91ea0,19351,train
44f9b564d5a23eca46a0978090ebfb85,34080,train
93874999759e1c1b23f4eaff40c9120b,17707772,train
8c3db825f7cedee8e58de760aea4801d,23513349,train
1b682aaee8c44e85d2b0ca29b3e113d5,19351,train
4b6f5baea1daed9b3d04be89675fd538,3049,train
495a379ccbfc6f18490e81ab347110d6,272102,train
43b5caa0a8cfabd8ce489060751cb18f,23513349,train
2c12deb1769ca0fc4e808ba9ba29f9e4,778310,train
c0fbf7b6ba22c7fe4df8b5d2c2c2c331,30075802,train
cc052ae7dcc273ecb00ec3a90ababa8a,5931,train
4d741afadf74e8a5ffd00182cbd4ea67,23513349,train
6a6422ff67662b9f00bc8fe088584917,13588404,train
d213759d549f8c2819b5c47c35ba6fe8,13376363,train
309657e033b3694b5db42058fd9999b6,34080,train
d3e1db6a6a59281b176493abdac85612,66414,train
07978206128d3d919ad92a2b41e3bcc9,67377,train
021c55dadde0fe2e3649715df864f518,23513349,train
91d9ac70447b0270c72d4c15aa01f597,26877039,train
e5198855646f140e8f0138e9b6c56502,22151696,train
bbb9b55428bdf8b2aeda7ce54f6b28bf,18003300,train
715fc4a93beba537720e115e60150af5,151809,train
78516302fc306a1a4d45a33b45ff153a,23434371,train
c2ba6d684c84b6dbd5e2f027f6d7f681,13376363,train
7d027ba46c0278c509e2dad0240b6746,1371,train
f7186b1cea05693f232d6042f0a261b0,26599,train
b68b37ee8e07c08a8fbecbe43f80244a,46199,train
8e48b149716ca52b459c6db0528cbf77,112204,train
a0a2601b3d8db5d207ac77b5b6469d9d,23513349,train
2ad19d6e436f1237090acad2f04d343a,27494,train
f5035b5bb5ad3b10ff346197a65d1606,6295,train
420fe0a1773d0c35e21d3b80160818a4,15997,train
1f26ad7d0ddced4a98b57a5f90094f9f,23513349,train
c289287765771c74776254c3c2d4f395,25897953,train
b0724ae9dcb690e832667649db0bb754,24874353,train
454269b7d62db3d56261fe3f911823d7,25928164,train
61f0e53d696b7da724d9ce0dbc2d0557,23513349,train
22b9ab61239b75e4fb373a220cd84f50,18222724,train
15ba478d5ec01fdfa92a2442cb345f71,23513349,train
aa7a29cc645f6fc85589a3e7584ab020,12914,train
948734e5e6df6ae71166e6ab4ec9c554,30075802,train
1dcf124f9ff610ce6453ebcbecf0853d,46199,train
6f52ce4247a275198f487ff61b6f6ac8,5931,train
55dc5692cc016a98a8265d636906672b,30075802,train
ca12eb7b0c4591e64ed804313f666e96,765427,train
9ac19460fd62e3cef2c12ba7ec21da9f,23513349,train
5a27a1db140a877c45e64684ff9973a8,23513349,train
2d6a7b8589eac83ab3e5a8f6225218a6,34080,train
a401cb2b724f40083d1066a7964fcc54,1371,train
df88f0a30488324cf0ac3c45256f2298,24874353,train
aba004e2e203a05fd3a6a816f7c08771,11043,train
2fc185de0975876d0899ae876024625e,30075802,train
a2ded510d908f8bc6461b8171209b1e4,23513349,train
02b2411f9588ae131867479d17d78b56,25986827,train
afc66a82e6dfdb19d1bee26e9317a1dd,53498,train
2f9b47db44506a686895e6f101b5a4a6,23513349,train
eb8780bd72020bd00d453965a0fff960,24471629,train
35d96ad3e3a20dbd3b45e7418f90d7e6,30075802,train
b303149b0af3020089b04954d1700c9a,25330489,train
a97a301700036ffef65275875211d6fa,22151696,train
ecb2b8c8094cadd1b52b82249511ad23,18003300,train
fb240fba4c527090650828f4e0ee8f62,33004289,train
1feba6524962c9fd0ed3bc2f3944967f,18263725,train
95922cabf8fdd864284a3aafd6f15d7c,23513349,train
da70d04bf73dc3fbfd6bf7505cc148ee,22221,train
d132484332c52802abd1ebaa07e9db0c,15997,train
6914c12cdef4c88f6d2a29d9efcf2456,15645,train
77def1c46b6a041415ca587fcf5991ca,18585282,train
a403530f81457ce5e4daf0c9015489c2,304079,train
ab0b862b01aa49ae53d4a076153130e7,13588404,train
a0422af46d3801ba9ff64fd5c7993ff7,23513349,train
366d42cb9785acc4a73d2aa82d2344d9,6798263,train
995b31e30fa6f4d62fb9c7888b440200,23513349,train
4c18ce5d6af782099b94f6f4be6fbbfc,23513349,train
d9a1f64cb9e270a0617c2cb761b4999d,11535502,train
ea2da08f76216a2588caf945fa779011,2470643,train
45aa7851038f7c4b989606c6c67006b9,34146688,train
7ca02329daf692678254d2752a22b02b,24611522,train
31f119f4dd35b429b94bb49e6654eb36,13588404,train
b84f95b3eff7c511d29b9e2a0ef5f227,32334098,train
39e35f1e8b1bdd3781fb38e7a373257f,1371,train
e4ec0a67d1eb43892cd2151714f36766,23627418,train
20693f4a89d661f55b4935fa5d2db30a,6798263,train
5456ea9e6beda37db4b46de5729266f3,20613761,train
74d35aaf7cc5b134e3647f3106d33527,33304157,train
79c57ab49aea1fe3ef848af12eaf7bca,25276818,train
e66c1cb300c05cb18ce4f4c3a28e875b,33208115,train
8ff65c106c5faac9b96dffd04875e5db,3143972,train
8b8ea8fd55d3772e90aeec028113398c,23513349,train
19ec1738c15a13f04fab2bd2a2d48d3b,17646,train
d8d085dbd9021ea2ffef904cbfc91b85,53498,train
b27b5c1caf2e3e848e32a8a2db313ca3,30118,train
b7dd34197a5605ae6c52e555dd65a5d3,12907847,train
9f1ca853330cf4e6fcf961eadf9177a4,17572847,train
54df5df3585838cbe351578c86fb8cde,132025,train
12c148cbe4db5d32107c82bcda972dcd,30325231,train
cd425cf50f891ac047a5c466bc7f28a6,86560,train
382002c2eb2b84149dd9e6a7020e64f7,23513349,train
9db085e7a0c1541337495f245f55788b,25330489,train
e7ef54e92291fc66ed2cb26b1c1ebd42,23513349,train
1acfc18ee36038e80cbdcd4e6cd91598,30075802,train
f34a04e69154d7a84c3497142e2a78cd,46199,train
6de8009222021057d22f8e0da67fae16,23513349,train
36416b375bc2bce4e5a9404593790035,16099190,train
e5183c8c13fcd519f8d5ffb09e0d6163,23513349,train
c5d80c128af4b6dee9b7b365cadd6b93,27245634,train
39751eeda1e9fab1d8a7e2f23056c325,23513349,train
1c1dc76601736bbd26925d47db78fe32,23513349,train
6db19c0a6634cf3030e7596e7a05f5af,23513349,train
9c1ddd87c08106f46d9aaccde5d12bdf,25330489,train
2e2bd4b48d0c06680e59a77777d7b1b2,1371,train
cae45deb65a046a6755e336a37d17a55,32334098,train
4e96520f15b032ba1fbfaceed6c708a7,17324134,train
394a27c03f5070895faa46e683102277,732562,train
b0a2372fdec022ff9ef495abacac0ffd,279221,train
0e97a805254c78ef563b8c597c246514,23513349,train
f4b66451925442ca98e879749b760061,23513349,train
0dfc9dd59f2f48bb6384cc61bfd5b238,23513349,train
d8d46db397c1d0c6c5fe406f1d68230e,23513349,train
72fa022b74c7405887d6f5da9d39012a,23513349,train
3ce2a87aec8023765ce18a458e665f37,18003300,train
be4721a81293c53b6f06e8422facf44c,28146064,train
4a115847e50eaea6f4fb506d78cb8426,66414,train
16ce66def8a1e68cc3d2548d46b3d0ef,30075802,train
d8f610dd590290f9ed3f3d6d253818dc,1381,train
3931b10e08ee2c30364ce1749a6ffd8f,25986828,train
aff86b2263ac50bf13fcfcd67173d828,24611612,train
f081f1ff686d3a9f9de5035abcc7fa8f,25330489,train
b819ab55d2f49fbe56d84c0d291ac175,18003300,train
eb1685f7e4b2d1225a73b625f8d0f43f,15997,train
5dc8c0b3fb6018b21045d9bd4fac23b3,34040649,train
15ea9b98c2f2879e7409f19fccffeae1,23366732,train
c9eac06e3b91f0035f1114ad570ef371,23678552,train
d5a34542317232618f5e15003844914e,15798111,train
2326786a798b0057ff3d7462496e9823,23513349,train
53067854d651bfd1ad170988b2cd4aed,24874450,train
13af48c2986669771ab13690944cef23,30075802,train
89764d463a553038b404c44c2bc7dd86,23513349,train
9d40ff541f37843cea8af1b68b660964,23513349,train
c467adcc7e2d838e0d529d0d7ee717ae,30075802,train
6746222ec1045f899d971439f2c49632,25986827,train
64d9e2972e0245773b411f2b23c3f700,12914,train
bd394836206153ac62d930a62c1705f0,23513349,train
f6200e97cfe42be55bd706e4d09ce507,1371,train
804ee16e060fd83f2b3574fb18a69af7,23513349,train
ecfd7317e325e590f237ba6ae11c17db,18003300,train
d2f88f940b1cf96e01b732213a995ff9,34594982,train
a2143d6f0e9bdfa3583ce11258685b35,30075802,train
570b20eddf7c7c5bf8eedfc319a4a00c,29059581,train
14f66f2d739f4bfffc20f811b3adbac0,30325231,train
42a25a7247926d173d282dd4e4decd29,24471629,train
1b3ce4791867680698f078f6eb812561,22585014,train
c1d81eb56783f188e64d279d52ea72e3,5932,train
59da6add9e9b1ba8760bc57bb2430844,15997,train
35cc5a53fddf5ca4e9d3b7f13652650f,23678552,train
b360dde83d9c828f47577e90d372dd50,23366732,train
77bb39333e16eec0660581cfa6e3abc3,1371,train
cecd43122841dfda446fc6fb7cfb9e97,732562,train
b09e3ef6f227d5bd1f98afaff6373fb4,13123245,train
ee0a64405fc0de76bd18a9bd333064a2,846491,train
bd0e74b5f43dbaaf27d7f741968fb1da,18263725,train
54b5b2a1cb35d4e0024ae6ca53ffd319,18585282,train
099144369164d2aaad88a84669e42b92,18003300,train
8abbc1fa9a6b240734ba77d1f0dddb1a,50453,train
1001f3a364017f932c9e5930076d973b,18003300,train
c9858c71c91db394ea860cb879a7c557,23513349,train
185b4caefd7f11798dfb34d9e7af5ab2,763508,train
3fc6288f5b09a81ccc93322c91ec2def,12914,train
c827cda29aa50b44009cdc19d39e3288,30119,train
587fc6215e7f22fc9d4920522321dfec,19519461,train
78c3cc46ed3b909a5779fc7dd0323bce,18263725,train
d07d615dce545520d099ec69f8d4a6b9,20660824,train
23a6746e3727d464c41b384fd29a44cf,2930911,train
2c1004100a236b2b321a5eb1e5735fb1,6284614,train
4b313211df5938a021d304478861d146,2930911,train
dee2d45a158e913ba477124f0e977ed7,23513349,train
8cf64704e33325a2864452524935ee5a,23513349,train
61a12a2acc3c874ebd6f822d351dba2d,12805115,train
b90b277e01863038084c3a1be6fb0bea,23513349,train
7367ba9ede9503ee6df21e676204b722,20821284,train
3d8bfc405b5b193543da03e009a19c2f,20821284,train
3435359f504d8f2f3bbe3976e5099429,1381,train
a748df9846b976e49f00057cf7c598bb,1371,train
c2d2a61d122359e7170511b1bb7d4e8b,1432,train
4f358f62b4a3675e4a39997d47c2d835,30119,train
97887ff93f624d09e8f5efa725bc167d,6798263,train
2f85ded091d42cc2657f7d92bf085e2b,26877039,train
defc1f7a0bd57732d38d648fd26ac406,23282006,train
b57aaca1ba503a03f99e0de919f19b71,24471629,train
bb7e96414ebb513dd4c41bc4569c49e4,32894545,train
2b22ada4248365dbf010690a33cd8af2,27245634,train
d1b201a150e71b61d54a67e591666d15,29499443,train
81d834d94215477521a119d644535a32,18585282,train
6aeed24300b2b029705ffc012fb31e07,30075802,train
ff52883cf9a22883c1d451f482044322,29431081,train
1ffc47e3692fb96b3e53b962ad10aac7,22151696,train
7debccbeeb86f92e055015d196d1dd04,23513349,train
0120c0cd0e046350cfebf79df71f3098,27494,train
2d35d673d7a1b0e55c55c86d9e55f7ae,26877039,train
38c68f4e2bc7f46594566a07d59bb1d4,24874450,train
eab64776d46cfc551daed944692ac90e,32334098,train
07aa2d06070e857f8339a9cb7978763b,25986827,train
9fda8b4450a6f7482e54ae1d64234b26,18585282,train
f62e5dd85b92d725c497dd0a78a196f0,12914,train
0c081e4c61d4d6d75ae49e837f9ed18d,30075802,train
829a6b77e4f68c271efcf0406aba5364,23513349,train
e45ad667d872d566e1d39e01f5b3cc98,23513349,train
40bd4b7edade4c60ebe3e827ad13be2b,18459455,train
dc30c177e45634065145134d49e484b2,23513349,train
682b847bddab3b02e05daa3b4d7557a7,30118,train
90c215a3a7cb42fa78d5d21b89a69ae9,1432,train
11bf428300f324f0f6bdf8f9cbe238e8,23513349,train
f679cf128fc08ed40f0af0d8a881290c,34594982,train
212a2cc07b39b45dc977560ef8d1fba4,617495,train
67cb55c1a4e36f9229d1d9ee5b72e337,29431081,train
1243437d4192c93a54748666727ed08f,30118,train
f3add4f8b2115234e7b4373b52478c42,9490,train
6038045c0a0642d57e2aa3243078e954,30075802,train
092f2d248d5c387fa80e75cf770b8640,32294975,train
1331faa3af845976c10ebdc6cb0a836e,30075802,train
39fb0de94af5b12d593b1fd3212b9480,23678552,train
eb3352a701cf1b43a29579da919ee85f,22151696,train
b226f3122a226ef1e7fa53a6a7f988a5,18003300,train
4c7564c383cc5089b3b24be3d6bcf14e,23513349,train
0ea13c42fef59a1dc740ee10dad453c0,25986827,train
d7c00967f95bcbd2cecbcb3436712e28,178959,train
28c62d8fb78e27bef6e480717f902068,22151696,train
d4bc894c49e5710a1ca8939b69270382,11535502,train
116d924a486af884d6f08b501f1da3e3,30075802,train
4e0447cfe412e236aeef1ecb43f2ffc8,30075802,train
753d03be3928c32622d72de71d4dae1b,23513349,train
6fa9b4b98c22f7a2d08cc0ce09ad61d6,23513349,train
a6b19b9fb85a75d9f70d74392209c160,6897011,train
f4b1bf8a253f8d7b8d273acc3ddee386,50453,train
9798c8458008c0563e43d173e8d345c6,23513349,train
68842da90b28622fe97c4ecd55fd881b,25986827,train
4eac82b6b39d1d414adec854d39bc595,23513349,train
afea04964e7bbf971dfc6bd7e9db8fe3,1432,train
2337ce8e9b6bec4dd241a4e4d2833267,30075802,train
ba224033beb4b948f25b170a93aa81cc,22585014,train
f4608583383f5813fc1c63c9baa78d69,26877039,train
d4092c7ceac0966b4252b260fcdbf428,23780641,train
eaeb371f7de280b66cf77d7e747feec1,30075802,train
8a6399d413ad8257ef1659bddeb4b8d1,20613761,train
5086b0e6e1e750a3a34edc8273e225ca,23513349,train
8605f8658eefdf90f8c638773502f399,23534,train
27eee5dbb06774e235210ec6e7f78335,25330489,train
61d6793dd9934a1d6dd2a658d5351d39,30969875,train
fee90a7e69057406953f034661507912,23513349,train
eec9d7b41d9ef5ac1ccf91c2bd15f4d5,30119,train
a6be280417391952345452b7c713facd,23513349,train
7a9a11a3b7462f375b4ead552c8e062a,23513349,train
383eb61360021fb88554aab459493167,35663570,train
dab38c482123b73f28fdc8fd72698086,29499443,train
7702402e775c3734128de9cadf57c0b9,29358559,train
2c1a0ad2d06cef0467b93c994d2f902d,23513349,train
47e3ef3b13ca2938d5b73f9eaa30b73b,395090,train
66ebbc78f08e436faef34c360d85b576,25310356,train
2df7552d7f1a1ea2a62ea375793bf382,778310,train
67da15781c0189a83dea6ff6903c0313,23513349,train
0908c6ffbfb794242e076984acf4ef05,12381,train
4b26c959629a2e7ffeba53650baa1985,23513349,train
2c4aff6a4fdeb759d9110d971522f2ec,35108792,train
29cbed71f502a6e7319c804ccce78249,10843755,train
adc22fbe639a6cf76758e7fdda3b85a4,8423931,train
d1310bd18f4f6589b0ff5eef89f79870,17707772,train
ca9ed5377fc38bf9c88ad0cd2428a715,30075802,train
8199b05a7f1aa0da29b45fcbd6e0741a,13330670,train
f7381113823194cb286a8fdff984c855,13330670,train
58e07053c55ac232d7d06c8d35bd9d47,30325231,train
acebaa0fb2f2ea74b9f5cade4bdb2b1c,17707772,train
f7bc9bc79bda9ce5879106bb2329429d,20821284,train
2371cd88fd1df05e9fb9d9ce3db48bcb,23513349,train
dbea65ec11a166b842a491f12d10c78b,18263725,train
bc1090c66a8224fcceaea9a61666695e,20821284,train
5b03e65cc72c5e3107ae3a9662cb9d94,10843755,train
bcf93b10c833bbc5d1cd2346e40628d6,23513349,train
aa180d245165fa577627b7a25ec3949d,10843755,train
788615d973a1afcf8554aeb4008d956e,12907847,train
f122f7e2b0428b775cd271cf180aafe0,31443393,train
f47a3e6dc720d224413e1a821d2b152d,22151696,train
6bc725c8cd607e1b019d80cfb5e995f7,23513349,train
a06b9be48c5df798011cf0b70b57ed81,8744427,train
80e32cb71276c7246b49270f3263fc69,25897953,train
62bcc62dab0acc0ef23c195aa6fdee5c,24874450,train
d7f9033642cf72983e62049fc372f16d,23513349,train
28cebddbf50dc242084171ead2c7403e,30304222,train
035390ef26916db8bf769f517bbb587d,1432,train
b6d2193cd8fdf7a24db9ffd77f82cfb6,53498,train
8a0d1c9b3ae49da6e0669f414885cab5,23513349,train
0006f9caba584512e34993e5a0c25a60,34828719,train
ef2a0d9b04bd30c5135e3026b9690012,18263725,train
b03c0825c0a27ba075ce4299c540ad5e,313277,train
736084f131c5783c17d75a9f5dbb1188,23513349,train
2a1cdf9e6a36b1777f907af1fde4a021,30119,train
7a93ab080101dfeed9c55ad7ad596dff,23513349,train
e0620b2b0e29d2322d981d40e7c7a6d7,27494,train
e11df8ddb82d37f736ab0da798b0537d,293918,train
82c641d54352ad6a4dee49c31b53b563,6295,train
9ba2f88ca300818a9fc28b8ad23c1a5a,112200,train
4b625f170d62df65d948e2c91c8be0b7,29431081,train
af4399aeafbdf6d1871c667d27d211c3,23513349,train
12307e65a08ffd0713cefc29b8698fff,16075147,train
48d4435b8db45118a96111b18719516f,30075802,train
0e0aa577b3e1db2e98aab0e792a9f6eb,26599,train
1d9bddf3c9027e6c5030b2e05e14dcc6,58098,train
b7c87bc6df90eb780e563f47d42bb867,19351,train
bbad528b2374b53b49316a2e1a240518,1371,train
510ef47c67c595fa8a5ccc66ca3c61b3,178959,train
49f1d1d6e1f0255fe042739a0fa49cca,23513349,train
7b02672df5e65ca838e7881fc4566d15,23513349,train
70048337d5c40bb1f2eadcc1f8d4c9b5,5932,train
656dfceef7afb96b834c91b173061dcf,80410,train
471b97242e791c1663a72baf3b819c7f,96259,train
f9962210324bc6418f9af3b7b0231b6f,3143972,train
53b37f1edac8045bf561c14352dccc6c,30969875,train
59d2a51a568d4a520017d4b0596a44e4,20821284,train
bcf07febc80c1a211bc8f9fd6bfee5a0,30119,train
0f073c2f27eb61c59bf84cda89602509,18486,train
f7f7740bc8a3e4c0631a555a71ee47e0,32186794,train
08a53bfaacc0f50be3b71baea2cb8af9,27245634,train
a047c46bfedaee234b73de6325a611cc,29358559,train
30ff7b49d84655087ae0883027611ab6,18585282,train
cb30916f6367c8124b255c63fecd673f,22585014,train
5505f5bea0f00d807b4e294a97282f65,30075802,train
78ebb0d8cc2830aa952cf869c6ef4318,8744427,train
8db72d8156b07988c6d7ce3ad2b75266,304079,train
b95e3a207cb0425150921fd2a3a76c82,34594982,train
41fa16a28e1329aaf0ac9b10a219c3aa,33208115,train
03f27d636a8ef5911125514ec90e6738,15645,train
a3d9bf4bca7c09d61d9fc2f0aaa12b6b,29059581,train
b7c68ea699fa2d11a153e01982cc0975,25330489,train
7e4f87fcba316bc53006a5fb45698c33,23434371,train
d1d6d02aa5e3e0e4cb74c6e9b23a0cc7,3143972,train
4489808573c855f4fa1d5a0f624f5b4f,13376363,train
be0551fa43101031833ada9671b4de6b,29499443,train
6c42ed821aa06c3a8c04755dfe9fa90b,23513349,train
9df021fb555067884c184cd7b8a71594,25897953,train
ff28b77fa83469598d2102498bf8be75,34594982,train
cf3a3454948f28fbf901d3ef15f61c38,22523971,train
1f59d13e2cfefea9c1f37ae010a35f45,25986827,train
9f18dea2415f3c84fc84715af9b87f86,58098,train
cf90c066861f4a152a5dc9d843bf376a,96259,train
a9606ea8824f02550796833baaa28679,30227846,train
4fac7bec5aa19050cbfbbfcc552568d4,20413,train
b168da8bc5be246f7e1518ae9a259f32,23513349,train
ca3b39edff0bbc427c4a768de1057161,19351,train
bbfa965704398cb28b6b8e991329765b,24945396,train
d9f972f4676a8d1de46c539f5dac8550,13793390,train
ec0f0b44b57aee1f2a308790b9bd1882,99713,train
8f68d39a938e52cba873b0794a8f472c,30075802,train
9b8b56bdf10bf541193858b442035a19,23513349,train
c1ae994c3500f0fad16ab8b002877848,270903,train
a81b9debb7dc328bba081e511379b0ea,18586895,train
36bc7343d799fbc91e6ac3b0482a2cc2,25877517,train
c342501d57fac7d9b2538ed4d50044bb,269589,train
6f6e9cd34ca54b180569b2179eb320c7,46292,train
68875887f419a7adab36d5b93ccc7572,23513349,train
82116d3fac6744b6d5704e49ff7371fe,25310356,train
a9d1cb0d7b5ad23ffdbe7abf820a9379,25877517,train
8f0a2b99b33436a0886b9926e0d47d6b,33208115,train
d8ae5b806d25bd69f257dd7d1a8a54dd,25986827,train
1a40f1e1926b6698dfe8f3709b2e8aa2,30075802,train
e9af5965260e6f813f87281fd0b042a4,18222724,train
47e349932935321dd43345495ff7951b,20821284,train
e7446d273a422d62442834450db149d6,203220,train
9b85696454bf2e47fb40068a8f0e197e,34594982,train
72fd3ded3d6f2d9fa86937c952f8eb31,22151696,train
23b900ebf49b7ccce81b51bdc9c89119,23513349,train
ccc94546442d3278c55a51c3adba0cec,25986828,train
f0fe98f18a345843d4f827c1860cc86a,20821284,train
43117eb58cb70771058bd8eb87a145d5,467164,train
8109792fb3808e11fbafcaa99e247810,6295,train
f2f5c5a21eb301c81e42e9901c72ed98,118389,train
de26fa767ce7e4cca3c68825acf1e7e0,46199,train
28ecc6b43bbb64a2aa5254f7da53d7d6,12568,train
ed7a3b2d1d707b90df0dd7c008b91095,27494,train
9657b8c5a61b5f53dd57fedac5c4d97b,30075802,train
adc0759638ada34d81be9dff893fb2c0,23513349,train
cb9b7adbb39904cdbd22c5b3c0db8aa4,23513349,train
122cf307100b6fbe398cf2278fa5e43b,28818619,train
f4634af4dce50450992f500b164611fd,30118,train
b12d12964f45a834727707421a5b3628,25877517,train
71689fb490fad867baa02207d777d34d,20821284,train
886ba1f175a5f250532afd509fd20077,30075802,train
4e25d0a8741549d9298574770eeac74b,2930911,train
1c99affbdd832db90fda3ba507f9411d,15645,train
8a9d18ce7c6c78e5b561a0b9d280d53f,11904233,train
7b20d6b00b7b3eff0a63bae58ab9c6f8,30118,train
4cdf25bb3c21ce84498f2ac3bb8e1f3f,25986828,train
1cce96673fd0c817dc04aa187db184f4,23513349,train
473e373cf5ac53d4ecac2a255ce5df5f,5936,train
8a71068bb90a6033c89d2fd20f4f6389,30075802,train
54728b69b18caac0a5b4b598289e0f74,22221,train
f3d1e0421b79729ad4f1fc56a7031df4,20821284,train
6fcaaa52f99c9032afb4c2509c9cb122,30075802,train
b878d3d1e9c8a43624c7dcd0daa37c46,24874353,train
fdef4388737423de91f12ce15c17bede,23513349,train
086892b34548c5fef64354fea46ff478,50453,train
8a593fe44d3507bbced8a043f1700ee6,20821284,train
24ed7bca56fdf214d74de86f8894db46,12907847,train
9bca9cfb4a1b12e13887cd7eb4dcb05d,23513349,train
53f4aa379dda157e76ba6da1cabbe15c,23513349,train
6a8e942c7f5e67d4dd2b9abd3245f058,30075802,train
b8dc0dfe8d48d1d0f354ea6e5f8f64d5,30075802,train
15336b23b544ff8d85d5a11e9ed1150c,17646,train
5336a4a444a71787638f107dd867dd71,499933,train
9a9a956dc942c465957bc24b42ccdb60,23366732,train
a1f74d83df9ac08ab6ffd81cb25274d1,23513349,train
18ad2ee9a4de0b9b113f6c0bce066aca,5932,train
4eb8e5e69c410c0d6de73bdba7650423,30075802,train
076789e7fae3c3c0039a4a401baacd4e,23513349,train
72743dd11927e3a1e9f08350e9da6e9b,29939104,train
e5329b8808069262d1eff8d732bace93,18003300,train
d6dce34e5a0f8f87494cd676dea2f8df,23919,train
58a79b01e6459ebb5037f6dd7d7d24c6,25897953,train
5a3bc6aad849bd6bf9af981de129bc4e,23513349,train
662c278ace613f9085e86ff46b751623,6798263,train
7ba5bcdfe377a33042842708b4e9d6e7,29358559,train
3264190be9d1b38a93cf70ebd438aaa0,34594982,train
3d3d3da4173b7bce36b8813490c49666,33004289,train
a603e892aed99d027b58c54a5f25a575,17646,train
39d5d3610259dbab90b6845a88a0e5e4,20660824,train
ca2e5296b23a13d57e80b95a106ccdad,8423931,train
aa170f8b3517a079bbc5e4fd104650ca,99944,train
b97f6545595efdc015f682eccee48dac,30075802,train
992758a5759f5147848ef71ffec79d8d,23513349,train
b881e58a45619e5c5d2530e3ae33ce30,80410,train
be5422011d7d6339c2c1031f7389ae25,12907847,train
e4f68cad8f1b539164f29795afecf39b,28146064,train
1842435a4d3a4c050d3610c845070a21,20613761,train
be6fef89f772bc37510239607344cd83,10203,train
8ee088f4cea5f53d84d2c974dd9f6b11,46199,train
c14836313169d408087aa150dcb14f61,269589,train
4bd3d1cc435013ed3f3a59b6f5b72821,53111,train
8de5bd79a0be5f691fe1b7302c96a96e,6295,train
398e456c44b4930582bc5b28399d1d33,15997,train
13a74fa65b738f0ec071799f7482cc40,6295,train
c3db3ac85ede3319f5ac3f542bcc7bc1,23513349,train
48d799c33317858f3eafbc112291e6ed,30075802,train
cb2d3d853d7fb95a0c472fa547243d9f,20660824,train
d0acff6a905f0cbfaaffea46be6cae85,32148213,train
20d30374e00cd5f33187180f007e4212,3143972,train
7f1efbe08bb1326d80b5e40180eaeec1,23513349,train
96b06c677d4a4375be33a076026d1f79,29059581,train
c5d66d838e9b40edb98e0fe2e5219c88,23513349,train
dcf36630a2fe770977d64798d5811339,23513349,train
7b59691c3229fb6e3833a756053bd273,18263725,train
37e1ced3823fa6d3e8222dda208f3184,6295,train
7a8153869945a5e54851334185598e78,18003300,train
5185bdeeee1f15cb5579b3336d8095dd,30119,train
f3f1e650037036015e844538d514d4c5,1384,train
6aa7e23c5ae4816c60f596984ce4914a,13500593,train
a6966eff8470744e29941202b878da76,96259,train
97d0f82aa10960ed4f241fd18d18140c,23513349,train
689869db65f8bb9767b08e27a2ef04bd,20821284,train
6fbd9e414f78ebdd6eac0f9b51ac249c,5932,train
04a306459027a8e32b9e4413012544ec,23513349,train
585ec2153b484999d72358086865eb4a,23522212,train
2c4efc522dee8960f6c84aa2f8796300,23513349,train
74aefa4da865be34805fb0f39c2db8aa,13376363,train
628e7ce94df33b2f943a976c9c92120a,1432,train
f270dd419be8aacb00f97f51774bb099,1381,train
e1d4bc1e972a5dc0d87cbe0f187805df,30075802,train
dc81dce564210cb3204442c8bd49c5b5,22151696,train
f2253d6f1a93a37ec2c0b8690879446f,25330489,train
4bf4a088ac2c27801dd33f22082b8bf9,18003300,train
aedc0894b2d9569a8c988a77181fe512,29431081,train
e84af2173a09b50bc4a95dff10024e08,23513349,train
788daab7e136896172169f154ee14b5d,30075802,train
09358630f5a9848ec334cc565f40f994,23513349,train
ab07c30fcdac0506673fc2e16316be04,23513349,train
7ac22959ed59d30988e2ced61fd580f6,11409124,train
eeba984366204eea4c54084635ffd74c,23513349,train
cc09dca8743f6a169cae91c8d37ebac4,25986827,train
53e62291815328515c1231218fe32f7d,402128,train
fd616216af5c5d599e5d35307d32a550,20613761,train
c042192cc079d9bddf77c51179f90e98,20660824,train
0ece994e1612cd40910a4f445c622f15,18263725,train
0656ac136b270856f15ff8c6da913d32,10203,train
89c87608aa2f4ea09abe38ea046c0692,20821284,train
046cae196968d3f11a875e1ef7b07927,23513349,train
1295fc74e36c9445b7933f4e88e501ea,18263725,train
20fcb0e6456bde178a9dcf2986f6660e,6295,train
e1e3c4735976440e07cce1b56c082712,20613761,train
1d69f5a39fdb0caef70d5e9059181172,112200,train
a34c2ebbdf97fb67ec7d3bf46923dec3,395090,train
012409778e72cd9e4e40fd14b55af861,102908,train
76f7280c3028953fc65d9cce3906f662,32942666,train
5469afcbab4e0e8e708706d10406a403,66414,train
c2b78e59a58b3eed4fbfe8bebba85871,20821284,train
30384b785d0f85f8ced85abef67a4082,11904233,train
3e14cc334a7193b9992b3dd89f6e1bce,18486,train
c86513c8472ef43cba25682bf09489b4,20821284,train
398173909a6eb495154bff251f768144,6798263,train
86def55d657f1a610e8adff0c8f7ed26,23513349,train
d44da5525bf4425961156010ea456d38,24471629,train
8a4614edc48b980b2fe4b55a2b898ae5,18003300,train
33435fe439b1f99b24f958ef85707674,20613761,train
101761b5a2bfcd64535a1d6db80a1701,30325231,train
5bc4ed0e8fb26607ec0f7c7742757d81,31443393,train
2ba06805a24244c004c2da8de1a69997,29059581,train
281b00693e9a97ea3c823be23212f3a9,30075802,train
42b1825060cea379a9ec4c3ef11908c7,15997,train
710e2d884a2c6719fd998586a55e3bcc,980426,train
f4090c2c163b3a97c0f2c34b5fce349a,80410,train
560da8ea64d82f2fed27185535772221,23513349,train
048564d92de268f1acc2d6fa70bb0ddf,1371,train
f5bdb758852036b01b7c845c4aa2551d,25877517,train
f78ccaab61b30e72aa5e56de1cd14cc9,763508,train
7b4b1465522a27d5c8b8ebf1b1dd511a,23513349,train
4656d58c65bb826f8d394d203749c30b,18263725,train
5f1755c62c83c2187351e6e44b9aa45c,18338416,train
32d0d5e05302d8f8d274d4c7f0912845,34080,train
d98fbd25cfbfb57dcb381a55c2be9d98,96259,train
effa1ab6a452ea5221ed16171f833852,16234590,train
42875546618d98ed1b735f5b6a6e1260,151809,train
3ae837ef4e7f69ac1db55aad053ade50,23513349,train
2aadfbbfcbee35cfe05325f5ad6e99ee,23513349,train
359435a5d7b94fe0291881bf7400f318,29431081,train
b1cde066f91b2f556c072e9446f8b55f,30075802,train
7c1ea7238ddf5afa8db0b10e08b32930,23513349,train
ad8c8d9c2aa1f8cc071db2bc0e844bb2,30075802,train
496386fd19c76a2fa8dee43094c991c6,22151696,train
0a3a8cfe644112f2b47c90e0cc20042c,18263725,train
9bd064e1c61cdf5b4782ad904a94441b,29357293,train
a3e45b54d060240208d0a43a70f0b021,1519,train
4325a5a160ffadf56165ffe9ed280f54,171547,train
02e8f52fe07520e971ae367040687ec6,19351,train
2d42fc8058d2971652e1b2a840e88fca,33208115,train
2111240053a33f66ffee28e14c515a62,23513349,train
bcfb6db182bad9a946a1711ad294d0af,23513349,train
2b94156d3eefc3143efcf9142a341476,32894545,train
b4cdf329e800414296b663b1321db9e0,29059581,train
a9de5d7197eb166e1ff99813f704c671,30075802,train
f01bfbdc4c8882b45cf72e3a88a07514,13588404,train
62f59b432747d5f2f118d57e330bee83,25986827,train
c020aa5f468aa03411d81fb8c030e201,24874352,train
62971dc5a7d7d9a2ae3f4e2471671f52,26114444,train
7741b0510e08c063319d72af9c812cdc,19351,train
7c3c7a8e7d1c046009909231632d9f54,18003300,train
99036225f62ff79c0d60c6c61dbc0e17,23513349,train
cf32d989bbc09bd0206582c197cd3d23,23513349,train
463cf0c944c99e3b6c32529dbd65d127,18003300,train
92456e514a6f8f196cf0b2ff9c1b5941,30075802,train
2949b746bb05d6dda487bf199fd8ce98,16099190,train
227dbacbcbf159283bef2b8c1f97d3d0,25877517,train
62adf624895930322fdbc8ad6416168a,23513349,train
1efc59fb0dfe6769fe613de917381274,12914,train
d3406f352d71db37ee32f99ef8cdbc7a,23513349,train
0d26eac5c70c2829be65caa60a34186b,67376,train
ae70112e57e4e5b39cf73d5da14e933d,23513349,train
e28f0a82f709c27da45a1a5c2d706a1e,20821284,train
75434e220e2fa0b68f372cb5c1fe04ff,17646,train
f4a2c018bcf4fe9de070441efd23a692,25986827,train
59041c554bb53dc8ac827f8ecc2218f2,10203,train
6bfdb232e284316ef48151b7ffbf6db3,23780641,train
38c4fc0acfc7f2bf0e4966feedb26bc7,11409124,train
e84cd38396f80b69227ff173ff871769,617495,train
c1b87d590efdb9e244905070b99e250b,24611612,train
a71ebb02b864878daf9ffc1205f2e2da,23513349,train
8af917829659a5fbae43804f20960a6e,25897953,train
ed1e10d727dfe56255ee6006f2268fbf,23513349,train
4e43f34d362a408bf977a81afb128728,18003300,train
0bb24f6854970ab9b5d59a9368358317,171547,train
d4985101256ee16c3775d1e4eac44303,33837404,train
0180ee6af1a0a9331be6c558b0ff9486,18585282,train
31a93d7e7c57027bb67b288a07d1c4a0,25310356,train
dbc6c586d35934c28f3dc029e4079c78,23513349,train
4f2e5250173063d6ec996e1834447c60,25897953,train
f7f5909d9427ffb9592d93546e025e0e,13530012,train
5068f62c240eead53f1383a8487e7087,1381,train
0a6f1c9978c0b447925b3b5b287bdb57,15997,train
aed93e510abf141b68b61bd700c5f160,5936,train
182870ae31adf1232f21402b72c6ea21,20821284,train
0ab44637f6ec156eae15165c097ddf77,30075802,train
a189550c6fee9a822cd3233987e2b9de,18585282,train
07f4791f6e1b2515fb21435394a11b2d,23522212,train
775f6aed97d315a63e664a857ff242c5,23513349,train
5794b452f19f0cb3d6f029e51fe79d4b,3049,train
9cc131232204066eb5f5fadc5d93361f,778310,train
0a8a885bfdcc728b3a3826af7135410d,23513349,train
066f15243387ee432e94bf5d7d619255,20821284,train
2798ee995cdb5015f15e2c5ae67588b4,20613761,train
931bdda77abf7b7b79c452372e2f9acc,272102,train
a030e816a92f22de1928c5667384e488,23513349,train
0db0abb1ae99373659499ad191f52aad,26114444,train
914fdb7b106b96f4d65dd1b66c07a951,23513349,train
e3377289314d29fa0f80a0e20ff1ae19,23513349,train
ff84a2de890ef06ee0e5b202945a1f49,23513349,train
a19ae88c1ab3f91893896d45a99c7256,23513349,train
8aa282b24801d8f0e224564f23880f33,30075802,train
87595d6f785f47c0f86b3e85a1d76987,15997,train
6e5139afd27c8719b1ef65a9cbfcd12d,765418,train
564873d13d71be053a3426c1ae9f7d55,6295,train
e6de4c78528e5d256d49dce0033b098e,30075802,train
9707f54cdb8ece4da01a3a41ed287813,23513349,train
37f1fa4d4f2e090e1dcc28087ac35932,76889,train
3960ed502aa630a9dac4550b8d0b95bb,23513349,train
84ef9d3f4c1db88382ab2e11053d2855,499933,train
6c0c525a3b299928c4bd3fc3831ce196,23513349,train
d1b7a0b44832c2208a0f4607e0973528,139867,train
0068bd0765a609178851b580cdb1baf3,76889,train
de554cfcd725557591cec73b230a77f0,6295,train
786dade598b5eb3b142abba6fbeb0317,132025,train
708de3b18a455ec3240f7ab68c01da30,23513349,train
b51d7e446d2bf730d0e6d4f75c7fc55a,8411631,train
c5b8a40d97aedf09e2d3fd2309d09202,30118,train
bf7c7d10b403f59ebda8edef2a96cb28,20821284,train
f6520e93dec1d7d07166aa2297f62612,33375618,train
276806c9d8a298245287e6175dd79770,33208115,train
c7ecbeadcecc870af5d41dea46d005c1,23513349,train
a212c0e1169379db9eddce54ec9c68ac,30075802,train
76d0e14ac1ba898dbf552bf734986691,7606878,train
6aab4a9f5e27f6aa3d5155d7045f6bfa,8411631,train
6746635718f32d8d29f82f1e7cf95503,13376363,train
94f2e08ddb33be2c35e1fa50c7c90ac9,23513349,train
82ac4c0028063e1eb70a39cc51d96ee9,20821284,train
faed3ccb412b30eda62ddb3db8ded71f,23513349,train
d4baab2f50d51d93f5e815f3477303e4,304079,train
efe5034fbb03b155b9bf5ee03f6cc8ae,30119,train
0a93717ce88f63311eed42648081f87b,25310356,train
52e92a51f0f000141ff95722f4e573ab,18585282,train
adb31082f3ca0f111b6d2753410a5757,27245634,train
d6417c9bfeeb86555f9564c83beb26b6,30075802,train
a7e6af8c65cda24ecfe39e3b52f7f89a,23513349,train
071e2b151879f30e330b2c09bb54a625,25330489,train
5fec6bc669bb866edd2b3bc2a6082783,26599,train
01453799bebd5ab30c8632ee11acc080,13330670,train
6b419a55c37c0c680ad1b72902026ab5,6798263,train
1c2761d38b04e9545f043173bcf4ebec,50453,train
cde73cf6bab118ee09a45b78593c0ec7,30118,train
ade0dc52cfe9ebe40757f8a7076c3c65,30119,train
256b030f05f2c33b1e66f25320ca8296,35108792,train
7ffa442ca2d9cbb585a870bee3e22056,253264,train
c53971ab5e4709884953af28be67df87,47730,train
57f8f7c3758ae1175180fab02242d09a,203220,train
b9cc2c705c9c3cd8fa0e96c1bb06ab81,23513349,train
2903aedbecd74d0091fc7fd21e8ad714,30075802,train
acc68af663a799340b57bc86ac1e4a41,23513349,train
1ec441d9ca306ebae600683410ced396,99944,train
1b94bb7e90aa49abf39da054dd584db6,23627418,train
215897e5a7b4d2a1c679168f89b21049,23513349,train
84eee68383b57ae5f6c6249ed48c0a68,23513349,train
9f143b147928aaec72ffbf97b6b4d47f,30075802,train
d7c89bc8e4271f4568c5a34f1c3c1a19,25877517,train
f9d88a0f5ee0b52f0988c194c5ce75c3,32334098,train
93c774c8f2e94b2f0f28eb5651798129,23513349,train
35559698abfc7023a79716dc922550e5,1381,train
c8bb07bbbd5945a3afe341289fe19097,27245634,train
920c3ebfe5857b845c0385a9ad541248,12914,train
e01352fc47e30b6a952f8047944e0464,1381,train
f3e2a572344f20a03481dab21114a29b,25986827,train
ff90bc9ddc929d7faf0e91e06015782c,29059581,train
cc48fb1c2c18b91b5bf7602408f9d44a,23513349,train
43055f190e4b9ac4220da4589d0db7b7,32942666,train
ec19f380a869c978264c97b8a43b6a74,23513349,train
388dff3089b1971a67ddbb6e70cebc44,20821284,train
c386f5f00cac06dcb64168f8f58b7e2b,23513349,train
ef42a393114e59d5920459ed5199ae4c,29499443,train
23ff2fb4028c1ac3a6abcf61274a4986,10843755,train
fc34739105fa2c3e54afed25b5cc0f94,23513349,train
f879e59f4f08c757932fdd0ba7b3830a,25897953,train
90988c4ed5d7854bfe5f9fa130f85def,20821284,train
c6e231c89a599070ef48fe15c894c77c,18263725,train
c7848aa0d6bec72e597e0d1c5aac1681,11409124,train
a76b405349d3af27e710b00dcf35abf6,8423931,train
614b97d409bd2e9a5e9a52a44a7a4186,29499443,train
76c3d10bd96939ba4f4a74a9a0344820,1381,train
55605d8089988c3242598956d10f4607,5936,train
75804837c46b975a13bbcf27b765ef32,23513349,train
44ac60afaec744985ce5103ab658f3ed,293918,train
0eeb076a4a4662f05ab7a4f5bc14b436,15645,train
444cdc1e62d8c29c85ef64f2e3bff30e,23513349,train
ef905a3d7175aae3fdd28fc533b6d739,25310356,train
a9fa38dad88d2e2a69762dabf2931ef9,91571,train
dadb17989a450361712f23b6fc8cc67b,15997,train
704a189d52c58f4178d20fd01c41fab9,24874319,train
4d8a97ec2598ba36bf1b1e248bbf1162,23513349,train
0d67aa88ea318c4f46ad10ab0215d0c9,34828719,train
0b828ed2b5bf41f0bd4a66e627454117,15997,train
ceb859d8b6832caa5c6232ebf0b63fd6,25330489,train
abb41a4411f920938c7c011f2d5c510a,22151696,train
943f4dd14df646fbbc9232f6e7cd7e3d,24611612,train
b3458a69353c1ddcbf775253f8868ac5,23513349,train
20bdad339d9eb357e1ac08b88964cdea,23513349,train
7a0bd1ff5e2c5d6599b171573b9cbdc5,22151696,train
3bb435ea0b30872a8105de4bf60898cc,171547,train
b74f9edd4bb06db79f60fe18944755ff,25877517,train
512aa03dbaedcba604b1c50c19008213,17646,train
72d989b6c62182a92fbc108b183452ba,14553840,train
540a8f6834bad3d0315dc6c6b0215d2f,14553840,train
d71f2afae3aa4129532499fb45be98e4,23513349,train
57b06c47012b9009271b8083303691e8,30075802,train
6c125bc7946658126c621e347f6bf0ad,23513349,train
58d6d6968918e148ac2432083ab595c2,24874329,train
cfc7bc4fb98c1ce9c78803c190ee5c47,1381,train
a9a88caa2d91e92c5b1ec2afbb7bc485,30075802,train
3179db498ed6e69b429d1c6475872a3c,23919,train
12564e4e87a0993ae6c44a46b9d6b00d,1329726,train
2b07765e4dbb3f067ede7d2c22c53601,1371,train
63fd4bf897c428a2d22888edd730192d,29431081,train
c47ef11917b05384663967230f8eafd1,13588404,train
6d0dcb11495b33a8023a32cfabd119ad,402128,train
814c8fbd3d171a0bcb49b1c75f6eea08,23513349,train
771d21e704ac71a593976af2f69c4797,23513349,train
64b87fef53a4d69e1cea1aae3b37794a,23513349,train
29543f09d51d213d323ae5da317323d5,18003300,train
7f9225ff0ecfc49d789d17ba6dd81b96,27494,train
fffcefb874cc10fb1d91eefdd6d854c8,23678552,train
06a8c75358fdb16a9a5d135a425a8657,13124956,train
01b29a6b4e0f1bd241b106c96ac3e11a,15798111,train
2facde829b1a23099e22c34914fdfd8a,13330670,train
00ee82343e283d20c5ee39cf7e614694,626685,train
1dee53c086e7373dd2d667faf44db4a7,387812,train
865f441227e7fa8ca8fea749463e3bbc,269589,train
be52057f7284ae2045fd7ce2fb3a85e4,19351,train
abe8b5b4262d4335eec291b314142be3,26599,train
bbd0e08c03d903459b663e26d0d3e786,220805,train
a38e0dede188666fb91c382edb7689a5,239229,train
aef12aa9225db4d2701b6683ff3c254b,1371,train
dee306cac34432d34b109270f274cd29,1381,train
c333e071211e2e22474376f9e1a8a5e2,175038,train
19a69ac9afe69fe6484bb4c12e9edb74,25986827,train
3b672297bbfe65431683e64da1e0d197,30304222,train
63ee5038efe0cc49063411a5a87da842,23513349,train
4131612a63225cda4140c455fb90c3f2,30075802,train
4b4ff2493d66337a76690ba2e9a32422,6295,train
564686ce0b2e97cfd30cbd50d2181fa7,30118,train
3b29baebf1e89be9d8629948f1f8a192,18003300,train
55ce11bdd8cb87ae8e11742388e63333,25897953,train
abe87e4c141038f2feab25dde2936c2c,20660824,train
225661b1cb668a3b2c91710e3b84af8f,23513349,train
714fa87cde5782a190e6ef43a4550ef4,11904233,train
537caff96aaa7ad0678ad452991848e5,23513349,train
1c10cc9506cde3341dad49324c4b7d23,20821284,train
e185d172bec8cbc3f01b19be401138da,20821284,train
6a09ad3e2a53aa25e4aed882b4c87c5d,46199,train
6ba6b610439e03cb268ea7b4ebf96127,23513349,train
0a557321d960250904070c37a7db6bd6,17707772,train
5358bf7ea163efbf21e2cbd380697313,53498,train
396c49f53bf3477208a85a822a7f475b,24874319,train
9e3887270e7e8774cd2e72db51435686,23513349,train
9ce159e43ea52383f3d750ec8d44b28f,30075802,train
08acf7d7a0b8af5554513c57bf870e93,23513349,train
c02154f7f0a9c88818becbbd39b41c63,24611522,train
04e3774f10c96b5130e5fe88d04b8e2e,12914,train
05936bac8e75a027b4f76e35111a9801,333706,train
9550dba2b2a6347c6fdc6a8ecb2665fc,663145,train
e19c7ad515bb4e5406aa4651590f378f,118252,train
808f95c65bbc067dd32f38621e9e38d5,19039662,train
a97ff586443294f7264e1692fda8ccda,24874352,train
9f75db6d5b6293c11d429662a196f786,23513349,train
fd4284b1ccfcf736859a32fe42808fa4,26877039,train
fdb0d1a4e54f1d872e45bfb38f5d45f2,23534,train
995f2396ec908a33eda697e3653104e6,11535502,train
d669da900830c99be0a604fd525e8a29,29431081,train
1858ccdf0529cc7ea83a42bb9637398b,13376363,train
0056be7f260ea5ea9045a68712e2b466,980426,train
e8e26c496dffcda643c660e8b5bc5626,29358559,train
095428c85a7a79663f9c4da5c50c5812,11409124,train
af0fec1d7ce40376dba3223ad9ae50de,35663570,train
6878503a36d000004c74d1672550322b,146548,train
b77ee99bc0421d8e47291c6df73afd83,58098,train
70afe766f4a08d88e56611d6f7f70062,13376363,train
ca6592653a073de5492ba0dd0c6dcba3,765427,train
fe31a8ec9a1d8c7ab8d4fb1ec7323095,29499443,train
52adb7a5c21374932bc17a433bfa2846,11904233,train
6428e86f42a1bfd198c7288d04f0e158,15997,train
cd4ec804e3062b66c59c559f4834db67,13376363,train
fe3189570bc71cb1501ee3a1fb89e7eb,33004289,train
d3b03aeec3eb2b818af4cf716c8b865c,29499443,train
c9316cb18c13fdce703eb8bf6ae0b069,23513349,train
6473de9fdfb7e5856e26ace6b92e5df9,13376363,train
1fc7f199ccd360991ab26b00f3d78860,24874297,train
3c64f399b81f4a819587265a9b2cf8b2,24874359,train
925a001d6e3ae6cce46a831c127b118f,24874329,train
a78c2bc7224bea04ce8cb56ee2757bac,24874309,train
92b51f81a130e524aca34f565a324bda,24874352,train
e5496883a72425e63c1e7e5e2c5cc6fa,24874450,train
1b0e92d7d4651eb01b6377ea8d15c5ea,6549,train
52afc95e45b9404a7f42102faebdf5ae,13376363,train
ddb25c9c4063f387869e2fda3079978d,151809,train
c470849e64dd907e9103878ce882e8b6,732562,train
c3acd1c30027f3b6e7c91a0ca6c3a430,20821284,train
02ccd66070c38de47cbddf32861b28dc,23513349,train
0edb1481d0c2dde61daabc07e23a6659,18222724,train
1f5ef8d6a0179cf64840922f85557f4f,402128,train
9627fd67dc8697a442b2827ef6a1e7c3,11904233,train
8701e327bef481dfa01bdd2aa82af468,18003300,train
825df815575dbaec5edd97758bf46abf,32186794,train
6b6439568f8bf289b30e6491b069f494,25897953,train
2d345e57fee9d3715b2f75c052cb7d03,304079,train
de7d911bc448aed463d2ec831c08ddc3,18263725,train
8631e19314135ed92f9b53dfb90f8418,333706,train
c39c47fee5abec7cf14472ce16599de3,1381,train
ff7984131653f1e7362207822b90ed5e,11409124,train
aa6d48de6b5dcddcdd20ed3e1e28ec5a,23513349,train
62dea774bc35928da6b5ff3f7232208a,29059581,train
6ca3380e2ca5be11fd214a567bda873c,25986827,train
fc57f2e9a04b0d5a19bd6fe50ad305d4,19351,train
e991ce6023212a662b856a2f251d420f,20821284,train
efc236cc95497d608c026966b06bbfdc,30075802,train
3d84ffe4fbd32d0383495ef2ace8f7b4,1384,train
61eed6fca9f6f7f39667ab25d2ba7061,25330489,train
924cee2c41103fc930709d1051aa2c0f,29801264,train
0ceb2dfc252131e66259b91ff05915d7,18003300,train
5ce327c33a54813f05fa8cbc300d0d81,10843755,train
7bd79dff7e96e4b0c3c506bfcc79af80,20613761,train
b375027727bb6745437424fe710b4115,291,train
493524c3daaa30f41e93339842e7eda0,33004289,train
5cb67063bb37b87f9d63767160127462,25877517,train
eaa4aa6877dd7c9906d233d3a6a6a260,20821284,train
f7c1f474355b28a3dd52f1bd2204ef1b,112204,train
77937d35355d04464b0ebe5d75658b91,23513349,train
ed496ddb9fef2bf1bf6d41118dd7781e,32942666,train
5134982444430593d1cbd81bb0a7ff10,23513349,train
eb53d9b3cfc62d7719e762d90d950c1e,30075802,train
9efd75a923c9de99c265406cffdf0306,23513349,train
c08f258120d0e4bb6dd3c56326bfffe3,20821284,train
4bd822b01761f1384b48218ff8903416,32307768,train
57c2feb02639ec0eef70691be9592786,29431081,train
29b994ffeb4588a1a9b7a9bfe27feafc,22151696,train
60845321c39846333b33f6c0cf68d3d9,13556327,train
ac6f8dd8930d718b8bc18a3ab43194ef,17324134,train
b5b4f194b18ee4741b6384a4cb84e48e,13152144,train
8e7f4c3681d0db34f351aa0b119dd221,6130588,train
2bc3921365101360020006d3f4e83835,955076,train
971bdef4de758ca168fe40afd45d9ef1,26877039,train
f22d5a2e53eb480c1d14612072bfad9d,29431081,train
3651d883a4b17f48a8a8b7d5a388f40b,66414,train
7093bfa6bb8386c6b707e09e4c07fd1b,32942666,train
e9efdfd12722575bba93da147d8b5659,30075802,train
8425b6b5fd42fd45cc7ae98780df12ea,46199,train
387087f92496dcea412c7e303f2a3e71,23513349,train
ebeedcf6fb3d12ceb48f352235778629,19351,train
2aa64c97b388df0f93c682973b9546e4,765427,train
c29afff3615c38a2bc12af159fbb8ba2,23513349,train
02c5932abaf45e5ac1f97c3083a53102,20821284,train
510ff9107b304642f98099e0de1ce38b,33208115,train
f00b63b5f9f5153cdd1824e7aed647ae,23434371,train
36ebc9fa92a2930c3ac619c011556128,30325231,train
bcf9cc3e9a98ab7247d6d4a7d96c53f7,29059581,train
06d5e36adfb6d909ef02acc9e2b9f46a,30075802,train
193fa5ce49b5239e886c97334aebaee0,18585282,train
f804c84e2b4e26fbe94c5804480b4f4a,23513349,train
a2a35f32f9bd939359385efeacfb12d2,29431081,train
583042fee1e486a20880b3c2b808b4ce,30227846,train
85f40a25c094f2e6eac483e34ecd3aa2,22151696,train
c9692f0dabd22b1ef7b9ab48ff2d607d,23627418,train
87f015d9949581004fe989eb6410bf77,18338416,train
07c354b93ffbad85e4f45605a8c1cef6,15645,train
2de6a4aa25c5ec47c7009ca49fd5f1f6,91571,train
c840148a7c2bb9e2555fe7688bb9d663,400412,train
48e02cc1d456b9f195241483e7aae435,33208115,train
ee487348516a0ff07b4c666693b25731,23513349,train
a0aa72bf3bc1971155ecee32d53ea7bc,18003300,train
30779cc5f76c81dcc858f394d185a513,18263725,train
6b703bdc8d6fabd99971f54908e8d651,23513349,train
fa41d2bc7268cec514d2a0c8362ae381,5931,train
f2e5802136551ecc3a24bddffdc64f4a,25928164,train
4bfc7362862773900530fb1d95eabb81,14553840,train
748383382c9f87874953fedba4e1a99a,23513349,train
2e0d72be95868a106bf4f42ba07133f8,30075802,train
7b493995524271bf93a0128677b85113,18003300,train
ac174e72f3c5d31c93bf395c6ab9a7bd,23513349,train
c6a74f71e8fda0b67ae4e4c6e8e56d01,23513349,train
8827805dbc4f0ed5ebbe6ac20d51469a,23513349,train
d5bb899f229645745712e74a3345b988,20821284,train
c1f23b4690b2c3c921cff198d2e42435,18003300,train
5ddc5d906e2b3299962e81894b4fcfb8,29431081,train
680974882f12fd3727b54a3a278beac4,23513349,train
af3872d39b2b9fc476d909636eae1fdf,1381,train
ad07320443769854b3f8d2fa2287dbc4,25310356,train
76726491bf954e12f6330c293e917e7b,23513349,train
ed67232664e618cb8b35b0be6dde6e27,2930911,train
15806282a060d6c114b2c2b8e228e1cc,23513349,train
1eafe78535c3f02b9f813422a5cebf86,15798111,train
b5c8a92b502c43e31b5f3c83ec3fb503,18625143,train
f22f1dc7a2a93649355fadafc5d9478b,23513349,train
caac8e1d1436e14f19b99d3ffcbcdaea,29431081,train
c8d684521ac10a10faa0d68d45e4911f,23513349,train
8724528ad2557102133da85eef12c4d5,13376363,train
55f1fc27d266e61ff86cd1d44ebf2791,29431081,train
c5d26737cb7729b1f2590b2c6be9c4b0,20821284,train
6ec625d3d54834eae168fd857fbcf595,23513349,train
7a2c71804c36c6f0de39ce77ed37b0a1,22151696,train
d7bbfd3dfa80d7447700dd13b4f86002,23513349,train
c278d166fa075a2b810150ff8e63e666,23522212,train
73a775ca9a283f8a25283c1d2d036e25,18003300,train
8075c49eab06930ec6a236f6f610bf0d,151809,train
82c5b5683333a11e06629eee32c9446b,304079,train
0af3e6d77d408db5defde789069013bd,20821284,train
628e76c2b50eabd4a17bdec4c6f49807,25986827,train
7a42260a1d1fd66a106dd4038693da3b,23510851,train
2c9fe1553513050234aed78708220b3b,24874359,train
7e2dd06f974a45df90f97eb431dd2ce1,24874353,train
5b6c2fbb0e2c48c113e750b58469842f,24874352,train
188e5c6b3813d927a461d07bc25ccb8c,24874319,train
a6fedf77a90108cb019a80da2c1e065d,24874316,train
c21306377ef21ebd0a2530fec8143e16,24874309,train
62d6a53558649a87a1ea11aa05014b1a,24874297,train
4fd1fe5eeb502b049f4484384ac6668c,24874450,train
b00b5987cd50decf3a1ede490e165d7a,24874344,train
5dd175ea0b979b7c0ba4dc5470b23599,24874329,train
45ef77563734ac3806b1a01b74e56259,732562,train
e20662ac77eb6a687aadc53cc599cb4e,1384,train
36379ecd315833d2b0c757f1de3fa870,24611522,train
bec5cf24b86fcb54939757cb939e357e,23513349,train
5f3a97f41488f2ad511f31af572adf98,30075802,train
7b81b57cf10f9166ee01438dc589ed9b,24874353,train
6e25674969e7186e34e007dce2d9e810,23513349,train
6b6086617b64db8a6fd795f62509172d,23522212,train
346ac8b91cd4dac3a5cb423b3c5f9bb5,30118,train
8788f32bfffb813e2a30b8a6c2f4428f,23513349,train
67b09b8a188be02f971958c0d298dc56,23534,train
af6438c966ac88b68c4ac97764c21161,9490,train
5d9fd1fdf16339c821f36ca9c0443b0e,25986827,train
845a31047f26eb85583e3183e31c1d3a,6798263,train
0ce264296c368c7f26849ed493fd7b92,23513349,train
e054c214b197650006eebe863d9103b0,778310,train
b856186d5aa4b7e4dd816eb750ecf8e4,12914,train
6ce55ec708e14bbdd745a648d933a395,13376363,train
fd19ed1ad128991da7d362f9f198caff,67376,train
109634e5c7e58a0ba0a4ff02262798c8,3049,train
4ac589ef20fe2bf4ff6cf43904542cc0,23919,train
2865de03827e74ae07548b87ae37a297,29059581,train
0c698a04a9c5268636a594a6248f9990,30075802,train
87bfe8de0c37abf85e0464f7c93dff2c,20821284,train
d5540b7eea4bad1c8119d7e115c470ce,23513349,train
48877dab83c5c5856697a1d4059d2ae8,30075802,train
806e8c92b69f2af1352286beebca74d2,50453,train
6359beb24772a595394c324010ae7406,3775266,train
ecb9cf0a07d067b1b1a3e399e1cc3de6,1519,train
8eda621bcfd88c9170eabf7702d31f09,707569,train
882316420305814ef1dbd6e6fb3f7538,118271,train
a7f4d61f75a79368c63635bfacb08a9b,395090,train
29a37a8a10b5ab05c59d61b2f4cf557f,220805,train
304d0fe7afc523a137175b8ff46fb20a,1329726,train
a270562ac84dd6e3caf9b56204017f0c,1724365,train
1947f093fd8bede97ad2148cc25d9f42,22151696,train
08f933d3d3edb1636c7991b92490cec3,2470643,train
a1baa26f627700d8fb474136552863db,13530012,train
a16f0e0c7ea2f271a24fe39fc4a97896,13419990,train
877eb83d1b5e1c14d7c0d979548bf62a,6348303,train
2fbb7dd9e65bda78903578e50d3f9632,23513349,train
843b56bad9bc5f67809b00700f14856d,23513349,train
e808dae42cc733410f1aa64c6e651021,18585282,train
af404093ef64819b1ab32e9714758a89,30075802,train
0bf0db1b09bb6d49a4b8ffa5e54d375a,23513349,train
c54379165b9f4556771f530eab2a5302,24611612,train
6dd567577355dfb2afe38dd3ab3bab13,23513349,train
540b60926d7e6884cbce005ab36ea125,30075802,train
7263a7b85910be44bf27dd1b762cba40,23513349,train
7acd0efc888deac5aa1a06d3147872b7,18585282,train
ce32ce93a8470bc50c4d7b3aabe49da9,1329726,train
9e19f2d41324c3d0bff5b558106b907a,15645,train
bb61cbf74725ff7d71e0a468522813b4,18263725,train
cc717adafc9ad148c0f2a2b7ab04d5c9,23513349,train
5bce031bb1f18c6521bf49fb382401c6,20613761,train
69c08a5cb3a74436bbf2a5984d1d63ea,25276818,train
a3d9b7a174eaacbb749f839aad7417e6,23627418,train
7c3f9c7c261a68cf535af566733898c1,18003300,train
b1027adbc55aefdd56f533ebb952792e,20821284,train
b62b85814e20041614a2a9c9639c8cbf,8411631,train
a002f326adc2ed3992c1d96a5b154004,18003300,train
3106bfb68412721ebc3672fc15796271,30075802,train
aea5990e77a056615804d839cf2de849,20821239,train
8b530c9b87df1f9ed680cb0f1d34a4c3,29499443,train
b7d38b9aa81bc2c25d403de43b834076,46199,train
80ccf0679163ac608b9aade0f287369a,5932,train
ee16e6b4e24286938dbf62e90a9a8d9a,30075802,train
091f15d5dc25412b23516a634998797c,732562,train
b518a19c5ffaebfec37289cf2c6aa530,27494,train
c6ebce79a25e539cdcec21f052a49ce3,151809,train
dd00a99f7cda74f283a2235f229685ca,23513349,train
a2e261e78e83e81fc24dfae48c63f638,18003300,train
a5ef5cf5cd6c1a817fbc058361dd0e49,1381,train
ddbd979efcfb13371bb30c2f1150a538,304079,train
cd5a64ad9c7e4dbb9977299e6e521113,6798263,train
870036cef124a164df2fc4273c1dc99a,23513349,train
c83cc91184a9170ad28761e936ed9759,11409124,train
632bead39bdfdf95d7e2f23ffd4ba4c3,30075802,train
2b771c3db2aff3cded7e49f8ab08c1f8,22151696,train
ffc50445e77c3f8ba9a9ddb83d5d74a8,18338416,train
a2f4dede2684f630dd4c6568195d0259,23513349,train
b5c5363d6d08fcfdc7a58b8202747759,27494,train
3ff4e1877d656bcfc37927224c0a10bf,25986827,train
9378211908585a7da5502b3f2f403238,27494,train
411c68e572bcdbcf03b6d9073dbbc5f5,33004289,train
1d42581f98f4fcae1c85339480a9639b,30969875,train
49443622d9afb02ddad9ac2bfbd36f43,20821284,train
1de702a239208ec7a4b66e37dcb9429a,203220,train
81dadde37d787db7531df5672ce29a16,26114444,train
630040d8e33adc26dd9e5320812630cd,20613761,train
1ceb56fff0010d930881a6e77eeec006,20660824,train
75a05c49a127c2ed9c5dcb6817560655,25877517,train
628aac66b61f360a57d82ee25b5fe7c3,20821284,train
c5f825606ae0bc8e4fdb9405851b68a6,25330489,train
f4a38b4e2418308c8ce5d32ff4161ca3,23513349,train
1acb955e0e3a9215cb7e1887d0f91993,5936,train
78af073ea255e6a5dd8a0ad03490a9d5,18585282,train
9e3976c265f1ae6f3b899cc4e128d389,96259,train
eaa953f4ccdb666dcb9d2d96905a5c7a,23513349,train
c4bce5ba9b61265f28df32a1943c705f,18222724,train
9e8bc1a5ace794f2f2118da263df6fcd,13376363,train
5a28fcc7d780f455a7ce4c0bcccd2cab,24874353,train
83639d1d40df681af229a16740b07abd,24874319,train
e7f064caa48f132b15ba9ba9fd0b247a,33905090,train
1edc1c9206d9d0865cd99d29bccfbdf1,23513349,train
2b4cd4b28f0246e15620152154613f31,30075802,train
7cccd1354535a961c34bdf03bad408ea,18585282,train
2082de7c333836574eeb5a2f957e83ac,19288242,train
679a9c2425dae4505e5c992bd673642a,13123245,train
df48a5492155b063d1df1ee79d03606a,25276818,train
9a47ac6d23997e1e3047ca9cba9409de,17324134,train
a021c61ff06db26a28f4377c3fbc8dcc,2470643,train
1c86159fb1dec1c6922966f5483a4bf6,395090,train
bcd186d6240f9225da73109b9cc5145a,12914,train
4502087771c7b9435216eb70418941cb,18263725,train
46da4d316d790cc076c4d2e42f7ed597,30075802,train
f41cd2a7d8d1b757949c50b7827d356e,18003300,train
e0e7bf119c3d883a15616bf304f59e47,18585282,train
f4b7821b8e91d95cfd8a37c5a57cfef1,23513349,train
a9e5b917fdf33d58845d2f2c78290dd5,30075802,train
66bb7cf21bd4154568adf17097b7de12,25310356,train
4bd5a006d05af8bc22f055d7c0e25f60,402128,train
87db82ced4a0302bb669d01741ea33eb,333706,train
7f9729fbc179200651f9fb524cd8c9b2,30075802,train
8a400794814ea66f0509c8e857e6bb66,22523971,train
0e6e012327035dabdf09f46d22d8a632,23513349,train
f564ceaf67c3470e286b6ef4c6eefc4a,33208115,train
bbe56039e1967368713e438a6950c7dd,23513349,train
746a14013a2d0eae821c21d869232b3b,178959,train
24758b9fbdfff13e4f68dd9157b88c72,765418,train
e4fcd485e275d4bb9c3745c5dfe55be9,29358559,train
fa4e652f0c23a10d4ef800d692db75f4,24611522,train
6d1e7c6f31c8dca6b296419e01ee6af3,6295,train
353db62561ba0ab60478951cca4a5987,178959,train
8df96b3976e492eeaba9580c01c6a3fb,13588404,train
daee248b999832348639b141d42ca40f,23513349,train
827f4355200231a5c6e83cd9c12c0218,30075802,train
38df7958a071fe2bcc4a120aa2b56d3f,23513349,train
d84818af73e58f5c39d65b97ad76ddd6,20821284,train
fc9292d88b72dfe7e8d47f686b2ec8df,401060,train
752f50dbc959851489ab5758819908d4,23513349,train
741985ef68d8252b29224447ad1bbf53,76546,train
e0a0f8e075c89bf468618dd7263ec05e,5936,train
a1a8b806a2d4509a636211d756d53110,239229,train
9816603e63f040b5354e6a06b522845c,15645,train
a53116b5d5f2a6730f2511bef0ffbbab,53498,train
5d8b5fc2e482aebff6d13322c598032b,30075802,train
c1156a58d04cbfdfc2b20d214582d194,23513349,train
1859b0773185f078e4c89228b912ceac,22151696,train
ea48e6c59e8ed9484baa4fe9552fd565,18585282,train
6fc60c891d9447db050932b64ae88a7b,96259,train
118bbaaa9526aa4af0378075b8559758,23513349,train
df24e14bcc42036b68da804aa12e9ff7,5936,train
b898116d200940745f121fdbe5369798,1381,train
fd3ee808cd7f894c2a45a988d1e4b923,23513349,train
f28452a83582ce73ed58b0b47de07cdc,1381,train
7ff980a8505e490544219e1f6a3bd1f2,29431081,train
a481904b3a16693fb5ad4c6f36bbd017,22151696,train
c7eb35c8ca8ee05667aa83148848f108,18003300,train
577d33e930f045d8bb27f92f2d9b5c48,11043,train
f53fd238e5d04f385179c1215f63223e,2930911,train
56f5dd1202a2956d39b89ce3f5866a83,20613761,train
67c213c7942a37a39a9bda21b298af96,23513349,train
feb3d4ea39678872cefbb3233c655f95,6114548,train
edf6f9f44e51961467d9057b39ce28d2,15645,train
881bdd79029d336a75594cea0a4e2f57,33837404,train
47a934d4238b31c67c94992633133905,33004289,train
c02fb1beead50c9405b5307dbc1d8baa,25310356,train
60d8c6675b3a4ce8ee865018c4c09c05,25897953,train
58cafaf46308ef9ff70da8621e77a0e9,18263725,train
edce2aa50f76d8bd87ab450a76c23549,30075802,train
997380348b29f00ad00021ca70dc15a4,1432,train
cac9f7dfe30b24689a2bbedae0da1e56,24611522,train
3f4189bea76ba2098face554f8f20e2f,23513349,train
69544bbe6fd31c8cd9aae58b86cf486c,18003300,train
b0b74a1f62b1764ffe90be784bdcdb21,23513349,train
00bd1fb4945698e064ede1451e757af4,23513349,train
ea0dd9a10bbf3c195b067ec1b4843d82,23513349,train
ccbb470546aacbde90af2afc7a6b3830,23513349,train
383c999f66edc789e35334008f0c3042,10843755,train
af77eacbf14191a6f6bc28815cadcd06,12914,train
2d900b433137553d7663a7ece63747fb,15997,train
e3fcb1161895451f91553dcd21cdcecc,23513349,train
7330cf4a485585d1c21060f460c4732f,12381,train
c37edb478411555f06111ea2b16967f2,22151696,train
0da8b02bd5a2b0182f3447ed15dfd64a,20821284,train
9d1c0678d37b1034ab0b139891a462b6,18003300,train
02b76ea43deb604f8be2de62e391918a,20613761,train
f5ff7aeb582c574b32a417f7a79f6878,19152,train
8cdcb7c51f66617ee432ac579c27559a,13376363,train
1c3df15d3359e2d630d25f335fd32977,18459455,train
a7d3dd17d4ed514ea8816aa58079ad5a,171547,train
7e15ee2c4deaa06575e81a2d5290384b,12914,train
01a1c0529d9ce68d22ec26277b060941,30119,train
30c4b2b345eca784299ee9297373e03c,943897,train
ca44385ebece5b629570871265f61e05,5932,train
e55b40002db9430548e4231167baab11,18003300,train
92e72dd144421273313b6ec1d36ac6ae,23183,train
7e3ebb3478be8afae8989f3eab29ef4b,17707772,train
a45abdd1a21da13b92a48833b0b56f5f,46199,train
c06a9eaca854af9aaac78c3594151313,30075802,train
04af647f48037993fc24c3a78a498efb,20821284,train
4adbc629a262a2b6f49005d46421590b,20613761,train
b4ee97d94490b83bf1d3367fca355858,23513349,train
23ffba23608cc83278169f2568dabd9b,25986827,train
b16a5ac299876612b8ab835c3da94251,13376363,train
abde39456f34f583005d3bc8e9c0881b,25986828,train
6044f164ef562dafacd98c3e266883c5,1371,train
9403d418f52150e2a395c9d73581e4ea,13330670,train
b9ed80aa8fd64c344b2319a77a4bc425,18263725,train
785dabdcce8c1738f3f057574932348c,28146064,train
9c8fb251a144c3bd5ca92cd86c72be4f,20821284,train
ab0060452414916783371c003be54d83,23513349,train
038244e76cf710ce770e01762059f6a8,11904233,train
7e71e024e66ab8f831d16c065b48a0c0,23513349,train
838f3e32562eeca7b82dfd4e71ea75cc,12907847,train
328ccca81888e5819a0423cd6d2cabb2,707569,train
d741036f06f07bfea4bb0b6bb10c6f9b,29100335,train
2b73babc5fea74969e7f30058dd2b026,17847090,train
df5e854e620d4b7e9a7fc11364b32ebe,24601,train
cdce98e453bfd47c59f297eda79712d9,18585282,train
156f6f9302deff414855dc1b0a26bd79,20821284,train
ef5491a896cd0a796288d1bfd1508793,13124956,train
014160bb5304ae9d161310744de675e5,23513349,train
28dd01e4d8d00455254ea6d3ac6b204d,30325231,train
287412bfb699bd392805d8cdbc70da1e,23513349,train
e30bf7660420898b859fc5924704d170,30075802,train
d2cd2f6a38b9fae0334a115f357541fa,10203,train
59f57dde55f998030fcaab006dbec7af,31443393,train
348db935a0fbea34d848d659e0cd9257,1381,train
7b5d0d26d1d24cb76002799b39985d21,32334098,train
212b3350cc9e46c0d494b9603697685c,25986827,train
e9cc7345295183ce4c2f3cac8c4002c1,91571,train
14aa7027bd7f3bde4f1f708607a1b41e,23513349,train
10cb07fe95a06b747ed3ddec7445f916,25986827,train
e5166a538e97d32cc8a8bd7f22756725,763508,train
603de3fcaeefc6c90ababf13bfc6d597,30075802,train
54184bcbf7f7ddc8df0fc24eefa966f2,24945396,train
7fff6e9189f01c1045112f2f1feba01c,23513349,train
2b1d18e9e11793ac1165db6bbe2c28f0,23513349,train
9464d4f21c84527c149ad35803a7a634,25310356,train
0c9983bc654617c0b9855bc35dfaba76,23513349,train
64fa67cc5b2f6e41f11b7aed73fe5390,196520,train
1af0a3c060cb50f7d70a1e6ebb2c43fb,6295,train
db1cde0a0ca71a3709336c0a7946b5ad,196520,train
eb1e129eb4ad2a17bf0423f8e97cc849,99944,train
04401d481c329f940001e59f97642a27,15997,train
2103b0f242f0e210cc403a473d8c5d09,58098,train
222bcc661fca525ce24dfd8cfe6d565f,23513349,train
47c6c9430a3f93dbb5ec6641be5faa83,29358559,train
c5509c63fdfbb86245fa4d1b6ef48647,76546,train
e475ca1c57a4d6635a778fe64e39cc84,400412,train
3a250dff126341472f93461df7c7b01a,20821284,train
f8e9f317843e8f34fbcd304d0d49bf07,1371,train
f46686e8f56afd5efda3ba6c1c638e0a,29059581,train
46552efbd9470de98149b3cf43a86e3b,23513349,train
2dedd8e24d79ff200fb55da368757edc,23513349,train
064ff67dc46c86021541270e4d0a86af,30075802,train
0a5609582c17827ee24212bcf2377ede,23627418,train
d0229ac9e3207b225e5e1b19ee3370e5,112204,train
df33a8303253175a407d7f2c13501ff6,30119,train
82a589685572780586e3cf1d9c7923a7,8423931,train
efab907ab1243b43fd04f809d82021e8,29801264,train
e5d570b9d28175444a3b4f09ab5c6806,8423931,train
e2b0b132b01fc421c7dfb297d62ba78f,23513349,train
6bc3f18cb5e614e520bf14f88bf8fbf3,23513349,train
e607179b9a2bc317ea190cde84a76824,20613761,train
86574084895aaacf8f7a734280b56182,22151696,train
45c536377acc3ef806ded6df449c3159,24471629,train
7647597765341cb494277605cd391c20,1381,train
6cf393cf929e5314f4eb1d6c71223096,1371,train
374ce1de2308fb6e5c6f3cbc5b43e24f,395090,train
3fc64e0578fb205179b580cf064e73e3,13376363,train
e47ee6c85380534f879d85fd26f7fc35,20613761,train
72337755c6f381f379c41a52e71664f0,23513349,train
a097d01c29cbf43c3161d2e3053c0499,16099190,train
8342bd9f31ef3fab0f34cd6ac0d41427,3143972,train
668fbcd48737d349032743232ac1636e,17707772,train
3fb073924d9a48a0d7c3849cadc1516a,18003300,train
909b9c4d52e2154f684fed2c61c7219b,30325231,train
c6a0151dcd4d280a03ac7af21890fdfe,30075802,train
70f9c7cfc2ee95d29f652e81ec0314fd,23513349,train
e056df76736816340e09ca87c380409a,23513349,train
7700f2ddd25f5cd2b3ba076cc33ef268,6747271,train
e59628043057d4a249e26fb50d810b95,23513349,train
7d6a272a5550629c2292e7426135703e,13124956,train
2fc7d370a5451f5ecaa45db7fa25243a,6798263,train
42019dffd392ea88b6d1e42773649fc3,13152144,train
c182ac9cf1ca352c382cc1a6ca01f307,20821284,train
c1c90d7f514e15898cdec403b703c48f,23513349,train
75a7ea3b4e92d4ad4879ee745b42b2f4,26877039,train
11bcfff32479a83f1ceaa9d63d81a246,765427,train
c1974c60e48538498acad333fb5783ed,23513349,train
c7fa59b9eefdd810d817738343efdbd4,11904233,train
46703e23b826d0057e9e490fdd23f8c1,1371,train
4cf7b53af9243d82ab45dfd5a9ca215c,23282006,train
590bf7de0627f372bf15d23d1b738764,23513349,train
6fc0e54f86a7aa9c6657beac997fdb44,18003300,train
209c992ae5900bdda85d6c64ada26338,34594982,train
2111e6dc38e728efebdfc2ca330bdb8c,24471629,train
7d495c9d414dbd2c663d08a3bc45f9e9,12907847,train
e1dc551985ecb40b57a387cf0626be6e,8423931,train
6aa225404af02aadb8298b530e76464f,20821284,train
f0d7f543adb84d250d5ee10f5f015b19,23513349,train
4f5863e5ba5eebfef9d2420ac9244521,66414,train
0a8cea99fb45484953531498af540e1d,1381,train
3848439825e5f769e509edd4380673d6,22221,train
ae43829a64c10ebe37fc9051c25f1e77,3049,train
f155e228f59353f4cbbf1e73cee705c4,23513349,train
13a9dbc3639e22fe344b44062b32750b,18003300,train
877bf4d67703124572aa721bb791303b,13588404,train
79a487e8df1c67a35de8c234f3626d6c,19351,train
39efdde0366be75998a6a5b97fbe20ed,30325231,train
f1eb3c83d03c2d7d56d4e36d3ed66c87,18585282,train
6a2f110bbdffdddbd63c5d4da59f0d8b,18003300,train
81fbf5f4c502c42e0cec229b56fe937c,22151696,train
ba2b0bd9becd5f32f0875e7fc5032e50,30075802,train
755a772443f7686bda45cd61cee26679,23513349,train
88505e9e6490060027c5282fd3e0a545,30119,train
1e65e8849e32fb66127bfc592f35c8b8,220805,train
69ee641e598d9f177691f758710df5ed,10203,train
8bbee7db76603f9803918c605bc560a5,19351,train
9d0df03b82ca5e792a795ff6fad06293,980426,train
ebbde65e41beaa89d73e8ebab3767783,22523971,train
89911277dadceed4a4a8cab76bb3119d,29431081,train
97651007280c527389693ff5e1410f84,26877039,train
49d86c21802014b814179a17245e3aa6,18585282,train
69d2630554b4f6eef22ca023ffadcb73,24874352,train
3bfe1795ce8e30d9693e27ab469a9125,53498,train
1a42a8af2014cef5256d191a930b7951,24945396,train
129443aa5e4f671a7d0fcb30db2a9f69,13376363,train
1a04c534426d0c1d74975e94e6d335cf,30075802,train
dee168240157c9880be9102714669f72,23513349,train
6cb07d058b46766a52e8f53ad207212b,1724365,train
f7a1b21aae95f509b32f27c2186d10da,778310,train
26f8115ac594aa31458b0c5b2e58f20b,20821284,train
724fd4851967702278710978b6bdfd1b,23522212,train
7edda2f95285ccc55da4f45778147e27,16099190,train
d23f67b2faa12cf16be620a826d683ae,96259,train
f42e989c8404752808787cc439f55819,23513349,train
d1dddfb3a4a5318f3eed272737c343e6,15798111,train
1b9b0b2a87fcd870f1037e20a5b597bc,30969875,train
6da9ff33a8bf7824d0d641d5bcbc4462,19351,train
5b61530c981a31f72648ad4f02dd2c9f,23513349,train
530be2802ef87f347dc7e8b638f62b23,402128,train
1e9af7f3a6245cf5031ccd488a7a0bcf,25986827,train
a87661036a90cd124a67cd9af4622981,23513349,train
11604885b81bff962f6246f422f603bd,1381,train
2ac3f0b4f141371ae1c9a2a87f893c26,32334098,train
ec0446db336d52e046ddf2f47bd8405c,7766584,train
8c3a601850f9d8cbcd1ad28159ee45c7,11535502,train
053ce0b3ab3168f091c2954ae62e88d8,33208115,train
f5cea32da15f08f9aa0f8258616052b1,20821284,train
e554f05e2e728ba2b3158b7f3faab223,3213640,train
783aadd2be177e94471dd338d61b1ea9,25986828,train
25f674a3d6c2c13019b0d9467290a968,30119,train
0a3b8e2268b019519f0954d899e4696c,17324134,train
d7473f106c3bcce78cb351d3898d4bcd,3143972,train
af8fba7544be67e19211cf1e4e1a3d03,14553840,train
832bf87926ffcc5dbae2aa1671fb4687,33837404,train
f357afe146ebd9257129a65fd9772443,10843755,train
69d2867511328ddd0315757d8eefe10d,8423931,train
8a93ab617ff2fa404672847c6e4004cf,118252,train
6786ac3223557d5639e816a25c879287,1371,train
ed4f26649ad01d06793ee7e942a3a17f,23534,train
30bd5d547bba162861de08077c343446,46199,train
94c03010385526fe6c7f7a388d2f5f06,151809,train
834d6e7fc4c33eb63fb2c5e8d6668de4,262304,train
958810b07426898ddb8763b0eab2db0f,18263725,train
3097fe10576a8f7e66a600054254d9cf,23513349,train
50cea463cfac4ae97c4d27b7e19e138a,29431081,train
52677541df98916010395bbf09f2fd52,99713,train
d2f1bf3fa18e894cbdaee5b868ea21af,20821284,train
6d1acc2a93fdedbd2aa56ea309d0b933,23513349,train
a4e52e4029b67b4659e14425488d0a39,23513349,train
f9a29bfbec787b4c6bc834ba59f86e6e,23513349,train
28d7849ee74c2e0f01a73f64be06ce89,25986827,train
ab2a8e024340ba06ae06c10d938f7ea9,23513349,train
a7251eb258f4b8783e5e284fe1958429,1381,train
c1672878b85bbf327da53893e44891c0,30075802,train
4071db6317fbe7e245c1e26eaa8ee302,23513349,train
2c9682f6c648a343c7530c9d9550acdc,76546,train
6f45fb4a5bfe6cb780a5f501d4200186,18003300,train
ca1a4adc70af70a4498ff5e389318acc,30075802,train
7d445f0c6f781b2d941f63fc317e5f0e,1371,train
b41be275e88641983932ebd13e23cc69,23513349,train
f9e6d725c311559bce2fa16ad50d92d9,23513349,train
1cfc5f7a189bc459a3242f2d443e2fcf,30075802,train
49d27ad34be884a9dfc1b4ee0dce1256,15997,train
ca9237832a34639c62402ee37e4e130d,24611612,train
3d92ef4d61cdc95890be1f2172e828a5,13588404,train
0aa489a2953b0af703c2a85678ecb6cd,11409124,train
d90c0082e76bd5418a2e8ac972ae3456,175626,train
c0257e35270cc845b5d23c9d13ffdb92,23513349,train
4b43dc949c1aeeca9d174cff5731034d,20821284,train
6797290a2e08d4eacddd028b6a2f5396,23513349,train
10fa7b64368b2f906c8f18a738fe7ec3,24945396,train
8a1f336cf5eb905b6d4e070e6f30b50e,29499443,train
fc3a1b1fd4b1d40dfd3fdfdc158f01dd,29358559,train
0e9fc846db35c0b8b378ebbf988b924e,1381,train
3deab4ac24d801af076f64a7b110e7ee,30075802,train
2f4711cddb58826d405f853be8b8a551,23513349,train
098f21d79853327e6251ea7c8982de93,23513349,train
8420a084a1a5d3ff05f5fef2195646bb,25330489,train
f024f77371b238840aaa72ef35f6526f,18003300,train
35209edbc43bcf9647d11f94d9548aa4,17707772,train
508a5ccba0d85ea3b4c71ef002fb991d,28818619,train
2a8ae11d231c8043f7b78c45adb443b4,6798263,train
2f703c67dc28393674a8149bbac93701,1432,train
e2dd41b0081f1f6711838a935aa4e0f1,1371,train
759d4af7d8846787b3ea745f24257551,30075802,train
000cb03931d5c1749bc81c5d548f14b7,23513349,train
68883e3303a601bb92ef08966d30e443,23366732,train
339b93a48786a36df654589855a53d8c,402128,train
49b38894a0fa92d325fcfed24a10244c,23513349,train
8743c459b9bdb68c090ca13212f02f30,30075802,train
18836ee531cabfa2e621bc9ebb81d692,23513349,train
7ea54fd828cfe71aba78038736f9ab3d,23513349,train
1073b5f3b3dc3d9cf7397e84b4083f67,25986827,train
98c2028db9516125f5f6ac74d6c98976,13588404,train
e2a78995eb3e1805eb0584ebf04f15a2,1381,train
2bc38256901637ec81622529de4b8464,25986827,train
e4f091b0cc2a49e98ced4079f52bbc89,23513349,train
6f3ede49fe5c9bf668a46aba183a0676,23513349,train
060fb36e99e7cd8b41302387ab498632,30075802,train
6bc7d473e95bcc6648f5fffec92a6a42,13376363,train
27248dcf8e7a934bd5b865a001ad2f3c,3331453,train
ac9b7deab20df55e4bf25148b09bccd2,13588404,train
d85c9bd598e708db15378a53660e82cf,20613761,train
aae19612d74911eecf61ad2842e23cdf,32334098,train
8864c610a66eba28cefe4be124962b33,23513349,train
213d408f12d2292b46bcb1aa975bf38b,32942666,train
6af2c3b0aad20a3063e46ff7b66d8651,29431081,train
3a4e9bbdea8219e3d97b0bc0bf89cc5d,25310356,train
ef25109c3146fb8e069a839ba1681b05,1371,train
60513fde02a9ba87313d9cd3b8d99fe9,23678552,train
3ca4441474fb3d09c1a18fbd21dafde9,499933,train
cfef627037cdd1800ce153a9110e7746,30075802,train
a4320c89c29ecaab5685cb5ef09b1d75,13376363,train
2cdceff9f23357a2265cf82a0d0bfd12,763508,train
83f99fb09918e05df4edf0379e6d380d,23513349,train
8e2740b79ecffb7e04a63a84ac41e097,778310,train
badb80a9b71da35d3c9c569e8077724e,13376363,train
80c5e3768593c14dfa45b7841b31eb88,23513349,train
344c89b532476096dac221ea30ca73c3,279221,train
78a7098c445d9c2fa91afcb9ba6b632a,23513349,train
ceac9474838cfef6a039c3561bc66dcc,262304,train
5bbdeed63a8a1cff73fe783a3e0926b9,25310356,train
af164c55972d3686cb3e01d5129d8b0a,24945396,train
7a30810c877c75edfbb474835d0ab984,1432,train
fa43857b97cbef0607e80c16cee2d2f6,46199,train
4a83f138d1b565e34cf17c0bafeabf3e,253264,train
0d144ed30a1255d5d39ab489664adf02,23513349,train
fa2ca30344004077e1b70d77b5329bd5,20613761,train
89fc15e8e990d62bd1fb6d39c9c750a5,22523971,train
c7c1e8e5b81d2caa14e59d3f41ca85ce,18585282,train
4ce7ad67961a2dfb3d8541eec1d5962c,24471629,train
e296fabc2ad77aa24ca9e23008e57bb7,25986828,train
3b46b7ebffca9930cdf4a1fc6eb012da,23513349,train
da6497a60ad83cbda1b269c36ad3a9eb,18003300,train
fb6d12b3f1153a6c7fa268248c27215f,25897953,train
ca16284ee0c0eea8bfe213779df2eccf,30075802,train
7214b97c79bc8a2ee1977018d766f41e,18003300,train
7ccb5011e937d5b6baa27e2fb494ceba,20821284,train
8af543d992615245b12fda02423c01e4,10843755,train
d1f42fffede3d6085433cb62ab480e79,24874353,train
76e4ab13447f0fea6babd27a834fd207,626685,train
0b7c758006baf7d335554a482cb75d76,24874450,train
103253698afd1d155e7df76ec85c04ab,18003300,train
a73169798953ac777d73379c8a832703,26599,train
dd038fff4b95affaaa690aed22fcca5b,96259,train
a6edfb9f1dc41c5141147e5175245f02,27494,train
5c622657f5433cf3fa3eb06670cad8e0,30075802,train
22e9bcbb0f164e9cb63230103ecfbb8e,19152,train
b506066f5f93261dc9292313e9750223,23513349,train
b9371100f5255a2f06f668543a373985,30227846,train
1b99dc7c4c26a8e6263ef978b7a9895e,29431081,train
4249125a743353693467f73bea9f96c6,34828719,train
dbda4ae839aed8ac9ddb30deec63a218,23513349,train
454081a498cce5c8f096758149c5c7b5,30075802,train
d739c565b4801afcb79d52d100b3ca44,203220,train
c2616b8171179dd84a1b3ae5b96066fd,30119,train
5ccaf627186ba07f6184118dd7596989,25897953,train
25413b93cecb3cc8dfd7e4bcdbc44b47,15997,train
6bf0ee94801d9ddee1ef0aaa1987bfd7,23513349,train
e46a26b634c3e173ec81ac7d5a2ef907,23513349,train
44db195f35971dc160d2b01cf09ce29f,304079,train
c2d7337729d289fc1e86d0db7f5a1da2,23513349,train
d3daa6df7414504451620912bb6e938b,13376363,train
8e85900be63eb84d3309b50825f2ff11,22523971,train
dd1cf591ca9e5cf0ea04da865197aa29,18585282,train
d85f07a9f59a402b2309f44e1fa9e5d0,24611522,train
bd69f087eba65a662f5803720a3e97f4,23513349,train
fe9ac318c344fde3c2eb4b871c345537,30075802,train
df02d7349439ec20782cd7274a58cf0c,32334098,train
0ac2b0fc8393dbf2de315ab2c1239a4a,23513349,train
019422237045726c2f6151ef510b0d75,22889562,train
2451e4c3b3ee708fd84d670a5c6e5f3d,18263725,train
e6212a321b0d338a2f070b8b314b6e23,67376,train
7737bc7d64f5c21ad18c056e54924b53,46199,train
34339d4a78488ecc2a4758194de81f46,3143972,train
fe6e07b8aa89db42a3b846b000c0035e,1381,train
b4d117409313a87c3cf83697ba95cc5f,1371,train
cd62ed1909060e42e9970de215d2cd68,20413,train
82baa91f274b1ad958a1cbfa544dd16f,53498,train
b0e7b2bdfa15cf6b25f29a676f3715d1,11339,train
0ce7fcc6801c0df8e72c3ba504a5c734,10843755,train
09a0a86f2d782534922c683d610d1ad1,23513349,train
650b9a6c2fb8368e1bf0662e167a094a,23513349,train
a0208b78a84333f072c55e079ae2dfc2,102908,train
e280a399dba3a7e38e12d8c4acbdd222,30075802,train
657abb6e1b13435cb875f254048db703,30325231,train
b3b474c98177b862296b8b6e8aeadf55,23513349,train
3d3f21985e9ee0721f0fd6bd8823d002,23513349,train
c09dd2d8c3a34dcf113e6cab1325b3b9,15997,train
2201f024ef28baef99fdbf0fafd7038f,23513349,train
090e42f5774886731898ec6701983a25,30325231,train
a0396afb78da22548d0eaa67c5650a7f,20613761,train
cb1885693efe3b0b489b9414c7b301d0,763508,train
a7ae92935d2b1e40dc6505cd4d721684,3213640,train
68330973c8ab44128e36561f1d64e2b1,724371,train
ecafdcbecc0e6a0fb988017b4784adf8,30075802,train
5b2fc098c53d8d1c035610ab089bfb76,33208115,train
ee8c70613e3934309637073164477b58,15997,train
bbc5206e99f380fba98c6deba0d7bc5b,23513349,train
3a765ee7244adbbbebf8a8e053b903a6,25877517,train
6f09f3e5a8de4b17690115846c566665,2930911,train
7ba567ad42ff0296dbb5937340ec8316,33208115,train
6a2ca169c790d450f1573f48dc9f9fd7,23513349,train
4bf27010287dd9592ac01ffcc7d627fc,66414,train
76bfba0814b0f794d22346a265642980,33304157,train
b110893a0639c321bb960755fae0207f,25330489,train
9aef6131904f6568285d66af173d09a6,23513349,train
d926189470a54af2737a9b72e59e76e0,3831482,train
2b69395f01606b901e6d0b547a9f5d64,30075802,train
901877dc1032a43aa0151e2ef2b072ca,32148213,train
6b094a14c8ca18174b4c6f332fad5b80,23513349,train
a260bc3698abaabd4bcf87354e5f24a3,30969875,train
f9d28dc07a46fcbd54c423f10dc9f829,5936,train
d317103cf2cca55a33057f5cc661ac7b,5932,train
0276a42d56ce549cda84a146124889bc,18586895,train
97ec9cf6b50ad30aa6e3127d900bf54a,20821284,train
47344c0653fec5b58bff4782e05da2c5,20821284,train
ed39b9b94ad79cb0c681d6772cb70bb3,30075802,train
e31950aea389b07260b99e83d12ccd01,23513349,train
98b2a81f374719bdce99fa44f17920d1,18585282,train
387a60a948ebd10da0e17fafdf2c7ed6,12914,train
575ce0607c8cb54c597e2493b771c931,1381,train
6e761cc6ec908ccb4c92addfe36115de,18003300,train
333f2be76b4355b17f43bdc12ba80e71,18003300,train
681d4ec704c78f5fa9dee62f74f5d581,20613761,train
1b293978bcbf86c5c43bfa10f3764666,33905090,train
c7ede49e8f909ff438d9b056a037b3aa,15645,train
8824a228bf9dad63ecb25430b2c5e728,28818619,train
4b1f62a7fbc32d06c72bb3186e7afd04,333706,train
70ea45fd9b1ca7e9d09fdfaa8823ec03,24471629,train
3b3a7347b0d8c5f7f9bd375339bbfed1,707569,train
ae81f6719dfa3ba44b74ee26ca0cccb2,25310356,train
4276d1df489604d8a46df6ff6f9afef7,8411631,train
7e405223e084800e864859d5342a0162,30075802,train
294f6f989055e5cd7f4d28fb49f7c779,23513349,train
3a9e0a66dba4a3536ea57b12557f822f,23513349,train
61f3bdf12f0715ba0c8825e40a784efa,24874297,train
07879f9aa870dddaa7f9a3289553c333,24874329,train
28d104bc6581078f2438c26cb1798412,24874450,train
e5176beb29fb52915104e49956a022b3,24874344,train
3928bc82d0cab7cdb25532ae9d2b7997,13530012,train
5963f4fa2e2e43857bdf3391b98b0d34,16234590,train
bdb05769d1360b9ca238162b8f6184e5,23513349,train
aa8b4efcd79758334c084819d0982d3c,50453,train
8a7a319888a7aa4945246e08eb4e0206,23513349,train
df43fa267ddbf5cb2c6116038fe49cab,23513349,train
5abc6d8e3482281d69fab774a2c7b17c,23513349,train
f94ce672c76d5a101a5c3a1363e5aec4,30075802,train
54f50b21b8f07c0966f587bd7b289c4a,13376363,train
65c3e66d710d7cfb92144283b365ffbf,96259,train
23952bbda98284287fb0ad4a0b3b8a71,22151696,train
058d522780ed757700a967eb6c3fa0f6,23513349,train
face481aebdb13c17cd393bae17b1f77,30075802,train
c594eb379fcdc98879e8da8a0527efae,1724365,train
71425dd4b5792fc1389c39297ab2317c,27245634,train
9fd2065afc79ad27801ed1d2ed6441b8,23780641,train
83f34a53173847861254ddf7f3628323,25986827,train
419556e78f298f19e62f9d736d9bb986,23513349,train
6343fac1e7f88d591093a0305acb065c,29499443,train
6c612b339b1fdb65666406d5f441f094,102908,train
9cd8be4605ffebaac964204753b361f7,1371,train
4756290db7c9ebb7a97faba5fb1bfcfe,16075147,train
969aa9128d14fee8257a3e3fdfe7758e,20613761,train
b5879a921b04357328c98bf680e56c15,30075802,train
8711954d5f624ce49ff0f8e59c6b8021,17324134,train
183162afe05c0c41af47ec41e8e1ae03,31443393,train
43feba9e1b135d24f1661dfdd0c3ca35,17707772,train
1ea0538c6b3fe4c0ad189b7c3d2b138c,8423931,train
0b1f5b055c86b55f90c486b15eac0bf0,23513349,train
a8dcb41605023a80d135774616544083,26877039,train
42f1c1604b05131aecd2d58ec75749d7,53498,train
073fba2292dd8999d6026d3dd4088938,10843755,train
85852a29ce3b1277bfd3c633cc3166f7,99713,train
f442c0eca1009414d285531f99bbb446,13376363,train
27614166a6a29df9aa251da2839ab728,19351,train
210157b8fda63e03c658f59acb55b15f,20821284,train
f56974cb268537bad597b16feef359b7,23513349,train
03f495e0edddefa7fb8193db7082a310,30075802,train
c7345bc6f9e3518b85f1a6689a3c48d8,25310356,train
f00c4d12d6ee527bba77a9ee5066ee9a,1371,train
cead52550aba763845d219b3413bb730,19351,train
e27d853d50674ba6f193ffb96d45e241,30075802,train
bd43c9105f1e3d8959097527fc6f589c,175626,train
e78e522c2dc4e33a75c11e3db3c650f0,29431081,train
d81ba02213293dd671a892d976814027,29059581,train
dff5d64daf6ee3a0856cb2392a106a04,30075802,train
646169bfa8cac921f145962b90904bc0,23513349,train
43daef833423451bfe75bd046132e1ad,33004289,train
cb7d096806260c02e49e23fed0eeccd0,20821284,train
719d286ed195e2cfb868a6e23e700d5b,30075802,train
f98012d5c6eae6031992f1b73760ebd5,18459455,train
65667b2689d4dc756ca3c08e5ca608d8,30119,train
92468248cb9a00554bcad9ebeab83c66,175626,train
cff38dea00ad7a994cb9defb77edd944,402128,train
0c938d8dc338eb7360a1e683701c9710,395090,train
c02cc13e2fb260d5c929c0516037faa2,5931,train
8f9281836e1d0930a6d31d094a532516,13376363,train
91e8758887695c7900f574d53e370673,30075802,train
6ed30953316f497dbd2dda0e472e9bd5,10843755,train
d28dfca6c92f259460519ca4bfb83a8e,30075802,train
8227998eee999ce1599cd0bb903960cc,32334098,train
2a2e1e65ff0d005664384f514a906525,196520,train
69a6d230186768e86e33551a4a883ad3,175626,train
92f4670b62ea77bb897a26dc14d3bf04,13152144,train
0d640819b40740c4b9a266ca1aa27de4,293918,train
a4f86c52bdd9ad9b44c2c925d5e664d4,20613761,train
885c0cc5cb22120a5f35e246c033266b,196520,train
aecaef3ca05493ecea3a3ac5baab4322,763508,train
1083c434ebc7e0e76fc38acbd6b1bb2f,20821284,train
75116c109c57527e4fce5d34deaab4f9,18263725,train
3c306695bcb2a96a128a43c57af78b3d,93405,train
0f6bc1667bad8946c822ae36f779280b,1371,train
073d2d6e15b3f7c1f0840f7a3618157a,239229,train
8c048e6c0171dc04bebb7bd04d9d37cc,76546,train
9460c56c4ac8e6a80f89fe696b5b164a,23919,train
bbd8df7376fbab17dd8bec3d954d799e,10843755,train
251b1a1daa02880106aa1bc84acc410c,18003300,train
ce6212fa8b2f0f69bd625733fa38ef04,8744427,train
afa8f173f6fac602a221e1eb4ea2b4f4,23513349,train
04cd02a2e943529de0440c6fd41e0792,24874450,train
3aa69fb3fb2803cc8467a969d5ff4b33,24874352,train
17db8fa99ec492a783e0a705ce3c857b,24874359,train
d65d212d4cec8fd1804ae38b47290503,291,train
3d5c708ebb9f0ca83652439acdcc9325,13530012,train
839d17cc54fbbe884769c4613479d05f,23513349,train
bfe50b7d295108468b47385f5ccf280a,30969875,train
f94741744647ad2eb5905d7373211775,28818619,train
aec9abfbf0acebb683b0b43aa7688298,29499443,train
989e370c029f1c8cb6fe3a1eab461292,32148213,train
89d799f4a54e04fd53c94b08e7427159,23513349,train
96613f69fc93308a000cd5304e0e0a74,24874352,train
3754a6290d6c9c8d8bee8aa2b26fffb8,22523971,train
092f16864d689893e3042c8b7fac6aca,23513349,train
736e1cff456af7187b7b3f35a632aecc,23522212,train
cb010bc171162e3787f4fcb40096ab96,18585282,train
6d7ae336c16612fade3b6812b0e705fc,96259,train
4f97c90e6033b388126dac475a25cae9,13376363,train
d681797fe7df984f466fddf38f3c2fcf,18003300,train
d2380c6a116493ce2e1ad9ec180ae175,15997,train
b87b1482452b75900174245abfc3787e,203220,train
ff8cc5037f4ffd11eebeddb716268dec,33837404,train
f2ee095439d2eca113582122840095bc,50453,train
f8b3f683e9f27eff127ca70fe6866046,23513349,train
8cc181570be085c5961667db8fd1541e,30118,train
9b2f7208c741055060c09129992f12e5,2549,train
a97dd7d662ae394ce9cf5662da12f2d1,53498,train
02794287ce254b2b9b98a79477a11393,22151696,train
f4dca6cf285b273f4ca8c76b8b879042,18459455,train
c62dede2d67033d3c10d80218b1b0d9b,724371,train
68eea6a567aaab1537d10b7359771087,25330489,train
1568a7948f1e7f78de1adc1392a6ab95,23513349,train
77a6f20e7f817a5c85d7bf13d6d1786b,29939104,train
37d044225a7776f2551937c79ae4b6ec,23513349,train
308007761a3b96de588d2040f1e3fd65,763508,train
50873191ff9ce2342aa48103ed80f5a0,23513349,train
baf4294e4e102783363a5e2dab51c556,23513349,train
d9d522512c2703966f3e6a6dd559e8c7,24601,train
7060ea5fd2bcbca884e892b54f3ce656,1371,train
a1bb894e7ea1e54e112d38981ca77906,23513349,train
f33039277678767a40f2fdfbc461d8c8,18003300,train
30b9009a98a2f198377263986d70fc29,50453,train
f9c5ee5885b3cea4b7588c9dfdeab8a6,18263725,train
d86dea2b7876fbd630e1b7cdf587b753,539477,train
93d21bbc60f15ddf52e332d7ed9240d1,1371,train
107f0657539d4e2ae8cbcfed49203c60,333706,train
c1a18f6a591d3c0b7801faadb6e85e9f,19351,train
7c298665fd675c30c28108b594325f85,27494,train
b25af2acc6650edbfe9bad1cd071b11d,20821284,train
6f5612f96b253839dd980d95d746a034,23534,train
7b83465e268ae31f70e0ef0a5db458dc,1724365,train
506d3de5d6df9fcf4afab6292d88224a,19351,train
fa7b38f1180dc2ac47ab563661d3cf8b,14553840,train
f63b2e499377f242faf951a363471215,395090,train
66c661c93a1c219290e11ffbf8eb852c,23513349,train
90e2889269b4b17c7dfea7f453ac5b44,32334098,train
3bf521fc0a34a478eba805536e244ffe,53498,train
e88392df70efd5d29068a036eb66d7d8,26877039,train
0ea1563e5116600b5ea832ba4bdf6a12,25877517,train
a30e219b2b28455ec3146ca7dbd7a7a4,34080,train
20df2744f4e2c322183287386a6d0598,34040649,train
fb399c5d115e88303677cde5d2024474,80410,train
eda4db7e427725a75c63e176913c7315,32148213,train
2c088610ce67eb02bc635a0613e82216,23513349,train
c916a2ae713a88b04c3e54fd9bf3ef08,25897953,train
d39b7ef81e0182763af7315cbadefc63,23513349,train
f14b8fcf7d845d83bfb6674ecf485277,18585282,train
f5d0ba33147c6f45b15784a8b331eb5c,23513349,train
8b6c28d63da4c5771a5575cfbe0ea5c0,25330489,train
2333f7df02f57d22a89c127207987635,18003300,train
e349b69fe07d24f0666682aa2ae78dbb,20821284,train
e239846c948d0d2794379b7c3dc414b2,15645,train
1084b4610aeb0e0117fc2720c4bda322,23513349,train
3d577be1e3789dfc6b9bb016112b0832,23513349,train
4a7f9c744730f36e2baba2131248e6d6,26877039,train
515bcea915cd307586e37b9714e01f19,96259,train
5e9820a688376f251272584ce2658ae4,13124956,train
949e6d9197ccf7db4b0cbed106e34648,23513349,train
d0f307ec61f9a28e54abfc9b823e181c,11409124,train
5222d8260f773d839e5ff14b88e47e1e,14553840,train
a9d59dbb4eaeb22667a5424d41c51bd4,20613761,train
0d4ed6de3364ecdef5f4b4895b7be117,20821284,train
2cf817f09514477950902321f6d042c3,18003300,train
6655dcab46eaa59bbf3da3c69c224676,24611522,train
a8610351b2e01f9959b5d627b6515788,96259,train
bf05978a77b9adc70c8bfa21e640b52e,24874329,train
04c09b498106296bf4ef0397bb57fdff,33837404,train
cc0fca513b453ba62515948ed305abcc,23513349,train
09949cddd990dafa489e21883a920553,23513349,train
623b9ef694ad3af90e46fcd41e427e24,29431081,train
c343ccf522dc3cf042d31ea5a69c3390,22585014,train
dd3767387d393c77c371dfbccc517c39,130403,train
ed9157f37ad30a9011066628f0f4e1d9,30075802,train
f63146a966f30db9e9f0cc1c66ca642f,24611612,train
007ab3a4f121ece78ed379e3da2560d3,23513349,train
9214228eb5e70dd27ef624b3698e9714,5932,train
f0ca79e53165b5a58730073b7a706e18,8411631,train
3fc2b9fd7f3c54bc518650361e489b40,2930911,train
74d5e0a5e0cf5f0f3c81e77650ae983f,32894545,train
5e0c4e60ad6e6596f5c24f241d756971,24874352,train
f89f8d59e7d2c6d3a036e42d7ea38ba6,24874309,train
7ae26698354ade8f0fecf649af398453,178959,train
e35e1e62a4c7ce43cf34c65d1e0871a0,20821239,train
bddb4e90ec094a6a2ab57d2d2cf70509,18263725,train
ef62bd8d89e2d75389ca4e1eaff34928,24471629,train
af32a6ca59390562b94d059bad299e05,23513349,train
1edc31684c78425a1b8765a49debb08a,27494,train
d527b3fdc9dcde712218a84112d3a212,5931,train
71f54a22031fa2a41200d783e1cbac2d,13588404,train
bd7d7fa47d7fe7df6e712f5424f48caf,93405,train
47ac2ccde27a6d607e62ba58ee3d68c1,30325231,train
8be22de88ac724aedf924d605cc3cbfd,34080,train
37251469972faa984efd9e2d628914a6,11535502,train
aba355cbebc7ca5bd36473a376413506,239229,train
2d144b514cc0fa9520d93c3328874293,178959,train
1987ea84fef9b3f870286639c93d4e0c,130810,train
41bd349a2c0c04a7e2f294653f29af10,46199,train
5b1e650d0a72bf7fe0170ded07497755,33004289,train
1dba8302ebeaa032c521312c41ef98b0,25897953,train
c17f2f1ff1330836be8097f0b6711ed7,20821284,train
8417c64202fef6620ece6e617e535142,14553840,train
d41107a7d69d16cc74281757a8a02c0f,23513349,train
44410d6e11291ee16007f46b971d1be7,130403,train
23f6b7fb5c87f37c4cd00d8c4054b83b,3049,train
87abb1cc6ea1c5af464a5eaca2dcfb11,732562,train
e63e5484454602ef37b560d80dd9e395,23513349,train
41557c45a41b61305fbcf467967d7ff8,91571,train
cf49463e4fb9422ce9e1ee3f6875e917,34080,train
1757b9d1a3a5aea898f9cc1299df48c2,16234590,train
a7d2271b97e02416ec0b846b1d5d3afb,1519,train
b25b774042d63a10a877a7f428324d80,12914,train
c31844e0076d30564663d0d27fd7d08d,15645,train
cfb7c86302d839400484c3894c1c399f,30075802,train
31ac2fab18363cb0112e003439aa6157,23513349,train
c68755ccfdd9b10aaec81a0a8bcfc137,30075802,train
e8f2ebacdb1c151bc1427b5a2412e56d,18003300,train
f17e8c817d19ed1c3985e7e21efdbfac,23513349,train
c7e25c6c36f44352f6a995acf91e0e6d,1371,train
c9652aa7108483b61a82717c1ede7553,18003300,train
4b935e3f935d25f8601f1a9a57cd30f0,18263725,train
c5b34eb2ddadf357e5990a4bacee0776,732562,train
115e56332e08e3b3ffe93ecce8574863,18585282,train
a6057ee956397b9dcbe56fab674361a6,23513349,train
01775372e39eb2af05ff6675591c55c2,29431081,train
1e820ca2bfc383463c09e80e8a7e5955,23513349,train
e1ee6a22ed86dfee37aed7a622c334b9,18585282,train
4fa647c27bb1734900dde42beee95cc6,18003300,train
42bf5b1d9c553a98bac7b09cf8f0273d,23513349,train
57fca58650b0af3451e6e8886a071009,35108792,train
1d2ce6bfd67ebadd537ccb916aba4372,29059581,train
b372f0acd5bef460055b81675cdefd8f,30075802,train
6c6c7880555d15e639aa4170dedd8cf7,66414,train
01ad9e9d44570618d684219b5ae303e6,4488657,train
2ccb8b75ae5a056c00a92538035fe8f1,23366732,train
eec955b1cb0374dbeab590bcf694395d,23513349,train
e2991988c96c74629cda96f678c3b9fc,25310356,train
f02a431e9cb5727bcd7b402c0bc0ade5,23513349,train
b32ac822a6b45f47b53e9c65ac37782e,23513349,train
84da58a7a79e32b4ba52ac46c64198ca,1724365,train
11403c211d88072f52c43c822d784f7e,32334098,train
536de073b6f8a6c7d204999ccdedd539,23513349,train
59f502d00b8b4c8354663e9dd77c7d72,29431081,train
e062cf3753f7896df24dea65a75cb082,23513349,train
9c28bd2494434fa566488988142eaef1,33208115,train
dfbce822d9c07a9fd4ee6e5144f1da15,23513349,train
1d4882f3d6ab4dbf52cba3e130c75a04,35236575,train
1ae2f5dc9be4db4e4789098e30693278,765418,train
1812a885f25edd3922caa16749f40976,203220,train
6857585b74a3494f19fadf7c73d09bba,1421,train
11c1954010f32a6a3f1687772ba464f9,112204,train
e9b6743bea84f4e382e518da23e416a0,15997,train
d1cda3fc2fe523234589fcf33e2100d5,23513349,train
a46e706e1c2fe998aa7b7ce70e692077,23513349,train
46545637e879d5daed4512683a391610,33208115,train
467c6879dd53e2e9639617c7aab71e5d,30075802,train
135602cf4e2d23de4f694bb3c8458085,16075147,train
da90fb9de965fb5e6e32e4c2471d701f,27494,train
6a61d145b143e82405df6db7d0892079,8423931,train
d278d634735bba88af0bd79130804473,13124956,train
8e93c9b6b60133df13c1bc21646c6fc3,33004289,train
2d8344f83bf3b72347b5279d2eea80af,13588404,train
648059bd0e57f5a1c0de57503dc444e2,15997,train
ccd813c66e4c8738245f2ea0330c1ccd,18051460,train
1d990c5da66436e6dafa0a7afef1a929,25310356,train
59740898268c7e5173fb2d31a417d118,23513349,train
f743f7a897f22bb7d4d48ed8a52d1a0c,30075802,train
c77943fb144ab785250f5d7f2bdc8e92,18263725,train
d2bbfc22b2e17c69894053b0c8ba1a9f,31443393,train
d4d4630ebb670454932397ff8b947caf,23513349,train
10e34153eca622ee188d80ba297e2030,23513349,train
8ecc53d37fe0dc771166094942a1fd6a,20821284,train
2e317a71425982feed71904fecdd26b9,30969875,train
f0dac4e46d8ea7931348ddfe78593453,32894545,train
40e949807e6355e30f16df5c0ef40679,29059581,train
b8049ee9457659c39867c4b1a5f20369,30075802,train
162101843d24e6cee2c0864222aed2ba,23513349,train
401d5f9f34b68ce7d9e96f7a04ad0c14,25986827,train
207f9373a8bcc52a2bf0c231b208c345,15997,train
c7da14f838bf9e57317aa7c817a5e8bc,47730,train
8172200822e66f507b8b0ad3b831d872,943897,train
b7087b257d0c6697e36b8cda2cca5dcb,12914,train
cdbaacdd96ca248c730b2004e3c23746,30075802,train
2cf22b1a548bcb2760a6a37a54495d5b,36203806,train
4ae3087ef38d97b480793e97ae89118e,35108792,train
5a9c70973cef054ff47b2cf96a5827dd,23513349,train
30403749ead1e49eb3d90997c030ba47,23513349,train
c19bd957c86fc9d9ab10ac557793abd8,23513349,train
3ff0670acb7c2374954b246e23d70783,10843755,train
61a1b5330ae37691d9f69c0cd6d75eda,1381,train
7d155dd1afd2efbdc9c3b0431c6ce17a,30119,train
e3f49b972e136bcff1ab5f8282a17107,17707772,train
2dbddea122d06c29d5d8df12268abefc,13588404,train
3b50b397632358e90b8f98ea33f89d3f,178959,train
a8662e72146634906829e957489ec7db,23513349,train
2757f6ff64b8050b0fb8a5dca2049a37,23513349,train
d17a089762ed77af09e60b406816943c,14553840,train
8e8c699195b5e8ec719e9e31c244da2e,732562,train
2d947c34bb0d39ef22198fe4bd71e390,53498,train
daff609c9ac1464cf25d55b595445302,32334098,train
fc683e7e97a4c04c85f2a56a7b719abc,30075802,train
00a29050b0c7501b4d92785eb62bb6db,11409124,train
a0a911caaaf4faec2111a3aeae16e270,18003300,train
4b1d9901c530983852d84a15a441dc5a,11339,train
512ba95757898bf7f0e97aaf03e92988,23513349,train
6493f560dad605ef9de363a78d68a129,25986827,train
dd70f6fed4eb0660d0b2cb43084b80f5,50453,train
a38218c8390805c32004045489662a19,18673996,train
ed3ab0ea829697a85e0dec559f77774a,25928164,train
fd16f4143617f578c6a5bc46787e55f0,13124956,train
25469bfe5c04937aed7b4cf2b057371f,23513349,train
9ffef0f56d9a48f67d2dc72b99f7476c,1432,train
e02317ee9d3d64eb3b6881e2c2e1b0e9,20613761,train
0b42a8a19939528ebee38b97f973bb24,20821284,train
74c53469f17964c857d57d74294cdad7,23513349,train
3fc594acddd0eea2d4398ca865408f81,18003300,train
7296c5e7d2c23bf85ccf561eedbc58fd,34594982,train
a070ba4b8830ee895c9065675a023546,32942666,train
61ab005009baa3ac60a68a6054623c7d,18003300,train
189a2a36765251683209e0a4615ed7be,23513349,train
f0606dd3e043979a56bfb0a0115c6486,30075802,train
e95ae406f73e7ee50c18597de52c08aa,15798111,train
f13285fec6f28571f934d8c9d0904bbc,20821284,train
7dffc5a1464a7fa3144223e648101c8f,20613761,train
f51cf2caef0a2cf4fe377e4cb118b5a8,23513349,train
8406ae8222fe08f0726774d40a889751,18263725,train
73b9b016be8b15ade51c3680740f9960,8423931,train
e1934af423f550a69738d2665c5ede7b,15798111,train
3fc6b84d8670740c3548a4bce55eda2f,102908,train
03c80bbdd9ee57a19b99d854577ec62c,20613761,train
724baf5245e78eedff5d9f7f6ed398b5,32334098,train
f22524432af9efb0a4e4cfba0d597821,23513349,train
bff84da620e9ed246e419aee6140acc3,53498,train
7d0bab8d89c8b4aeaa43b5e3192672b6,13530012,train
6e43ec07a8b99df7fd2f794940b4e2b4,18003300,train
8d1dda66fe6f46f2a45219bac8a8c618,9490,train
c15e0da0793ba77d4f18f847248d58aa,980426,train
a8ef2694535bffa2e22d98f5b47d0c7f,30227846,train
099f9c0b01a5e56464a92b642063494d,23513349,train
8fda930cffd002c30c94ce67612187df,23919,train
a72410b83f61cf4a57dc924125cc4996,499933,train
453e466df6cc3b63531f3834f792b7a0,24945396,train
7818d1c0ff306eac51bf4b764fb1c2d4,18003300,train
a57370831437f02df47a55948a1e0b34,23919,train
00bfaf795c6cfad350e723c5656b7807,20821284,train
042bba356adabe43a9916400613df379,30075802,train
c91083bb99f0f6d6d05f4161d1e81e6f,25986827,train
e1c2c25014cbc1003aacedbd97f976b3,34080,train
022390435f05067cc0713b31aed6c62b,12379467,train
2f3f4267cbb96eaa1aa33b0c0fe72f74,24874352,train
f3780db093eefb3008323c4e6016bf9e,25986827,train
07566a7d2951e194610963cf64e79bbc,30075802,train
b074d26e298b815bcd6b12f60c1b40af,30075802,train
27e6de80f734599970a4e2be4cb71b80,11043,train
40380cdd5f47e6abe3a6274aa57ecb30,25897953,train
5be83000fde9c2b46e2935172ac08057,178959,train
20b889320cee3cc65137d81adf96e0a5,23513349,train
3701a5e14368e2c3286f228d065a7767,6295,train
3f53ddff864590dcb7d2be7e6d582fe0,980426,train
fc2497c7a54fad41455859ff9f08e1f7,24874319,train
ede2c3d39a7afd968567e32d684ec930,23513349,train
f9fc789c27329074e708d9458139edca,23513349,train
fd9d970f526cdffc744308ac8ff5bcea,23513349,train
bbb2be6e596e036fc25bc6de7dc4b484,99713,train
271afe4d9510018b6c786ff7112d3aab,30119,train
84f49dc1c2e6736cc48e7aa92b11fcfd,20821284,train
c96c18a33165ad1ff7f336da80c823cd,400412,train
6aeb3bb969ed94aacf56b8005c33650b,30119,train
be6ed0688eaaea193da14ce574ab5e55,171547,train
ea0f6e6d11431bb86f540c7e2a7565d7,23534,train
76e1ca47d6c30f5dd0295c31072b712b,16075147,train
b677055d643632d2ead7616b1902a1f9,16099190,train
0c9044852af2159a72fe46d3e71e9bef,18673996,train
baa5a0fc9ceba7b7f7614fce1f2db9a1,1371,train
25c748351128d82b5902e2b5cb79f34f,1381,train
0abc49eebbdf51c54bf5ad4fbe8d1a0c,2544,train
711ca719496b0d9795a07798d1e09e44,716696,train
e41f4e9effa459d23e58b3c2608d58cb,291,train
24a9ec594c875ebe58d749014f89a5a7,19351,train
6dfa9704da4c3ec4febc8a9debf16b3d,99944,train
0c5561a2598d6806f0218c1864cd6ceb,15645,train
745a954c2e2852379c3357c88e2ace59,66414,train
8cd7129caff341256aa6fb31f46c665e,23513349,train
74856a0b8e6296d60e1b9b31ca6767e6,12914,train
a20850dab6ce86cee906ce3b5c467a0d,102908,train
41092868974243d9d052cdd7e3c67698,15798111,train
4ce6f0ca0e5d08237820c1cf7fcc898d,10843755,train
7bcbe105dbf6a609a166b6b3fb6d6d3a,175626,train
b50eb1b20815c6916cae5c25a167d29a,18586895,train
3ed628d61f8b35d0ba1d0eedb9c0cc13,30969875,train
9351a727725f724da06636f87460492e,13530012,train
ed24342cf2f17f9441ade5c54f88cde8,23282006,train
7496a2055f0abc82bd0e68aec89bb78a,18003300,train
9f25562835d806405eda31a1eb9ca24f,18586895,train
d4fbcad2b23491e6c3b54c296f214d6d,732562,train
2d2213d4de428440061abfb917715568,14553840,train
cad306cbded8967e3546d8b5bdfeef79,2355014,train
9d35d00ec8f8427bcf9683ea268832b2,15997,train
13c9c0c4e2e145b954566a93581084a3,2470643,train
44ca41c1dfa442491da65c5caa652cfc,29059581,train
351a71a9485b2c8b8ac208dffea7c24c,76889,train
108268c2fc381e790bf8cd18763f9566,158010,train
cc211e776aab8653503a6ec3da42ce87,23919,train
b5fa06df8470e432bb86096339b79cad,313277,train
edaf1930d1ec13934219305d232d554b,333706,train
77dde03346285e66ed71b728607a40f8,1432,train
ba27da35cfa282c87c894264bd4ce5ef,24601,train
d98a1588a557b1863cc048a1f566d030,80410,train
9449928118239f7f3917f64ceafbc687,23513349,train
c57313e3100b3051b6d9b2116bfe332a,34594982,train
9b2cf84ed2c83c66786f3c6bedc0d74e,16099190,train
b7ce755bd9d10973caaf44fa7ab4650f,291,train
f1c19ebd247d8514d01854c4ab78510e,25986827,train
26ab9521df7f1acc89a50ac564c2bb49,18338416,train
33c39358b7c4d58aaef45c60cf8d98a9,1371,train
9fd3b79a06dbc9e184195bd86c0b8187,19519461,train
430e4dbd14489c6f3f457ac300c96b0e,17646,train
8f1839ba0586c0416d92ac19a468dbcd,18263725,train
dfca91038b5db50b6e05e4bd01085224,10843755,train
ed43206e046177166b3f3063aed069bf,23513349,train
3d76e919231b9511afda234447822b4d,20821284,train
94592bc32c6d8a6018f5c8c78adeb05c,313277,train
c7354ca2864219f3fcdd8b6890e75a5e,151809,train
851110f4cfd46dce13334541a41d4726,30075802,train
242e6315aef4296e3e68a4f29f6a374f,27494,train
bc0f8cd1df6f234fd28b26cbc895f280,16075147,train
7b6f93e77446fcad0b7c63a29949888d,732562,train
39eab34b14a5d5c54b9f6514e13d3575,29939104,train
8228b014b0c370ccf51960a7f5e91746,151809,train
329b706b0cc2637689397169c2656a73,12381,train
a40cb6a9b3a00aa241117e3e050e0a56,18003300,train
b451a39e3c9fd0243ea39d820f49e870,23513349,train
c456c3543d1e79c0f615b561475642e3,132025,train
4841633c9fd887de323408ec5a9ece11,18585282,train
850a5cb0a9f621c0dd8db20913e637ba,33004289,train
6afd5f5ced1ba2dd4b53d0db89dd6d19,23513349,train
dbb39d36c964a9dcf4ecc5329d1a616e,13376363,train
9b2da52a66e4b9a99f33e201a257767a,46199,train
ac176342046439488cbfe9a3b607f67c,146548,train
759229cf12ab4122922583aff5f8859c,30075802,train
91ebcba42447b8b19d9f15370d2353f2,6295,train
83c383b1112d7e04a1ae676dfaaa6ef3,13376363,train
32408029ed759ebf120eb8db489e6339,203220,train
6f21e4ab86faa7bcba454c078c5bb62e,499933,train
c8e03333071b317159c5cd466d24676a,36203806,train
36e84d8e67f6aa161159d97a2f1b0b0e,35108792,train
a8ab95da1056849e5e5b67fbce61f786,33806286,train
7e7087e4dd3a5f0148a0c72734379d32,33166902,train
5f98e3269bf3381859b7df195306894d,32186794,train
baffb55aa9f2f9392df5d17d454363b4,47730,train
bf918181491d0bb56a3b02b8e84fb117,23534,train
784235a1baeabfe6738dd464196f3ea1,53498,train
0b458b55913ac9f1090ca4f4c27d0e2d,20821284,train
0eae4fcb89948feb735bbe325b2e7425,18263725,train
7e2073b1fb6cdf270c5849c9f256c686,5931,train
7ba913462607eb5eb01713c3a3d7cb5f,31443393,train
5247a7b3c9b9fc2855e51cc85b345d34,20821284,train
198ffb13b2e92991c5f666bd81f83ead,29059581,train
51e9e729d6dbdc6a656672a5870a573c,25330489,train
50d413c6a3d82f5cfd210c2e798aa9b3,13376363,train
a2fc6a0be2f2bc2a1469a15f38ef4d97,16099190,train
d08df0b74e679fa780e210db7fb2a6eb,262304,train
74ce067128e6ea61e6c1545b7beecbf8,30325231,train
112f6a533effbf0f6748699b5544e1d0,724371,train
323b675da8c487cd10f554406c567414,441200,train
06c1e1196735c6dd4de6d29be327e4c2,25986827,train
00f60521dbd75daae9c8da072473aefb,29431081,train
4b28beae5e9309e58ad9619b1b5130ed,25330489,train
10f3e866a1a457661f688e229db2e0da,22151696,train
03a3c66ad6c85357495b31fe56e245bf,18338416,train
80fed31e3c2aa95aee1e55bee649c3d8,20821284,train
2994e72380c51ab4a019ab41a335a9bf,1381,train
2f65811ee42f5d814cc4126607babd15,763508,train
92ddf643d0c3b4197556b4361244fbaa,23513349,train
98deca1cfa1e8969f50a2a68955ae9ce,30075802,train
0d0ffed75698b1f7a2cced28ae5a0d1b,1371,train
fc26be9c66fd55fcf07051d10be67ea4,203220,train
3c9250ceb4a8b812d43d1a2ef266d371,112200,train
3a7facb2b0c977575a9ffb467dc87b3f,30119,train
5e278398523021ddd96be3f55fe81c0a,14553840,train
0e379f43a9f363088870a7224300c302,23513349,train
885f9d50072019a45cdc76b67dd87990,178959,train
36079bbc85b184d8bfca939040e318a3,732562,train
929bce634f2e02cf07b84c77055bb0e7,3213640,train
33c7fb8086a185961373819109fd58aa,24874353,train
704952cabab4b2632386ee762347e7e4,20821284,train
e3e37380cf61fe00fc3778d18c729150,24945396,train
181943391b71d07a74a90a244aadc808,18263725,train
cddcbb97c5bc45c0b146004c0029da80,20613761,train
44416430855bcc202b3ee336ff448c9f,32894545,train
50b0d9292862454a8a749404c0a5d66d,732562,train
d3c4e80abd124dcaf86aea83fe8f053d,23513349,train
891ab0d6b198c8163a6d11c1c9f87497,778310,train
df905c5f36793d9c2af302138ed1c55c,15997,train
3e3efd3babd5a113cce999a2a43b4224,58098,train
1db27f0f5298bf0ec1b87af4dc806bb8,23513349,train
ef57c3822bf4fa917eed82e826dd87c1,14553840,train
55a8b3804d7ef7c4be0f26086e8de651,402128,train
9959d07d10f2981b992cb912f489c64c,47730,train
b0124f642b85d6f4673b6ca10b209129,1724365,train
44d3b3b14ae061874421c227f6153016,18003300,train
5d793ae11f806d6ac5bca36ee0ff637b,53498,train
a44a8c129da59e611def127bd7bb9a66,30969875,train
77e643a6b76679040281d1e80664a1c1,30119,train
cf2fa85da0116d644f8b676edbf4b3a9,1371,train
ae537e24366f2409ae4a286ba7280418,23534,train
8ad3bdf4eb4715b5e7fd77f614f5300d,30075802,train
f13dc3f8e298e0bc803dd89e1f374313,20613761,train
268a465704fc9058e17a76b2536c1cc6,20821284,train
a24eae0a0f42eb329fd174a9db3e36da,19152,train
ef9692e3edad0f6fd3762375a1c54381,26114444,train
8c7bd452c022a27ed76985fd6ce374b4,2470643,train
8f485b00576d0c64a708e850bac3912d,13376363,train
d1c5612060eda2bc4eb1fbb15f6ef16d,25986828,train
d319f0dd3a7239e60943d2fbc5f0ec4a,53498,train
81b8b255aa42bc6e64d0bb5cd928ce1f,66414,train
fe06144ac86f2304fd32994885ffbfa2,1724365,train
9275e0a06663157d0fbf2cc71925c796,30325231,train
f811684c4d97ccfeaecafa06a51075e7,23513349,train
c0f81fd7ae54eeeb5c66d24db1b9164e,30075802,train
ace0e1db737f558c7f45dc2e90cfa144,23513349,train
59625009316f94a13b1efeefbd63642d,11904233,train
72b611b3977bb62caf5b46aaaca78e9d,25986827,train
e9f0a40944c50526e9b81ba51ee8bfa6,23513349,train
6601cc5bf263f9c328512b377973f1ac,24945396,train
22d568645df098f22f562e14073a2535,28818619,train
49897e6df81ee4b6819c9150e69b619f,30075802,train
6e0f71d85a695767cc5845204a0a52a3,23513349,train
6a50d9b6f9a6b54f8b7b4e6081c27ff3,99944,train
aad3f5fbcddedecd26aa30f1703830ee,23513349,train
4cdf96237c1d4920a3d450e56f5a4558,15798111,train
5eb6929f3b8cc0c3013dbc873a2107d8,29059581,train
e9c62f7cd14a09539211d99c0f52e263,18003300,train
11256da281f0b581d1e15f1567855505,23534,train
e7f31295e517626eddc470ab509e5639,203220,train
676f3c07b1ff23bdc4da5e4d5b414605,23513349,train
f5720784f1a24dbb9c2dd2aadabd3742,17707772,train
2c9b5e303ffc1ab3f740a7a9293ba910,20821284,train
216c9e7a875d9026c018c926d8c9c681,6798263,train
4324da6ffe6bfdc2d91d53e41655258b,20660824,train
043bd9e4920ea81b203a093816bda7ac,18263725,train
a3447c1b5cf1ef6d427a90e62702e98e,8423931,train
428a87c88ed66dcc92c0851f0dcb3f19,66414,train
b40e86229b554ecc7ffddcf5a9cf83f2,18879551,train
d171783b924b7653c06b5c439c2376e8,23513349,train
9d82d346ca9733108d08a6f156bf8fac,18003300,train
080fd2a531dc8a5ae0e05b11a1a5d69d,1371,train
c979df019a7dcf7bc116f19f108d7ad7,30075802,train
21088c243827546f1b251e18a047feb8,22585014,train
6ab512bfc93bcd4c0623b44f1f6e4f53,18585282,train
753a52b051cf599c98271022c022ea67,23513349,train
fc50147993fa56220b2626fe1a020c3f,22151696,train
47587152ff7021804150be7f30c65cdd,29358559,train
ffcacc733aed234bccc8335092b8b79e,22151696,train
f52635432b249caf166a1677d00c9557,23513349,train
e80c0de2c57ce2cb8fa0b262ca8f7b8c,23513349,train
5846c98df8b49126cadfcefee6aa8130,91571,train
331e4a51adbd46b4c7d5507c74bb3dd9,151809,train
3af8ed57c973e37f969456703cd1e57e,30075802,train
e8bdb3db3c4f4e4e504e5e0f7ee26d8d,76889,train
caa2d9b70f417451273aeffe96d4988c,10843755,train
6c76bb715ab942a2dfe4a4bf6d0ef862,33304157,train
eff762bcdeeaba1cbbd4555f34bccd21,23513349,train
bd999a5c83b1ec4767ea1d529f22f9a8,30075802,train
c6159490945c937aa0e425378d3f9b49,30075802,train
72c302e9f26f2c4fa666ab6777ab7c42,53498,train
aada9f8b4f6a7f37798fc40ef0b58b03,20821284,train
944d01c2f82eedfdc0c49825a07efad6,22523971,train
de3cd9b2e3b52b48fb8de67da4052c59,20821284,train
ea807d189c63565cdde46841bf72abd0,30119,train
b3da2d1262561c75e510cfd8ca1a03d9,765427,train
19d0ae9888af96099b0a65c1e5d31132,20821284,train
0f08c0c37f6ed8cd52039b29cc06bed5,765427,train
e093576b0881c837731f77dfe8b5da11,6295,train
4e514c3c9f75a2111c008893feae15dd,50453,train
5dc1da7c5d9f7e0b209ad2c2a1fabbb5,30075802,train
d5de1c68a14413de1c05ec998e671e4e,30075802,train
c077b39f51f7a5a074b567e90e5fb517,1381,train
ad6e08e473c9281311dd384c1eb96b70,50453,train
92f77bb97b3f503dcbbc0b890b3f507e,23513349,train
4caedcd3e1ed19db1729adcf199e5f6a,220805,train
9a137a87bd6f76dd9c9cd468e512f6ff,1791460,train
1ed0e9ac1161d43c1fc11ffaa6b6c564,12568,train
8e5fac099e4bd590ec4ec35e48a0bac6,18585282,train
67d7ec315f9e9256abbb44871ed98d9e,20660824,train
44bd4a4017520c63cad1155229e6e878,23513349,train
fa3c2a69ee8ec857c860b82d2bae80fd,26114444,train
ab621697371d119c826be294574552b8,30075802,train
936d21350eb498052f5f3496c79b79eb,23513349,train
1a893a3767cf43e33c1d333de5180b49,24611522,train
052186c7fb1cb279ffd2621ebc5c2878,15645,train
ea1661f37989cba713347ecca5f8f45a,30075802,train
6928a0320c01fc1b3538a31873003934,18585282,train
d3b3b3ba128beb18794e2fcc7dedb10e,30325231,train
0ee2a5e91f2645db665bc6636974c29e,20821284,train
23a43f27e28dba40f703f6cae75c6a32,18585282,train
06e2d9ff845d7ea3c343687ca5a698e0,30075802,train
c0b4ccf3a74d34e81d26318d04e250a2,6798263,train
eb00f26934381d8437b44a724e2be3ae,23513349,train
be67a9f57416527bc00ff2a3620fa7f8,80410,train
2f04762130f51dfd13d43340bc4b59fb,1371,train
243a7eb9bc4fef9072c3c096d7369931,29431081,train
0a940afdac3734b94c1c12e92d402a61,18879551,train
bfb7f901c266b6d0aee7dc400d554dc9,5932,train
4064eec22cc72f85e8eb081e380b4de1,20613761,train
fd3adc6904e63c5d92ea543eda8bf311,11339,train
da62f3b171808ecfef6fbf903d7d4131,23780641,train
1c458046156663b97b452afc6eaa329a,22151696,train
635f9a1412e59df9b6eb529fca2e87b8,25330489,train
6178060b1ccc57209a81c7e2d00971df,30075802,train
e21cceff2eaf08b3c3ec0fab6a9e72bf,20613761,train
fd3dc6eac345d1ce46fccccb9a83d5fa,270903,train
e5320cebd59e78ec6be4d923ee83b07c,31443393,train
bb74d222c1b3ba742891560024ef1161,10843755,train
11edce312be4a7c57b1640bd983d8ec6,16099190,train
772d740dc9aea674e9430fd41d38345c,1381,train
01a778483fe813d30542bb071651be0f,2544,train
3f23c0da04144dd2c2622d31f643a7bc,18338416,train
d9cef6b16853dff9246ebbf629ededb5,99944,train
c422a0f7613589a5912c9c4c61c34a16,86560,train
a3de62a59022228808a7d05d97a996f8,18586895,train
84d644142f79c096693ef31082e9aabe,724371,train
e3b2dff57a877795b72ee278fe4f10e5,33004289,train
c8ee0a0d35df638f7f52607451b29112,29358559,train
e3b3e70bd865ac7da3a102aee8ecb503,20821284,train
60e6f0d49affca8f3e4f5a8c205f80d5,15645,train
0a70d141fb54263391af054f8db538ff,23513349,train
e3a176d188d4fba4b0c1d1175387b1ab,23513349,train
2c5c835e10173ea2a99294ba9067057a,23366732,train
7aa84dd523d8cb98413e60c53072208c,13376363,train
b2be4bbe3ece2b8db1156a628738bae1,20821284,train
c0512268be44967a2bbb47073c2b73fc,34080,train
949b3fb30a0e9ef3cb272a9176dd6fc4,30119,train
c62287052adb6a7a99fe797430f1fd2e,18263725,train
3a8c7f9b04a3d1767e79316609900cc6,23513349,train
f614546d466ea0dd337f0d05a6b7fcc3,30075802,train
3e1c50fb97d0f7ecb1ad7df7006c393a,29499443,train
96162b1b6335e28e007a279a972c63ea,18003300,train
b716a82bda43c3092ac5285d84be4a00,22151696,train
93f40d7b82808d8d6bcd66c0e0f85f0f,130403,train
a6ca826a17538683416b91cfcdfc173c,28818619,train
2f3cb64e40423f889605bb748db142fb,29431081,train
6a020254dd0e11bce5201157bad17313,24611522,train
eee037c524dd3aeeb94e74cf6985a38a,28146064,train
0352a06958da2058f7331a082b831fa6,13588404,train
afcd16673403c5f1ef31bc8273498e32,29358559,train
d2279a1af9d65fe089e4f20e8a5746f2,23513349,train
84b59c6f846aa46d834286838fa06892,1432,train
31ad91e9781e96569f1be75eefffc02d,23513349,train
839462a6602c93e11f218eb04aeb68fd,2544,train
9f957b429b17b9ebdc18ecc178241dbb,8423931,train
377127a6a4c209595a5866e3c789cef8,12914,train
8e0dd23df1f7723ac053a0b99e2084d4,6295,train
a8362677afaad97bf299ed84aa6b257f,5931,train
5fd65400b7b467e9be1a51675656c583,203220,train
9f898176e8d08acd7809994bc749b6ab,11904233,train
c92fe002d8a6e4ee6dc443eecb60b8ca,20821284,train
d4400a63da892661a541b17e03a8f68b,27494,train
e258f419260f82afd629b1f135b760c0,13588404,train
0e8b99eccc14887938f2e3aa138a94b8,20821284,train
a6787b9aa13fc3974ab1ad6eac0f762b,23513349,train
6c1f14c2ce2b188bbc0562ee57c2c210,617495,train
c2b17bdd1a996ee12f29fd65a0c2ebad,18263725,train
6b2219399a2531c0ed6dfc49490dbd87,20821284,train
aeffd632329ec7ed7207033d08d8c5fc,15997,train
d771a2e189ddb3299295a399e5cd856e,23513349,train
7275009974794f02c3ba7c43eda07bb4,50453,train
a473d04dfb3be6cd17c5b766ce128d49,23513349,train
8a0e2094cfee2b98541e114cf1fb8412,18585282,train
d2913143b3ffe69970e839a02ed98e0d,27245634,train
6d84d274813fc9913d3f5df9c664b75e,13588404,train
11a25def81f1d53e0e315f92eebfbd60,8411631,train
4ca9d1efc28e10fcf809868523d91c41,33004289,train
5a44b5ed1e9b012830c21719895c75ce,22151696,train
16677b0eaf2027c1acc399108fe73096,3347848,train
be47312417ee1eb65899a231b3db400a,27245634,train
ddfcf40ba5a8750254ba0dd03a90159e,23513349,train
8c3096d7c393839f8ec270b28f03d4d8,20821284,train
d7780e207943bcde773e37fcecc83106,23513349,train
d99f8ff8b0ea01378b89e2ddbf252b39,13376363,train
558519c50232dc8dd5ae950495d80d2c,26114444,train
ff33fb5208dac3a94073c00799ee7189,19288242,train
8dcfa0cd23e4e345b7cf29fdccc54b5a,46201,train
6be5325cce8514c731488c76310eca66,220805,train
151a6539a41876873ac6c39168e00794,11339,train
627716d4e1ec6671890916cb7c042200,31443393,train
1080448022cbe06a956aab56da7a4efd,23513349,train
c1bd3005eb16af2132a4a9ad9ce77523,1381,train
43b7aaac133bda7295b801b68ed50571,23513349,train
34540bbbe7d6727e04a94956316373ae,18585282,train
4cbb2ab4453da8713fa92933790dd488,30075802,train
b23018f78f2b7951f97f03c191990be6,30075802,train
5aba3bd4371e16b1d69cd6d347c7a69a,33905090,train
30de2819894493698d23e4239914e9ef,30325231,train
4290a48a48435b3d2b9dadb38e408dc0,239229,train
b9849b266a6590232e0403cd7ad51567,23513349,train
bba85b50e661c77046820d1233a57f48,23513349,train
4f1dc069335b814d340f399ad4952660,23513349,train
ee512894a69a3ce6888888e725e465e2,46201,train
37cee52d06d2b5332a83fad1a824b17f,20821284,train
fd901768498e11694c10292e0368935d,15798111,train
9dd00c39fb1f792cbdd83594f71cca7a,333706,train
ec8e91c612df383d80b309c0f8a3683b,23513349,train
d18a18e4de62eb26f8bcabc56abf6121,30075802,train
046e18580367af88fed1935d5ee3e2c3,23513349,train
c2cdd1005048764e204b7742ce7abe0d,20660824,train
5c2b73da9893ce6fdbd5857ee358584c,18003300,train
3821fb555a35dd361832b0d14dbc2743,1371,train
970dbc089992e1aeb39d0b61ef110469,96259,train
13bfa6634d29fe68558d2b6786186ba6,53111,train
953a1c62f93a43a0f4733e3301465bde,175626,train
e12b41d54dcf99ca4b2cae35f106032d,66414,train
b731fd67e342c1a7e59575eea8fe0b49,26114444,train
63dbfe7fbf1452b693b33810474d6bf7,20821284,train
bd394b497507c30184b489ed48786d4b,23513349,train
a1f54f7f3c68bda3e2fbc60521bf9c7b,18051460,train
d9cb2669f16dcb4c567ead6b910faa7c,13124956,train
d4bf226b223f5907333f7374ecacc32f,30075802,train
55eaab5c967461b4a0ffe112c1c4b828,53498,train
49f3298f5cc734d8cdd030c750c38bb6,23513349,train
39befdc0887a20ba7373b50a4f6df1ed,23513349,train
7926f28ec40817e9291aa3cad359b62e,13123245,train
1effe1fe7d90914a6b6501c4c531735c,30075802,train
7da8cb11d171e619192a3129a893b83d,30075802,train
2a3aa30ad04c8d89aac0c566e4f907dd,23513349,train
dbc24a20be80d666f65d2685fcd819a4,17646,train
f4f822d72815a20e6418720523e12a35,763508,train
32f26967dfa3cf1bb4674842513f5772,13588404,train
fe7bf9a73b796033d5b5128659eee8e0,20613761,train
e1b733317824f845275071361a5beeb4,2544,train
b4620384beab9b4685de59ce7d3746b8,11535502,train
f3eca1cdadd8b9b423b6cedaae4ed469,1724365,train
ebc6645075cfb53845e9cf96c789fbc9,3109162,train
6e6410cfa1a45aff047df6a047c79b90,15798111,train
43c38ffbdc649d866c9fc9b727c89b9d,24611612,train
a6691d19b44cec7fc80133f2478dcdf5,20821284,train
7fd4ebd009c5ba5ba64fa31a0bf801f5,25877517,train
52206b85ea74c2b27851b0a6756a66a4,10843755,train
3a409d0f4e0da1ef6aa313900ef81c11,24611522,train
17612a376b5ab5b492467cd464e9182f,17707772,train
5df8003e652d9991e1be2b7847c82555,13588404,train
2fa92c6d6379301ec750d999b4e7eb33,402128,train
0c56607758bf7d4e93d16417acc7c8e3,26114444,train
943d01d1cb8fc68a375952a2359f01c4,30119,train
afab1b8854509de4e98cb35a3e82d7fc,29059581,train
8b02050f92396bd7c6ccfd6c0a3f4356,151809,train
a94a1f863c3ade21bc9e278e4cad4dc6,10843755,train
26e4ea6cd684e00c2cdd40ebe3660d18,34594982,train
e7b2c980bb43550092b2bfead1f7672d,29059581,train
7a5e0b2704914e833400d5d9c60fbe1f,27494,train
de6ba95a65a1bc4d2d18671846f66211,24471629,train
5ba006f704b2ec15fd697511a1f014c1,23513349,train
7803341c27d1732c51f21a36dc179cba,30075802,train
74ecf46180a54ad071f1a7ecfa130b42,23513349,train
c956148235f9a4769c8bb0874c3b707d,13376363,train
8f201bd0d40d7a3099fd7951c52a7a0e,6295,train
3f34426409d0e1286ed7ac5d80353c44,27494,train
0b54239bdf26e5aef9ebb0df9016fe58,269589,train
d9022c4a71dd2ff736473efbe75914d2,102908,train
8c64771394287a7866dbaed54d044be9,707569,train
7dbc59838592bec52aa3b329605ebf8e,23513349,train
096e75ed0ebeae4f25c5d586748fa8f0,26114444,train
c8af8b7e99d6246bb5dc0e4b17888ef6,253264,train
bc702e665923714404379fe08540e5b3,333706,train
cdfe6098bcee622e4b513966b91031b4,3213640,train
1fa3af75a4ca1d4335687a0786aa0f0d,23513349,train
9ea62e369b477e479e22c4221fbaf02b,19152,train
df3c54b72d310c8dfecd326abda22f7a,118252,train
dfc773af5b613012778e4590275546f1,20821284,train
99af6e73ff0d8b4db120fea8179cfdc0,16099190,train
a8086e9dcaa6543a515f94606e6c14fe,23513349,train
8ee5155a8c5eacc703119dbd2e4c4401,34828719,train
77164a6647ed286026cc887fd39eaa1c,765418,train
ce68d9c78f6b3b464b136217b4501b44,15997,train
0b01771adcad7e9027ac58860acb9f9b,8744427,train
90ef4d9be1ab89081365acabc145acfc,30075802,train
9e91514a32106af9feb20f0701833122,19351,train
e8fd6177a193f60e8c3057e98e5a2bb1,27494,train
5b4d2b67f8681f1222a15d69f6037090,15997,train
320d95e25ad9df19d8737cae101917be,23919,train
976284442e4e030ba94209d863d6fcd6,6328,train
a08c2a1b41f33a8fb18fb7e4281ec5a1,23513349,train
7c9cb1a982acb19219addfd5c2dda510,3049,train
fac7f730dbfe144a5f5e741486e1e401,6328,train
d036c66e632054097f2b9a059a49cabd,1371,train
cd6dc15000570e4ee03309b86e2a286d,1381,train
60e2faf5bcfa10480dc3c71a91b58eeb,402128,train
bfdd796df511295e859082d5e1122837,23919,train
c6afb9a67c291773f7cc06473364e250,23513349,train
2201e3caaf7bbb4ad0cca83d926681c9,13530012,train
4367b5ebce692608958de38fc8a258bd,8423931,train
9b0fce879d5d5bc036c7ab0e30424a5e,80410,train
85f722a5c39b5e2ca81694630b5600a1,30118,train
f093861481fcc5185f745e520b4c30db,31443393,train
54df8df3954f91f8948aa5dd984ea31b,20821284,train
9045beb48f5c864e13d161af693707c8,24945396,train
eda862827e6b9c14109273b108295628,2930911,train
f4eea4597bf93d91a2aa1777bf54caa9,30075802,train
b5b6aa646fb348e72d67667f8db7ed3b,34594982,train
f10da26bbc9544ae6f3886d34f4bc3f3,22151696,train
fbbb98947f2c56e8674aef016d27cb9f,23513349,train
ec30c993b55236f62639ce18abd56678,16099190,train
2f45a83d3887e6eaa59e2d4984e58f29,13588404,train
37f0d8a110e9d9d285a774e8983e872f,30075802,train
74588029d6ebf8a2f0d769d308e53cd7,33004289,train
d0ea562882a54ea35d849ee39e4db290,18263725,train
7c333628867f5cbbf487c5c5af90142b,99944,train
0b5a72ea09dfe0c66a6f4e0022e42187,1329726,train
e19e128b27b339308d86fe2c57fa8910,20660824,train
06891a4ebb01a8be5fe8c9cb897919da,33806286,train
f77eb8de63717e5cce180ec141cf6c9d,23534,train
db2a44ec77f5ed5022947415999150c8,118389,train
b11ad4efd6c0dbdb0e961511ce0ef403,25897953,train
16524bbced62e7deacabb051eb6c7ad8,23513349,train
7edcba05708df15fc0582a3aec01b7d0,23513349,train
42824028a96a7161d2b72ed3b3fc242a,32148213,train
f751d56b1ec00c81100e5cc5ecbc0690,33004289,train
e0aa86c8ce78fc4bb3b327106796735b,17572847,train
2aa817caf00d9706dcb5a0d8a551cc41,1371,train
af0bcf97b2596e1c87d4383ae0654d04,16075147,train
856a95e1374926b5db1798d7e77bd5b6,24471629,train
ecb1cb99e74fc5db485e2d44404a0073,23522212,train
7c3cf3106a235be70aa5852f2ac31677,270903,train
ff6b5a8fcf83a8cc8c389b1e301c621c,778310,train
686dbd3219d9ba5d48fcb2bde6c07f62,13152144,train
2abed44c63171f053aa9598507b9cd4b,23513349,train
3645fa8880ad826c18a6dd556ec967b5,20613761,train
5d0c4bedee6f7b608e3308770ee1e6fe,13588404,train
e78a89ebc11f4800a160504290f5afc8,17707772,train
0b5ace767b22ca2698a63adad296f868,15997,train
7eade51e58de247c85f8d4a49c195295,18263725,train
33faec1609c8b61ba6a1298083aff6a1,333706,train
32cb29cbf1dd6137b0bd368e5b5364c9,30075802,train
b01e939ada1e2fdb7e9d6636d0b65869,20613761,train
6b3cf26920f9df2ef9b8c900f62f7e16,20660824,train
2a2969c9cd6250f68c7c834ea498f9c5,20660824,train
22de18841ee2ede6adab8b438f16af82,1371,train
b425c817aa83d8df163cfdd93e6e4261,20613761,train
973eaa5e0cebffd6456caa2c5c17f092,23513349,train
e9801fa0f4053b50f64063738a130d44,130403,train
87774460f35e351112a73ec723a1bd11,18003300,train
ca01c89d1cdecc4f41c9e7b1db9b9fc2,1371,train
df85e6bc5f120630463ef8bc65f0b91e,18003300,train
1f5801d5f464d0a55d691ffb3a26ebf8,13376363,train
a3dca69d62e1e11d87b889b137745105,20613761,train
293e5ffd91d7a26940da6f4a22d4a291,1724365,train
fc90db5a887f522514e65288006b838b,49473,train
ab0f76050100a881e8fab84987f455a2,30075802,train
dc7aa868308d759ba91292fa8b0f6c74,13530012,train
e9c7d41efa5f7b6a89d5f76ec950717a,13123245,train
324e9438cc52fe049d018c6cbb640feb,16099190,train
05c7e975d613f7516a6fc9f71f86a79c,30075802,train
81e22de681d137b69547933979da0c98,23513349,train
45dea0f4ab45cd33cce937bfff006c9a,293918,train
2e54a8399311b846e0c5e381c38e6f0d,24611522,train
4b7728c85bb86ba7dbb056a36f541342,2470643,train
58f2cbbda554fe025e9c2df507c83f58,133380,train
d4254d1b483b218a7a338703698304b2,33208115,train
e73f311a613736b04ccd3c98d032b866,10691701,train
d972e2bbec54193a4db6afb33c6ccdc9,13123245,train
3df49b956a97fa0405395e85fdf13cea,11409124,train
d126088b3af38c4fa676a8e0d9c06a36,22151696,train
d226438d29924b49239fc12a21c7057d,402128,train
7070628c098667b955e44f3610723476,12914,train
36a5ccb65eff6de1ba5fe34a8aca8e6d,23513349,train
fe252bb8a844e8d52d6d0ca194a39523,12914,train
3988372cd247062910205d100faf614b,1381,train
d91c4ec60e3a43543e258c24a2c029f0,1329726,train
4f41530455bd06453d533a2d9b6380f8,99944,train
a1e18a04598e047b20350192d585fcc6,30119,train
b1f2b793ff721a0c6176446974a08484,23513349,train
cc466a011b812acc060611b82ba295a8,2355014,train
46ed560af01eff3b3d057966d2c52e98,118252,train
95b6a85b1e14d04b1b48b954e5759c0b,18263725,train
306ddcfdba18816f41809d4712b04547,3213640,train
56c2430a0cbf8165000e8c4bdde0dbb1,30075802,train
b6d962ba817617219fa475aa432ef4f0,33208115,train
c87237ad598f301b440946dc40ba1b4a,33905090,train
b4658626ba10bfce19880506b43f89c6,25362908,train
b7c48a59395d1ec998a4e94265581b80,23780641,train
1db68485a9bf2ae917fb1a8d46e7b2d7,23513349,train
a2058c11d0f2c3cf02094dd1a0b9d43b,29358559,train
2541ba4f2f7a8e3bfe59c804ff3dc7a5,28818619,train
6dc96a226a799c326cb9076115357e4f,20613761,train
b29e739fb5ccfbb08834c6d431833a0a,24611522,train
d7993c2824c4f87a1994293adb75a2ef,24945396,train
804d51a5192b369310e6145591491f20,20821239,train
0ad64dd9c84cbe50859dfbabb4e8a891,17707772,train
9bb35a5d24c661f7ed5ebab922949629,15798111,train
0041924679c6fa5195464b013ed01573,17572847,train
4b4617e201297d3f2c6f193d3591a217,13588404,train
a434ef3ab3084862a966ee2f8d1b6682,130810,train
59bc8fab894e19a860a0bc10d77193f8,1381,train
f8c8d483764e112b94a561f34e676ca4,32334098,train
559a3a59a4a71760998be06711a9b9f3,58098,train
44be99409f394d27d262c06a7544900b,272102,train
5194b11f4f2e6fd139c0f648be6e2693,23513349,train
b41cbbec7ab899a7e008d821910c44b3,23678552,train
741ffb37839345ca0e37e883f3186cfc,171547,train
dde8632aa5575b25521b0a93831d74ed,23513349,train
cf4cf9e6aa237419e748f5a7254b18f2,23513349,train
b8c58631b28050e14c5df8f7c710ce1b,23513349,train
c0c8e70bd1956557f3b18cdf356bbcdc,732562,train
55c9d93322bf3f5717ff08b7b6c8a173,778310,train
30b843420e2d072fa3f5bf75fcfc1897,30075802,train
6c923358a8ca17f0be21c9530d20aa52,14553840,train
a983be74ad5005c9d860b6e82160a71d,18222724,train
6af333755cdc3b893e472a67f7400a73,13530012,train
c6f77b0d109e43aea0b8b6bf8ec7ddb5,1329726,train
5fbeae11964cfbc280cdd88f65830e44,1381,train
e99a2ffc1eaabf082a3d89728cc1c758,1432,train
f6e192b78e7ac241336f5b4d5228bc59,30119,train
14a22b0b1f06097eeac56102ecc30670,20660824,train
482613ea4892498621f057f5c76cec4b,1519,train
93745412e6496a20c230e7129cbfff90,30075802,train
dd41adbbb84f8862d6505d2f5d4402bd,12914,train
572b76794eb18427011898fa7be15201,34594982,train
a5aa07bc1cbb2d55f65ced8e6586c461,33004289,train
9633075f1016b942af6527dbf8979e6a,30075802,train
92ab38763e8fb5af4d29f0affa6986d9,34040649,train
cb288df7a3d3b0194f62b93749b0eda5,18263725,train
1c550b6196f8bf2166ed31d671efbda9,1371,train
02ed7acab33e5819b3417fdbe568fcce,30075802,train
8be750a00f19122344b27a03831c302d,146548,train
2f8363cab1745d85b3dacb735ed3adc9,20821239,train
793caf9e6dc97998d212dd9314579199,18338416,train
afba5341fb5c38bff81c6d46d38baf91,30969875,train
ea68adc2336589d08419362efa86a2ce,18003300,train
6332c2c761e919a81fc952fbf238b062,752627,train
3e20e0c9444517be7316d53369d0d857,18486,train
e295561060825617e2724729ccedec46,18003300,train
622c29d2cdbabe04c68479aa89d178f6,23522212,train
4f8e33d6a2bbbe925994aac03753d3fa,23513349,train
2db06349799302e92f761cc275f1f418,1381,train
ff4a86fed7e814293b87d687efcbba9b,1371,train
91a632a1c59a3a1c108f8cf648ae16c3,23919,train
812ea8e5659c15a58280f9c33f001c94,30227846,train
19ccf774a8ed46f45d381fff18701229,23522212,train
a15808436c528d1670813396f8dfa3e6,23513349,train
7aad1b8c61f617b7bdbb1abcae55d358,30325231,train
7af3d9384f5559759f6a45250754dfaa,5932,train
8768b25f41463e5756b0202ab55bf140,24601,train
04ea59ee45524742e04addf3d298cc41,20613761,train
f4f9f2d24a5b283dd77a8cad08347821,2470643,train
ce3cb3622966c8a33aed05456fe3d007,1519,train
bbaec324f1145864d510a99b188375cd,30325231,train
b6e1a50a3f6fca15c38bfb182106e4fc,23513349,train
af71947c2925d32df188d71234e05509,8423931,train
05ff5d1af20ec5daf83f4d1571efbb61,23513349,train
34f20273acd6076184dc3abffbc380bd,499933,train
bd09189ed9acb2904941d59f928b999c,6798263,train
bf4cdbe3be61a22a39f42cdf32c56a15,539477,train
3655ae1c670937ee13a391980083025f,11339,train
f8c2eea4b70d4aedb9c50ee812a761bc,499933,train
720d78cf3435c541e0b7aab482163901,15798111,train
576a72a7b661e0824773d5af61cd718c,175626,train
bdf99cf6351f330944160bab9cf2c492,23366732,train
0cf9772a7a531c0f1c5da7cb4c570918,50453,train
43ffb6becb79f40e57b886b2b6aa1272,178959,train
36c96bed8f3be282bae3ded5c132993b,17707772,train
4aa6dac31e2b2c69062833d602a9aac9,24601,train
44f7b159af45725b0a6b60f03969a926,13376363,train
85673d72bc7b7c30c399ef4cbd7f1791,14553840,train
299e0c4b1eedbdccf6ffaeab67b6b9a1,25310356,train
555668f412fde4d49464452ba7766552,33004289,train
d3257b47cd96d925c0242a91fe900dcf,20821284,train
69fd17dc08d68069b2ab1beb0ded46bc,5932,train
4729d274a9b3beec6b271fc71aa16221,1519,train
f097eef4ca36410af62df64b7e6931d1,23513349,train
235a74197d53108fbbcf43f411f88b4c,31443393,train
23327c9afabd61db23d78e2d1235e1c9,30227846,train
7a7d9161372140836854120c24804b04,30075802,train
8be59bed284b34813b688f0eb2ac8dd3,10075436,train
90222a06b26cbe0f8599bf1592cf634f,23513349,train
3c8c73125cf00dcbe7e3cb6211f81dc5,13376363,train
e04244714b173f30268079a17bf94200,15645,train
92289e4e50358f9fd40f211240fb3c05,1381,train
af3affe0fe9efb5e881abfdc8c284b6a,178959,train
a0654a770400fab6e94d0060fd3a0aa7,15997,train
1a6ab5cdaf82d3740e1d68131aabde5f,99944,train
e85cad10b4022c20aaa3f2bd049f5cee,24611612,train
f8a4a1e4a45d41b9d4b0a373eef0373b,24611522,train
6a8e6885f4d4aeaf1c95bc145f45ce0c,13123245,train
f6f8791eca8722664d5ff290f9ccd1ce,400723,train
a95b768ce39ff515ea782c40203b23f7,16099190,train
d5899176a736cce12dbc172664d36b1e,18003300,train
8ce7cc08d817509a0d88a7a570e8e347,778310,train
1ab16f83387165980d05a90bf57976d5,50453,train
2aed8cd2cbb447118e26aa31800683c5,27494,train
8a39a532fe1e2963e602c23a9e94f098,203220,train
e431f9b37a91d5779c9655fdb089c3a7,2470643,train
d1e413c7cc17902dd76c3098d321025d,46199,train
4f5e6509b089bcc79206834949c3cfde,20613761,train
10a891a831c86aa28ded3be94ababd51,3331453,train
23946b8bbeb3e23a3c62ec0387c5363f,178959,train
a5f9dcdb9af67c377f43190d9d2e86cc,15798111,train
296e73c99aa5f6d4f84e96a187436b7b,18263725,train
96434a4b9cf14ae8d5e4fdeda1d5f49a,3109162,train
c67e4d6623c782c36402a351c0f367c7,32894545,train
6e1ed307697164df4a7b464b16d5bb8a,30075802,train
9d0ff937c83e47f671ae91cbd84b8dc6,30325231,train
0e5d96c7b8afbd7c5c179a94d7ad515c,23513349,train
cb6a90573df238949637ffc385d66727,1381,train
7dfab8d76ef1c69a180f68830add161c,12914,train
a8fcb954ea1ba0406dfb4d693eb79e67,20821284,train
ec4c74b8e6820c5822563dc4198146e0,262304,train
c0dba884602c774e27150228b8ca4eb1,23513349,train
6d2a95975dbd1141515057ffb0720054,18003300,train
9a562fa2d46904e8b8b0b17454c8a9f6,11904233,train
3706eef74a59a2e6a2d7114838c5cd4b,1381,train
b58500302c2dec5a6482f0771a10b8c9,18263725,train
fd9b055f1ead764811e978d5d0a6ef52,5931,train
5fc5e6b341faefd96634475745a04a12,20821284,train
a7d570320b23c2bbc9a606201a094660,25897953,train
8687100e79e0e72563124c3dac57b675,34080,train
65c83de9c637e3c400976db0d094df00,76546,train
d4ad6dccf2ca8b3fa36cf83b77772cc6,15997,train
120154fdad385b374ed1438e286cee0d,67377,train
0dbc00702db689b49619222a015a6c54,130810,train
bf3ff02f898560dc4ebabcd3ccb1b630,19351,train
aea427009056c2f7d3c5000eb490c391,10203,train
256882b41ea85a3e4c7e46f17193de53,18263725,train
985fd910a4155f3db767b84cb8c2c32c,20821284,train
32941c8106b2b9d7c4795ed8353fcd52,13376363,train
e961d2fc69f77718a1b1147150f8e165,23678552,train
e72fe633626a57b3c6938a779c2207d7,23513349,train
59a512e51ea3ee1d5ce4c975725b0878,617495,train
03d597ea609345c18d45c8c32102b1d0,765427,train
ee70444ea01917e7336d187ad395b9e4,133380,train
5f294971e2f312ed6b094e5a99331439,778310,train
d7a0baf1915cd29e133e72a9cab9e657,28146064,train
4819f4a4b4691b6ecebac9b03113c125,6295,train
123c7b9b897c3213350e0e088bc6493c,30075802,train
5e486cb09a30a042b80f324c705a02f8,15997,train
52bc80e584df7dde288e615f7027a915,22151696,train
99238be076ec352770a41bdb331ee3fb,23513349,train
1e17395fa756d544e02f4cfa6b5c6b22,20821284,train
34a2d133dd9cdfd575f5226e0c516cd9,14553840,train
97d70a662f15071f287bddd57a143fa7,19351,train
86ded6147367dbc9ec4456a59b003ded,333706,train
c65d82c4eca7c3f87d28ed9804bee1d1,20821284,train
e0a6a94e15a52fc2194f6b86383e5bff,11904233,train
b298644ed2114e2c6ce3ad749175f535,18003300,train
e0a2e804557cfd853e4b7e84cc8cc124,2930911,train
14d1bffa7050c05b8973d0d740236f25,32186794,train
866c1eab4d077cb2a9d908c41f5b2bbf,19351,train
f6128d117deb3f9f4be00f393521ee41,27245634,train
acb8d3fdf26a6424f7a482f1e1053726,18263725,train
3279c05d6f6bdfbbd3b04eee67ee838b,724371,train
9d9871c3ca77317730cd11d2d03f605b,130810,train
d85d332c35a88414e2ed50773209c842,22151696,train
b6244f899ed5381c1f470798d760d04b,18003300,train
b811913a7419fc749c12262b6a0dd8f8,13376363,train
a49a7c66bcfd9c3c79a2c79ad12a4fab,24874329,train
e4b0e85802100253e62555f3ec4dd979,2549,train
7fc7dea5ea419a2c43b2b86ff19b3dd6,778310,train
9b6ee3d42719357ccdaffb7fd8d73826,1519,train
a0bfbe6cb0042d2eb713ac23002da0e5,18003300,train
b1ac75c775086cd0060d4ce4013fe46b,5932,train
b27b9e9b2e7451f6798caf01c0930fb4,13376363,train
29c492a2f847a08d673e10446a497200,402128,train
c8f5c5e9267998be1d38d131e306c82b,395090,train
0dd5859958a5dc793f9095982c1f8987,23513349,train
0487734d20b74de031f6969d90f09fa5,24611522,train
62ddfa68e9210f949c08c0f95868e229,18263725,train
637c47d1f134225b08150daa8876c88e,20660824,train
17e5bdd4e24bb6a9f6713d8d5303ce0f,18338416,train
09e59ab795e226bdae1d637237d5cab0,171547,train
95aaef595a5b8a91a4e6e3d909b132b5,12914,train
a207841b2c6ca49bd4b094051dfc0085,23513349,train
f5d51ccd6a8f27bf7166325569878b75,23513349,train
05436e9bef7e296f6c8d369391817d3d,23513349,train
acc0a4e7cc2c24b21aad928f640d1a62,13330670,train
848adc65d7f07fedd6d4d57074b9eb13,24471629,train
5457685e95488d024c976288fa365350,29431081,train
857a7ccfec09c42ea1170c6a3dc5e436,23627418,train
8e65ba221235751d6716ec87a796d6a3,26114444,train
f7f43b074b97db2c1f756625ac3d8b3c,29773753,train
cde3040da7eb97af099dc6ef1eb5b93e,24945396,train
9508f6f58faa51070111c4cb253d1d5d,333706,train
f0d5633aa504ae60af961b71bfbfaaac,18263725,train
057b3cf8a4f6416ea01d1f5dff7b5760,239229,train
913635b59775adcb5e444776ad87174a,1432,train
ce295e8957fffe3ad53b2034763b965c,23513349,train
64beb173a2e4350608c2412a6b7525c8,30119,train
33175ca44d90a96ed9d5523eae700a50,50453,train
5ddd38cff6cdf3687242180b9adc0cd4,12907847,train
78b11df182287e002dbfcfce82ec2bcf,22151696,train
d686798e196fff7dc6f99cc7a3253a7d,30227846,train
570e460e04fd03193875ec1900284531,25330489,train
b5a2a70ebd73256bd3157e73139c9925,23627418,train
225604dd069a0ba0afd908fd798ea7ee,23513349,train
14e0710dd9a8badb55576450c67d80e8,22151696,train
ea5a559a494cf0fe006e37f7611f79e1,23513349,train
c183ba9780f2f61b1962fc5cb18fc65d,12381,train
cd8c1de7cd801072903dfceb15bd23c8,13376363,train
99b43e38c121414c0b5230933646c7b0,96259,train
e019bf026c7348130ff7e85d28fcd96a,118389,train
244ff44060e2cadec1110db53c638dd7,13376363,train
13036973aadd84bcf19236d672c27184,20821284,train
97430471b9da197c95c8072199f5b43d,23513349,train
5fcb315cf73573775aa688afd8fa15ce,23534,train
be1542cf6a775ac6cf027bf87e783ad4,30119,train
8156d7bcdd2d4c51004a2a854b840601,765427,train
2433e1e02213d33535784b05a30e268e,20613761,train
7397200621894bd553f1c38627d6958c,13588404,train
9cc97b19b544a3f2194d51b6dd5c6b44,13376363,train
c9e550d677182ad54587bcac801f08eb,18003300,train
324e431e79da198bf06a351f49fa3911,1371,train
6fbe203dce32777b850db7af4ed16b24,139004,train
867bc53b4e59c73ccbdd572f092dac56,91571,train
ad20fa089715c250a08ebe2ff9b00ad1,15645,train
199efe70aec76941ed6e37674188b72b,30119,train
59432f5ec428c721ccd8f9bc19c3cdb0,77903,train
3ffdd09b7b5662f894347aaef84347c6,15997,train
c4fb22551717cd3c7f896f60900f6c30,112204,train
3ae8de3a99daa61ea407d0dff62a3c83,12914,train
d76d35d200567cd17ef09a46b102422a,118389,train
0b3c54b51922b3e6d9375ec26033e557,1381,train
ff0481b98776710ddd51ac367ada0a92,18051460,train
17323a5364c51d34a4c1835f5992acc9,24611612,train
ecfc7dbed260d8099dbd34244a2d6087,400723,train
a5e25c72c75e218afdc9a391797e29b6,53498,train
c6f11d144b964d0c4e3437f78565f801,76889,train
dba0584dd6de2ece947514180afa0c4e,763508,train
cbac8a06e9ce93d969bc17013f300905,499933,train
4ce28025948f39bcb4f308ff0f92d6b3,46201,train
14fe4cb038be966bc37734007a31f619,116503,train
1e645fc3f4a58810851df6704747499f,18586895,train
2f001dccb8274481413a6c68c875c677,23513349,train
d476ee088af6241a6c8ccebfe5b40326,1329726,train
0feda9e19748fbdce7215833dff80867,24601,train
232d9ac575ca379b77f58e4047febc26,34594982,train
d72afeb2b08636924d9929d3f376c369,13376363,train
9ae67112b65f835fea3a57e363fe9f27,8423931,train
305ee1e011bff97cbaf97efa0c77edcd,53498,train
bf93faeac75d5e8a5d5ae96c91bc34e9,30119,train
0b794745bd4ab401ff18ec9e2b35ddb1,20821284,train
08caf0a262e89548d3caed8c1e92c961,24611522,train
128f03e36b52356999e3176f9f4e801d,30075802,train
778c25cf33d347891a2c3a2c31d987f3,23513349,train
5b0311fb91173a6e4bbdd13c3779ac88,25928164,train
4ca00626b47599a42b97128fd72bfaf8,30118,train
1a5bc175636d32a1bd2fc185f8041ff4,400723,train
80999c5c80dfa2b624f22f9eacfd297e,23513349,train
3c41006681a692caf6ca54683545ba26,23627418,train
f7ef38004d174115328be02e3b1915e5,707569,train
678537c26a889c48f08af96988a5b5be,778310,train
10246a68e255ea708a957a68018138ff,15997,train
61ec19421ca66731740d81c1a44a32ee,18003300,train
4ce52eb406621a542af86addd7aebadd,23513349,train
20c7d24292025829c91b3b54e9f47fee,15997,train
939105e80d36dd72c159d4c1efe4d0cf,30075802,train
df2814c8dcd838e9e031a333f78bbe69,293918,train
ca3b7e954dd1a0fd81521944a1a86b3f,1724365,train
5f8d6f3ac67f73c9e8bb2a6d204c7831,17324134,train
2c11d6ce41f566875e2f324da43ce789,30075802,train
6b7243c71a030fe880ace84ac68ab40f,23513349,train
e80954a9de95be91568489dbc3f0e39a,25877517,train
c7d35d57068bf8ce65c94edeeee37816,178959,train
70cfd9c1e5e46eb59665e71d76c5ca70,30118,train
0d55fda27171d0b97e01d36fc5b967ac,25310356,train
b510df341b11e7dc89b733b5171875f3,26877039,train
6b1c390c41345166d24ec932c472ea2a,30075802,train
748044b73fd6c5b15ddcfb59a0979ab2,765427,train
e7a885cf99e863dee9c72f0908b400c2,313277,train
e2bd4187cdf9be4f2b83e35b372d5964,23513349,train
e99ca6ff1636a183391e90308a796803,400723,train
fbfe8b51a6d4cabceeaa4f2aa96fcc7e,20413,train
06f9cdb4df63eb554f8709a8d690bdcc,5931,train
9459cd79c344b32e90c68e7c926f1a8e,20821284,train
b00411b2bb199d36095aa21eab7a25e8,22151696,train
e2702f83511f9a0f7e514514bb3bf74c,18003300,train
550baab3f0b9fd4018e8a0e860cbd23a,20613761,train
4b106fc6b7428fe5767c5192ce3197b0,20613761,train
a68b2cac953ba96f62b646d4a637e098,467164,train
66238c08faa3b2e4fb33bf989cd0dcae,17707772,train
8f43c520cda7b4ba9bd0ff7709060ff1,304079,train
57e4184acc207723f2b1dbe06db00f12,18338416,train
d81e5aa4c243d8d9ea3b146132c5d8be,14553840,train
2371d56b52573d76b9d4bbe3e7d086be,6798263,train
6670e0869cff27b684729a07d3e0562c,29499443,train
f4d2920f4fb48370b9d77c525d222899,30075802,train
cc0d5c8fe612c7daa3dba78233b1890d,23522212,train
d4ce15ff4ccd90856c48e3c5e393d021,23513349,train
6ab11454f5afe3718a5b4c117bb9257b,23627418,train
a6cd0672632d36158ebf93812bf0658b,20660824,train
d35097ad504d643916f547add3ae4dc5,25897953,train
d6ba4d2b26d804320eeedc7b0bbcf7f5,18222724,train
ab884f79bbbf80af6a2b626c39ec925c,20660824,train
19226a83adb12d0ceef3957ac2a08cc4,18585282,train
937db1bde46eb70846ff41ce28c877c9,25986827,train
11569c6b416bfabae080daca4d61ad19,24874359,train
27c295c7acdd45babc1cf04217ef824a,23513349,train
886b61c4844b045bbec469e2401bc11e,29431081,train
599e2b2f2abb8f082efbbb5effa8eaff,18003300,train
990add122d0dffee3135e3d7dd7375fd,18585282,train
ae64d45e5ff86c0e43c5838de18a5e10,23513349,train
8e36a2034f57ed3afb7e9b4181201487,25877517,train
49ec5189ccce4693ab407f9d0bca394f,20821284,train
3ea77b215f8c0cb0f08c47ecc451d712,3049,train
81f59c1228050864487c132bab9764d6,13376363,train
47d4fa66f72fe1bcf7082468959db1ab,11409124,train
20730e29f768c0b54bf87411083db59d,25276818,train
84e359246c6db90f90bb766525ca126c,34080,train
8914d9d5c145c9147827e3bcac2f02b2,15798111,train
c074106e4693f7ffd41f55f1b813caa0,53498,train
799924ce41413a6a10a8516ef7f5e414,6295,train
959f758369958dff1e3c3df9a7fe6bc0,13330670,train
d0fb035af5d0a6c388652249b4f67af3,16075147,train
cda58f3f6e1df5e1508261fac79de8ab,23513349,train
4b4547b417d50672eaa1e86c7a140f5c,23282006,train
9a3fa10224a1af4cd361677f1a6db545,4488657,train
718dbb55e525b96758e682c6f536b1d4,18263725,train
d6f825bb6d7d8de42a8ce9fd48a727f3,29431081,train
f704aeba78041e39630744cb463fe2c9,8423931,train
dabd9e8cda17dbcbea7cbd93267562d5,220805,train
4227e822cc6a60304cbc7ccf006ac58c,626685,train
e01ea652321f75db2d586a911ccc7c0d,76889,train
64d9ea640104f9ec84acb339a9df2052,25986827,train
39a136e09ef90643025b35d48fd22fcf,32334098,train
9ff75b06b9089edb7c8a25c24fd512da,35236575,train
fc8c525f8f3fc9c3bc33fa8b0218e2da,33806286,train
7c65e7cb736d696334900eab8095756c,33166902,train
a889fa7bcb32e3f980aa5a30ed2eb6cc,32186794,train
87404d6a06f93325faf2b32af5635075,25276818,train
908bb6dfe644936d85d68ae8da26f96b,203220,train
e4d06da505ce96ef9c90c0e4d6cb6d23,821055,train
f21f6ae95ffe59c1fb84c4f9c7a2cb1e,499933,train
2afa8c42e812c7f098a4a82f652ef4ac,1381,train
3212eb369546fffad3bde166bbe518a5,23513349,train
77f361cc1ec6f8b8fe9ea53ad415444d,29059581,train
9b51634140615b0545aa84b3595a2812,34594982,train
2813ad44ff16eab52c70ca05562f092d,32148213,train
045a851a2dcaa41a3a24383149454536,23513349,train
4af1b5fe893fbc5250e4fad1035d2dd8,23534,train
bed92a6136968aa0fe69a66fa1a85138,763508,train
995004e526a43c716d458643510214c3,11904233,train
eb7b9c9dfd003b678f547efa5544c3dd,22585014,train
f6022b7715a535abb77ddb1a8b3ff627,99713,train
814e89f7f6ff5232765b0faa37b7f443,18263725,train
70a2e2305bc8930ed38e71e695c2dc4f,30075802,train
96744bf7163eb40da0cb0696c232db08,333706,train
03bffe87ff6a5918cdd7479925da14a0,20821284,train
50ec0fe51f2719870fd750b79c2ada6f,171547,train
b95f24b94c10d9bfbc5a1868485959cc,17646,train
a19b2ec1dd0b49d34aeea879f0aef1cd,13530012,train
ae96af6fcaee9b0b55f38509be83c81e,6798263,train
078fe391f50f905e4a3f64910ac6cff4,96259,train
627b88e9e3597ee3e68acf9a746c1bb5,29358559,train
07635bf5feae0d977fb1cde469eb59fb,18051460,train
ad699ad71023f726c20dc0f38770b78d,22585014,train
45f8d175f1cd6b2bcde15a6c9b3da258,11535502,train
808a23a1e1b0c2a84f5fed0f7ad076c8,11409124,train
d2e8d6814d3e420aa1c07bc64a4bbc07,724371,train
8e20537cd5d3211a429ea3ad3ec00516,23513349,train
f5e71fe46331ee233411c85ab6e764a9,17707772,train
995358879a1e17e2e939c04f9b57f9d0,24874450,train
a44f4ae90d8ba9a55ad84c689105d422,467164,train
ad525f1ae3da54cb37e8a013a4acc441,980426,train
2bf143f57e8b31bc8cabc90ba71e5085,220805,train
c6d509ff169573c350125a80411ca63f,99713,train
df4f0909fdd2198b5010c390ff61a982,30119,train
e60ab783984cc931002129fc5bba7986,23534,train
f84924c931da577c8f7b3dff986c3e23,11339,train
202be40db00ceb823b2d33741bc6f76e,395090,train
66e21cdb6de1eb2a8e2ad8dc7b004efd,23513349,train
2ed8ea7e4ca1e930e87dd45802b0f867,313277,train
c4c7e61cb6efb3beedb39ceab777f276,23534,train
d18929a8a05798cfae8f09cccd961c63,18003300,train
36a7b8dacf6b78e476625d777895b36c,23513349,train
6c325c2380013e4d3b19cdd6dd555193,13588404,train
a9860b945d8d275e3171772a3228364b,333706,train
8333aff6116d283ec267fb1a7458d366,203220,train
0ac8709f6e27c5d1d0c94c0a54caa334,19351,train
b000c8bca117ac304901ee802ae565d9,23513349,train
1a6d9f3f0b06694cc01a0bdc3727fd92,18222724,train
e009fecfd8147dde77807dd97f449788,2470643,train
e237828268a3aff6ce785fd0a971cf28,26877039,train
a7e60403cbf809e3ea1a494498005e50,23513349,train
f631583cdef4c5d2d7fa202e9c28f74c,23513349,train
5c069481f6481931df4ac2cac77a4c09,118252,train
e8157dfcc1de5a208d37893916958e81,24874319,train
7c93dd046378b1a421a70bd0358c7f90,32186794,train
50c5b264f1359e619d25cb01753a0fd4,25276818,train
2d0959fbdaf7dda71e418e12bad08115,96259,train
b0faf4001f86bee31d9c6964bfa24db5,30075802,train
054b8e101070b3a1d538c0b4aca38d8c,23513349,train
d33c7c6f26ade3d33294f48b474b0335,11409124,train
b2bfd2020d6ede50f3d5842543db02ab,29059581,train
cc9c53ff8d50950c43bd3823eff66ab0,6295,train
697edfc149446e4d845debec1a17ea4d,400412,train
e77e393d06fbcab48440b2621a6f455e,846491,train
37e42af74170afc6d3bb32332b2e2296,138164,train
67a7d09170cb332086b36aac8e8f8977,146548,train
aa573b0333183ba42530fb2e3cf92c08,272102,train
95e38938c0f92c0312d1d556b6e29a98,15997,train
187ee535b8680308653d45c5242b6e80,23513349,train
14d123a0b7445d10813bcec529a2bc75,18222724,train
866762152a26150a7b94f4939d3512ba,29358559,train
eb8e9f499b0d334f3d6dd8644e298a8b,66414,train
3e9c6c08b52834e058b25da94f4ff535,18586895,train
afd8dc277072470e53561b9f5cc1607d,395090,train
fe5a112824ebf85c72b02e9a041c8132,25986827,train
3cd727a6600c5d39de93473b277c1814,18585282,train
a08c2268773c703e991cfd9c551256dd,27245634,train
49246ce760c5cd6d2765137d17d0bc1c,18003300,train
32be342a068d632926b523d535768661,23627418,train
3e11d85b4cb99221f45ad769ed997632,25310356,train
75aa22222d233fd0c0335024bbd57443,32942666,train
fa56e41ffe6ee84fc4ff3f9803c22798,25897953,train
46fe1310cf0ef9a867d42d072d0a20e1,18263725,train
554aad822add611d45abbef98bdb7f9b,23513349,train
795fbf2a0fc7ff86d8eda43a1a7ed2cd,15798111,train
95a8b6d3535f1f278b1de742be17984b,11904233,train
e94f6691c56965c03a95a8e21ed45fd0,15997,train
a003cdfb778b898d1f33a15997fbd996,30075802,train
4f9343a936fa196afadb495b3e1ce1aa,24874329,train
80bc732f07fa585408b335f540742a53,14553840,train
6421bd57033d01d0b3af1b7f2efa2d45,130810,train
f331e56ff43266d12cc195d8fab69fc4,67522,train
ba3c1cbd6f034247538c1633c9b8c66d,23513349,train
ece7dce39d4553bdb04e16076f87ade8,30075802,train
c0beaf6efa5d014da4f5a347bdf82b1f,30075802,train
4a86a4cfdddd548bb1102079a1f281d7,23513349,train
70d5dee856b02542a6f1bc5c43759173,18003300,train
746d0a1ab3f00ac7c46ae22ccd713d4b,18586895,train
246ae8b680981457671127505bdac917,112204,train
b6a611482c196e5006654f95e29d977b,767549,train
a6c99e960a74f40524a8c72bf8c91d0b,24854376,train
e906fe3d598993d0fd3709925f043604,23513349,train
ba315d74a9d6cf37a5bcba186ff728f8,16099190,train
ac59291fa0a825e0ba562c37f69df05b,18263725,train
de4b225ebf2ce2e4b0427f0e224c23da,17324134,train
ef188bf4b28c4360d93de74238641351,53498,train
a68e2b491819b4955ba6d7857712e77e,18003300,train
c7e8223d8f00c5d201c17b40cf7ecdd9,11409124,train
0e4c86d91f9afd62b4217e10db87a691,27494,train
3e70d9cb6762bbb3576d11afd44e8322,6295,train
978da91c2aff3328f0abf9bd375582e1,80410,train
b75c72b456cc91b474dbadcd1b9a0741,24874353,train
26f0889458a8d0c33b5379e1addc0c67,23513349,train
796902371dcb01f60ff6aef1954197d6,20821284,train
713edaf40fa6507426a1ce643eeee986,33806286,train
cc95c5e63fe537e10b58a3ac92432132,29100335,train
55ea74f727d848627752ada8015d5490,32307768,train
e0883ac2624538609359f285acc1ae19,15798111,train
679dfd55feb7338ffcf69e20ef9950c4,18222724,train
c13b5e70ed248e3ce11223d66113e0bf,20821284,train
cfed6bf40b9b4330d1d0e03d27e89f4f,23513349,train
8199bf9f05e952bb813c23115b6a28e4,99944,train
c608cab7b9af1475274d9a679447284e,18263725,train
41564668120bb5177153109e8043595e,25310356,train
7a6c4fbbd2d93796d0a990df47b4cb20,99713,train
cec46740d5c2415be59371f8d768d9c7,24611522,train
0f101dc3aac6495326e7d84afc3eb98b,17707772,train
8a643d4272c21ba13218ff5315426360,29431081,train
8365afa524bac3ad41dd284f4e7dfefd,23513349,train
6caeb428baff3eaed0c678e817038051,30075802,train
9bc0c2ce321e78779c4282c708f3d933,23513349,train
73143392482eb4e1cb1957927c568a9c,20821284,train
d7817e9db8925617489cadfccbdf3fdd,15997,train
fc74d75f410ad93d7e53ff470a296691,175626,train
2ba93b71a922469067cbee85d1afd893,53498,train
2789dff6a9b578e36987c2a05d03bb03,3347848,train
a1d57cf7857792e48e8dc61d9d179547,12568,train
51b181cacfa13d4b526888ce205a2484,20821284,train
a1e3d4d67c54d424fe5a287eaf81ed79,18263725,train
9d8334fae664cb34b090249a62f0bf12,94578,train
66ec273e1a770e32c40d8de471d39af1,46199,train
a3bd7d428cce893adbf1edd7bc4a7b63,467164,train
6be466d1bbe3275c0b721c6a1070e3f1,12568,train
ecff123534de2970b9ba1979b543b0c7,20613761,train
240f7329761aaee37820b776403a2eb1,22151696,train
3c7a1e5c95958eaa003d0af7e4c5c9b4,18003300,train
9827383a9b8d36ff5558429dd5650211,32148213,train
54b1e85ab2257817bb41970486a65128,17324134,train
8142f376e5e97be0fe7043aa722d2a75,50453,train
b7db8b8a2effc36722ed2c37ece0eb21,15997,train
1b7e145927904f8312967b0db97083cf,23780641,train
ee5c1b21871d04c2297cec2d9945ab04,19351,train
9ab88155a332c02b2485fff8e104dc76,23513349,train
58b901567d900ac2c0027758eb7e3419,30075802,train
8f1c3385fff9cb8c6009c563c44d72c9,18263725,train
893ebff219f10871177c1152a6ea2bef,53498,train
82292fef071d7115d3016d452f9eb09b,30759223,train
e77a7cb87522ab58e3084089d966e1bf,15997,train
5c98e32000ed7f90666097681a4a3835,18051460,train
0aa96641ceef0752121b4dfa057df668,23780641,train
db693bc77bf38b7f559e576df0fa6691,30075802,train
740d80c035c7ab5b3ddf3b8c47b52032,1371,train
a086c3390a1981ecb0fc5758556eab6f,33004289,train
9544fe72cd71fae17b8fac7b977b81ca,30118,train
41c2178cc87fb42db5679406b534b8c6,30119,train
166d9351a80102090b3e50770c4c2fec,1371,train
b01fbaf71b8177f4655f0c27cb51cfa3,18003300,train
579ff6f9d7f0e225a76a8018699cdc0e,34080,train
0a6204298ab25b3793822dd24234c061,13588404,train
fc32a5f25a948a58ba424d2ff298fc23,262304,train
98b187c3acdd52923d3d889b42b4c185,30075802,train
80901a51c1ecef72829837b165979b56,957696,train
6307b66a79d266f95bdcc527e4583ccb,20613761,train
36bc253c4f89a1e6512216552007ae0f,13376363,train
763aae60c3d1e8e5ad40571225e1b8f7,66414,train
63a495dd8106ee3364fb025a573bbb0e,10843755,train
ec117ac8738d12346534909f9421422a,23513349,train
edeb87d85d39cb32e172105a1f7791a4,20821284,train
c3e37aa254bfa52b5a7a1c76a3d636f1,53498,train
4849ce7f83b18e813f86f3e8afc6361d,23513349,train
9d905043dc84f083e898841314c9008d,18222724,train
2513915ea1acf68b4fc31455beed328a,13530012,train
38c9d25e18b795d6fb7b936605314e62,12907847,train
0b782b686b6e2bfe475f06ed3056b1ac,8411631,train
883e2ba812617c139d11abcb8b2d9584,18486,train
126ae0ab2b47970a6042a1c8ff365f7d,2930911,train
3390d1694360a60182497bdb3e8fd5c1,617495,train
68335191778b2911f30f85078ca75351,333706,train
82a923e19eb2ca15f39ae9cd32a6e9a6,3109162,train
bf930d11747ae41b2c9d8dc1b9af9a52,20613761,train
e85f2092d4e99638377a527248267f69,767549,train
9a0dd46f3151b2ed0dffbffffa0d9e73,76889,train
d220768d42e873dfc1c50c5c637ff372,22501980,train
d35c590786a58d031c7b3becd6791779,18263725,train
5829484483ec6fa894748f0d9915bc7e,132025,train
0fd9c5c73bf13a5ccd070c1af8bea4ef,8411631,train
f341df7bc2cbdd56cb5984f43129934d,18486,train
bf2607036f393b4e95f9fb57d8dde216,402128,train
176664b15062853591c588517eee5af1,11043,train
d64c194430892886264c149c5baf0b36,13530012,train
90034306e9aa9dcbed32edaef4475e83,203220,train
b867912bb53f61b4b0e0ba1a1fd800a8,707569,train
6c2b69115b03260dae5a0a843677ba26,118271,train
298a852ee0027486e740feda778d91f0,139867,train
7951fdd50bc1102bba143f9e1f86758e,99713,train
81b310d29b7941f61d7a77555142d918,162333,train
bfc8a1bb16e2e18853a4390cc5753099,91571,train
47081cb2aaa8b820a805037065ffe3e6,1432,train
f23ebbe65b26d271348c429904fe5fc2,11904233,train
b723ee4efb2e58c4dd5c43b782c7775d,13410147,train
e7698cddf18127385d8f7b12432b23f8,23534,train
53c1327e60828ddfdeef18a0ce1efc8d,99713,train
00316b065bf0801f6314c1485cbd42ad,34080,train
696249ad223b829f814eb7f2c09936de,20821284,train
e5bef747fb17028d5940df601eaef8f2,763508,train
013d5a9688b14008d048ca1d404fb1d2,23513349,train
e02b73139de0d1c8104343b01c983431,5932,train
a98eb1c34874d324aedfd6f0e76e102d,171547,train
f02d6ca5987fbc7f293e4d217290188b,724371,train
5c4ed11ea85e3ffac6f24a3b7d9e6266,67376,train
b344c605b9e14343d49cef84cd6c7909,2470643,train
1a1b7959e35d180f5fdffd1ac937cef3,15997,train
486b6cea67744a0b95909605c8c7ad1a,333706,train
5407028402d385180f80e21867691fbd,1371,train
a17eecc0640e285c9bacfbc906bc63c4,778310,train
a4fd44ec560bde1723857c5d548bb78b,765427,train
80b3754dfd001de0fac3abcf1a346895,116503,train
81ab70eeea485bba9bdd3da787069441,1432,train
4bcde2f4cf4ba4ca6d8f90c0346ea63b,151809,train
396ec2e1458359d98f6692e6cd3fa569,30075802,train
14fccd6282108fc065ac87224d2f29e6,13588404,train
6efe6936c67df0b3822288619ff0982f,66414,train
cee86b9ff235b02bb5eacf201de61586,5932,train
9736f5935c0949cd837ade460077bf9b,1371,train
c7decd85a9f0a87f090c3192580a541d,18263725,train
0a15064500bf60b0addcdfb767c498d5,46199,train
6271beab18abaf0c08e7c67a19cd8c04,18459455,train
335ca8f94d37e7bf9ce2c2e1cfb42268,104855,train
63e185dd036f31cd90875091632eac5f,23513349,train
78f09437dade91f28d85cd014ec20faf,18585282,train
d4e6db4e60b331b36da7f6aa27ab081a,30119,train
202dcfb5d05b6d042ae779c7471ee2a6,12914,train
a754543a56d0004759c9722e6bf20b20,25986827,train
4b7e97928691934bd5d25a3a245192ec,34146688,train
fd7b5bc84e7962dfc47c35e8bf1befff,23513349,train
76f7dda1a6da8b143a150d408c71e9ec,23678552,train
55f71e3ad0feb63fe9cba1dcf03d59f1,13124956,train
6f5e71782f1224a70321d44a17be14c9,22585014,train
89417bc5ed185aee19b2d4203255f9ed,25877517,train
c2cfde78f922739c7e4f0037c51824dc,23434371,train
6e88488facc10dc9e886b3b5b589f395,23513349,train
d83223ec6e821bb8bda9c58d7b0ea84d,29499443,train
a312fd5a5f2660a69f85c39e5abc8732,23678552,train
9d6b906ab75602e27da7d6524c789b80,29431081,train
0f4c866c52b7c61e7ced2c72e5624654,24874352,train
324fa9b33ccb0a8e56ee53d0e545aa54,23522212,train
2106bbb1750cdc94822835a6f09039dd,25330489,train
20d18c8ca1e9c2bbf3d9f875b7b118a9,23627418,train
ceec88ecef7a510505c6d653a51cc1b3,13123245,train
a95a4077ecb209574181af2e05babb67,18003300,train
254f4f6a05987bd713a95ec146d6f2b7,203220,train
b935679cdac899e6f6ea876ee45354c1,3049,train
de6b3f50768d789649510b5fb9b00d79,18003300,train
f77c152e66c02aa9057b9cdd9bcfc483,30075802,train
f4865a659a869f41ba9fbe83ecfc33cc,402128,train
1d3c4cb506aefdbc9537bfd0323c4d7e,30075802,train
4990dde0a4d37edab899b2aca4809862,20821284,train
cf293027798352344b8cfc465e5c8071,30759223,train
c5275d7a33131ee732c2c636869ce846,30118,train
81744f5971f9c26aeb859018dd0c3fe6,29499443,train
4c81b4ee7b8fb484989832c5e3b9197e,30759223,train
bad751f6f165df32df87d2634c085fdf,23513349,train
3ab22c46771d881d901a8840b14317ca,18003300,train
ac645c690b93c45d31c03127433910d6,15645,train
d7f91ef1357f82dfe9814ac50a96165a,36203806,train
bba7ccb191b75eeca55015aff024da20,24471629,train
af9ec678c1461c527dd8b53f3693a477,33166902,train
8bd9170653cc8ad10b237debc7c2ba83,34594982,train
edd8181e4d49d31ae78571eb9bd7a3ae,32307768,train
c0e97c0520f53f4525f24d7a48ca2e4a,11904233,train
e425422c7c81d2a77ec9ac6acfb9cecd,112204,train
9b36bf9668b5bf19e7aa39551d220c73,30075802,train
ee4a67256d4e4426ad197eb8ef04bd2a,23513349,train
81fcef29b9ae288a17bab87c9b9a6db9,24471629,train
1becb6367359cd03d581a4793f0bdc4f,20660824,train
2aae7e38ce9658bd997befa9b88bcd0a,23513349,train
729777c0799f34279672313f0cc45f56,23513349,train
f73bc6f872064a376390bcaccb9eec18,96259,train
cf7ae8ca0174448929cfa0dbd8cadc77,262304,train
2c267d115b3f89b16952ef48d65c55cd,34594982,train
96c2cf0090ca417daca2f8f2e9add6fd,23513349,train
ec32efc5b8f87380379152bf8b9e4184,23513349,train
f55b75a8ace23cf4e374d61a3bfa0ab0,29358559,train
6564ca255e49b1ec3995fb9583eca4ec,23513349,train
5c5e17efab6f880f910d4abec6a24e12,13376363,train
6ecca779f54fd2aa7df14d5b8042e223,395090,train
57a856cc25ef59f4dec0aeb30f1dc569,29059581,train
0a4243cfb9f2024ead23ced4b1c2af5f,30227846,train
605374113c3abb59283c5d98180c8b7e,33004289,train
7ce3ab3dee5bc21be1fca632edc10949,11236719,train
9b513610f92561db7185ebc31c4f265a,67377,train
9eb3d2a7e823df7b48f45f6f3e8753bf,14553840,train
ac1de9a408ca11489a8972d1c2eb7dc3,16075147,train
8da67e51af8d31b017d0ec76f68b6d97,23513349,train
bc01a1f7cb4cb4798ec757a57216f07d,25877517,train
b29aee82dee62fd6b1dc5312c4fac569,13530012,train
3af9a628780f830f541a3363b4d0f920,67377,train
c94da71e435f077e0b9441dad4fcbead,15997,train
ad90a5544f4c7d2b2badf4b4e3a3a0d0,46201,train
f2aa92f9dfe7f53471bd13aaf8c60ac4,23513349,train
3263117701f381163fb64f680512f953,32894545,train
cc55a611136820eb627b6b40395670de,20821284,train
872977987fc5c743ce63b38cca3dbe55,24601,train
7d964c8df772e6cfcf09d7cf20eb8208,626685,train
12fbdfc32b9b435a4f8da455556f5956,46199,train
ef0d580cf63027e704f5c7cee14a0b47,15997,train
db17655ef5d8cf395824305aae056f4a,1519,train
076733275821601e51d7e4bbff4210d8,333706,train
64bcc568f65d9ab60363c124e2928ea5,23919,train
d9423fc8a33b2f8c69c6ff5d51a14ac4,203220,train
9a5c6c48c0b812d341017a1523778b49,23513349,train
2a6ac60d1f163d1543de3950b8f7f104,12068397,train
7ff39aa1110997453f31f7568218cbd3,6017893,train
eeb056842fba69f829448015fbaaef2c,18003300,train
f5124165261fdfb2106c5c2b36c436d5,30075802,train
9757af6a596ab0bd4cb6115668086b70,18263725,train
cc23364090f2f3b16d19182c36112b3b,2544,train
a92ad5646c729c7f44adeb9b71e486ae,15645,train
85c6fbf4c16650ae7cd74942e6631578,30119,train
b3440ba72191439ba8b2e89b7e1bd9e0,20613761,train
56259afde57e3f149e3b06854c8066ee,203310,train
0aa75a28fb8b69ecc0fea90c3cdb78da,25877517,train
d5d633dcfb08ad8f7b419e04aca12c69,50453,train
93253efd577ef09ac2ccd9b2a324fe42,18585282,train
894088e765c61a0825f4cceba992bdf6,29358559,train
cdd7e292390b63d6d252a07f7dfdea86,11043,train
8344e00b2b209241d975e418b0456562,12914,train
69ec643388df4887d64192dc302dba03,20613761,train
d31cc9fefa889366bc790b425333ad1f,18263725,train
ba5557ada2a01f9a9d2fa2ebce9c1639,14553840,train
d29e2e391388c7d80c7c3ab5c4ce47cc,23513349,train
2715ee5a048b245c2a277735fb279f9a,23513349,train
8ab7e78870e1b68c3ffe18eabdbbef54,20821284,train
d3603e09c0f79cf2658c927d7f73e0e0,20821284,train
9eb89ff1f1679a5eae44611c72bd487c,17707772,train
e17d1e34180baa8d26aed4021f24bffa,18586895,train
8f245d01654449ec32965278528397cd,18585282,train
14935eba15fc6b53ae03d1ca6f295359,20821284,train
7e32c9d4dcef8791bb5f268e711192ff,1724365,train
e4ca7e2f78d3aba113696242a7b75056,24601,train
bd47b475e3391eae4fe9bebbc301bb24,22025587,train
7ced62f2c8f26d8cd30159525e35cabb,239229,train
f087a70454ce05b1fca4bac3ea6ed116,18003300,train
969c41af7d7dcbd8b20b0994ab9bd9da,13376363,train
e5015b97bbdad36883820b8b67fa242b,20613761,train
ef6d0bf9e6683ebec17ea988316b58c8,11904233,train
40226390000fdcd4da871672afe96403,765427,train
dd74de99c45e636b5aa180639c14624f,23627418,train
7889f7b880fa89a61485538db216e560,13376363,train
b677d7d9cab166d63ade4248d4ac9927,270903,train
9fb392721cc70c0e1efbacb59cea680c,139867,train
19181060b4b0e47b98c42dbdd739bbf1,76889,train
0d3f2536d9fb2d556981861babc96413,17572847,train
1f69a6ccc2317e1e50a443e6337e28ac,400723,train
782c3a6cdc6f3eb8927c4148fd2c1dce,34146688,train
cab829d687bb0134efe40fe0f8ad8c52,400723,train
a89dd3f71fe11a49cf7019e299b3b7dd,175626,train
229e7b54dacba409b09a5f9467749bef,30304222,train
f70c493bc9cfdce74f366ea4e6dfebae,26114444,train
fa23904c7f7ffc63b342061753e37bfc,24601,train
5202e176109bfbf0d3741a8471dcb2a1,1381,train
09228468228797fd38ba1760eee9467e,30075802,train
31e6af07e300f1cfb3ea4ea9f60fe6b7,23513349,train
9bc45bbb3982fdc31bd8ee505ca667c7,28818619,train
7ef9a3e6577a656381d11de2e7bf4077,30325231,train
fc307a5ff90aefb0adcf2b8e98fff9c8,178959,train
9890fe02cfa487f2ddd4d4c2c5dedf3e,539477,train
15d0a32660b47b7452a6c7c74dacbf1e,400723,train
af6732615ae052dbcea190cc1cb710a7,58098,train
2785505a6ded8d1ec31b7dc5aea64bc7,18003300,train
ab5c98450b6628fb77afbe0eba8ee32e,20413,train
95857f4006e977560987c089d7e37e92,18003300,train
797505fafa28515be62c4596677e9509,30119,train
0b08a5d414550a750d1de3a96da4e31a,499933,train
0022e4d979c86b2cca7ed653b6ad3557,25986827,train
4e455ac83d63e1839a5e779f6a4909be,6295,train
06f86be25a4296561da58d7887806dc9,23513349,train
1654595b194b4b989f38d57d4ba9a022,20821284,train
eb302c371c63b7a730d68904efc43bad,13123245,train
8a18bd264d2530f9397f96cf179f5562,23434371,train
d1d58bd28628272d6eb431218aafaace,30075802,train
c1f6edc728724f2c347b3f1768a839e7,53498,train
4c182a9fc2abd25a26c2c49b7aedb60f,23513349,train
76b3044784b157f821d0d0567d47c530,499933,train
8a128e9ee835bf927c32957bd77965dd,9490,train
d237a7bdb5b47f5f3c896b0303cbf2fe,178959,train
5896a47e71e1c7ae3a464ed044591b37,15997,train
ce96f69770518fe13dd93d72b3c7a1ce,18003300,train
2f69bb1a9db84b6611241f655295ba9b,18486,train
71777e6586a7d91afc9f19864c9a8442,29499443,train
77178f8801f5017e9d970b835fdc7662,130403,train
c2d9adb248799de03bd513fc6a87b52a,6295,train
4ba5214b2017f6f88d6b42978cd92295,707569,train
adbce1c4864faf1a5e4e25fa076877a8,980426,train
73406c5bfe3eacb582c8473619ef00eb,46199,train
26ce7044ec2b3b0693dab26c8e924376,5932,train
e173076288f2e24d91527def9ea4d71a,5932,train
5c46058e7ee8d7b6e102e6916946a74f,23513349,train
e33141305686af4c7dd5d5792da0de7a,53498,train
d639c779a36b8e0c198b1dfdd46eb777,30075802,train
3e3e1523eb52a6c59ce1e53446ca9246,27494,train
644196f91557b2c201130ac123b4b17d,239229,train
52203f0b3e49a5ea3734a1397a08eb51,118271,train
5b576e9da3a9eb68fb8259373e581103,1381,train
d7ac953a9081813b9c134bbdf3a32b71,18263725,train
462736b6b8a43a391ea27af96c046db3,18263725,train
9b30e2996b65900d704ff2edc176e027,32894545,train
717434eaab5f75cc08bbb36b6260b3e7,23522212,train
8e19bb5deaeae18e578a8b95ecdbc16c,30075802,train
59a2ee5cc4e3f02c7fef32f2e4cf72b2,11409124,train
069e6ffbf7e00d56330e4c8095858eb6,18585282,train
fd97ee49b84980fbcbcf4d9183e854dd,27245634,train
81186b920c131b97edffe229d72a1054,18003300,train
d957ba3c0e2d40152347e391b71a03cc,30075802,train
d7b3f04423ae303a41c17e2254b050a1,22151696,train
41a7b2e3c64c9cdc9e1a320a44318fc3,76889,train
d1859de5c6021fc85b110f7f88bac2ac,17646,train
6a8884721aa64a36226120f0c103a705,2470643,train
da562b21c0b17e744ba00fa176291f4c,8411631,train
61c4c1a0f3ae0503941632f159a4480b,6798263,train
bc375cd9a51b4defec4c0521e4a795c2,175626,train
573d4d83b4fbeb6cf6460ac52a08a024,18263725,train
e81ee00b7c28d78c19a96845db3cc8a0,17707772,train
cec1b4bb79c9993d782c836f50bfc6c9,1371,train
63b456036b6e7d19ce6ba1a7d777797c,50453,train
064f4a9a6f6a044596aa65b712851024,23513349,train
e3b8f6d9cd6b3ef0b2edc9dd87aca546,46199,train
39fcb38c684c3db34411efdeba452057,30969875,train
f4414db96d1cbb98af4cc276f5412426,25897953,train
bc6a13462df88dec13972537fc488693,20660824,train
3548e99c06e19fa8a9ccad9d1f388c88,18263725,train
45b6f160a615f7c26970657302070590,8411631,train
3f84c728ba4b3c9cd6e0b4e0f6752edb,17707772,train
bc7e0742a7bb18466cb33670d732e0d4,20821284,train
7b1d04d77d5036566ab70ca7f9752aac,400723,train
cc3cbfb5d69a9623b182477a5cae36e0,130403,train
c448c05bf2fdd11d479541f7d9231f4f,94578,train
4c71d02d1cadf79671a9fd0a5488a48b,17646,train
816c6c9c4ced435996308d4f5f24f451,23282006,train
a75cede1c488e2d0e44d96b8be0f7d4b,20613761,train
41888b4e0abb2b725bbb062a824c3900,30325231,train
d2e4e8ce32f35c32f98d5831f3dea917,30075802,train
92d93665eea669d5247e33a0987c90b6,33004289,train
1167a0180c07b0294d25e5db02bd725b,29059581,train
4dab7a71c747fa3ee72fd5ef449abd6a,20821239,train
a95fb595d5c3d1763e1d5f4d50bd4754,13588404,train
77d28c3d6f95230eff86bcc1271de2a0,18263725,train
30a2aa673c8b220089bdb2bce9f85248,23513349,train
f4acdf6ef42d8bc775927cbefbbef07d,18338416,train
a515e1fb11f8fb8c0fffbaaf45fbbcb3,24611522,train
98b446a74838cc3eddf9443a68df2288,50453,train
d39f4ea0edd211fba78303f731a8b71d,22151696,train
25f07b0e23f3277f79ef5b2c1dfa770b,32334098,train
4256e9ec0d153d798f10fc899828be19,30227846,train
399f1f50fc3bc237d0692d6cd0d3c8ee,23627418,train
c04abb3eb7185b36c522e1592550b4fd,467164,train
1d7a8df91ae4fb5bf8bf54d376d9fe88,20821284,train
8df0ff51b3c17e3533a61afc80153532,14553840,train
bfb32f7fd9f5364733404e7c0bbb82b4,23513349,train
875067147a36bee199cd6db9e0d893b0,293918,train
7cdabdc76fce5c416dc94552484e1689,1371,train
d559163c07828581cabe3c66cb75461f,12914,train
c068a487fb766ccf5578269b6965f41d,20821284,train
6eb3703670bfbe221e07cd59dc7e1bdd,15997,train
cb5463f790fd4be871df7c385d211b07,23513349,train
b7cf8865679c3aa70a583a6f1bb24d9c,23513349,train
212025a811bc0ca09bad779df72e3fe8,16099190,train
a01a17b92e7947fceccf5c49618bfffe,8423931,train
d775b3ec95a280c190e03daaf4d78e63,99713,train
b038201ceb8f90ddf55f59e2f3403842,53111,train
e7ef510da126366f7b2b8823e2124ba4,33375618,train
a10cfa7178d124265c6124c485ad1555,18585282,train
c2533d03a7eb3ec0ef4a97222173fed2,13376363,train
29d0a457361bf5726b883256b88e7fc5,23513349,train
3f7be9572b3cd49c15dd831c2402f502,732562,train
3bbaa1fd7541e8cfac9a3714662fc8b7,46199,train
cb22aac6dd87ff8eea555cd8dbfffd90,20821239,train
f9b9f7dea0a163005936a7097509d068,279221,train
87c01603b0126f5f43984f7dd75f0bf3,53498,train
c3a2cc4f76c7a5f3c02145c4578ab01e,8423931,train
d636bbbe867ac17a59d7c850c5394235,279221,train
01131aa35c6eba010ef07075d26e23c2,80410,train
591bac5fa534238573127c4fcbcea424,724371,train
61d4251b1e2503fcda79a170ba3c1c7b,203220,train
9c52666c13bd564b6df8c2cc5fd34afd,1432,train
e8bf343404688ceaa9cdf81dc681a13e,10843755,train
402586c3a9c63c524740966209c98be1,12907847,train
483f9314f737f6e818414f079dd3ac3f,467164,train
496256e309b72128f12ef1b6288269d9,30075802,train
3822b533a7b5c5e2a33747153bc28a8c,175626,train
b183a3827a07f4358065833ba9414b86,27494,train
86cfdef4950d1dab0464d3d1c05df37a,18586895,train
0069592bda7754a4fcbbd13c2ca32088,30227846,train
5f721eed33ab340ee4a7495ac32fb3d2,29431081,train
826a2ef6f0f524b1b4892863fdf2bdfa,1724365,train
bcc90e97f491b7c5e5380990c4c6a8b7,23513349,train
a27b6251d727748857aec2787c28c172,20821284,train
c7446f63eab5abbfbcdae6cfc8cdc689,23513349,train
7f663b60e1244066bf5fa00c0d033b8f,13376363,train
0cc5b500cca314d2ee496bedfe4d0325,30969875,train
44aae18f8fb175de4f01acc8fed4abfd,25986827,train
90b3889510b88bdea94e6f70588944b3,16075147,train
db0abc4739eb731f8a62ff7bda65930f,15645,train
c4a8e63d996e88cfe9ec8dff28deb806,16099190,train
1feb85ba09968dc3821cd44982718019,6295,train
d06a5435afe893af9f832ad43a0534ff,46201,train
7bb5284cab60ae4e784e8bbd05505f37,1381,train
f9fa7ffa50b5de1dc8a28d202b4e5c8b,30075802,train
9572909d1f02e2a79b0462d7f0565865,381705,train
6a33866b85b7a44eb0b685a6a05596ae,383428,train
664e15a716ba9e23483396f5643e5632,23513349,train
1c6663cb3aa99083dde14ba0e51aa5f5,18263725,train
f25fd02fee0103d67670dfc9bed19b92,25276818,train
d51d67c5f477b4e5d71b927e78318121,12914,train
c0e4cfb4a741c3c968179f18f4249812,1371,train
78b4a65baf119c8a8c0115db3b2cd2cf,15997,train
716b811fce3793c56168b524914a8f45,15645,train
37b38c4bdf14e18360ef195600b8be80,11904233,train
d55e6890116bd2f6f368a5b616b7f283,15997,train
a30bf3c531acf884a65054cd20ae8086,23513349,train
8ea9ec62ed61f98a3fe85dc8cc5a3874,27494,train
0fd00318ff46f3a6d535b528c469844b,270903,train
1ea958b331ab5099601c7783280c4b6b,20613761,train
c9b4ebf0dd3c40f5ce2eacf1ebd0f45e,102908,train
2af72f05230fc0d1357b09507d8d806f,29431081,train
aa98321c430d50f0922ff5ce9fd74627,18003300,train
a32a100c739c5d31bfe5f50a0e07d6a5,8744427,train
a288d86171c942abd355a26d5491959c,20821284,train
d4a698f7d27681d8d31239769b467bf7,15645,train
3aa5d3ce11944b06ae63056f95ca5c90,15997,train
ea96af3449c6cf71e8df0721953dab81,1329726,train
11b3868ef1ae79a2f0b7cd6b5f4fbde3,395090,train
14601a3018c57a2147af2723d47aa0f6,304079,train
3d2849d8a532b36c344c00f0e5ed1c33,27494,train
2085586bc6fcd8065293aa62c4090b5b,20821284,train
bcdb0b510d7e3862d318e7a5eadbdf79,66414,train
b0b0cc82963655a54aebd79ac9ac77ce,18003300,train
024494b2601c392ebf4a1bca07c978bd,30119,train
54fb061ee546f8b2ec361a9a385583ee,30969875,train
e51032f2e44ea967d36a03363ccb49c4,158010,train
7f73f56af27fb111ca1c812e259d633f,1329726,train
2121dd0c0677c8c65d5bb96941dc4112,400723,train
5253d46268c57fab0ab7c508efdf6a30,539477,train
cfdd9fd04019601fb157023554546b4e,30075802,train
9b74735bbdd3ef7885c07fcf77115118,23513349,train
ac38708ed9219c9764bce1b4b42786f0,99713,train
8855becb85969307d3ef2ba0b8ed3e7b,763508,train
b9a3934e4fa9a9bd3d87f67ec3bcc7e9,93405,train
73c9a27b935cd4a06f50088ff0b9ddcc,18222724,train
7dbc54628ae1eba68579c7dbc7789adf,26877039,train
6aab4cd0f2158d3a0f5f0c49f769ba35,30075802,train
de21ed62acc7f82527624fdcee22d4c8,18003300,train
d6d019511f89c54a01f16ea9d9675b58,30075802,train
dbba20e8fe23cc415c4a1b34b5dd1a8e,18263725,train
7089abc21b7fb73f63cef4c56c78b313,18263725,train
6de485d20e1aab98116f219890698067,29059581,train
41b043e228981ba3065b0dcf7b4be23e,29431081,train
20469589d1a2f54133867cd024f26abb,30075802,train
a65d1a96180ce14af7982e6c3bede5d7,18003300,train
029752741869029d75b4664d16ed1cc7,12914,train
0e2869e0f03e0b0c9a12c7e8a8514920,778310,train
e85cecb4a863aeeeba4fe2a0dfcb519a,23513349,train
6e15f3ec8a3e37a46ce70dcc9913734d,18338416,train
2aed3a0424a56288cdb720be1300614f,30119,train
33ae87ccbeb06732e0bbaf7501314b4c,6130588,train
a07c0a3edeaed3cb6559c06afd100515,99944,train
e93471270c8d2196c42f884297b1296b,203220,train
d8ca5152319474c3bc475b04658235dd,13376363,train
4560152719f85c37b7b02352e3973704,30075802,train
bee7ecea76a9a85a6ba868c9f091c894,13376363,train
78a180a888ee430082d8b50d457a0028,31443393,train
f0cb858f98f751c920aac0ad5f005f9f,19351,train
174190c376eb14a459d85e5d948241a6,99713,train
2c5591b6f7a790cbd3ef39931fc82087,13376363,train
73aa1a795cb7664b4bc0e37d93c928c4,33004289,train
5fc82b16f5892d955866528e430e8e7e,29431081,train
04aa69a24e189546900325da3111967e,23513349,train
54057baae1409e3ed36a0d1ee40aa8fd,23513349,train
1660771838e8e41d69b1efc873fddd06,13376363,train
2078ba9870206ea3aac6f7dae8f5639d,33208115,train
e413b3f9c96a6a60150612e57b67cd95,32894545,train
f3ed85a21222a16efb46169d4163f93c,29499443,train
77bed9969116fad8bad627eacdaafea4,13376363,train
bdb282ddb9570f93434f15fc053569c7,67377,train
9ebc2f974234d387ec6f963f7b4f10ac,15645,train
701a3a1b43ca58f3c3bf983aa38616f9,262304,train
96c137e8b577b6fbed311b3b5630a69b,29059581,train
b4f815a89e496e55f98a9b73b29840ec,20821284,train
b20e657fb897e92b1a2eb59e8c5407d6,23513349,train
595327d39844b4d6daeb3d1f2175c1c4,11339,train
e249c7cdcd0af015986fe01dc36b8c30,15997,train
a6c033431f27ae289c4c5afa2fde415a,1724365,train
38736082ab68f6dea40fa139828cc274,23919,train
f8b79b61ed9ac8b30a18a38a4e3452a8,15798111,train
58067150a90d2f4cc1a8207340cca33b,395090,train
d017737865a1a74a8d0e360e7f1d3806,30119,train
b97dfbef5a09eac720dce343cd41b796,24611522,train
b6d34309d084f9efb2166f6668bdff26,66414,train
54d5df0fa6a8907fa40f6e08c98b39b4,18459455,train
8f299389f99f1d9f5c30e4b1fef0200b,112204,train
774215c2442565c31122106fa5ebeeea,2544,train
9bd8ade518f6ebc36c92f9344cb79764,23513349,train
51fd3afe85fbbe0240e43beb479d0785,25986827,train
53482ab5b0abef5a41ebf2a6a3a428dd,46199,train
70b765bb70464680dfb1ced038b75157,151809,train
fb460972c1414d06ed7fc35f359516ee,66414,train
a900de51997d8307c87ec92d5a6881b0,30075802,train
d0c77e6ed903ea8225acbf606b0da917,304079,train
a4027d4f0a37698a86ef705002e1b143,304079,train
05ef97c78fd5250737ee17705ea21e95,23366732,train
db3a2395ff167f75a1f18da315494d3e,53498,train
6204dc914ecf8db2e528fa65caee4c80,47730,train
9ccdedd3fb42f801a7525155d47e0c92,732562,train
59e9ef2fa2e525c775e5fb91dfa7c6ec,15997,train
7723b246c343f853078f2df0e3b4f1b1,46199,train
9b545183685bb85a3dbddf356c318ff1,1432,train
55fa4407183ff4b3841db9cbf3163ce4,814318,train
bd5c94ff40b2f307f26da147513afa5f,18586895,train
6269d4bd6219177c6ec8576b412c0819,22151696,train
b7a4e96858dc6bcdc151bf62a7a38a89,230246,train
9a820e6f9abec2dc165d1188cb913bf1,23366732,train
368a04e1402c286f8a385b52b3833366,112204,train
7299338d2466855ed29ebc1e4c0b7687,53498,train
e20770cadfdb0f74158a58acd1a4efc6,66414,train
8b8f9092f0099be22d28c3c3ac0e8941,139004,train
51602531a6332a7dc4c614907f56353e,99944,train
38c63bd1ccb38e8e2c5d65c1dfaf02d5,58098,train
962c9fd2f98df0933e47a20f820c7fc8,18003300,train
d11967661408051e3c7b43a5c2cd449e,291,train
6d3f8cf992ecad3f08eb042bd5d711ae,151809,train
462137bf68f829ba7e73c34c9ebd3cda,25897953,train
1c7f2c33ad112319e44182564b2440ca,46199,train
a7d6801fc7fdf9e162992e21e3a934e2,400412,train
422ffb7a99d3b6d30fb9531291fc900e,395090,train
6a618c352dea8ffd61ee10273a5c4624,20821284,train
c1b0d8dd9c120393238dd14fc526eec5,175626,train
b2761e3e5557655b4910432229713363,293918,train
4b029b79acdf7b0fd887cf02e0bb14be,304079,train
16fa207ec2d6224ff804192bec1a0247,30119,train
ba78c244cf347ad7819d16fcbf3d87aa,27245634,train
cf74fbedd3792fe7ca90e801c0169c85,33806286,train
2438d340b726951ccd5276cbe41e293e,6130588,train
6883db1bdc55c7538d21b68c38d26499,203220,train
7a4722b195ccfa7370dfcef1e4773693,23366732,train
e249b522dc161c0db34a87fc98eb06a8,66414,train
425df04288ef4ff2af4cc19773611bd1,18003300,train
e69ba877ec1d620761004953b7b8c4af,19152,train
cef52c4cf5db2990274b688cad6496a3,765427,train
50546558f2e581216e39fd55d3bd578a,23366732,train
990db14258ceb082f9dbde9b9970bbb8,19519461,train
d362765c211dd869e423b95b0bc262ce,35236575,train
03d703ac1a1b7650698a2efd49bab8a2,35108792,train
b6e65f76ce8dfd3bd0fc011eba403fa9,33806286,train
6864ffa58f08b21a1258dbe3e2b79887,33166902,train
f544655f859b74a527693f71db7977bf,32307768,train
30d670315525b1a1b6143ff4b8621a77,10843755,train
582f98dec0c5f0be727f87c422f4f3e7,293918,train
6889ee283ad4df69e9dd393e29a5980e,20821284,train
1508a6e4998b91af88b9aa41948fed9d,12914,train
7d372a983a90ec3945b2f3f1387ab6cf,26877039,train
97815402ed59cc44ed71389886194934,15997,train
0876ab4d91ee1e4b45e15a6e16f4b20c,12568,train
a2117b7daf40b974a4a22704224da31c,5931,train
0565ec0230ecf86b78a328fa8675a577,13588404,train
2951a30375bf841881e901ad38dff105,18586895,train
49343418e3a49933fbdf1138cb87ef74,47730,train
09e0a1dff6e7b35f71bd6e690d59cf78,53111,train
6fa222710eb4cd8d2e85aa82a885677c,18586895,train
aa3a72761da40f310f5152a6538cbc82,18459455,train
cb0f20216229c07c859b37245e26d4ad,18459455,train
5955d0c6d360a5633df08f65ae2db11c,23627418,train
817bd404d21473b6560ce3ac3ad1dd16,20821284,train
fa80e3aeed269c4af0fe2d8c5746ad7a,18586895,train
c6fd4e120bbff70f3e89803079e3291e,99944,train
c3d6d1da7801840d9a640dbc101fe6bb,18003300,train
c14a7d697f46733d27c561d3e2c4db7c,13376363,train
aa3ac58d0163865c4d782c10aba926ff,66414,train
e493d6b46d73ad29c8bde9b95f4c5892,91571,train
a4526e079af84b6ce447395727bc3aa2,18586895,train
5d6407e11b557dac62116fd3b5644b2e,30119,train
3913ae6836e5712408c083c0693cae73,3049,train
fb3423aff4c85b2ed1f16330eef94772,763508,train
ff848891adee14d5c0d2e15be8346533,13376363,train
022806d3d45262e89b42856a6959309b,13376363,train
a045db1ad724a193acacca3f134f7ced,132025,train
f81ed4899404a658dfb616807010ac1d,23366732,train
9f3e5ab9d7ffbf2f26d542efbbbd1961,18586895,train
8acf378161c8ea9d72d341d1430823f7,104855,train
892984534e8740b782025c659f666726,112204,train
abc461881bbdcd381f65fdae87133ee6,814318,train
53cf73822f9dc5fcec1e01edddc92fae,67376,train
1fd4c021d0fc1c7619e44f2a9052cd45,66414,train
9d7715d68675aba21dd6b7d85092c9e4,18586895,train
d87671bdee6e6fe05bb4a7ce3b63a4ab,24601,train
575f0a908588c842eec7ceb0f8768005,23183,train
e7283ea9ae0156f22c1b2c4f32360202,30119,train
47114b22753baaaac92e1aff0107ffc6,304079,train
0e378edb7969f83a6db4bb64a2534af4,34040649,train
ccbb1dfcb8583da191f27c001005dbf1,23678552,train
b2b08c50f00a2b6d8010d1caf8642b71,18586895,train
fb5bfeb7f564963c20da829e84ace7d5,18459455,train
bf44cb1a93bba486b90ca3bfb9a36e25,313277,train
61bc5575e1f11806a9b4874cd779bcd5,395090,train
d7b4091f3b58e1cf0dcb7308efed405c,30075802,train
86d77a61aff9fe4c7f2fc4c9e7a286b7,80410,train
683511427db4c7f88e2e47f2b473dec2,12914,train
d5935d76d6a6cd3a4334d5ce2b3d9d7a,29357293,train
925ae66aeba2b9c82738c58b94176faa,291,train
e96b281775d83cfdf9e8b5dafe4ad927,17160819,train
582dcce1445bbdd06a98d9517a2bd297,23513349,train
77f8c7e6ff2d403e25d3e281b80ab4eb,12568,train
e8cf545e1a54bbbdedfb66dd05f2f94a,6798263,train
b57309ec08d12fc573c3535d85831ba2,24874353,train
69467830274ebde14758454eee2146fd,35108792,train
af4b8d4d3db72628961799e886db5f50,67376,train
ecab2ed7a0978ca5d807d85a108e7119,304079,train
bd38625adf843e0e9b9a02a1b085c50c,27494,train
3c4d6209b0812aa6a86438640f16787e,178959,train
236cd8068dcd66583b6ed194484b1c1c,239229,train
216696be50127ec028c882a2d5e87aeb,15798111,train
3fe2614c18709555b69bd729fae22300,46199,train
2ac370414aedcd483e1042f8fb23708f,5932,train
0a5e5f03f0a16339aa12c216b695c8a1,23678552,train
2ed13dc9011e5c3e5fbe402bea314a7a,15997,train
d6376f73be5292defcd79082f90694d3,23366732,train
0d39745c730e2fd200ce565c3bce16a7,18003300,train
509dacdd63fb0ce3102fe75b574a608b,30075802,train
9714a122ad86a4e0d1d5488d3ba8bbcc,23513349,train
2c7976291c24538cd7f120186da4a439,23678552,train
64b7e1d10fcaa02fae5e1df4ac58de9d,23513349,train
933a2caa0ec6356675c91a73d7dd1347,46292,train
efed9b823ada53478e2ff16e16322d41,30119,train
257869bac95709dd4c0677310ef35a35,46199,train
c5caec27506e2157306f4e319904d841,30759223,train
3b9791a2a6f1e3a135d819fe9644b4cd,304079,train
c49612555ec2ee002a3c3af2fb6044e9,86560,train
f94bd767d65d7d4c2172c0f7c2560f98,25877517,train
1a241af350ef8262b9e7cac266e7aacf,151809,train
a5d6eedd602360fa71537865f05b1608,23366732,train
8ec80914b7ffd852fd09c8a5b9f615ad,8423931,train
74a5484a3737b9c8aa503d653fca8815,46199,train
fac6394bf26f428ce9a5bdfb3a59ec7c,23678552,train
6555848df37613b803711b67d46b400c,230246,train
f527f4e68a1751ed9ec124840c0549a2,23366732,train
7c5a9bb0d0464d1ac845bd9968f9f5cc,25276818,train
eb937caeacc7d816a7d443afdb995ce1,23366732,train
a37898383af59c14dd877242a044fc92,12379467,train
d4ac8c136ecf30741ee40bc114e109e9,25330489,train
4da5a02bce20d3687b9eede25ec58206,20821284,train
3957d778b664d023392902b85e9199ca,30075802,train
18677cd579b453e25d4e4be0ea816a6b,203220,train
77e2055c05ecf6d8aae441d1c9e43982,18003300,train
ee95453757a75db77886aca88df68bb3,23513349,train
a5e9f76508a89d6808403312a8a7bb46,53498,train
e9f79730c1fde256e33890c06d866974,12914,train
cd58d5650997567c5747f489173c2e97,23366732,train
714303d732522200623dfb43dc07c8e4,1381,train
8c8978b223602d6ae0fdc730b4c8ccf1,18003300,train
ae9d953b9256ac398e9194f9769ffc3e,67376,train
77a562828193300893f3efc9d9fd07b4,20821284,train
5da6d09e7d6a4411a3b6fbf5ac0a9559,19351,train
b14d603abb831de3e0bb852a9b1f1e33,1381,train
95d94b0b16a9131ad7edf892f2e1bebe,23513349,train
ff63e2ac6754cbf794a0c7ab31b46fd8,66414,train
0c47ecc19f0482d99f7a6188a3e5a94f,23513349,train
6191c3ddf2c4e8229532fbbab1b23f7e,27494,train
065998952a6bdb825abc4a2597cd5169,25986827,train
a95c13de608c737c843df9cecb4094e3,23282006,train
99d25bacd89b650063a21210ecb207b0,400723,train
1000075db0034a221911c1682ef2bd23,23513349,train
aef0efe5aa71cd062aae6e2db1f07db4,53498,train
6c4bb3ac6068bef922ada44b329cfd64,1381,train
c20b0b1e422f6e764ee1bbc1e4715bb2,23513349,train
98ce31a70423f33569fe6c627bd62ab0,304079,train
e4b9bacae3db8d0112e4ada33099130d,13588404,train
6f6581243df2d4ff03facc10b65f3e4e,76889,train
5cb4e75efbd155ef087a1c2d8c14463b,20613761,train
93ea675e9c9a833a08a42881a7be558c,23513349,train
b788a7aeb29128cdfc5217ef014f13b8,30119,train
da3e4d4bafdf27a1d16d8051c1ca0568,24471629,train
731cd908dac654c49be15ee83f757b31,13376363,train
78cda07cc506ad9fc854c1af8528f781,23513349,train
83d4c5548a3537142e87df8a9e50b0e1,724371,train
bb6bcae9dd919326af7538786fcf356e,395090,train
5e632c0bb10c92db241e1680d386a8ea,23513349,train
f7dcdcdd7da09a5f2c9888797bcd464c,23513349,train
38bf257beedc99a76dbdf88b46552081,46199,train
306936e7a7afd7c3ca56d575fb58c4b4,15997,train
4f602ade74daf27cb579521bc65a1e37,23513349,train
7530e1ef0388efecc09079f1293fd47c,1381,train
bee2f11fb57e4522ddf1e198ea68093b,66414,train
05a2076341153332b351e28654f27e4a,30075802,train
f63f08b9d11013ca54f4dc9ef4bbe2b7,27494,train
11632b815b4d809f2e738dc1e4491d5d,23627418,train
4335c41db4993d33c28fcb0883178258,23513349,train
79973c3cefbd694d49fbe0d81faf20c6,30325231,train
b26966dd0be40b6aa7ad0f64f481bc9b,11904233,train
6a78be6ed5a335daecfa8b84395cbc06,25986827,train
02e4a727acdab1cdc44ec344d235f70c,23513349,train
8e7407aca7d82ad247bcce6e60c4d2ff,30075802,train
74c9794e9b8a7c693a5b25245335c983,6295,train
e9cb29fad8dea1e47f7ab01dc91d0a1e,716696,train
81b70d1ce742d89bc34e014e55382b73,30119,train
da8c07d9424e36c1226efeefaab12f77,53498,train
75aef869c0ff68e8f1d4f04876531c9c,33208115,train
dc9de57b573de6ab5343fa0b378a654b,23513349,train
7d71b11622696fd38fd5cee3eb276fcb,23513349,train
2b1b91edd68ba52ccb42916d7e36fa7b,23513349,train
40d845d6f7908c2b951d18f4c37f8f84,13588404,train
ef272a9e21e0287f253ee1b2492d9a09,6130588,train
fd4a223ffa4345597e5a0abdfaf21f0f,23513349,train
169e813431a2eaca92f6dff52a37e81d,15645,train
339738f90347c9eff6409d2a5d71d37f,35236575,train
d7076c3ac198659b018ebf68a1e8c5c9,15645,train
08e4a6bfbdc875cec6ef3f5c9d2b88e1,18459455,train
2eb8f5fea02a90be4f2ff633fc693993,30304222,train
d42aa507b37994ebc74122ac6c3a700a,76546,train
a7da49f52bb048cd0a9e28815e1af07f,23513349,train
62bb67e9ae0515da0fec37bf6e524eaa,304079,train
2f589f5b07e97ee93faf95dcdd362062,12068397,train
2a081484eae9da77950a8848e4421803,32186794,train
de8d40b557468638c8cbcc77013d2ef7,23513349,train
ff36646a695b6ce3a363a4c3926193a8,29431081,train
69c550dfee69b5ad1536972a3a368a14,34040649,train
b5fddaa426157d628117588fffd7a446,2930911,train
64910c838071a299c94ef62ebc96cd58,34828719,train
0e5b5bed2ff0563a9e93408596bca65e,15997,train
874f36a8cbe21c2aa7fab31cc7468be4,23513349,train
5c17d956b9d1db79e33380544aca875e,67522,train
7eb7337cfb88df0c2c938740cf07cb5a,29059581,train
36f9c510adb017b4153c4cdea8b69c4a,66414,train
e7b91caa41e748e0e038d950f26e1c05,1381,train
c8ce7a7aa6994a2e4299ba3178b1d34a,23513349,train
5c4232baeff9dce128b54f9560dd9b90,400412,train
be32ceb4501a816b5f5abab12e5380ec,23183,train
5f0111fbe5228c9dbf58f1e0e10bbcce,5932,train
ac03754e93e0896b3eccf6b1a55b727c,66414,train
8dc11a0306050d1bfb33500d02ae29ee,304079,train
ba520405f3ec8829c4f0005aefed27c7,5931,train
218343accf7c3a36727d9fea133322bb,203220,train
3b8811f083547e05e4bd834f22e3d708,5932,train
4843139829c384b23d2219fc97ba59ee,67376,train
4a0f0e8ab7c13d688633f7a8cacec548,716696,train
7283e956c4ec35119000434a8abc850c,30075802,train
6974b283118a39060e51199989a73bae,5931,train
fb634a1d052668325a0ec410646d3e9c,18586895,train
2685adc7f83a953e4b6cbfbc0cf06d2b,400723,train
33da0025f40e0200e3cb189a2422fac2,67377,train
c231b5f503ecb79ee4f3971c41b67424,23919,train
4179ca61639014792d2592b4d65e0865,18459455,train
4b53ec5cb75b66c728c39fba3f1cf017,99944,train
d0da392f1e0ad243d24a0bedab0f8d73,30119,train
c789ddab23d84815708040fcaf1b76e2,93405,train
c6fe13cd3f6fa55d5589f1f1c6b705ff,53111,train
4ba88f1a9c6fc396e4945a9bbc45b6f0,5936,train
972a647cf9cd3971e50c65bcf8e13d5f,980426,train
a219bdd7ad4b110b4cd9a898d04ae907,13376363,train
4314ac1cfc59d2f3acc269d683b1003b,66414,train
3248d8d15658e2539fdcbe3acc971ca0,13376363,train
7be3e8317a9971e6e5499d096b74891c,1371,train
22a588275798c15ed7757db0c526e296,13105527,validation
df882ff7474705799a1a5d040b156f66,676,validation
69ff6db01b9ef5d94f8ef2064485f1a6,1420,validation
0d6544d48037f8491b773810ff2dafdf,6364068,validation
54b63027584d9c455bfa44df571ce91c,23705600,validation
2ee0660908e0596394e729043de5b5d7,30353202,validation
18492e44f9d31055a7f0f909f4db83ed,97409,validation
8ec88697a248fe855962c80f70165a00,38504,validation
12ee86c0068e2f58c381895ec62c1dd2,11255697,validation
c982a333c9a6d6437172056bbf224cb4,1420,validation
2bfb8f18a80b22281c828363115771d6,1715,validation
37ef911fae39da08fae7bd318a2f4d54,13105527,validation
3d3cee9e1c7ad729c880ebfafd5df76b,2696,validation
c83fe0f47561e236d99e83721ffee2de,28932354,validation
945f62cc35807b442f1d36f8de052860,2696,validation
3edb038187b471d15248b250767a7ab8,18288210,validation
7b5ea7455ede4550c484b97d0caca746,71642,validation
6cd4339e40063bde788effc42df17b02,38504,validation
d72a7a4b4e5b160fb6533c4888047708,2696,validation
351d592f5daf28976c6a7e3df06f1d4f,23705600,validation
a26d946336bdea9c60c4fe38f59df970,13105527,validation
dffa9393c16314f8d709dfc1dca06c0d,519112,validation
82aafcc33152a00f98abf0ddc6f11b33,30630152,validation
e979dbc3bc5c2b3b2e954555133d02d3,20821097,validation
ab3eefe2a2bbefac21146a672c2bdc80,18288210,validation
8c1068b17b5ce0a133557551203696ee,1420,validation
129511fff5826cb38110ff1e3efd8e9d,23705600,validation
53718f7ae25ce9ea79f68def9d90089b,42038,validation
6bf5ce1e6b493d8832ed4e38aad70b4d,1420,validation
45b7232d6ea732cabf53291ded0d2b80,676,validation
75206515d56e9606963ff1a77517a945,1715,validation
b8156b054945e896d557feaa35be25bd,400869,validation
e8aaa033b7faa3ad6b37ecc538739c4f,47734,validation
377cfe5bb85b3b72e23e94fa5d661273,6656,validation
78e337ce9e70271c9bc5664792aec0e3,20821097,validation
9e5dc8698c5b61e9be4b8f14f6ffb6f8,18288210,validation
e997f104017a06dbb46b862d096c80a1,18288210,validation
88baa37ca91054b77a5cc09cd95439a6,97409,validation
a77d691bfa020d58939def75be2693eb,519112,validation
0bd7d294cd3a2e9d1f744b86216f76a6,97409,validation
81dfc99f5994f80dcc5ef3c365435b29,20483085,validation
51549a2808e32a3c4d55dee8d80ae237,20483085,validation
519445639bfdfc0af55bf66da7a4e8d1,32468495,validation
aacc1ef03ab77b99a5e4932662541798,28159939,validation
08828532941b8d34333da5daea09355a,26114310,validation
aec079f0627ed706d008ab092a3dc738,23841432,validation
84b10d7b638c96b2008f11f70d4fdb45,38154,validation
e88055687045053001193fba3e8ffab0,400869,validation
d39278a0602c3dc5423d117573ebfc6f,34335011,validation
cdb22cbaf4fe54829e64a03691beadc5,23705600,validation
dd23774e66f6338f08b02d280d8ad17b,97409,validation
4b33c3ea0b3e91641900f5f2d1abe24d,765172,validation
6a2d96f91f16e7a94799301f76cbafda,18288210,validation
769418550c18279bdfa31a689a2c2879,28159939,validation
2935df6123b81ad9f33a244a0acabb68,2696,validation
cb61f656004094d0e61d8cf6b3716e88,30317423,validation
c65fbbe8cc482daf3ce08be4df5996e9,30353202,validation
b18d3f7143da1791e6280aad6dbf5465,29605369,validation
3a8ec2c231317612365cb5a192c96b60,765172,validation
b6be6f1ae362b28e568456def7717d95,20483085,validation
a36fb19bcd117da156001b5f199a498c,42038,validation
04df3f554cfb4728e2b91f7148408038,6656,validation
9e3969284a72b585486534af347f63d2,20821097,validation
831dc833b66e4c5e9b5023eebcf810aa,30317423,validation
723df731ffd4c204859b4a2b255915eb,28159939,validation
57ae4719863a12678d26630f6d0c6985,20483085,validation
f39cdff1592f55515818e3e5b1fcbd61,519112,validation
00728d522457f8965d153c959d65a793,765172,validation
c27a8329b72ca1d16ddbb3a2ca1f7f8c,30267607,validation
9007306954c333beb4ddd63cf24cd1fe,20821097,validation
4ef7babb448f24153f4283aad0c6438c,765172,validation
9544264cd4362b8dd3593446462df3ae,765172,validation
8c070c56d335a9a4887ba3b300c316b3,38154,validation
b739c15ab046ea1e401f79e99bb31bd7,1420,validation
1cdc2b80f89ebb5fb53bb4ec5a411b1e,33984037,validation
dfa0a67c5ea6a572092225ac5a8d1e92,30115970,validation
afa6b36862035a5320f27492b76178e7,519112,validation
081150874095756b0fc3600960482086,28932354,validation
cb6f99c7498f583f9d8203cad3173a43,71642,validation
0450a6caf13c4b4c3ca1d54d382a831d,6656,validation
5f7e7b1921ab71d5a2cc3a5b2d0f1096,519112,validation
098ecdfaa4f066c3988632509cc14d04,30630152,validation
8ef871f864e787c63120b8fd5ef2431d,23841432,validation
28351ccd60db171a4ab5c742a3266821,7928877,validation
8b4b30f09b03159925195156637f545f,24874343,validation
b1621af787accd0760ad7ccaf6351cf5,676,validation
c854fc8649306f74e679229950328017,32332600,validation
5f3c072673eeeea80dfcb3572a377c96,29429950,validation
ade87148a8e9b217e3116a31ecb9b9a5,28159939,validation
31163592d98a409bc096e5ba6609d817,30353202,validation
a1cb0f4d35a2d41d098bec6e0c450d3c,29605369,validation
dddffe7ba09674a278281a99c2529eaa,26114310,validation
4e3fa3821668aad9f0a704b275b8e8a9,2696,validation
ffad70d81d0007893a1397b9e004baa0,2696,validation
0f5bf0982fbe5a8de20a131761057081,30317423,validation
1264777ab4152cf48b4bdadbb2ffb612,1420,validation
e1764444147bb7794e0bbe932c2990ae,72910,validation
951d19a8b4b218031c4b05389cf4919f,30353202,validation
fd403558f31306f3d15b51a09e6036ae,13105527,validation
2c0643c54a0c28df5b564c6294df6086,1420,validation
52910d23e2de7124283760900a9a5bf2,329519,validation
ba8b63e25219a15ebd88743b730b9b49,13105527,validation
122f25e8d898afba57b2605e3e427852,97409,validation
a272e2bb951bc2f7108a7d70623b3171,6364068,validation
83e34362b9be77d26fdcfcd5a840ea38,32468495,validation
aa126b36b0a842c9a1a8ba8fa5548ee5,32332600,validation
374f4652cb3fe2165550a3f4ec99bfb4,30076808,validation
0a20b6aad761a204aaa46e0f09579101,20483085,validation
19270b5e6b058745feeed54eccfe8400,33802213,validation
0fa87ac2a1544d24552258de4d6f236e,11954508,validation
4fe02d23ebd60f405aafce6c2ed0be29,1715,validation
26ee552ce92e9684a46f6754636efde7,34335011,validation
2733b0e8144f4a959f6cccbee2eedeb8,1420,validation
c5a39c0b8012417180a4ad220afe709c,1715,validation
0854fa253e1058ef4f0c91107c633dd5,47734,validation
d626ddc50481b7c7e42a1b8ad7784659,23705600,validation
a0f78f9021ce9df3c80b9d1b2c390831,6656,validation
42c232626f5ac3b25686fbc416fd3467,329519,validation
d7fdead32d558628fe70ff58e5a6fb0b,18288210,validation
70fbe5157233cc38ad72d999244c418c,2696,validation
0ec745085e6906337913a2c58e7463be,7928877,validation
ab8b0b63b20a3567506b9c1c98959edb,108171,validation
613c8196f1e5fea209329644008efff8,18288210,validation
d35cda3024eae2ec72656d34469f8785,13105527,validation
69270756f2fedebe24e09863aa93b25c,519112,validation
ee31fff1bfa466ceb7395fd4dfb89e80,71642,validation
1985baded3be22f7a2d7232b06544b07,765172,validation
a91459bb0a5bfe7d789dd83ed7c002a8,6364068,validation
e180999e48680a03b3f9002d060808bb,71642,validation
6d915d4b156298ac27dfb6ff8a1a57f1,26114310,validation
5bc879b6f54e5b640106be237b924f14,6364068,validation
2e8c152552279d08296f915c555a232f,72910,validation
1e53f521473dd078ef34a4a6fd0f0ef3,13105527,validation
242c29ec37c715ba9030766a4c07b6f4,11142955,validation
59512b80a2731c12edfe862aae30f571,6364068,validation
f11a6f96f25c4d382a0d5ad921182fa9,20483085,validation
0c9d3f8349218e7715b3af3ff2d76c0b,150238,validation
5da8f0ee5e12d63e4a7b1b1fbb33c930,765172,validation
124453da288d853781a217d2abbf6d62,765172,validation
bbd44974dfd20bb65f8d406d9773fb23,38504,validation
0477b5f232b03eb2987cdad2843b745d,1420,validation
3856174dcaca0cce22fd7e62263a8298,71642,validation
339a3d7b3430d1c20a6271f66902ea5a,32468495,validation
53020377d6b0473cc638bec79d308e3c,1420,validation
1e721226d15af4ba0736f0670d10260d,20821097,validation
220f5e2f7168b5f0ef91b8a24f21f241,519112,validation
39bed878bd7625c784ceebd3191f1a39,47734,validation
5213ce903df0971c078aa9e29fdb4f2b,1420,validation
3697bddd0676960127a68c002aed29c6,6364068,validation
41d3a72f326ecd80cbdc4652c4d113db,30317423,validation
8823576162f2ba6882a28a693cac78b3,1715,validation
10731fe9f160e4d0a8c892a1d299cf66,178911,validation
e97084ae03eb37165be660bae260275d,20483085,validation
37f981c184532f96bcff4fae302e894a,53022,validation
59787e8626ffbfb113b7f23ae1e97bc3,38154,validation
71f710d71247d2dbab93a52c324bc8ab,6656,validation
461be3e1852267866a2b59a9b5911399,30076808,validation
fa578949b07bd1d765cf4fb154206494,2696,validation
cc6c18fa6d8f4d856f9902a216f49a94,6656,validation
ee66622afe57d5c97f3af2d10c871140,13105527,validation
bf76c47205c515f0afc21ae9af246ea8,1420,validation
2bce3e4053dbbb66eafcdb71d124572d,20483085,validation
9b322742d46af8f8349c5baf7c002096,1420,validation
03ef4ce23c1347ff98d02e18ab09ea3f,519112,validation
813c196e437d66dbb6261ddaf30146cc,26114310,validation
03e08e4c2f06c1eed176e686e64ca0a0,42038,validation
9f4484f44b9b31a16bc0beb987c939c7,71642,validation
4d8cb485b332670d50b4b18ef69d07c6,2696,validation
7bc5edd4cf24bd9c3ce6f9fb3c3283cc,30076808,validation
6b51428a92641193af5562092fa03790,24874348,validation
602480ee7109c81650641ebc3ed30a7d,24874343,validation
9c0338b787f1209f7294e0faa9ff67ce,7928877,validation
14df365a1c930df1063df24b4ad61b23,6656,validation
173127316e89d5135a8d30a15676e985,23841432,validation
559b9a1f55d4d02e928c382b5609ec35,1420,validation
391b43715294a727ed08d1e3a1c9f234,1420,validation
4bdba744f306166624de684f628482bc,97409,validation
6653827d99a73bc97f191e15f59959cf,42038,validation
e6783482f9a699f4ae2bd97da72f67bb,1420,validation
958e3cca040adba77661b495bbf062e6,1420,validation
c09aa4928b82a286b1d4227f44d41417,108171,validation
1117740ba47c2b674dd72f4e8ef12787,6656,validation
fcc8f8a9cfa4238e8375a1e9d9b1158b,1715,validation
5afc23eaffe0ec22d19ed5aa0136d492,38154,validation
b57cc1ee2d7420944d00e2a88f0c5bf6,108171,validation
f646a8faacfa602ad3fe7d546f605758,1420,validation
7e8fb1ad7e403b54b41f857275d6d6da,765172,validation
d0233d230c40d7c572a3400701e6d021,18288210,validation
def56e6071bb7ecd4d2d731a5cda5dbb,13105527,validation
62cff772c0074b09763761dbb8c15eb3,20821097,validation
465c42f721e6faca10d0d2b79cbb6f51,2696,validation
504de271e0748ddd2ed5bd1cdaebaea1,1420,validation
328fd4bc2fef4e3f70c9a9ed3ed16efc,178911,validation
8eb524df1bb1bce234808f550ec9153b,53022,validation
8ef6612f8a361753e1f970a8b8322354,6655,validation
7027f78923541ed0f519bdd76991bff2,2696,validation
0b7df0849f95d2a5f4990834e117c7b6,1420,validation
430a62cb48107b1eb7075cbf80a325d3,2696,validation
2253fd49d749bbfe79c3f2d6f5ca81ca,1420,validation
cd8e190042cdccdd6ebf6f8bb94bb8f3,15647,validation
fde71059b45b55bb163f9ad3f2309f7f,30630152,validation
0873cec1af0b599359b46a45b957ec2b,13105527,validation
7c69f71c94db80eb10fa1f53f31b6aad,25384844,validation
6896d05184324564ce3f54820cfe5ac4,1715,validation
23bcf16b91c7e1a33020078aba56fd5f,1420,validation
f845333b19c8e499f3d5b0c634e70105,2696,validation
9ba2bdf09545c8e4bd06106d58225afd,1420,validation
6c1b14fceb644335e2e8f0837fb8bd16,2696,validation
7c552367469110d3c9307f3dd2536b2b,97409,validation
d79ba3a805be77289046c7520c6bc636,30630152,validation
81a3386756f8a26955fb5c0de5fd28ba,20483085,validation
8aa0a98eda381d8498f187da9a6e64e5,20821097,validation
e108777a79249cf0e9ead9e2482293fc,20483085,validation
fd3dccdd083942a972d5b3fcf8eca592,38504,validation
67d34c092b5302949582787a6266afea,30630152,validation
d1036b2939f65b067a0a824ca0ee8409,1715,validation
79af0dee07a053a6bfabd96a024a9040,519112,validation
ff117823f8c1bd0116344602e39e9078,19155,validation
967d9e8df2b3c2008a1f85a50742067a,33802213,validation
f53151092c4a5ab9b72a7e55ef4adfca,13105527,validation
fd041a2c9ed95566d8d7d6cab3445a7b,1420,validation
3c008e8ab1b1f3fd1f62ca1d2e2f95bb,20821097,validation
071cc9936e5cb32ac39396de433c855e,6364068,validation
d2ccd19e6a05152da6be9b014492e815,38504,validation
97e8fc5a1715ca90ef0d29f4c5fd507c,97409,validation
cc8eb5724017bf1956a3ee043f05305a,72910,validation
bc4b32d9b370ea20735b4101d76c990d,72910,validation
7a536833090ef6c0b981204686f620c4,23841432,validation
1ba259b8b700872d4bf48bb607e8c0e7,676,validation
6be081d58f712222477031485b76ffa0,26114310,validation
59f2c859f271b4a3a3fa2e6c9c90734a,7928877,validation
42b4d50629245533a8178670e3cd2de5,42038,validation
63413dc0632fa1384f2be271acfa5ce6,30353202,validation
d0df86f3b8275eb77bc0981cd4b62f50,1420,validation
581a1957021b5c00a444476cbc5f24d3,23841432,validation
8b2ab33562b6aa7953c81343f93b8007,82357,validation
c40d279f0e145a8499df6780183bbe92,6656,validation
f008234c6f4abbc30e3cd2ad556db4eb,2696,validation
1c506b87ba6dfb4aaccfd0863e2359e8,1715,validation
568f2a1b48ca70e45117e9709aae8065,765172,validation
d3235b80390a7429b7f4b626cb3af157,1715,validation
9cd7318ecc7481f74e1f7b3f0ab26302,108171,validation
9ef921abb32b5d5bd65bee21e0f232b5,53022,validation
183b893be3081153b6459517810aae53,108171,validation
7ff73270e0dfec3e8143d08041626c18,29605369,validation
c577b8f363279df621f36fec256702c7,24874348,validation
d98150a7e6657c496f86b87a2399f064,6655,validation
4ad1d31073e5cb20d295cbec19edc680,13105527,validation
c011596004064da184a5ec92363a4338,13105527,validation
f5524ea16350b02361ab43f9677d1a8c,42038,validation
13f6bf3f7f27f9dc152e47a5c841e9b5,38154,validation
4ee43de9b56fc6d7ea825b72abb062c1,150238,validation
b782a372e6795f461faef290d00047f0,1420,validation
70b6e278560e1b8c15f6b02cac2d26b1,23841432,validation
76f1762f29f7aa8b68b031cd40106bf4,30317423,validation
af62077e276e96bf2ba334928808dad9,20821097,validation
b621915401af65b716478dec1515d275,6656,validation
c0ce66a534897e9b2c2511ac9b232ca0,1715,validation
2cf2f25d811b981a54af0707d91a6efc,18288210,validation
af53e348afdcc700b035d344e198c306,32468495,validation
f35d9b74c4351587c97f3a1af1d4cea4,6656,validation
bcde8dbf73660a6c4ea14a1fa90accf8,11142955,validation
7ddd423dd0694f16191b86cef3276dca,2696,validation
62efc8395d1c8695ce33cac6bd6dd3f2,6364068,validation
e4836831bc87858ab9f147d293ab4f58,23705600,validation
723253ff0419554ae0cac8c1045d0d7d,82357,validation
9eb8812da6038cb3fa19d76c236de885,6656,validation
e0fc30cb73e099c01b3e1500931ea343,2696,validation
c2e10b1373b9a4e763e5aa88bc2ecf30,6656,validation
f62d87837e180eb2a9464ff7aa8fb3c6,1420,validation
8c2a33faea42eb7f889c46e456ae8fa0,6656,validation
d027165b63a69ffdd1753e4714d9c03f,13105527,validation
4dd8c2954d544206a0d1448b2b296bee,30076808,validation
000239ac764ca3a25d8ec5be833a847e,1420,validation
0860adadf9d6afbceb2c4809cb70fdac,15647,validation
a6cb5564a22c955ed26cc48945b04f39,53022,validation
2924efd02c61a3b457a6bea8ba9f8d37,20821097,validation
69cbd7da90ef433ff5285e844fea3766,25384844,validation
a93b05ca22ad81a3c997c3b92ee3dcad,29464624,validation
a27d57e909b263e49c636784f4695b45,34335011,validation
9e3584072d335ceb132b0b66e8c45c3b,33802213,validation
90e55696bd0af9a4e9cb9c3f60d06baf,2696,validation
a27ee87557e51ca701ea4ea230f82c96,18288210,validation
db3dbf5a7ddf99d0f08f524127386e4a,1420,validation
ff32d44d6d5935ba0866bdf0c35d6141,2696,validation
2f6bce54b7f58b4273cd86765bad4069,71642,validation
ee9b29067260fd60842a3c85fc55294f,400869,validation
cee10f95d96277a30ea9ab7efee11d85,676,validation
f0e4124587cd7d48ffce274f38e10078,6656,validation
4e4681f974c5a17d7b2726359a4d2cb8,2696,validation
61b58e1bd93888b658f680cb47eb349f,6656,validation
12966c1244f1b57a8fa3668f25e52ea5,38504,validation
c0fc81128a373903920c534d37538265,71642,validation
5c7050408e59d11b2d68f56cc118b2d4,18288210,validation
9e668f02f2589ed286c63c4f6a1877e5,1420,validation
bdf87ae365ffad6334764de0b89b141a,13105527,validation
0a651b589bb026edba364aa7901016a5,19155,validation
61674ee5ee2c43dced7196f7b6f8e943,6656,validation
2b5ce09c594aece7e5cf4436140c522b,519112,validation
d206ba8a65f9eda5317bbf819f1c1fd0,15647,validation
571c3e5e86500820b2312f5803412c1e,26114310,validation
f2da08b48c7d9d6b09a483b11225ed1b,23705600,validation
efaf9366ededdd68a97f5eb2d1989fdb,6364068,validation
71c66855aa5a40bca4bbd85677fcb394,19155,validation
75b6fb1889d984b10b0eb08b2ec40d3b,13105527,validation
d2d71d8d6313224b2d1966cbde287576,13105527,validation
c4596b5dcb6d3ef4280174bfd73d6032,23841432,validation
f25e0959b7d1c36efacc52e86c7b1e4e,13105527,validation
f69e1bcd60565ffbc8478f6dd288f618,63113,validation
27e636d23ec02aa2c40ef4f60be46d98,519112,validation
5c75bb4526dfbf83ac419cf8e24de004,1420,validation
e9bb9044fbbd31b13dfb62eb5f571cb4,519112,validation
7d2bce4467d13a7b21a3a885f881933c,6655,validation
7c0f3354f3f7c75dcca983315f8fae34,1420,validation
acc827c2cac8a3b4541b0c2daefc33be,32468495,validation
5a619248f96943bd7048f390c6d4dcc7,20821097,validation
d18ad9f9e8401699c394fac99a957c00,18288210,validation
395e6966ef8ae397e58a04efc52cbd06,1420,validation
22434b035439d011c935864b1d2e043d,1420,validation
dac0605f645c44962ad01c7f8fe843ce,23705600,validation
f35c4a707dddb1683547bd842fd3df46,32332600,validation
e87fba8029ee3b04f465cfc2689e73d3,29464624,validation
34735a8cc5a72a5c463b853be583a237,20405520,validation
a469a03d619ff5e5e2c62199fbde2059,38504,validation
7c03e81cf0e55ae7e293570f362fb69c,38504,validation
dc6d54f9bd803d0a2c5d3d7a885abacb,30353202,validation
9290b6ae14a75692e5df6d754c3389aa,71642,validation
8df16878e3dcc2272636542eeef71c29,1420,validation
a2783aa18f25dd39dde40f77d8ec998e,20483085,validation
d86c5b8ffdfbed660808c68a937c4a3f,2696,validation
fbdb20641796c0b1a40ce66246a1596e,1420,validation
62c4efd9825398aac6d84d0410098add,765172,validation
67c755355314d680516d9b1769b85dba,34623632,validation
38e2d2e9d616e910826bb745597e654d,24874348,validation
d0380212c39637a82f022dcf71fafb88,6656,validation
d837b9928dd36df397257cfef94ddf36,18288210,validation
283dce0c59032240045955c7010d2909,1420,validation
08c4357b1bcfe070c0786b57cc6683b5,20483085,validation
e0272c425e45b58a0f5df183d7ae6e9a,13105527,validation
b157b2f43feffcc3e8e989e784396dbe,108171,validation
b0629514f6de025230b390490ef6e578,72910,validation
b15b7ef66ffcb662c7e9d06fa83c5a8f,1420,validation
e5c62ab91af7721e55960a68867ec6f0,765172,validation
9073b8833279efb13e89af2d593ae5f8,18288210,validation
d91af43af28eb43055defaf2612bcacb,7928877,validation
f89d5716c567cffec0e4848e93f17978,1420,validation
0150dbdfdbaf3e8bbe6e2e4cabe4a748,6656,validation
5553aaf2cd9e012d1d67cb9d5d92a245,82357,validation
5f69fae54219c59962ae8b5c7f25c9d5,30630152,validation
b31b3f4b07a74aa99ebea220415bbd67,400869,validation
248dcc504792f863974b87b22c493a45,38154,validation
3c2ead6680f313e5655555002aa801d0,63113,validation
67282eea642c6339791650c75d1e83d6,38504,validation
7d90b6fe62b6eeaff8c3a5ecd778561f,38154,validation
3cb8baaa42f227682234e0e5b0f004ea,19155,validation
a62ef5ca6fe158697341a0fc08c28fbd,34623632,validation
3537a5971b6001e669729056f444a938,33802213,validation
a52dbb58edc2952d1bae52d07f1b470e,20483085,validation
83903395f6f5466abc50f0eca09368fa,19155,validation
2e1a94d87d00cf135c86da0f5ab5391a,6656,validation
e1218b49df265986ee3e18d3e27c4448,1420,validation
897c88efbe8578e783b301c9fe548167,6364068,validation
594519fbe83cbac2ca7428a463f43ec4,1420,validation
0d9fc6b04be6b26b5054041a4a0e68fb,676,validation
3ecf7bba937a10c15a548467bab582e6,18288210,validation
ba32f7e901c065a7b6c3ec386fd48082,13105527,validation
23d5a5b762202eb9b2dba9906415777e,1715,validation
56cb2fb9202322f029ca5d899d68327b,765172,validation
1c8da2626e8672df743261b66162bb54,2696,validation
52ae88f3d2fa0fe3f4f7c1ab3bbc3810,30076808,validation
ffb7729a2da3ad14dc8065fa91a93589,13105527,validation
93b5ecc638081d1b29b208d684229cfa,765172,validation
5481e39c2b20af6acde182670347db0e,25384844,validation
6bcfa80c8ce896311e1051d1abe04184,20483085,validation
42035ea21dacd13d27f778769fe940c8,178911,validation
a2d1cb9726efb09649446203f5e934e1,34335011,validation
3cfd8c3feede2e0de76acd2abcfd0ec8,20483085,validation
fa2cb8c751c54bc7ea03181ff6ad7ea3,33984037,validation
40d0cb67211ca5be7e06f2f4f64bc6eb,30115970,validation
bb66b8fce230c26ea7d5f5daab7195e7,28932354,validation
3695bd2f30cf68bf7fece66b259ff4a4,24874348,validation
1b4da28d2c2fee6d1ce36b3acacbdcc8,1715,validation
7679c4f921576f4cdb9e94407d4c8ac4,24874343,validation
1065ce0d5c14b86d41ae345f5e8d90ed,1420,validation
d99b9fd9cbf23ee96ab8d4634d68aeab,1420,validation
08520aad2489952d1f134a677024031d,178911,validation
3c5b426034cfc0f9ec51463678fcb26f,20483085,validation
44fc4017e914017bf5b3d7dd670ddcd3,519112,validation
57b9a72cd197e52ea1af639ea013f8a4,1715,validation
4d13a4fcf2608185dd921dab006b287b,752712,validation
97234f8bfe9ba7374e848e78e3e83187,19155,validation
cf5bf8fa297b403ca23a351d9f056b25,28159939,validation
50665a506055efd23553c30742958de7,28159939,validation
65a2f1a21e9d2c63f0fc014f6c3e0803,765172,validation
da161fb6643fcea2729ba8bfd07d6bda,15647,validation
e112a15f24269d426ca350e6411d6414,30076808,validation
1ad45623f94c70441164a68493a2ce5e,2696,validation
35a64f50258122a9bd67d1d8ed7bcc74,676,validation
e06d5a4242e81dd63fb07732948e1057,6656,validation
5c91eae5d8c7a43149fc309c4864ae9c,6364068,validation
92b7d48ca0228cf2d999c5b1b9a6c65a,329519,validation
4a299557e7bf0f8d968d8cddd7ac404e,28159939,validation
001381da9d8ab876c64329d166c4db43,519112,validation
122ac1e19a975ccd4e41b454fef08a32,20483085,validation
c8faf52cb263e208a05d26317032671d,23705600,validation
12ff0a378994b7819477be2c2c576607,38504,validation
a90ba55ba2179e845bba724eafd93ceb,519112,validation
1656a67b221e697f1a9227bcb111b056,676,validation
7d22d20eeea0259d3b4866220f6cc1d6,765172,validation
18af47ee737fb4b10b6cca08dc4d6ded,38504,validation
f97148d659ba1e2b977d96c3c7a59981,2696,validation
9b4002c17cf559a7385a17a81264c74c,13105527,validation
824a4fd0ddd024a20938aedc6dada1a9,47734,validation
8d69b8ea3b6bfea08c287f963c423540,24874348,validation
49b85fd3978c965b609aadbb9f333e82,18288210,validation
83f63a3b384e0d9891c373eecd098aaf,25384844,validation
20fb87db2957fb3b0dccec47c2ab061c,23705600,validation
6c745974781c921247a645750c87d51f,32332600,validation
37bada4c202c6fecd8d0f1cf82089dd8,28159939,validation
3f485071d5242faea3987f315d7110da,20483085,validation
350d93e0f1fa7eab22018fc5050af9bc,24874348,validation
3cd7fbfb6f4efd25170b222f1b4df442,1420,validation
88b5a131bacf8d615e6304d88f8be40f,23705600,validation
413365d2905cbf8256f70289daa5b374,47734,validation
d0705bcd3529d7a5c6af94074fa7d0a2,1420,validation
82399e567505787cc701dccd84481b2a,53022,validation
1c83f2c47afb1118e3424ebc9a76290c,42038,validation
08ba0fb287b277af0916f2c0d5afffc2,1420,validation
b27c1fdb5ab8efa47b065eb2bdcd6153,18288210,validation
d83525282e3260e56f697891a7e6ab30,178911,validation
a4156a3d52aa49824c51a9b1cf14024d,20483085,validation
d186b7bfbb2dbd0dcf1281eda4146390,30076808,validation
59899a1d4168bdaca00a91a3302bd68e,23705600,validation
8056e31ede4b714bae11311d567427f6,18288210,validation
1111a9c604ff6c0dd86a3ed0c59228e9,1420,validation
ed92709518f8bfe4d5871a47d3ce56df,30076808,validation
2f090e8b6e500e221b5a7888de22aeb3,1420,validation
d0372af91b52d20cb83f48a2c616fef1,42038,validation
5733b4da85ee55844530dc69b528af9a,765172,validation
fb144c406d45b7a4947da942c3f3ed06,13105527,validation
4740ca0f3a7e633876809d6812802999,1420,validation
504a4029c00d0447ee7bcde93c32c7d1,23705600,validation
8a2ab2adfddde528b9aceacc8cbda21c,6364068,validation
69b10167e10b356347340c2430f335b4,20483085,validation
36d3948500bb26927219fa1675caaf40,30076808,validation
a890664671a7f37e60f683130bda2f43,72910,validation
29aa4909b81e05f1f99f2ab9215049c4,32332600,validation
69c8163d4e8ced78c3a505c2bc026a4a,24874343,validation
03629258ab458c91779d21caddfe2c1e,24874348,validation
77a179d88a3f2c6780f33b42ee712b43,1420,validation
508692cbd5d2e7503fd59ea6dd89d4a7,692842,validation
83b939345b49f9b97649e0b3b1d60d19,676,validation
320cb299edf32b24a206a96713bfb722,28932354,validation
3a1a707489d1fecc6f61f837587e3396,23841432,validation
644ccf22fdaad979ed107693a160fb87,23705600,validation
67ba0777d41355518bd5a0782f66488f,1420,validation
e66ee43afe85c6a25eea9aa0fb4004d8,24874348,validation
f1de02456e6f6acc49197e0576455141,7928877,validation
46cb9342103a9898160521331e4ad15d,33984037,validation
ebc046b2cafc1cbb32944a32308469e9,765172,validation
cfc2ee5f23e7e61c7b88a484221946ca,676,validation
086081eb43ab62bd6054c1eea0e0eefe,1420,validation
f4165c304d931c0ffed023da3290398c,6364068,validation
5823a220b5dcf635dc06b32593c5ce9f,1420,validation
0254ea2188a6568b5455586f48d8102e,53022,validation
c5d07b65a301171e4f79d80f6c797dd3,6364068,validation
2ea3627000e63113ecb816f274075795,519112,validation
3bd9bfc7d70588bce99c1ee40d071d29,72910,validation
e52a524c9e003b6ea54295c83936dead,676,validation
3dfc2e307e852181d53d4343db908251,30630152,validation
031f57ebb123f5c0a7c1d24ed8b745b8,30076808,validation
17dd390dd5c9973904bdf9caedfc864a,32468495,validation
ee2c3b8011584ce1a74de35744f2b2eb,2696,validation
80c5aaf7f133c6a041225168bb90105b,30630152,validation
d4fe65f73c0725075f05fabbc52789e2,20821097,validation
cf06091b648dd27db12469bff1917548,20821097,validation
288dd0410eadbb39b010c1eae6c5812a,32468495,validation
3f330b8c82689c64a05640eb2c2ad964,20483085,validation
4e2bb441cae5731bde0de5803fc13cfa,1420,validation
7a77bfa58fcd6926145dbe2d34a0765d,18288210,validation
58a086a8e54a09a2b3881762e37cc19d,83185,validation
8d4cdf32da56e0703caa4228c4f03763,1420,validation
db97a298592eb122e376a4d4f6b9e7a1,13105527,validation
a12ff403055ec6f7bd1a3e332c7cf7bf,47734,validation
21b37a70ce818bb8d0d7e5492cc75f74,30076808,validation
b11609df74503dea61d13e3fd1afeb76,1715,validation
9e7f70f4b33bb4f3b20898468b5f3133,32200574,validation
4c4962605845edb2b693a1c5af60f3be,1420,validation
c63143edd77ed45484269239ee218303,30076808,validation
3363fd7dc2331527e2283fb9d779a63a,13105527,validation
a8dc4664e903fd23e390d011bbfe4b25,97409,validation
13c3e5ead4a0d271a85f5570799aea43,20483085,validation
6ed82ec0ffbddb5a9fea79f4c6a7ea24,519112,validation
359affb84515d0b928517e424a5e4454,25384844,validation
261285b6d9f188c53b5caf594b46bbd4,1420,validation
e21bc082de8229e5eaf00132e3ab63a7,108171,validation
4ed2375290060bf0c2487b0f55c17ae9,30076808,validation
a0b75211e3e2ec7b7f297d5db8cc4d58,32468495,validation
78f5a16d689869be19e05f2386fc671b,1420,validation
9d76a52bb710fe8536849963f7a80dc6,26114310,validation
eb3c72b32d4db5c7813235101e1ff10e,24874348,validation
b87ee68257ffd749877d70c64baa35b4,97409,validation
5e7ef862f625be1b6a882bcf9f5f8448,6656,validation
7deaac3619c28e77b0a58d4b10c3000e,53022,validation
f05c4889e5ba1d55d8c72e404d1b2160,30076808,validation
db077233f5d886894487f14ce637fd54,1420,validation
83284dc0ac40ccb305c4283e812672c4,71642,validation
5f6bd5d262cd5b0c09b5dd9c5744d94e,30630152,validation
85383a2e99d62f6d90731f19b30cb2e4,33984037,validation
245f9641cd59d220708621b8959b779c,18288210,validation
a076b310fd8a460553e11af8eb24fb8c,6656,validation
1f0305896fb4026409f32dbf10e7c88e,34335011,validation
54e0f05e5a1b138d72349c278c54daf2,2696,validation
19535a9303cffcd3d82d2275efcf659a,19155,validation
dc77fc8d9d2879d07dbaa1f6f2322dab,765172,validation
3661f839a53a255b95eab47fcb818aa0,676,validation
02044fc0e7c8c5edf103d05644e39dbc,53022,validation
74aa38679a23e7cd3a4993d409d9ab28,20483085,validation
868a0576030fc57013b2c4bfae5bae2f,13105527,validation
dbb90fdacdd3c984c36e7267738d4365,13105527,validation
95a4e54b68c44ea62f623e35dcd5c0b3,6364068,validation
bed928edb1b8d6c93c6c079dd2f23095,1420,validation
50bb8053f6729daf444bba9579afc3cd,71642,validation
8f06a75a3ec202991e18c98e888c9922,6364068,validation
1bcdbaf8c57802e9cd6687e5a764ebee,30076808,validation
c1239c227f108534524a360bb44def8f,30317423,validation
ca9450240ccce4abb123f85b0c45fda7,30630152,validation
4a6e3f2803db74f8bfa414c76d73d3d8,2696,validation
6abe56ce34ee1a07d4d3506ba8f2e043,1420,validation
b91c363a34800f1759784d05caf42751,18288210,validation
ad14abcd0ad9a4a824acde2d2fc656d4,1420,validation
aaa55ecd47a79fe9fd4f52b1a6b778d4,20483085,validation
b5f9dfa362c3697bf88c2bfc538d1af2,28159939,validation
4c2ec274972264da913a4a668a92bded,18288210,validation
45b754db7c90eb4837eda087ba95a2b0,13105527,validation
fc8de9967ca94f62301dcb7e12900473,20821097,validation
caaddaf577e2fae60ddbcecadbea6e5d,6656,validation
14b5c80ed431bd2ce03a9a355cdcc861,18288210,validation
bd3681be76f0bd8674ea204e29aa4b40,1420,validation
f7f3e34e81b43e054a51898c9e7a2ddb,519112,validation
8f68fdba38faed35aa31f833449658d3,29429950,validation
e261c3dc9c1c922cde293c633d8799f5,34623632,validation
a565853724cad2e74fc170ace12f478b,765172,validation
f15e924727d29690a0fa1004a2389638,20821097,validation
efc915bdd140a9f3f8f0c071a5b92676,24874348,validation
048f72ee2fba00fec21535530444f4ea,97409,validation
ecdba52df4ba75de8df9b703a3fa79d3,32468495,validation
d8c4b88570f21002e22700ffe85e9509,178911,validation
b623bd04272256533849dc7e67971cae,178911,validation
043e0b08f578f848f0be1b426e351a4d,519112,validation
b967f4bbc8a6a88cf6f225db93ee882a,42038,validation
4d2818dbfce8592fd978a4b4c36c1979,28159939,validation
dd11a3c1925206bb9994d26f7b5043fb,30076808,validation
1b45845345455a53102cc80fe4369a57,519112,validation
2a63698ea0d4b37ab007bfd7f7db4b5f,28159939,validation
9e7a13433bb962743058bb39c10a196b,20821097,validation
fec807b534c57876629d1a5a7a89451f,18288210,validation
24ea11b2b435c5a19b2cbf4155dca1b6,1420,validation
d390ac908ba25b35ee113757b1ab01e2,30076808,validation
2cb2f0b5f26d51ce54bab8b10cba1c8f,38154,validation
bd457b67079d0d8ef6617bf653c0a894,13105527,validation
834b25de6eb94d13e1d3ce7a90a69fe7,20483085,validation
96b7e761538fe208f7ead015da3897c1,20821097,validation
127b46a8d52023cbdd921595b116fe45,30076808,validation
2f1525a2e55b923fb485a470af4920c9,765172,validation
edb39dd2f619bb79707c9025f92666ff,18288210,validation
6b74b1d0c5f3210de19a4ea68847ee89,1420,validation
02df7bb93fd49f7dc54b6a7b4473b1f2,30630152,validation
9a1f9c6f899be1a884381e0b8aeba04e,18288210,validation
3901fd7f44c70b6a00d402f4fb8fe3f6,20821097,validation
1cc2b774949c99fdac797d899abf0501,2696,validation
78fddaef7f162e47283400583fbeeafa,1715,validation
a44a3752dc2fbba07bf7b6022e39dbd7,20483085,validation
680f6f8aeaadd8794efc4bb764f9880e,2696,validation
4263210a93063104ab5ac4c5a914f5c1,1420,validation
4082cb1702d19d6db9a382259b2dca99,20821097,validation
a8fd3ffdb7779bf79a23f75d5640195b,25384844,validation
ab37c549ad9c62168cee240f52023185,30630152,validation
90637ae9285125a59082b852b1e15cb7,25384844,validation
0a9ab93c53d992342465c24ac2a7fc4d,20483085,validation
2cc091c8e536d0796201dd0cfb0c804d,29464624,validation
cd5368cb96ac9690e9ae87a69eef75a6,20483085,validation
6591891f9efe704fa5ef20fa45939d89,23841432,validation
a4c3236c1f1b1aa4c2236376e26709b9,20821097,validation
2f5e6fa409212f1df3cb5174298d4b4a,1420,validation
93ee8a16d83c901c7bf870c3a5ad3d0c,6364068,validation
92adbcf69511e18a75c34da01677cc60,1420,validation
0250256482d8d2f5a24b99768f219d97,30267607,validation
f0bc1f193a41a880694a1c668bfab4ea,519112,validation
7af41419795775c6126a4d25515457b0,2696,validation
4189683cd259d9a8d4a905abfa8bb352,71642,validation
d014352063c9897216329321cd5bd662,30076808,validation
39af9517c756048eecccd433de9d7446,765172,validation
8524a70c97dc7d20601f5bc8663fc376,6656,validation
0e5ace2199e07945ec0ee7ce2e51e344,1715,validation
50fce1a92b871d24a6b7cf24541df5e9,6656,validation
32e7f22fda05fcfbc7f36fed2e510ab1,2696,validation
7d46091e33168bf918da267071dd4788,7928877,validation
5d14a9b8693504a77de3faaf59fba3d1,6656,validation
538e6510231971d8fa646406a5328923,13105527,validation
7009ca7da44fb0af73615ffac9fa3474,30630152,validation
47b5eaf089c18b7575ff9f11e069ee73,30076808,validation
2d38b2e07f0d24012474aefc0e81f093,33984037,validation
641680c0348a0ed7fbc6a3fa769d1bdc,28932354,validation
ee74ad52033e15792500c161f385043f,2696,validation
bb12029971ca8b6010bc11fc926b438a,1420,validation
b79ae024f81b3beae9cb532f59938c16,108171,validation
f9c7f1342398f3152727a1e7f6655655,6364068,validation
b67799ab8f272c23817731414dedcabe,1420,validation
19dc67f893cab3120757470209a4154a,25384844,validation
b5f4f515d842a6c5fbbb33afaced3211,148155,validation
5361845ee7a05ae9969f79547fa2f688,97409,validation
38ec2a80e6d9a7f0f7f076f2445cfa13,2696,validation
fc5d6ec7d209c7fe1e7176e5d01c7b0b,1420,validation
50dad6c2196aca32ecea64d0a9bc6f41,23841432,validation
0cb8ab7aa2082c345e8ab0a635155630,71642,validation
6ebe97b160cd3c0e988134035851d8f6,6364068,validation
74e5618e28273c861c796ce556ad7e11,1420,validation
17b897c65c067635a9d85243c18e2c61,30115970,validation
80df2558c752840a194abb1e1fcdd544,20483085,validation
e2e421004b811778d6454a339d4e6820,71642,validation
6bfb9dc583fe9618139af84b26f63464,38504,validation
e7fed047a52baf66cf5eb089d2f43c19,519112,validation
5bf6c7b10968f23d9f276d533dfa983a,20483085,validation
08a4b3b53058b5cd641d1b3f5e2856a8,1420,validation
9a63bd6d1bf4b0f712e1735d166849ad,13105527,validation
40ce71bbf8af04948a7dcd21777a6049,1715,validation
a3cdf1ab6616d5649f938fe1f671fa4c,329519,validation
e12d1a7a4ee29a451f47a1d899f8f717,7928877,validation
d52330447d6b5d76305c03c36db55810,34335011,validation
b5d76f9f2ede45a8359d7235b9117b01,1420,validation
e58db6185ac7d31905bd8ae6fb5d9de3,30630152,validation
3fe45f8865df64ced817eefbf11b91f2,6656,validation
0c229f65c25a69383d6c1eae9033c0de,53022,validation
381e613014bbb6047f3a948a19f38676,28159939,validation
dd8f3e60bbf660d4aafa5f0b6b6f6c49,13105527,validation
4cddca9b31203e1000bb415335545afb,82357,validation
6723a5869cda8d34ec05590a45fea64b,47734,validation
789ffbe5a4a06931daa95c787f720b6e,30353202,validation
2799d9d173972fe5844a3694970eeb6a,30076808,validation
a8454bdbdff9ebe764ddcb5dfef291f6,33802213,validation
6d92d3b89852ad4c4cbdabc49a240732,1420,validation
c275823d31e2f21dff64c6bb6e1170b5,178911,validation
c8b3fb9ee97fc5a4c6ec4b21c384480f,1420,validation
888ea1dc9fce8cb3f1be9fe6c53d2060,38504,validation
4b4c1cbe99098d2d133de4139dff865b,30076808,validation
d68848dda32e72525fbfbbfe270c9e9d,34335011,validation
72fc76c7a25a9e994b9ec516252e8662,20821097,validation
54215e967fef6418931a3ede325206d0,2696,validation
60fa22eb1e41a298d7095250a14dd0db,34335011,validation
d0f58bc39e34b76f76fadff5860e6af9,30076808,validation
4507de702db45d1c1fab60c2e07d3a26,178911,validation
e37e3dcad94f324510f3328826c7ce38,24874348,validation
803f0e0427265e1fdd6e0d05f41713e4,20483085,validation
6df01e61188acf0b05502ad4d8b219c9,1420,validation
1393ddb94d34a1ac7cc9ca43aef544fb,1420,validation
83da9a00c4bb13c7b666057f81c4dcbe,2696,validation
7b47084f3ff2aa7c1a4a88da76af85b9,71642,validation
a07726fa235cbd450b71c4e62871be36,13105527,validation
1752b3e66b51336157a430cca9f4b6ff,7928877,validation
2d2b43e47d9cf592afe51aae4857695b,1420,validation
e01c894d63203cc60cb6e80933fdd6e8,42038,validation
c81db4eeedc5617920318b52aa9c0b34,329519,validation
60d1681338259cdd1db18a908b065613,1420,validation
d7eb76a51fc1b51bfa49c3ab071524bc,38504,validation
9dfca37a8b85b8c4ed900b17db266239,13105527,validation
03de623d9fee4de02a63aa8f214d3756,178911,validation
51c167d183978ce79b1a2cdb6c65d18f,6364068,validation
814b612602a11848c8f3cc1794d9c47f,13105527,validation
76aec3e8dbec9cfef13e327ab0ce8b8a,1420,validation
5dfb83af57293d042c3b8b6d19a1daad,20483085,validation
409d7270ea695dc6a9b6d1721a760e79,18288210,validation
54a0c8f116f45e7dcdefc60d5ecaa0b2,2696,validation
d24c5beb5f6968fe5d1ace67a29c0639,23705600,validation
a0df1dc5908199e6b5959c0a553d088f,7928877,validation
64c9eafa4ec641a26be281964f41b201,2696,validation
915ec577cac1960039a3a439a32fe32d,7928877,validation
6fca5f9b5a0da54b1a9b1dc8306bf314,18288210,validation
b6f8a60c56c7dddc0823fb552521a36f,1420,validation
76e09cea75d53f136d0e9b16c4b4b2e4,18288210,validation
889cbaf979ff46c9b31d3ca6cc016d13,53022,validation
27c8f7ef03d9a684912df2df6d8710d3,1420,validation
d338f096f5546984b4481420628ffe43,29429950,validation
ec95296f1d00b519edfbe0b7b24c309d,20483085,validation
d3cf54f3aee19d5f0bab3263eb881ea2,108171,validation
0288101d3c19ab9521d76d743b3b1d74,24874348,validation
c0fce02ee41e87eeb32cbf8169404ee9,13105527,validation
4a8b4eba57297f34949a155e27d56e8e,18288210,validation
923896f0895e11ebc9386b066bc2ec8b,1420,validation
0443fbf6d0d311c13e11e3437cfd725d,97409,validation
d4082d9eb309936ebd9d84309393599a,6364068,validation
84b0a2ef916f6076c4329b300d294aa6,32468495,validation
06577a72e09c7722d8fff85dcc6f1de9,1420,validation
7c0aa0ee0bfda439128afd3321c5774e,6656,validation
759b2cad907767fef134aacf1798b197,400869,validation
6e0925c9ea765f8bf7d9796a55be9e14,6656,validation
a8f2af72253c4d73024ea78e9f480757,25384844,validation
37e794cadd95869bda88ff68f3a30525,38504,validation
ac9750bcc065fe07f68ac4a8c64e5247,6655,validation
ec1b34a220cc7378b35085f7ed1ef817,18288210,validation
f1e3ed7346af08a634f684e11a378dfb,42038,validation
54c025cb2c92b3e4993ed4b6c458470b,329519,validation
f6622cec27f5e56d60ed80fcbdea5c1a,6656,validation
a59040b06e8aa23484544735b6326281,1420,validation
bce7bff19c9ca1fbf1e9f2ca6d4ad380,71642,validation
6d7eb09cdbd947d0e3bde922c5798bce,20483085,validation
8db7fc34ebfc0b40770200f93052d4bc,30630152,validation
130e87164c02d2441f33ffcc8e3730f1,23705600,validation
5da3512ea922f13fc9c5015cd2d7b5cf,1420,validation
52ae10b2bd3018a3e2fefc17cb7d537e,6364068,validation
be6dc54e1330d3a7210d0473953e0084,7928877,validation
4bac58590c95d4219155e1afc3b54df6,13105527,validation
b0569e8a37bff35879646673b9600606,34335011,validation
9562e9f2cbafe014815d7d22803fabb1,30076808,validation
a180e5890fed142e7e4595938c74cd38,2696,validation
10dfa4058a3909426717306e288d74d7,1715,validation
8a8dc884769ceb9ebfd1236038d91c45,148155,validation
2aaacc6b13830f692d04eaf0734b88f8,34335011,validation
1219ea7a80967868b6ed3b428a31ce91,20821097,validation
7d23aba0ac6617dbe498bec4c6be752a,178911,validation
1ae675542ac0d1efe9a32ee50a7cf310,23705600,validation
556ef834012a056efe4e08cdeca70adf,23705600,validation
2b5cba59f5284226bffc1d274cad57cd,30630152,validation
6914a54c28b91dc74840d5fbff8c00d3,47734,validation
656515aab6cfb4982f75c5589238dd1a,1420,validation
7155b7d927d959c406f11aa6915e9288,6656,validation
aea68d6791facb7bb01f66c3472e752c,6364068,validation
dc2a91747b31fe11a9073b05fd7daaa0,30076808,validation
9ad5ec3564463b13f6b3a0bf379512a6,30630152,validation
350784d400e135e5f5adbd8f0ffc37d1,30076808,validation
2a0c5bbf0904c672b901bb90353a7dd6,1420,validation
06c8970d626b05c7dcd7b39a71377521,28159939,validation
8f530c9dc01639969d3e94d31b32cce6,24874343,validation
a33a310f6daf170740cb737f7db385e3,24874348,validation
393ddf78f0644418d207ede7e58d4589,30076808,validation
b18f9fda30dcb77733e3c651a38c5acc,13105527,validation
b0204f460f1181f5605f03d0ae6c8c9f,2696,validation
0c6dcf302b4960fc848330b3aa37e296,6656,validation
f712f5981b529c82d60b41cf8019243f,24874343,validation
5b571826305c8f25ef1fa30ec5ca3626,30630152,validation
d69e1dc9e0c7b7e1a7cbf8067d6b1960,30076808,validation
4c1981480804181cd95652cc48e0ccb7,2696,validation
51fb19d228e39a4be68fd67bd121ace6,29429950,validation
d1b6828c14d2fc041df0e938b036bfdb,30267607,validation
612c0303d892ff8bd49e1b75b37c4ef3,20405520,validation
2dd605f1984e2eb0c401d31fb55eec36,11954508,validation
8c66254fe99b701539f8cb5ec6280035,30076808,validation
a71b11fbeb378b99ea0033e0200212ee,7824768,validation
986e8f1f0bd90e3240ddbaf9767d2c5c,30353202,validation
c97d1f0eae23dbf7e933e4b6ed99e744,30630152,validation
84bca26ad5ee8a575cbb5372c556fc52,676,validation
f5df8126d820d5790b359884d7fb12ef,18288210,validation
bc10a531a572b77fd0e74ad978d5c516,6656,validation
7b278ecedc4dcf22b42d813234df7583,18288210,validation
e6ef02b2cca7ccfca4a8930a87752ce4,6656,validation
226ecc825e90373118adfed599b9179d,24874348,validation
487c420559708063dcbbbfb8ccd7902e,24874343,validation
132686fd07f3dfd178dda7697b9f14ac,1420,validation
f23fadeb9f34e7684c0d8ca1706f144b,765172,validation
cf9041141acbe26537ceda447e7fab3d,20483085,validation
7496f496615442b12e367f11645b88b1,1420,validation
cd10fbe35c5215e8315051f6e9eab871,38504,validation
9b42cdb3004da3666329a77247f23c2b,23841432,validation
154a49b46c02c3ab7380cbc5ccc0ef7c,178911,validation
9c5c0809eb5ba08d66c3d5216f832a34,108171,validation
9679a5f77c5f01459a10c3f169700864,1420,validation
450e35acc90740cf3d395c6fed3d1d2b,71642,validation
e9c086f5010a10c841c9368ed23fb8bf,2696,validation
eead11e1276e481bf92f7213530839ce,20821097,validation
ad24cdd6fd96c6e99d640243f41231a4,18288210,validation
6e041ffa43db6431abfcde5b25887707,30317423,validation
56ce77291e03c2b049c370e513e8e56a,20483085,validation
ad08e7c2da322e742abf46c6d1c4337b,13105527,validation
dac5e1aee8e0a3340deb5ab34ece3dd1,108171,validation
1abf97d2c4833343c6e9cf1f3fc6a952,13105527,validation
7456192f52dd2b8d81a6e6cd5675eb5d,20483085,validation
3cb9484fb88ca8ab41b930e6be713908,400869,validation
ce0c66e585aaba94e259219816557572,1420,validation
a54890ac57e592361d37f5f2b06f5d9f,1715,validation
1d5a75994e9bca06394f328aee93b8b7,30076808,validation
089c19a5a03a11170bf0c82d8df38b52,30630152,validation
b217e62e6c87faca85ffd8718517163f,28159939,validation
42091b4c1c864e77a4c287e48f44d435,23705600,validation
bb2e30c0584dd9bf43d74584e4b04480,26114310,validation
3899df3d65a3536a10c2653709b97aec,18288210,validation
b83834d3cde65a2789d9e0f7fc5ffa91,178911,validation
7b18501894f35e3c8de6f276f7cfd831,20483085,validation
3d3d625bbd4d45376e30f9b16cfcddb0,32332600,validation
a0151b4a9bccf5b0c3dc53bfe99a870f,765172,validation
c443c68df3c8e39c38eb68ee1b5a2edb,13105527,validation
ba714f5ef6558cfdeddbd37e7879d7af,23705600,validation
dc37fe75c8fe9285cb96cdc7e73503f6,23705600,validation
da4a78eaff71f4f0c4b57421e456ab01,1420,validation
761b29710b7972dbe1956e2479c940bb,11142955,validation
55addbb22539327d356ff16943962176,108171,validation
d5d91043f89a04a72740e4feb5ccb1de,1420,validation
1d977e73b248d4227b04f3e74322fbe8,34335011,validation
04aed41e0e1a72ced3a28298d60d748d,13105527,validation
0b64d33b7cc6c6ef617b28be69782d27,71642,validation
1f30887437bd151c8fcc40305a6a0c78,23841432,validation
0dc73be0930b26c52ca858bc2cc68ad1,2696,validation
9d1511a6e36999a24d1195b679f79d45,2696,validation
657bb1aa2240281099631811eceea2d1,83185,validation
b083d9acc3002f114b5c00aa64943bdf,38154,validation
e4f70676f37a93d6fcde873b723c48b5,30630152,validation
691c4ce19d73f6b48d4e35a31024b152,30630152,validation
66ebeb101348c322c25cd0636f9b220f,30076808,validation
0dd974be3bc4406cc0d0e2fbba7a7616,18288210,validation
3bed94cd5336d9509a3d1be69c81007b,23841432,validation
36c05a27b4968dfefcb10824c2816edd,30630152,validation
e0d63fa1b14e76c3dd2cbbb698be5a84,32468495,validation
dffdd785643d78e450fad9bde38ca03b,18288210,validation
1d50000daf6feca0c06e86ad58e53a73,32468495,validation
b461fef73bfad5dcc511ff26d14498e5,157985,validation
51fd545b5ea6bd3f056357358b927750,24874348,validation
f41ce1cb9357eccfe6a5e97d42f6897e,20821097,validation
29c5549675e30873cd195765c3d751c8,20483085,validation
9f38918e7c77e5ca8a13e9a9415f8cdd,6656,validation
87bcbe7dc10e84ddecc2c1114fd4077b,30353202,validation
9cb2b13cc5fdd0c5bcf15fb673a7cf19,47734,validation
b52d9eff2c286300ea2bf1a898e0fbb0,6656,validation
48ed8710cb1c89c751741dd0c3eec896,178911,validation
d5e663ff2dd8b29e240ae78dd7f71800,20483085,validation
14d6927225f361e6b413b4e778142827,71642,validation
3be6c8d1f4436f4f92edb74e35f3a81d,6364068,validation
5bffc4b141c3b41377dfa7f9b8d37c70,29429950,validation
80dc0e17406ebf14bb39402b9924c766,13105527,validation
dc61c9be54cedc31233bfa39f0271a5b,29605369,validation
d01c8f0dd4415018b4b7d07c6fcd2d0b,20483085,validation
2a0bd5193f4895a93c3077eaf36b1c89,29429950,validation
cd8188ab50a08248211cef045115ede7,13105527,validation
9a6bb73d687c7ae715be549edbc0809c,2696,validation
a2ebe7799da37c0b229e4503235fe13d,676,validation
d46f69d304de8e98f964a2da7f9d4572,108171,validation
bdfe2fb3ba36668c49a9469851ae851a,1420,validation
3d3ce5ec462f840a2757509f7734aeaa,2696,validation
b20d501ce3c3b829fd12cba2d52f0b27,28159939,validation
f529a7204c7e99bcf7b5ea7e0978b72c,82357,validation
4969f99df361496133d9425e94894a7a,1420,validation
7b2feac5eb5378e6b8844f880ee4fcf8,30630152,validation
57ec5e34e37f562b81fd0e3a8301b36c,13105527,validation
bf2200d8878b96bdc66ee9a7451a18b8,30317423,validation
e768b3117f995df862b3692892e3dc1d,30076808,validation
a0423ff094b8569516d987e7740b73b1,30353202,validation
3543aac9b560bfb058a91c028436d00f,24874348,validation
999215ea095a063c998ae756160ef2a0,24874343,validation
a171dd97ffd4dd00563f84f86743d167,1420,validation
c1f32ca8167f4f9f9a6492b261857661,1715,validation
6a6272a1a299f757fad3180f73944ad5,2696,validation
9aa9fd7a804ddfe488cd84267b08119b,1420,validation
e9624021c8c471adbf7bd1c246973998,30630152,validation
89677c51c46fb6b86e13a9230b049f3f,82357,validation
a6279461f17b3c2018b3e0105a99f10b,11142955,validation
d21e7f395a0b4b19c8408b23065c49d5,20483085,validation
8aa1fbbd91fbac8ff47bb5712ecaf8ff,20483085,validation
754ae27b9c3752ea55aa2b8f7a81afab,2696,validation
d57164093f5f72d0efd3d7ad974c42c7,2696,validation
4ae5a1bdbd4d47f1ccd08be37bf542b4,24874343,validation
83fb0080bf2b0433deccb6d2aed3ecfb,911710,validation
1e518ea18cb035c58444e4af896a1107,11142955,validation
fdc81cdec28e4e5fa81436b5df944e20,13105527,validation
0c0a3f3c67312122f1b81b69ba1db932,18288210,validation
3f9a394e79ea03fc27abbfae8db63597,20483085,validation
acebf863d06cd923e9a64f18f6ed97c7,42038,validation
d7bfba9c8b69d3240cbda11396402f77,42038,validation
64641b38dae4724b05d28d7877dd4a9c,30353202,validation
e5fa42af563f9fc6777814ec1a483a6c,148155,validation
c67d0bc4f64dea186f8e7463f137e95d,1420,validation
2f176b25dec9b39cd83ad8f8edcb4b5f,20483085,validation
aa4088390ca8127497655ca62a520a33,30630152,validation
ed6454a0a1d6b5a67c2030a6cc62dc36,29605369,validation
589800ae1179f247a22f1919304ae2b3,38154,validation
404abd8d742e2a4ef9c34ee29aa1d322,30630152,validation
f39e10a8dfc922f97db300ba469ec6e3,24874343,validation
88abf315f0ca7e86813f180dc9a60590,28159939,validation
faf2fed419edb5ded2c69d6a87a188e8,71642,validation
8718c1ae8e3bb59433a26a9d6234f1c7,32468495,validation
78173ded0552bb8299b30269957e85af,34335011,validation
cd7f8062797763c5c3918b2a65fbdb86,2696,validation
4867a27e455d915af9c590a97ece4bcd,63113,validation
f26e58568d13e5e24475420594600c02,329519,validation
0fe6c2efdb9f08bfe885e26b0e191496,6364068,validation
f53c06a5fa1aa6c92420f84edd6c7200,53022,validation
848d8138fa088bcc11bca173ca50f8e6,6656,validation
11af5da9636c052f947dae6f143e8776,42038,validation
76436ed64cf330ed7745e2c9bba74631,38154,validation
0fff824694e264d84d22971eb3df4bba,1420,validation
956dc26bcaa2845963bc43f7ca9bf5a7,2696,validation
c476f964d0be90e38a0ebe0140a0cede,6364068,validation
30f819c78ccef315dcaceba970506dec,11142955,validation
a9028088fb288007961eb749f1f3349e,30115970,validation
d00f93de5865b8fb6f1cd979fff48121,20821097,validation
6e70fc0df439aeb82e91625b53c5687a,676,validation
7d4dad32e8a878c58800fd4e611331df,519112,validation
2bf8fc362cb998ed68c1e7522049eb81,29605369,validation
ac5d8a6f4487f9a65a60c184c0207d4e,6655,validation
25217ed4e3ccd898e2cdec1b3cee5a58,519112,validation
c6e479459160a34c83eab9d82f300d09,97409,validation
677926c87391f94debc747282bec61e2,7928877,validation
30091bb64dc69b89ef702e7da2ce60f8,1715,validation
6ba0992a2479296c2e89097f5f17d17b,1420,validation
9389d5796adfbf30b32b7bb76a060cbb,42038,validation
1464d8749e6145496399c159dd1cec04,82357,validation
12129e0b5ee6096b4f3b0a721e95351f,71642,validation
a2bc581da8fcbdc70d196126e5600fe8,150238,validation
5029f607c3ee6b6d39b14b34e10af1c5,32468495,validation
9b25e9299bd466dffd40c5f99896af49,24874348,validation
309e4cb00a1486879c87f47571a7ff2a,329519,validation
51aac1402befdd923533b40627e92fca,676,validation
3ae75f024ce95c6698160e20a1a27c46,32468495,validation
c062180aac097de31451b5ff5857440e,6656,validation
bfd703f027e634c38c30fe410a189754,1420,validation
b60dfaeddf8b3032c7ed76ea50a52562,6656,validation
f8d97207b068e0a2a45859397b6a3ffb,1715,validation
8ccf101b47561982293d6fae1c5d5645,20483085,validation
1ede7bc1976203b0d62348f388e8abc6,6364068,validation
17ecea67baa632d54fd14ab4537aa0c4,33984037,validation
9924d318a8641c438fee80391ce10ce3,28932354,validation
7e671e70a623e10060145e2e4fbef412,30115970,validation
7aa60f8dbebb37129685b945d0f1b7c7,1420,validation
d8cfbf3fa348f1f96604d7fb431cd642,20821097,validation
1e18d55628d945531e53695b0a40d015,1420,validation
945ef2ce4efaeb4b946283ce3e4ff427,1420,validation
8b6b3e5ebcf4429d99eea13a81aa4038,38504,validation
541025783cae763ae7a73dd9b8abe815,765172,validation
5a7ad8049911d96e45d1abb76e7567f3,1420,validation
a5611230bebb561b9509508db2c799fb,20821097,validation
e1a8776090765c2fe1986b536e9ca6ea,2696,validation
10775f007259165bbed9517f6b350458,2696,validation
ae56a838b32d7a619d04cea9e77b914f,30630152,validation
00a0c1324899b2481e8b5a8fadd4c037,82357,validation
0d09c871d3da10063af1b06dc4f1434d,20483085,validation
d8a7e3919d9edaf2feb100b2dcb8311c,911710,validation
fb448e977e24a5568dc6947f64a02b5b,29429950,validation
443384ca4f3018720462081373225416,6364068,validation
edddfcc7caa3c592eec3fb8ab8034f19,1420,validation
9e28b513b62d4936c5db7803834e2b61,20483085,validation
f283d5a94ec1c74c664de5e4ab1897ab,519112,validation
18bd1f41c62cf189a7aef41bbe7054b0,1715,validation
9977c719c9dd6a8344e4d2ad6d2d938a,2696,validation
bf46b421b38c4846f85be462b955d29f,765172,validation
0606bf75b521d131abd86f0f13b7bc3c,519112,validation
b78080a8e040750f60e66645475df8db,1420,validation
fb518edea8216c225dc2e72984ef7d90,18288210,validation
76cb1c88f47627e95daf8f40d0cbfe0c,519112,validation
1a977f2016be27430fe65b0d128b6241,25384844,validation
107da9fee10b86249e8f716b199b5aaf,30353202,validation
aa94509f558a8f0e8dd44828c795e8ee,19155,validation
e26c4fb3d2ecf786dba360549656b7b8,2696,validation
442c83449595c1eed2400e4209926a65,20821097,validation
ece86802727e845283c77206349341d7,24874343,validation
5fb6333d39c1885aa1cd6634c0fb2664,765172,validation
749f8d372315d32b09d04c5c5864fffa,6656,validation
915e856e4530730a45782a17f85d068e,25384844,validation
558b934abf9748387d6ef7fdf499cb88,1420,validation
d0a74abff759df2d48e72be48aa52403,329519,validation
456bcb52a922a98e8a0a3719500a82a6,1420,validation
04660ce26d3beac68791238a4ba43aee,20483085,validation
489df02c7f2f0c6e01caf505f139c880,13105527,validation
d72968b4e36c841808a582d9e24539b6,34335011,validation
fca6418742f94faa1532f863b8832b78,2696,validation
0948b0827f3c1ef05cc4b3c66d659c9a,6698181,validation
8c70f69e000573915c71ab9408760027,97409,validation
c1408c2efe9975c2d61fea953d6e25f8,11255697,validation
c53d9df4aa16199cec63b03ad853f7ae,26114310,validation
163612cff504234126375964db3eb3f2,29605369,validation
af166afa30c944a19e64ce96d166cfc3,23705600,validation
d0bfcc6204912aa0f7b5334e6ffccced,30076808,validation
486009ad56cde4f061a1212549b2957f,23841432,validation
21d4520ed542c3c9476d678b2d0c00fc,6656,validation
6b8456c0e772c9c1e0303ce80fe07dfc,53022,validation
ac29922e01e0325064d8f3601909c443,13105527,validation
a3a3bd912a4132983c938f4c002202c7,519112,validation
e4b715f51864472a17aa5e27b11643b7,6655,validation
c5afde69e19b13e891e9a2d29cfbda6a,6656,validation
3bcb5eed36b93c8b3d633d86b8916a84,6656,validation
0ba03d9cbe35a6cd41b9f07f27ec2312,1420,validation
0dda17042d3dee40fc65462f91fcddcb,6364068,validation
79cd15228edabe805a2480a01fc140a0,148155,validation
964fde599430c3e73bd170c1df878a8a,24874348,validation
cadf664cb5d06c780662c750e1a0ce33,1420,validation
5f6a30f891a4b6f4b0e6d64eda087086,6364068,validation
a883865cf8ba1b168f54f0405fbea080,1420,validation
7f572ca83df176fc9413d560cbc7f382,32468495,validation
28898bb7dbbdec49c3a1bcdc9070226d,47734,validation
7e0c6f4793e0de62b6f0d3638ad03a86,400869,validation
c77f343b828a02bb6ae2f5f0d30ca66a,29429950,validation
3b5e3febec49dd104d8658febb2b519c,23705600,validation
226934cd105de58503e4ccd065ac9b95,20821097,validation
a79472568e27217b46fd3154b99f909f,676,validation
fc080303d407bb2b09b9538cdba4c64c,6364068,validation
5f6308e5cdfc470aff4cc5ec3d4218a4,2696,validation
ddb8d00cd66043a53d0cc1f8ea376953,19155,validation
93fcc22e074903b6aa80eaca622b2aed,1420,validation
694bd94967299b631389df878f074f4a,30076808,validation
54a75a4c312af21d12815a439b54d106,34623632,validation
a75fd85a9d2b12f941a05d752f17dac0,97409,validation
59d854437720185d173139534dbbde42,1420,validation
cc4469c96c57cef131a86e5f8b406fd3,53022,validation
d74a3c1ed307998d3d496ea5c91be3b5,676,validation
aa2c61251406a9ab22b8b09297f92702,1715,validation
636e01357a3eab3b55e809f4eac04c05,33802213,validation
e54150cee8d2b3a79f618d5d3ee8d811,1420,validation
6d3a8488245b0132694051ab3182d34e,38504,validation
13d7a81e27345df48bff25575df090a9,71642,validation
abfd3575468499c573c3c9fa3168bf86,23841432,validation
e4640a1d13b6b9f4b5d156ae0b93512c,150238,validation
ed601a12d6a4dd28fb3142b0e8ab0ecc,676,validation
5658905d4c5785108d89aff8e2df5e76,38504,validation
ff03f61a38b1c18d774c57d2049c11b1,13105527,validation
20f68251177b5a7a71a409d79b0e627a,19155,validation
a8c2362e08d7af3536be39a4dd875582,32468495,validation
a1987e01ba6503af5b08de53fc79590c,42038,validation
27fa7c205be3d886bcf999ba14520851,72910,validation
55a087d5299a63ee9d88cbd3ca549e6d,150238,validation
939dadc6b988b16d9a4ee66fa5844079,519112,validation
1f226486a9b02038f38d0fae0a168222,42038,validation
e0180a97bfa6a1cd2a10042d1849e833,1420,validation
730d8058ff864e6b62715e945ff171e5,20821097,validation
e1a0f9b2ab935f9fa8e73c93e6ac5736,765172,validation
52de1cd8cff816891d8fa8e6bca430f6,752712,validation
debe7aa9cf86e2fda21b2fb4adf5fc60,18288210,validation
d8cfee355be1258616d66d0286913049,30317423,validation
374524d48a27c0f20397343f6f78b6c2,148155,validation
511e6985932b58ee57a44780d8157dca,23705600,validation
6bde62587e9743f4a75bf8d7301abde3,23841432,validation
3348eedd9f863eb003617d6a7f1d74d0,765172,validation
16cae50dc434c90f079881cd75015316,2696,validation
415647dd85b854f3b4767bb52de8e319,20483085,validation
3998f4bbf2c79777fe17817c58e2c74f,692842,validation
1e67ad5c8d82794845f857a4de255169,42038,validation
e9a1305ac880e0e2a0b4e9a08943dab5,2696,validation
548f8d09c9c244f20e43fdd84b702733,1420,validation
018abcc927669cd37d6d0a28e0ed00ab,71642,validation
907299813633075c0726127fac92275f,13105527,validation
dbcde21dddbf9c66210f2747ce15ec65,13105527,validation
0a55413c2b5ccbf0b099dfd75b4e5f80,38504,validation
fb2486da2e6d3235369273ef4eefc11d,1420,validation
811b5eea65b65587dc037a2a03f250b1,148155,validation
4f54a8d832eb21063bc869c4fd3aea29,30076808,validation
7457e94ceadabca9175936c75535e9f4,20821097,validation
2bdb6011836f71cceacee29c056d008a,71642,validation
a0f7831e00d01e7849062fce49f997c3,24874348,validation
7fbf0c754ec874725a67bbc90856eb5a,28159939,validation
01fd49def2894fc94e0dbb7e068d0345,30317423,validation
0cc1f2f298ce39be4f3974e89b6b7565,20483085,validation
5f29a4c2f36120d9a431a4df4f54079c,28932354,validation
a357c0adabbb42c0394b10921566de16,108171,validation
9113b6701632f4b34151851766c37ecc,1420,validation
e9dd551f86e424ddec543e36027d3b2c,1420,validation
601a5bb7d06dec2dbb9784014c771dba,676,validation
5dfa95a7b902637dd65bfd6011083647,2696,validation
148d00f8332e3fe6e21069b17a36d138,13105527,validation
7065bc38dc463394a85eb46e3af97032,519112,validation
7a708889d113b689df655e34c6dd785c,38504,validation
f0cad179a082f5c1ab9932728826388c,20821097,validation
bf7ecc494bcedea57cf33867fd7147e2,28159939,validation
625e6177d94a863930e29a614ca3a930,18288210,validation
6104ebd776b17187e82b00a54aa792ea,2696,validation
3cfd56a0c7c8e9f82ff5f3e094af4c23,30115970,validation
a05e34436c748c23bec319393ef1c812,2696,validation
c350a4c246a9c87595305a6ecfa12a53,1420,validation
d8e77fe9bb5743421e6002e372cc2086,23841432,validation
bd92961140d0b2b7e54b65c63af9c07c,13105527,validation
692d99484b6144a99f04389273076978,2696,validation
7191e09ca9692bd6dfb0f40b770824d5,20483085,validation
c1b4045e635053ac12b94ffd37fa8f4f,765172,validation
c890049ec5548fada2d8936934112f89,30115970,validation
c7acc931de2cc7d7940af480d2ae915d,765172,validation
8de670742038f3b35e0ab01cb1ff563b,72910,validation
40d4ae7e00b474a9bb5539d45621bfcb,32468495,validation
407a03632772b68ee91f7debfb681b07,6656,validation
a3f08f56a4b47191881299766968a141,13105527,validation
80661304c5f71abd180700bbc0c3d3fd,71642,validation
fc5a006a8a928cb5b28914c0d2a852a3,148155,validation
69f846722bd686aa3898b6256aa58188,63113,validation
f9adf17d940ba5171b90ceddbd2eb50e,15647,validation
42ef893cdb2e980724132993290d7342,150238,validation
83b3f57515fb35530a4e2388c39a9168,108171,validation
75267da5dd529bc87e25fad31728e818,25384844,validation
ee3f20926d5a66fa198176149f9b84fc,20821097,validation
8117b131a7bde0619f35d9fcfc81abd9,13105527,validation
f1fe67426b285807002a7bbb1a9d72f2,178911,validation
a291a8b8c820060958d1232389a648d9,38154,validation
1d70c78f313c95b379ae74b4c920db53,20483085,validation
00b231c63060baf0c0ca0c645ea289ee,18288210,validation
b1a9b21098ed29e6b9ab9028fbd8f65c,20821097,validation
5ba915f3dc4f6fa63ef4360a0f8700ce,13105527,validation
44e515d74028f4ee8168cc276302124f,6364068,validation
b78dd863b5f7549be7291726af221c96,676,validation
6a5ccf0360a287df8c7f02f326d3cb84,28159939,validation
f5c89f198cae968a495b16640ffe6e32,23705600,validation
e199c27349e239468f906c264496becd,33984037,validation
a714a4a5ade3f8f15ad8ed29ecf85a42,18288210,validation
0a6eb14b79f26e068a4f8c5c831d66c0,26114310,validation
3926627b5207e86f5f43463e13aa2c66,34335011,validation
5d97246724154a586e19099496522bc4,400869,validation
d1575c2f943589379f01e39ca25c1adf,765172,validation
5be5f83bdd2f11be22c40e96df1f7614,6655,validation
d2847c9928ffa5cd7b702df51f13705c,71642,validation
2011650877d3a473ec27758869d97276,329519,validation
860a09bbfeb910227e411c10f6d0662c,23841432,validation
2d901413510dbf33003c148df33663eb,6656,validation
62d8f2d13cd7dd0a3f26ebd1f1817c5f,30317423,validation
bc620900bdebaea78efc9406ae0db1c1,148155,validation
87e217bbce27da264f2f3d3926503fb7,676,validation
a4c0bde289ded2c823be60bd3d0a6af8,18288210,validation
59dda033ca98f7a720bbfe9f7afce28b,519112,validation
dfb1427324d49b53154ab1a026c31554,30076808,validation
023f84cca6f9cf4830d8d86403d1c23a,23841432,validation
be58a7f191766649d03258d905fb6190,18288210,validation
45dcf70cff492a96ab7f45dc5460f297,30317423,validation
f5d58f627323f874b21e4cb869263746,38504,validation
19402dc06e1dbc0f0c806e05b28ca731,38504,validation
4b9e608afc7a1d8e447f47d8bc710895,20483085,validation
47bca469561180d621d0e0f1266e8f59,18288210,validation
4963d21aca4913490f411eae7b80208d,30317423,validation
fabaaa9338df22bb7ab6cdaf529daa79,20483085,validation
8a67d6d58533fecb9ab05967760ce6a7,2696,validation
564a75b576652bdba8ba5a8d48abab22,765172,validation
f3ddd0da31233bc12af97f83efff4373,25384844,validation
ecfe811c6e927a51fc7ecb870c9f10ac,13105527,validation
74bdf2b7c2d4a79a4263a1cbadfae2a8,6656,validation
d7f446a8a86f7ac8cf4d5839971c8446,6364068,validation
12a7138b4a7702c8c1e11b3ac686e547,20483085,validation
85ca3ae234f817c2629bae96ad4ff329,42038,validation
8c3ff4007f685dd4f701a1206b540c83,13105527,validation
28f8800591f389cc39d079c74a279818,6364068,validation
29330190ee91549649fe64932af68e86,32468495,validation
093ef6218011e016ad455d48fca1cd0a,1420,validation
15e9dc5cf980aa7930f4e99e98b9f8e2,30317423,validation
97db9ca14870e478003692b10be56ad5,53022,validation
6b4e57b888d7ef6c06d9ca2fe630a95b,1420,validation
8a40ebfa292af50edac075344cb71ea9,13105527,validation
ba4a7a563877102247e0903e309d5394,765172,validation
083570044e2379220e6d6af1c58a97a1,1420,validation
3b1dad61e1c8d915b0f9a0ae4e1f3e16,1420,validation
dc65e7dc998af219018e22d91610b57b,1715,validation
5ca18f9a7296d8851c0516a6b40c595e,6364068,validation
43bc322a66f403b561a0e2e5d5e196f0,42038,validation
5077907795ea0530bf3d79002ef4ea74,765172,validation
dd063aa70cc13361cd194d0ca9c66e44,20821097,validation
8e873e5acf50134d1828e3fd3514a6b9,1420,validation
92daaf54d4d17ae7d97f03c1787352bb,29605369,validation
33243efee2a0f436c013e4b747d3efcf,230231,validation
cf3bff2081378f486cbfce9406770fe0,30115970,validation
c2e0defd56fddf260851ee6119dc2292,53022,validation
3fdf2ecc7f2f90860ad0859b124c3a70,1420,validation
28310a9ffa64ef2f56ee9dc4137c1231,1420,validation
4b297a877e59eaef19468daffea5deb5,2696,validation
cf75b3169b02a6958ef541584d29af08,6656,validation
a1b63a1579a993ff11b2f6d4c620aca5,383196,validation
d17f85682d9505bebf074b61c8af90b3,676,validation
0f5ef8a96116587d0b0f97cbb761b899,1420,validation
d8953628cb3d69aae5095c8cad4acadd,26114310,validation
ed44447dbd540f02caf6b74b72a95a65,6364068,validation
7a6a867ef56aa26eb4c387e8bc6ba714,71642,validation
b18f2e82772396ff15ad152b9e00a7fc,230231,validation
1b15db74917bfb6611511a54d02febc7,29605369,validation
d089d8d91e5a626e8f2193c5812670cb,72910,validation
c33455511a6df8fa696b924a02042fae,29605369,validation
0c1f88aaf555e659a5b5931ef517bc0d,1420,validation
091be5831eb4a4337f800932f6dcb662,178911,validation
77bc7f6c3034b360e01878797efd1f8d,29605369,validation
33824bb1acffeb68b63678dc50f6c681,108171,validation
fa82d9d4e8b7c62c5e8a02799f719cee,30353202,validation
a982a03b8fa8cb2df68417f57244c8f9,23841432,validation
890363044d41acf988cfbda9ba949750,9858291,validation
51fad52f26e1d1a26ba4918b4d6d34bf,30353202,validation
678a79a8616c3f3b32a3499e8765ccaf,2696,validation
aa48348e4776786fe83e83a19828e4a6,1420,validation
67f81645516815cde98ed4e4c1f49a94,82357,validation
4a04b2685a6fcdd62efbacd88a310f43,6656,validation
d06cd591115ddc5c8ecc9cb59f3729a1,34335011,validation
5ebef845724585a6b4afb3e9653a8015,6656,validation
6d1a83c98e3fc999d16a36e192f1b1d4,13105527,validation
602760d20d83f5a343352ad05fb8fc6e,29605369,validation
872d3263a891ee10d324fb73a7c2efba,1420,validation
ddc0f559b7fc7d9cc4d50a9ebcc5beb7,1420,validation
76190e5bdb979592505712ab68ea9f37,765172,validation
674ab029947079800db4b761e4966bac,765172,validation
e0ccb66b102c0a499cc9f971fcf7f462,2696,validation
fe5f4a0cc0ece6db0463b345a459d818,1420,validation
fab94100c0b90e0b9348b4ef38ab04cc,765172,validation
bd3dc370e6ee8c37fc0cef4f44962cc1,35606560,test
d117619f1d7156addde4226dfc4db0b4,394424,test
8c0de4f4298159c5c4b84353bb3edc6f,394424,test
1299d51eb6ced950c852805d9ade73cb,394424,test
542f063ec9cb594f68d4db3ba974cab4,27822,test
0ef9094e02c488210f74e1554a882703,394424,test
f12a041e7e9439983472a313c14ddc14,29376835,test
e1458105bb0847f08c412faf59919430,2547,test
f25d85fe343db69fe33f6004216f9bc3,25334576,test
3e24b3d7f557bd18eb14bcd843ed7cb9,2262521,test
c6d408d06c3b54e38d2e1506c7543ebb,27822,test
2a2d81bcf6fcbff3c6d4dcf545f986d1,2262521,test
45032de25874d9c084bbe19d571b8eb5,25334576,test
bfe8ebc385b467b56d7bd53cafb46614,16128045,test
0691a0523476eab581f3971d6f37d1eb,2262521,test
22c0e0d22c765ca95fd2adbcf5d116b6,25334576,test
a476038f52fbcccd6fec09140bb5c10c,25334576,test
3485a8154ae4714f4e4459a311c170d4,25784766,test
441413deb734f015d01c3290f2d81fac,25334576,test
d3ff7c1f3b8eae03e8f4b8c74a4bc6cf,2262521,test
5423fb6e15f4350cecbb538cf5ce9469,430788,test
de0a076597e5f753cc66e7d9d0498a1e,2547,test
9dfe3d9706c1487d863d653064a8cf78,34023590,test
c5366046db642054b9a892f1172498ee,394424,test
e1afd14eef574aec7477330606c67c19,18674286,test
9ca4cb7c4fa022bd458567db0453afec,45974,test
d4399b4f6a6b71219d9e09709632a16b,25334576,test
deaad5b762293978209dd5002cd58687,12052640,test
d06e5becc07131f6c5cd4b00f6db527d,61049,test
1e15293d2eb1a452d3e83f7b285dae33,25334576,test
b2236c1c5edafb6fe20a337bf1fe1d8b,35606560,test
369aecae68a7deb3b53d046c93f3e229,25334576,test
e59df84e1edcd3c3fa89213d9dcc8859,2547,test
3296c7206ae2799c8a71e9a3f52c6257,25784766,test
cec1c83ae78d5e82611510e558eb7b57,34023590,test
e574311e1642e5c665436e53c15d81b9,2547,test
b2ee20cf0c3aefecce70586fadb94ed7,29376835,test
f1ba310e47cdbdc110f4b495a605bc1b,61049,test
85d47c19c9d34ba9191a2c6bbd587751,61049,test
834b6fea2cc2f48911b58ef149edd57f,2547,test
14251d260d19f376e185e5fbd2b9132d,25334576,test
d6e137e5386f952482d65ff715226235,18295863,test
7bc51621962d460364cd2eb4ac0d49d4,2547,test
f9daceafafdc2f1f1ca1167b3caab977,16128045,test
332785318bfaf4884c0430b502cfd65e,82356,test
2a6957e8a9f022248d029f8bf4c5f7b7,768496,test
ca20ef443af79165d033e423af18f862,2547,test
ecefcc61892aa52bc8f6c0a3667d5644,2547,test
b7163939752b48d88ea65b63fd80da26,2547,test
47c3102fe5557f84bddbc7da85c83ae9,82356,test
5ff3c0dbd534fc69e58a3ae779651e30,31944691,test
c6245ba4da788e2da4457682d76fbaa8,29425278,test
80f2c315247afcbfcd7539cf6f95e093,25176023,test
3b3720e2c7a5f5be42375293dea7f931,9639765,test
2569f04f30c4ea83dadceb21a8ad476b,7428663,test
ac5432dec7b794bca923d736a93b1580,17726051,test
df6cb4359b8aec941f0ad3b3e9611de1,45974,test
4b1585f41d26179388257c313c177e80,27822,test
2b5530603e3319cc9a81e9e5d0c17103,45974,test
55268a5fd474e4eb646010350c47f996,9639765,test
05076c4fa9fd385338122d5238f25c7d,7428663,test
73327f49eb2847f13d13591a369648d9,768496,test
40594f5c7286fe9a893137cd4844322a,78249,test
578c309bd595109a55346edec27c917a,2547,test
7c6d0ebd94b21df57e90c8cb73a440ef,17575120,test
50df5485c20b9bd4ecf0185e7d0e60c9,150253,test
6caa538267a421b81afa6a7f4d7b8311,11049749,test
38e5da8c590c8a935def80fe49378651,16128045,test
3beedf7f2056452becb0263489f5d672,61049,test
b14de3c371d78d5726b5b828ea9dc694,16170625,test
a1e1252b5518ab5e986df6a6174660de,2547,test
d63bf03b4d5e74e9ef00da1dd58b0f19,16128045,test
295df86c47b217c2fbca6e75c05c1e18,7044365,test
f55760b0fb669afb57d82bdafcfe234c,2262521,test
9755b12e5e11269bf4932e79d96b8440,45974,test
8a189e10b047c6d9cfbdf65400c55a5c,9583799,test
852abeca6166388ec33f91d71988f4a8,150253,test
bb4ae8d9258e12e37e6fc4b9195395a7,25334576,test
a493b0879421d1d1ad56831010b50408,768496,test
eebb1af304814d7c60ad810e2d0a44b7,768496,test
469c55a80765f64425a04786a4878512,12384,test
6e9fc6e5edd89a5fb084037bc4e0bbc3,223394,test
673b0ec788f0fe55289c775a4c624308,14706,test
cc25dc2ed05b1a34d6dae8916a58a2bb,2547,test
0826546d2743e4261e4de59cdc40f63a,75504,test
d6065cf7352dfceb5ef20d4915de0f14,9583799,test
b4aaceebf8c91fa2a80c900e255dfaaf,21413663,test
eddb5be79e177689337ae16c02d0cf41,7428663,test
a32b70cc49dcad1457e313c3e6e0728c,21413663,test
630bec971118348475906daea1945384,430788,test
95f8432a480d1a13d799970106dba2f9,28645638,test
a17668adacba979df02190dd0d25236c,25334576,test
ca37bafdc560ba843bd960358241a693,25334576,test
edb19c0946e387f01de3bca883dc59b2,25334576,test
b9368c5e5fb36cae44bef7e0ca804d44,35606560,test
ec73b8612d74a6161d4acd8d42fc7a3a,150253,test
99f62a58cfabdc9a668bbbd4254a0106,30312512,test
60182b372b6fcd06665ac6b0f19ce7a0,535734,test
c531c73fdc7cf564c8d19330271429f6,78249,test
20f94e33c276a45a24f88f39660101d3,12384,test
882002098df5b2d9f14ebbd7033cfb21,25334576,test
084dc389a6905d33f39b0df7bad62ff1,25784766,test
7d010bed94ff6d330ac47cc500cf279d,21413663,test
cf5bac6bde9055fcc4cc2b668aabc63b,2547,test
15990dacd33fdbddfa18d3d98e86f3f6,25334576,test
059ae4a666f2e2105b0c6bd3a8727b61,35606560,test
60744a133cf693229f97481e98797d63,2262521,test
a201b51b03ae84448a940f9666c4b9a1,7428663,test
0223da8fde5bbed04e99d7c4b84c6521,25334576,test
9b819086277239482a603168dbbd2ff0,792712,test
54b9deda0e7ef60977bcff054019ecd8,2547,test
daa2e16312dee98f79484b98c15995bb,25334576,test
ba221da5245f94f9f8742c7ad4551a89,48987,test
1d646f780e01b41abf67ccafa091aeaa,792712,test
ec8705f223fdb3815ac3e1bb8e2b2d3f,75504,test
511cb119a1b19a11cef8b6b5cca91724,7428663,test
0a30bd9dbe76bb3d2a2022ec6e099e0a,25334576,test
46dcea3fef9c0e01c1ab7e9b7d547f1c,150253,test
d5979402482cf955aed3df4e5724aa9f,34023590,test
0c443eebf51e0245fd77d8a786b234a0,9639765,test
b35765504247f6c323e71ddbd7eb2fd1,82356,test
009ffc28da65fb7efd6f13a02cd21c6d,430788,test
8237e9b9964c2731bfb43c6a27e8bef5,82346,test
e71980125156014270fa76ceb94ad8be,2262521,test
8c8b0e3d9605c73d517d953ba95d3920,752868,test
2676c31904f1ec61df69e515884db1ec,45974,test
fc78851de497ad8ec1912cced5e0cd70,17788340,test
14f7b16a4cf884b4c1cdd8e010e6e8d4,35606560,test
b0ac3106a4f6927fe4db08b127dc4424,2547,test
bb64300481218452f82e0d51a5339516,768496,test
b00087f73c13d375c430207a2f2a2a38,197698,test
162cb955f91fb36cbd0507bf242bc9c8,9639765,test
8f6b0511182dcafda8571dd5b110bcd8,7428663,test
19614855328ff8f35d87e0954706e55f,61049,test
395d8a82b6f90e1f3befeeb3b5de6f83,61049,test
cdf3c9f2d34367338e87ddc80978757c,215686,test
ce414293a3c31ac37626232e0d3f1523,752868,test
eec7d0b5fa865ccf8bab14b580044b5a,2262521,test
2f5f8922c64dcd86518c2ce094c841b6,406373,test
8318cecd624c411d6785d9bc14c20e6a,34023590,test
044799d3872009142a8c4e6dd9132be5,82346,test
41d5dd894551a032a3a42f0e23c4c940,25334576,test
a490574bdb45519e35d6b3ac2dd84c7a,2262521,test
21664e87327013b5fe9d0c3e029925fc,27822,test
7eddf60e6bfd63820136d3ed10c52367,2547,test
65a0015ea2f8ab6d1ab72d53156f4092,16128045,test
1f21af31bd905b87a22d03b60dfe8959,61049,test
2cbd179090d80ed2d24727e5be477da7,7428663,test
5662ec3fc03f28118a07127bab7b67ee,14706,test
1760ba8f640e694fb40da94a854a411a,24874364,test
7329c97974816fced453aeff414e7b9c,34023590,test
33bad77918eda11d29faae24fe2c98ff,45974,test
7ba756092939d6495e6e229e9b34b90b,35606560,test
6d0cfefa59c95ed5d498c07598a71651,17333426,test
2514a6da21d72b713ba923192a473f9c,17788340,test
032f68c7e4a0a6657654df64972e297b,16128045,test
7b8a4a59b861729a5c50337d2cccd920,63114,test
5a1f785ed677cca289581803c14382e7,2262521,test
93b3db3191636b392964a6a958556210,9639765,test
0745cc74020a00bb77fa8843a1b3557a,61049,test
907006a38f23ccd4ee2c7b8a575c9feb,146467,test
1890b08c1fe0d23abbd2f27e5c936fb5,394424,test
ebbbc41aa6fc5c0cf3755e56ee522a63,27822,test
e9ea7f8d9271c8fea4c372ec6a92f1c2,150253,test
c02e40effd4450b802e2b963d1b26acc,25334576,test
7d52f18667bcbfd65e40b560e65e7d10,45974,test
a6790a92580a2fe534af88a6693a8d1c,27822,test
168eed72b5c6a3974883483c0ce6bc0d,2547,test
a9fbe1471eba544aea7b2cd9d701c90f,2547,test
3a2686e0a29ae36757f9e98e33d6f71b,1434,test
1433f817c9489e3b20d405d3a2a6938b,2547,test
66f4f39742ba238b7d3596b32d97a5e1,25334576,test
4b752bbb3e0b24df57a9969b273ed4ff,9639765,test
7d3b2292d5bfa5d856d3bc3cfdf9b4c2,25334576,test
d58ac18c612cb14799dad9f6f97ad68b,17726051,test
47d4b921aed202a856209198e8cd0acd,24407,test
7282f2212ec9357e57546afbed14c45a,16241798,test
6e674730513124e16e599c40ea9ede0f,25334576,test
b740efaba35aa026eda6b6ec42eb192c,2547,test
68e7bd53012c2ae3bb28edf4211ada75,7428663,test
dd95cc0bd231274e40b163b70d2d5caa,7044365,test
b394bc657c2da052b9481a3640c38386,34023590,test
c591232f9b77da0a95a11d22aa3c5b8e,34023590,test
1b197af12ff2bd68517ac110f64022e1,35606560,test
9200988610aa04f6fc862ddc3941b36d,752868,test
9e97c9f43495d930bd063863ded2425d,2547,test
b8b29c27d5a32e8cb60ae33edad59467,35606560,test
2558f75fb5fc68757aad68dd64829047,9639765,test
1ee58bc26bceb4919b9c41a1f5d546e9,150253,test
9ac36b7eae7c37570fb7155f3c9bd186,29376835,test
06f59f81c91a12de66d69ca9e650a6dd,25334576,test
7d277633a12c6b9ae3e10d0569f00e6a,61049,test
e4f7e9c167a32e142331145f92a5bd6f,752868,test
f3c2af493efc5ab1952d10cf0df7b580,9583799,test
fc0654855ff952093b701b0550516211,35606560,test
3dea1b708d464d1500095a3a134ef4ad,25334576,test
a505b8148fc402d0100fbbb71e8c8fc4,24874339,test
c654a73aa3b31f02f292972f900eb4d4,29376835,test
af17be8504371199ba626ec1f59cc38e,78249,test
66ec458370e57937a89402cb28d27176,9583799,test
d722de41473b9337c667b053d2061853,406373,test
7881a3f05f9fbfe8a91add412d3ba648,35606560,test
12ffd975e348023857e607eae2f2d12a,18674286,test
eb0bf08409bae8a8228ac6e0400a1dad,45974,test
a1afaa4df4b67e7ade5769f0d65be1ef,14706,test
5111299ddd5adf45bdaf6fc9b427ab86,34023590,test
15cb11a7745ed9a9302a7a1979fcd496,45974,test
40cea370a42c4d1864a5dc7c5f863d21,2547,test
53bfaa8728d07402c3de2ece10685781,2547,test
8a5b567a59e0c39d4b5d9967d1b6d9d8,394424,test
f44e3600ca3dde2ea823d2d59b30cc68,34023590,test
d1ee5287bab1f50a4f3635d5bc39ce6e,394424,test
e9f494a27219a4853d6c1e4ca1368c4b,61049,test
db7d02f1396b81bcf2556c21042f53b7,3018111,test
477301e4dfaf5ebaf21835d6ec49160f,78249,test
b0b114d6ba28a141f75c05074cb8fe2c,9639765,test
2ee11a65aad26de200abee9faf75246b,17726051,test
74796a88b3fa4f5020ff62c312113c2e,48987,test
0c948c040917f058239f1ac8b0aea76c,792712,test
fb4c0f484ad81b84b4e4274f4fbf88dd,78249,test
6167e3dcd2abacefb6d8d932ca8c99b6,768496,test
bf8f05e75a00fe5c8194fed50ced66dd,2547,test
a9f995bdac68c7df673c030d81087398,27822,test
fb4d16953e7f0aaf973b24e632722958,35606560,test
f2e2caf16870257ca3e05d16ba3a4d34,34023590,test
6b54a48e2e1dd7b934480875192be3a4,14706,test
17e563d665e41f4279eaab22ece5699d,9583799,test
a2662e2e311362640ebda60563d1917b,29376835,test
810df25c97d5a2f246d64b817942f7c0,25334576,test
d14808c4efef8219254b38bff051ce15,2262521,test
ea540bc465af52a949ad3745d92ad0c8,25334576,test
8a996333a40ff3746bfe011fc352ea40,82346,test
32d86c2f42e29726aa68f539e9ac6f08,2547,test
76958151508987d7a03db076aaa84e0f,535734,test
aa3c1309e32c50ef5153ea5bf64efe34,63114,test
b66f38fb88d9c8c7b1319b9db0ddcaf3,61049,test
97a980c87e1929aca7f5ab449bbec77f,82346,test
f8fa4d472a0ae6270dfb6a00fcdc6825,430788,test
72aedb3946cccf9bd9714ce2ad459dd1,29376835,test
f391fd433565265d01fae96761cf51c8,25334576,test
f0f8e2227d3b4364bac87fd993f383d8,34023590,test
5f0a57e38978a9efa3f4d20ada709860,75504,test
cf66739c149c3961e61b046626ba29f1,75504,test
2ffbef3356bf9bfa24079084572ee855,17333426,test
7045d6e4a34cbf40e3f9ffa4871ab4ac,430788,test
c196705e79697c85035a51d0c8a6cc14,2547,test
d9c13d6676ee055a7986f1d5c59a1f22,7044365,test
63ea460174ac20a1f6072c82aefb3a75,18295863,test
5314e553d1e15a013e65c6020c5da93a,35606560,test
28bb4044f34a67474da2cc68bad2283d,430788,test
ac49462b0abc60aec70068aeae8291b3,406373,test
b912c973beb465bd7e36dc5708412ff1,197698,test
a56ba6b59eed8e3d7efb75a9ebba20ae,394424,test
58fa440c83a1490fed3c7b0b0fa67a3e,150253,test
51773bbd7daaabe6956c68675c2bd400,21413663,test
45884df9fceffc6451534ffdc5feed94,75504,test
6bf64dc9cf8368fa2a922d9d95f51120,158005,test
1d4cc20381b6dcfc1eac16be64fac09c,2262521,test
c1540e4e94ec947a1b6d6ba4a8b15b7f,25334576,test
1a9ee8bfcb96dffc0a78bfa62fad7b9c,8665327,test
71c6a56b2d43e83b95a165dd3e9c667b,17726051,test
dae78a7305a3a97fe79e229e5f63aebe,9639765,test
9a611cc71655af79ed0dea20bf4b0d86,768496,test
835cffb858bdef9de3cc3215ddd18415,25334576,test
dbf0be6a5e4f9a796a9ba2ff5c314fa5,25334576,test
2765725c4f615ef30bf57356ca1dc5b7,752868,test
f07dd3786d46ccff7412fa01d5a2164c,16241798,test
82e3615105184f553672abe1efd6ab94,21413663,test
0d0c62cf5d8ce73ee15a1f1162b16d9a,2262521,test
43de5e2e2ec0a94462ef0268a461bcba,45974,test
45c02fc807b412cbb375517ec37a9352,34023590,test
db5e8a004cad081858e814fc68302ab4,17333426,test
7a1014ae7e4550ac2b96dd26432996f6,2547,test
82e3900ad9b46be2f0c63618002df526,29376835,test
a508d310d60ec62f7d18ee36d03c719e,2547,test
6912388623fb18c5b62b70dfc7e5c1a1,292,test
fae0105d830d902704ca00eb4840ac93,394424,test
684b974bbdfd7f6fe7d0e2474f313fc5,215686,test
4c84abc831a909c82a80db4a2f314359,45974,test
69e04006dda8fa84a7d5f9d076cbd32f,18674286,test
0aeee99c0caacc1dd1b6d756ecbacbd5,61049,test
c023ce760868d41838ea871d88daa258,14706,test
320e4860a4524361cd673d7ce55e09ac,24407,test
ee28e9765ba2d8a8b98efa35b140c676,12384,test
11471decb66d6cb9fd2ba1fc32e48a2a,9639765,test
315731fd0275ec8bb7fe701c2b66364e,24874364,test
9ec7c66bc214188f5034084cc03f3b44,150253,test
2484f097052e0d4719c3199b70e57cd1,2547,test
59e720b06fbb5a1e8ccfcca9c833e90a,16241798,test
39f1687f1f4871817b195d8f86635905,78249,test
4858e0ab9c5ca81067f367eb6ea95127,2547,test
e686ed233dc9aea0c1b3c545f1bfa1b2,29376835,test
ee31def006e856bf2fe300d59c42219c,35606560,test
501a61f270388fbbc8095b7a9843a6f3,29425278,test
5f044ec72c3f7b8c83a77206b9162eaa,430788,test
b3775dea2a4036dff72713847b43f810,2262521,test
8a11715e24008b1504eba5c48f1062f0,34023590,test
71154b49c91d20727749453bcab105fb,48987,test
2c2a090de176ea3771b1b818d3409c5b,158005,test
fc66895f0d41e523280302b2fc50da00,24407,test
908d162daf7d2c0d343bf57c34565ba7,2547,test
1d4ea92ec0b2f220b398fe46a3d76529,16128045,test
91aeb0b06645d31c375c87ba8dccb118,752868,test
b79fea4381e316cafc2c80977f98fb29,34023590,test
d623e12355c0598fc20389d23bd35eab,9639765,test
2961ca0bcb48bdbffff05a2641d5233d,45974,test
a268ce4dd02313bc0f9ba81b54edd47b,25334576,test
a86e3870640ba9a0c4c8763af9f8d118,2262521,test
aa3b31037051203947652f4b12b73190,35606560,test
3936982fd6962f05547bca65518d0932,61049,test
4f203df50d06c9b2fdadff3947daaa7c,394424,test
fe7d7c46f6fba3a2cad6113491fe298b,24407,test
7e9dd9321a960569feaba31e48484b15,24874364,test
d2d49c9c8124cdb671ea53d399372efc,9583799,test
23c1880a37efb843c4cc78b067abb81a,9583799,test
b2e3d867126867aba2b147acc54a8cb5,14706,test
bdd61f6d2afa8519f477c6d6d2fd5ea1,61049,test
d53d88262cd263a074f4b376c4d19752,9639765,test
93276ca526e916f8ee9d935067cdc57e,78249,test
1cfe768e885839250b162a926f97f935,35606560,test
c8af267a7ca647523bf6114a18407592,9583799,test
71c4e966633a2ef2b127f493244f9e55,35606560,test
7ef5c1f1de5130c20c30fd068ad7dcbf,34023590,test
01835a2c41424e6e7d614cc30a5edb47,30312512,test
00c233d9f74e08ef646a4178fef8cfbd,17333426,test
0e102ecb20bd9be0a93546716de6ca15,2547,test
72ccfc0dadd4e74683b6287ef3baa729,367802,test
825939bbfc08504eecddda25a4bc4822,406373,test
6967130394b01e6baad698c6a3bc2d0b,45974,test
db507f5155ee064fd22cc5a0fb60173d,25334576,test
f137250be17d77058a13f3f6ddbf8eda,158005,test
a0ff484e9df9f8478b3a2cbbde89bd4b,406373,test
4ba5de83298c84d139a3cfb0fd48c2bf,48987,test
583cc301cd92178bfdfb403139a79c76,9639765,test
f83bcbdb2d5612fb71c9af50029d4bf6,25334576,test
46ca61db85db926d0d3ef4d5d114d2e9,2262521,test
1a70220c603e50e7cdabfcf1ac16c8e1,752868,test
688ce81996d9386465fc984e66fd1a6e,78249,test
2799531b4137a3967e7e84a8e9a8c3b5,25334576,test
75a2e3c0eb122ff89707218578adce6f,17333426,test
c00ee1ea3cc065febfa1f8c3282756a5,21413663,test
9bd6efaf023fc480843e0f1670d9940e,17333426,test
c7ce311472a802b18949b3612b491e17,48987,test
2eab9973ea726cf9d297541149b14820,2547,test
b8f8ec9a572e25cf1827b035eb5cbef9,82346,test
60739f443e417aa98697cd921e7ba6d2,82356,test
0ba06bb867e191494e5958a67d49ab22,2547,test
986c1906e5f9e552a81de1266cf28563,29376835,test
9b891879d1f2d17861934ce2e0597a66,25334576,test
37a76f65f4fbe20b34a6604534343dd1,61049,test
f36de9397ee5960b908e73b7be7fd991,2547,test
ab235f0c69b00137485e0375d1ef2b23,25334576,test
f8add6765583e988e05ff256549a66e0,9639765,test
056e3333159ddd275410239119e1070d,17333426,test
91399a4bdc2ab58084ae3ed35da60668,45974,test
9bde68bf12975187b3cc02dbba54b7c4,29376835,test
03a4d738e1586b329b7a8ec032a6fea7,158005,test
a6b805c645ff6cabbd7fa3fbb73ea014,406373,test
8b7623baac64b4002dfeaeae740e868f,16241798,test
1cdfc469ec6c2f44a63a9d41ddcfdfc9,2547,test
6af28dc44c1c0416396240bfef083884,35606560,test
2fa733a7dff0dd9930e184f46737f5b4,17333426,test
6accf4494b4ea1519175974d733d956b,792712,test
78f709454d88bbd02b0f7f89af07ef42,30312512,test
7b5337fea3d90641303fb23c893e777a,48987,test
55fb657758065feb27cf96f34de1d4cb,34023590,test
8cf3daeac0b7264af64fc09170089bde,150253,test
ea298c3428158fb686820f28423eb320,35606560,test
5063c754127af7c03c110b092d0fb37d,2547,test
c2da8b78d1e79b4e176ea62ab927e9a6,45974,test
c80bdf21dda830459c9cabc66ca2f1b2,34023590,test
ca423195649748372a239dd284b292d2,25334576,test
d4b8933bc526227f3808962f4c62280c,27822,test
b8e4c5c26705f220e80da3ce5db9f8f7,2547,test
35bf5c2f79f4c1f3447dfe23b955dc13,25334576,test
1b1fdf2f112137632e38c8d3e8ec0d99,61049,test
03c3d4c4840e6d90f9dbbb135267d574,17333426,test
912bada15c08be211c5cda3beeb9960f,45974,test
c577362d9b0bb53296bef2b0ba1bb4c5,82356,test
3429284ce25ac0b52501f0f7f6f63b29,2262521,test
a4d40b8a87b2ced1b3f3e8d1c3309365,24874339,test
62becd8e095f1fa0d302bba8a3105c9e,406373,test
d1ed4f510b2ad8249edd134aae331c5f,35606560,test
96c825e91d2699592f5cca949a767be1,45974,test
2fcb7f131f34b79c60542accdb80faa2,2547,test
198161170055558a6c3c7dab10fc6e1e,394424,test
30a8adeeb634cefeae58d9a9e20322d8,82346,test
ff70c9dd66adcccc900edf80e6a3ed33,150253,test
75c28d14267705bf0ea3b5457cd28945,45974,test
bedb9782001cd3155c4c49b5e4703f23,2547,test
e4c257260243232446266408231a8f3b,2547,test
f07993c329dbcc4f34687ec3a6299757,25334576,test
bece43800640d77b44369f364d5e3d98,35606560,test
6a8f87fc758d61990c2b3361a60d834f,25176023,test
022674f7dd4f324643e410083eac747e,34023590,test
7ba5493bb6f389870d03c1bdc57467e7,28645638,test
bece65d8f01bd6a69682c6fe14b65024,2547,test
6c061bd3afb0d9f6ca4849429363261f,2262521,test
8f47e0ecc17e958c3cb685704f4f3a97,35606560,test
27ccf7e762a8150bf0e63ac2a14f48f8,25334576,test
677b7174a0b5e5cca722be728aefdff1,25334576,test
3165ff38102f6e508082c8948bce6bb9,34023590,test
ea650872296c5ed3a426c1d7f69fafb9,25334576,test
67996b51c42dfa58ae546ef896117bbf,25334576,test
d793295635fa1158174daed4f84620d9,17333426,test
4a11063cf37573df513744903032f558,29376835,test
9cfdf9da35005ba76bab0d6ec0a9c08b,1434,test
bfcae604e5b35c4d636a3050c0f24bf9,25176023,test
255170c885abe8e716fca409c42a37b8,75504,test
e3db5f524f962baa04ff27019d0d63ea,768496,test
881be217ac4bf2a76120a9d0e590006a,16128045,test
b1696333f800420e50df0dd9d9196795,45974,test
4c9581901faddcf5a282c27bfa5438d8,9583799,test
e452a939bd5bbbde05986b4df851a505,78249,test
5b0db8b5bb67d151d44361928372b592,16128045,test
427b009aca2c0409c6d08ef318323561,35606560,test
922e438675de8c956fc5ca78bed3f5fa,35606560,test
cb28ffb5d825e766257b024fa57b10f8,31944691,test
03ebeec0db9ebae1297165f00fa70266,32075857,test
7a0eed110b2133e5bc1aefe9fb36280c,9583799,test
87ac7bc37d8ecfc3e119b6e9de5b0e21,7428663,test
c13dce128e83cb7e601f254b52e592c9,17333426,test
8f5afcc8418eaf68dd047ecd20c1514a,9639765,test
b97e49fddac15e09cd3334f829301286,25334576,test
5439cfb400df77e0feec353dbe29eefa,792712,test
47b31da869576d921e7034e9538cb289,9639765,test
dbcbc8e890b0af9c44c208433cc350a9,34023590,test
7e8c0a446feef08cccdcf466cce641af,25334576,test
a6db05778464bf13275fbb4c2764c923,17333426,test
dcdd194f5d02b32692e0295dd65e2103,29376835,test
25698a522e837a99a307d3a571bb9253,25784766,test
b4eb30d0b3593aae549cf9c6ff35dcbf,31944691,test
c4c80935e4e0a8fcb5670bbb30cd46c1,2547,test
fa5d49f485b168ad6e537024a70388dc,75504,test
36c958995fcdc5dbbd33d2af394bbff8,367802,test
fb867b0e6d46dda3de893469ddb3be0c,25784766,test
317c4fb4721297c32ef7956d6170465f,25176023,test
1cf2038de599add3888160d85d2c26d2,35606560,test
0bd775b7121e8f07ebd397315e22bf00,25784766,test
1b0f4bf2e3488d57d8c25596944bf167,32810456,test
df6989e30757d2369545e43e10b9ee8d,223394,test
7cf16eef2d0dab453f439bcde11fb79e,24874339,test
691e0e4f3a188d76e9189be71f1f4229,21413663,test
eec46082632f0ea698e5edf77dd9ba2d,35606560,test
0e5f6f6179c90728d95b4578d2ff817b,29425278,test
6bca2586cc60e863c6afea3dcc25c216,25334576,test
e34e8514406c2843951ec0d5f1fcc1c0,34023590,test
d898a1f38dc303ef5e1f22dfe3fefe03,29376835,test
c346daa002e01bf26ec6450a5bfcbe3a,158005,test
c669b52dddad76473e7eae6d164bdbaa,35606560,test
2de1cd88f063c34be4eeb88a113cd022,34023590,test
6638a0545a3d41f37186de3a3ddae7a1,9583799,test
6e4a0b9cfe8afae8302c33a4b1ca0d66,61049,test
600db8caba6ff88e0db6450533a76ed8,29376835,test
b756c16f447ddc3fc1612f39b57e2cea,29376835,test
5fcb0ed173ef337346591ff7842346a5,82356,test
3131a80d7f7c4cab122b2cdac6fad6d9,45974,test
cebd3b6a1e03207358fd348d25a6606e,25334576,test
1fcfb3ee9018b7c43dd21620f478d8de,2547,test
dbdb033f1de11c7683ab4a66bf8068de,82356,test
4ad616136e0c1af8afb39f702056e5fe,430788,test
4c7d0d19435fb35609050ddc5d9a761e,35606560,test
ca0e7386af2a296d8280d7063d07c0be,45974,test
7862d401f7aff2cb81c593a1a6a9348b,45974,test
ce65e160ea3afb113bca4553f9292012,2547,test
0e1dbd49ace4395135b26581800f10bf,29376835,test
51af9205ebe8a035b1da9530f18c0815,25334576,test
33b7bbf3d7aa7591cd685575d2389fd3,24874364,test
1b52fdccc462b4fdbcc48231b8b78d5b,78249,test
b4f8c28581e573b72249185e52edabf8,29376835,test
c9cefa909f35f3f5d7474d85b340dd84,35606560,test
fe914599f059e0ab8f263ff23c1bdf5d,29376835,test
1ddffef311477a9abb7ef10815186d17,18295863,test
e37e31f2900f70f574c158ff494fbb5c,7428663,test
9adb93fea3ee81bf7da43997693c3691,29376835,test
129f81a6bc969107a949577ae0c95ee1,27822,test
367eed3c936b1125c4317593b051b635,17333426,test
9b732eff79a916003eb35b197d709f94,25784766,test
e4cd8fbd7d1357e008f2eb5e6ec7a25c,2547,test
002ed8c9348b2d5a62c1b17d1428dcbd,768496,test
d9f441452f0c27ffa2f7bec0074b26b8,9639765,test
c1c028d3ada3f3f9f71fc290846d8a13,150253,test
cdb455610385d6979f8cd6dc8ec358c3,394424,test
26a891d2c6333c4c4e0cff3e38b369c0,9583799,test
640e3c0b20761e91989869c684b0afdb,34023590,test
623495357c57b63dfaeab19645205503,34023590,test
88acadaaf2cdcf9eba2e47918aecb0e0,9583799,test
3f6eaa2fc891a5dbab97cedc7072f903,35606560,test
63b564b69067edc8d228d5f474b1be21,82346,test
e023e87fa37c564ac790795462f50d13,2547,test
ef85693f7eff968fc3e9a79aa3437ec7,27822,test
defbc3ff6584fa8d16c0684799d3b14d,25334576,test
46ac4f5e7dd9e6f09dc6f9c0a8aed2bc,150253,test
e8ac16989600c2fcc9630c0fa81deae4,2262521,test
7310dd510d22249da1d5337850f1d89f,430788,test
41f30c5f9ff358342f9990bcc6058a41,34023590,test
124cca6921876a457b2c8a014e9d5376,9639765,test
ca81f424b2eaac2eb425d208bac5848f,34023590,test
af4c80f4d80bd6ab722462e2566c301d,7428663,test
ecba9553157ec31cc0b0a02b7b958e8c,75504,test
cf5748bef66c426723149502fe49e961,34023590,test
5ecc68e727673f94fb15b6a22b725b60,25334576,test
746ee71ce7100ab9d9798477a4bd3429,25334576,test
b1a5828b78cc364b78043cb79330cee5,25784766,test
4ce4264ec4f58c3dc26cb1a65864eb97,2547,test
3c2c60002e25fd7606315a4a5b9e0b0f,35606560,test
07f8571d36060fbb81ff7b4699650404,2547,test
b75acdaf97769eeba7ee85c3ab665a82,25334576,test
6b7bace8edc405ecfbf31a0f8b71a0ac,3018111,test
96dd9148ef3846b29af05caf72f96a83,24407,test
1155af6e3f524a0331a09d43963a508b,2547,test
584087f5891e8fc06999b28a66ef468c,25334576,test
fe26fb17a32dc576508399f85f8d9b7e,25784766,test
9e4586c8688ff53a5a9605983c634ce1,406373,test
529818fc2b45ee505cb745c20dd8b227,14706,test
5612279fdddb36e10d9d1071d54fbda5,28645638,test
893d0b80bad2bd49722eaf608b215fcb,2547,test
e972ac40a466107e793468b9b4a64cea,25334576,test
13acb0d340e042fbc8628c5df909da50,25334576,test
b68fd51ee76170ac307f5f8de2fa28a4,35606560,test
68131c77099554865601105f3e14efba,25334576,test
871c223368cc879d5374dff4e6873dbe,25334576,test
081eee357e799cd561f25853326fb39a,78249,test
dfed4f01e21ea9ab9f54c5f91d0d1aa5,75504,test
33baf2a20ad6a4d0bfe06a39cf3a5614,25334576,test
b4f9c4f56f6bf115218f203db2511ada,2547,test
e224d259036c083ecc7179ca77d87f5a,32075857,test
02a8268553e017e630ce8fcab433ed8e,24874364,test
5cb83c67af0bc9fbbdb9a8be25157886,2547,test
d745fcf98f7fe03ad17fc49aaa543297,17333426,test
6da38ed4477253ba24cd6626447a22f2,430788,test
98cf9357f6dc17e4d084073e1f873bcb,82356,test
f4c1bd0a933c4f427d0cc3e5db53e4cb,35606560,test
f7aa6e9d055382fb4a884c550a9829ad,34023590,test
c8026958c766106fe548311bea00795c,25784766,test
b1a61842e4d0d28c213a2bea4a507465,34023590,test
c5dbb091aa5e9b93539d68b31270e589,14706,test
ad48e1989acbdd412416468139b346f4,34023590,test
8a0b3b158929adfae99c91f1401a648f,25784766,test
228828d03a5de2088795b8656db2feb8,45974,test
4b6c602582faad66add972bc81160bda,17333426,test
6ebf0077bffb9e45db62ef8876110752,25334576,test
e1a054d1af496fb577c567f2f73352a6,394424,test
dd7f131640d84407916ce914690f5556,792712,test
90302fa14ec743c8b70b0ab87d41184f,35606560,test
29edb12ab832741ad07f5cb376a7358c,14706,test
86112a483b16339d6c96796e608139d0,2547,test
294cdcf49149e86081dfcd82824b179e,25334576,test
44cf083c253bb19c8ae56c8c9616130c,25176023,test
a0dc4027e6b266f9d51883671bf16dc9,17575120,test
78bdb85e9765b6dec822bc01e6ec8a50,17333426,test
615a27b88df098cfa6c99b03457527cd,292,test
d0adfe75b74e496ef2355d26a88d0ab3,2547,test
8f73dec5d446b754b6c1e40ec2e3038c,25334576,test
784600cd1f2aa59dc696a4c4335ab46d,25784766,test
9da49ac816c29a2360853d760f4003f9,35606560,test
06806db673d891b1ea7020d4f86e1ce8,535734,test
bc3caa55dd2f47c722866d9445c6e9d1,27822,test
78a08ddcc4ce2de27774e1596f09a0fa,768496,test
dacdf3fc8997f31cead5445a749c0643,34023590,test
73410182d972bf7651e4fa06ee0481b5,24874364,test
47954c9fa7e9f6e4dc429b0096cdb615,2547,test
73f876d9ce6dd647ec81b1d111434974,25334576,test
699a67ff1c947a9c60c7fcf530297961,34023590,test
94b819f45a8a9ce0987241e8379babbc,17333426,test
092f4fc60830344d7721d1e72d66b816,21413663,test
a9e660c562110eac776c06fb25afd80f,25334576,test
1cd039162be5b37e97864abe6e54304a,27822,test
73d79b9c29341748d1aa145582e097e4,24407,test
1bd92f62a30ed8252525a66597041caf,24874339,test
3f713c8630f91ce3341bcb8fede6f6a3,27822,test
71e2a9c7bd247523f06e852df9048233,394424,test
77a58fc9001275c50e69685c2cf69d95,158005,test
1ff2a206d3a40ace8c46bfac8c603ae1,17333426,test
b6c3583cb50b4c4a1e6c48d8eda86df9,25334576,test
772107d1c9f93a6ee0891528a46db225,2547,test
377ee8eebf30731d9962524276b1212e,25334576,test
0c279c09b99d4ef47278831cb1b4c74b,2262521,test
7dede1a216a2e060b0b475fa265cab8d,35606560,test
5c4662005680b4f065c69b5b574715af,35606560,test
714f2eabb0d7d62f458ce1be1531048b,2547,test
a70ed4b105f42240aa07526e31b390e4,35606560,test
2442a46a60905544024256af77d6afed,25784766,test
69de0aa95213c82d06d314d1836fe75c,35606560,test
e8014e09f1f96987ecfa950c99037872,2547,test
a655dd626bf2999c41757e8493d25ffb,2547,test
cc43d8d20fd7668d87cdc417f9cf43f0,21413663,test
209d8211c3ce4fd041a56c7cb108467a,430788,test
4c0f0f5bb0d49aca281d42e6dc670001,25334576,test
b119d0e9054567017ce1e6ef3b8ab6fa,2547,test
5a2ad6babc1dc0a37ea3db00e2062682,2547,test
5e13bdf832c8ec61d7001cf5d7e50090,25176023,test
b259e5c0df6f67406a8962a7188e0b17,35606560,test
1f33d59e2320fdcb9fa41d12750d324e,535734,test
623ab958c74a4152e4d49749b383deae,78249,test
a17770b2b02da0237fb5565bcac4f177,82356,test
5b7930299664247bc92053480f596851,2262521,test
c8280e4c89677e7e0810d999257bb9ab,35606560,test
86540010e5dc9b770752b2f3b6ed582e,29425278,test
5d3e499daf49694a7a682a0e52836747,158005,test
5ba7d40df36fdd833140601dbf2b494d,82346,test
913d8bacf0c9271ac07d15590694c765,82356,test
39010812cd839155b871fce784dcd3e3,25334576,test
d1864671ddad864dd852f4cfbec5d4cb,35606560,test
21679a75d97bf146e47e23d113453425,30312512,test
6ad251257b7374a3f4290b44c4ba97e0,61049,test
3b8c1ed9ff5c4ed2c397083206970569,35606560,test
c51dafad9d058969eba9edbabb307b31,34023590,test
8ceeac4626949c2462d7132db91c3b77,34023590,test
8d4f1a5435c74d1c28a4d920b5691986,2547,test
478842b04b15e4624782ce8b7bd6e4df,2547,test
7b05c8c0d48d83407a3f27c0b0865706,25334576,test
b61d8768438e63ffdb69d272c6feb773,25334576,test
227bea1a205d753c9d4fe579d85e254c,215686,test
c4602848923dbcd145cf47fab22c4690,792712,test
e374c829aa1b4c56d40341b9dd160238,1434,test
73c1d2ef64cbb7bf1035d3db9d8620b8,25334576,test
465ddc513b5a1d504f54d376a7d8c4be,25334576,test
c79b2a28eb3b89b2a90f44192adac0d8,150253,test
28b49fb4f28f15599fddb3a3fec493a7,752868,test
79a8c821dc46b1bd3f747f7bcddf3320,45974,test
92dab1624e08065710649d6dd7b1552c,27822,test
1325e691a83001f52b6b297d605252d2,9639765,test
c654e8c858f1eab2346bd2390650f0f9,21413663,test
a732e261fdcc2faa17facd7db038eea7,2547,test
abc96ca545894b9dfbb3d38edf73f7bf,34023590,test
e86786e87966071bb4d99fc5ca24f3af,25784766,test
215e4143de367ffa7d63920ee98b7a23,7428663,test
21d0c2488e91dbba1bbde0f0b1c1902f,82356,test
e267925c16e777089f464192f8e98dfb,367802,test
cea856fcd3a21887239ef1f673fa803a,158005,test
b754631e571f58d45f6c63b4366bfad5,25334576,test
3f9837dd86be19604ef6b866c3a2441f,2547,test
ad09ce7ff83e3ed14baf1e810a33d230,32810456,test
57f00cb9df7af67f64278f2305fea053,21413663,test
3b62933387aebdc41a1ab8b52523b05d,34023590,test
2be57e602e31b924167d97dfa05ae0a9,29376835,test
a54d300570e0a823321b38de2e108cb5,25334576,test
2930a09cff47c1fd867667f9b426c1e4,78249,test
aed33ddd72972fd338a2043014e4c83e,2547,test
cfc1e55f4c21741c5434d1eef500d262,25334576,test
7b29c9bb67684b361b96f02aa951133e,35606560,test
257589782a88f8bab5a68cebd9c66be9,35606560,test
f83eace0bba244d72f3c3867a9e1c419,25784766,test
6c74024d3567a376c2ec537370dc6a4a,32810456,test
74f78d71ed1740fc3ea19e136f7781f1,150253,test
be6f7996e9409f975700e1350e26ac1b,48987,test
776bf0f0015a5f29a950dace75dc84a8,25334576,test
f59d79a353782c5e40799f772598ca6f,82346,test
e325b067861a35b4ed296652b822d31a,2547,test
cf6ffd42b127a74141ce251b3dd2f40b,21413663,test
10b188ec06e8df1d3d20a6e2dc01869a,2547,test
3b719ac1acba70ea7f05706101629b2e,197698,test
2f65167cd636beee592f4a9ecbcd47d5,25334576,test
a558a7121b2a640a412d0c88429fa3bf,32075857,test
08d40f61faef81f4580a8e3115b0b8e7,158005,test
e5f42062d653498128bb60f558dd9116,30312512,test
06faaf3ae03f87c9cb465c0641f71b88,25334576,test
b589e758c52a7cad213571b0e15b12b4,406373,test
3875144a991dbcd1e818dbe7618b6cd9,45974,test
c88ee802965a27736e3b8d7e6beddc61,25784766,test
398e7ff0de4134abd255abf2e6175c4b,12384,test
abb5a47397a56bc24052646fbe62c4f6,25334576,test
d26ea0d7c5bb71df742ac6f753abf839,24874364,test
335427c54f910e8bfac5e58bad2bd62f,17333426,test
a61ad4a4825ac4c92ed6064184d5f626,34023590,test
b28b67f2c1dca482a6d4be70a1a8ae9c,2262521,test
10575b0809ac8a5cc24822041704df54,27822,test
7a7c7c34f515a7a22704848161e968a1,16241798,test
d4e815e230a2385e38b38b165c4d1b47,28645638,test
eb8fa485c02926c28d26b3618f2ae3a3,17726051,test
0ebd0de0da4c23782a510a1b7f5060c4,9251506,test
68ec35aad543503e56285e4aa017d794,48987,test
5596976a78a434bf6c65bdeab4407121,82346,test
14ce9b6befbce9f1aaace9405b5c3f07,150253,test
caacd1e862c625d65ee9a823f39aac50,150253,test
b0a983c28d1ced4636e121db5e1e7c2e,25334576,test
f732fe6d8773f7eaeab2c626039917ec,35606560,test
52f0937c468f96686ba597060262fb55,82346,test
2f75d9cb4894ac47ce6f888b0b8a6fba,2547,test
d561dcaa13dad1b563bbc1b60ab929ef,430788,test
64be35bffecc962bc872ebed09450863,61049,test
3994ce6240f2ae7045ab3844607afcc4,35606560,test
140200575a7ec859c6693e267a14f309,2547,test
c39a719056c2015f56bbfb7da135e083,29376835,test
cb62cd641d61d3ae620b50586d39a5e2,1434,test
91a96059144c5ef840b01bacd6ffa5b0,9583799,test
976d7178a50a86d85e9d68ca1c7cc4f5,24874364,test
0eb4679c5a73091b70064636ca10824d,24874339,test
d97f503fffb6f695b48adce59cdcdb36,21413663,test
98d325734c5880f24d599f2b24ef15bd,21413663,test
9de018017ca0b82c5f2427a304b12ec4,45287,test
74d604027f4ccffdf3f7ffa079cb1742,197698,test
9cdb49c57a8b748456030eac3d690ba5,2547,test
d34ae28186029d9af53b27fee5cd3569,27822,test
2e67a0f66f7f921832d009d58afc452d,32810456,test
cbeba98b284b8f3466340e489123e089,25784766,test
6434dfa3f10af49bb9c382a2b15f5fdd,78249,test
09cd33f676eb6904bb05420af783ad2d,45287,test
462882e44236cd3dd67b2819f8e57cf7,768496,test
59d85f6af78989af48a0687e8972b708,27822,test
6c884c569d31a79a4ded463081ae9992,2547,test
0bac5ed1ac72c4ed6d904fa7ee31d85d,25784766,test
ce2e62f80857be9f96fcaaa00cec2998,2547,test
7592f1c0ab9f74e5aa154f7e600adfd0,2262521,test
095403972121cce64cf328d36a62335d,17788340,test
7a11aff57e1d3e5a7dd8ded52eef8707,34023590,test
71fe2a0fbaca62a24ceff14e44a2ac09,35606560,test
23f9d4a23ab6dabb6687b31998c6dacd,25334576,test
ae4bfa17b6bc9778f9a39df349651ecc,45974,test
c301b4d118832c4eb7a06884a50760f9,21413663,test
0d87dd4bf2df1a8692fc2a473c2c5793,17333426,test
86e2570dbba96d1153d45e753b524ddb,34023590,test
a7c10866a032b5a28965f3296ec99097,45974,test
b43efe244c37297731c7b0335b54e313,30312512,test
118ed87a87aa681d8e93df651c03c592,17333426,test
0da138ecaf7c53675d5f92ce8715b23d,670257,test
163e903998dc78115199c96cc6e7d71c,14706,test
3690fe8213fd9ca5ba127cfd06e632e5,535734,test
b116c346e9fae6b1c4a78578c643a43d,25334576,test
d95294443f2565cae5b4f98558e6d34d,48987,test
0570c620d8b462acc94b97845648373e,29376835,test
04446eb003bdbcb06e932fcd41b552af,34023590,test
2b4af1471b9e87e8baeb2f6c736c5a53,45287,test
c3d049f67a0bd974e92539a9b46f64d6,35606560,test
3a5d521457ddc71b98da84bed99a0489,35606560,test
d7816a1453c2135944bab1515876a870,24874364,test
eeec4d6c06266dce62e4e51259f75a99,9639765,test
7f9292c351ed96b10f8a3fced28a29f1,2547,test
3a85e3e9eadfdeae0646f6ddd743f893,2547,test
4dbdfe84228b97bb56252c5ea8fc078d,2547,test
5bc8a24d238b337ce0ade82e25bfba34,35606560,test
35024afddde7a8fc7157d88b61736a05,35606560,test
9dafb8631024489fc13d68e104f8cfc0,25334576,test
6787c43c0ab02ce1f4f3d21d75583410,2262521,test
e8e21e98fc1b04f6286ce55879d32c62,7428663,test
a084dedfa8122bd3f10a82241b2695d6,25334576,test
3ddf0a203f51c1f81535ffcb2d65de98,25334576,test
d057821b85d051455410e5ea475ea9d0,394424,test
d0186e5d3f96a423f466fdc3f572e32a,367802,test
bac20273e6198394ea77c16672efb564,158005,test
924139730454568dca5ecbc2077f3cd0,25334576,test
e79036c43922a017553602387a171ac7,2547,test
9b77a874e7940e06c9d7748fc48e623e,2547,test
a1afb015a5e59843bfa9e61eec10f230,2547,test
8a0550740c0a97984daa7ae4f756788f,2547,test
edc59b852b3bd32b7e8b280968329e34,35606560,test
513133104cc4ffd007268898e7aef3af,2262521,test
56c4071ecc0cb5e5a9be9532541c2297,75504,test
884f4a3397b6aeb651e91a42b19a1abc,45974,test
8d39912031a70ac63ad2f0310e5241a2,35606560,test
98a13be98c8d9faf383f0ee8a3d376dc,45974,test
b477c3e62a4b320c6e2d39964022a9bf,2262521,test
186bae36802802860e93575fd62c9e96,25784766,test
ee67daabdad9c590f69b2f946935f84f,430788,test
57a390c94bfe794b526cbd43dfe0040e,32810456,test
278c732ba3c5c2c7d489de65f0f11218,35606560,test
5508f6b9167d70555991f2b75d29014d,2547,test
b6f13d2b60acb3564e526d6a5d5fe7cc,25784766,test
96ad81853e7007dc1758dadc53b485f1,78249,test
0e2eea86469afca0353098240a0939c2,24874364,test
970e418835be7fa75561fa581f3e4b8b,35606560,test
f58324b43359c872f9e954ca9512db49,61049,test
fad119d100d8b42d13a751adcba03269,17726051,test
042b798734ea135f66fe9a84bf8216bd,17788340,test
3ebd8b91b902fabcf25bb3210b3e3f14,35606560,test
afbced408d7ad1cfb811be2f3b90e46b,367802,test
8fbfbb309ea29e8351f0098c4fbf25f2,82346,test
f343351ec375185977ce9ea6da6f4c2e,45974,test
d8079c7053954335b551be76f15237b3,2547,test
da49fd0f28a59d3073793400620ef4f8,21413663,test
3b6a88f4b3e352bce5e5419cb1493913,78249,test
22a2755fec992975b1d0e5f72cf85305,24874339,test
236b24c25472cb737a4e7a99ad746ed8,35606560,test
e1d53b37550c6184d021f1185ef8bc9c,17788340,test
cd28c03815c1dc0e88ebe36eea9d212e,35606560,test
a177ba4d8c28710d6087611146ec4466,30312512,test
b6d831a9f8d9c4976c26448eba9ba4be,25784766,test
4044fa86da5d90cb71e1bd4f416170b2,82346,test
b4960492fcaf784d5141e90e0317a47f,82356,test
88e0dc060d2c893f7940302229cd19e3,874560,test
bd7f1397ff401f535e972040416e7b32,24874364,test
044dafc91cb22ead67e25d0bb9ac26fb,792712,test
dc59db7f9363a91a119e7b3148755493,14706,test
4962616ba3ff5c70dd15e188dd3d13b9,158005,test
704a1382adf721eebdc09bd2cebf5104,24407,test
642344235bc95cf169f296b571fa1ca0,535734,test
72fa80412a1c8d2bda0c8c3d0bbc09cc,16128045,test
75ab7dfb3756888870a823b6f02fcdba,792712,test
9ea94fd62db9e881ae7fa0d0fc31ff5a,61049,test
4dc1c87a3465bebfcf6332118516ffb9,25334576,test
9abbef7c83e8fd66e4259a4a62fc95e1,2547,test
50cb1eb29f47cb3c7184702e90ebecef,27822,test
f2e3a0adbdb8b940ce52e2f07690366d,2262521,test
595b82cbe955b09147751ab11e5f0886,45287,test
036145fc6a7e24861edd8401a39218d6,25784766,test
d08982cfbecc551bbb617fe388ca33ae,35606560,test
95470f7534890b0850c683d689ef26a1,752868,test
da09c98d9f02128ca273e1ffb1a9ad34,82346,test
4887dddf8b0ae5795029a53d8697f5bd,21413663,test
fb08e756f179bfd0b08d9d11d0289edc,1434,test
970b6e048bd2218a885c62d35f9595b4,406373,test
26d86c1a2c10787b505255ab1c67438d,27822,test
96a1e02b1b41185342d21357b83aa265,35606560,test
5face65315040ae33d641c722aea3861,394424,test
d05c5fcb294b0024048f6dbde4066de1,30312512,test
b07fbc6d4b8793f2f7e5a909b21780c1,430788,test
f12ced9fcde0ad24d6495dbe380f3f25,82346,test
61553acabf202d4f18d2739001bb7d48,45974,test
01499cd30a4147cce8c5823c4867cc34,78249,test
b244f49f1bcd2cc459ab1f3802d407d0,25334576,test
0cb8fab7d91343c51520ed2db3779bb6,14706,test
0b4655252d131e2e876e7a5d834c2977,2547,test
728eded2063cbcca59173f4fb28d89d1,25334576,test
79a3351d8fcef5b4e42cc9a912031154,430788,test
5003d03169d7f282e3ca6a9bfbb6c8d0,34023590,test
fb48136c83dd44c7089082fbd2a47c29,9583799,test
0bf96aa89043ae596b0bfa3173969d3a,34023590,test
0b493b9a8c113158e58872060b1f167c,48987,test
ecbb33a0d9928d6b945529b2157c7120,61049,test
75c9dc89f5dd95bf4601767f4488c2ab,158005,test
95b314ada90dfb3af8607f9cdacbdebe,406373,test
8298464aada99f2cfcd96e57cf681579,29376835,test
12eec206597535dae14ee33aefa46e90,223394,test
9e5540f85fe6b4cfcea43ffd28ed5624,394424,test
d2e24308230b4ac7e90d7c98a7d45d6a,394424,test
c57594094b64af117e1490183135f2bb,25334576,test
e0148d2576cde678db81d18e3146e19b,18674286,test
489c1ff07ad46c177bda2ccbfb3219e2,292,test
fdd43c4cb244929b40cd97d33f303be7,2547,test
a44086b7b107f72c63660dfa3474fdb8,82346,test
3634b9e670e3af9a3c36f61764649857,45974,test
d6b82b18315aa5fcd91b954260ede967,752868,test
c3842efe701d6e79dcca8e9dd83d8b39,82356,test
e04df96206260a9b95d7524f3c58f112,82346,test
7dc709be3dad93bdce97c3166bc54f12,48987,test
87c8d76c3e5c7ea3e97b177f1e088aea,18295863,test
a885a4fd87fb271a35f62acabf42c72d,34023590,test
55147663a02a41fcf5f13ab3a993e6de,2547,test
4fd6fcdc4eab8087871e856d589a6d0f,25334576,test
5b949abda84d58cd87b481eee399556a,32075857,test
5f23dba163b4d7fa2294e59337900e36,12384,test
5d33c150ba24cce42459d4f3eea06438,394424,test
82a97493233a68ed3891c6ccbced49ec,535734,test
34015aa89ba14c83daeee6cee53fe0f5,45974,test
36d893c4c31c6a7ccef938d4117458b5,25334576,test
1b69f0f165b4d02e6075a9eb77269b1f,30312512,test
9d3f9fddb3178c3e58d069133b1dec1e,34023590,test
48b88db9652bbf6ee827e8edc5c7e5ee,383288,test
d02444710b267e52be291a43776c5f6c,2262521,test
ab183528d89d6689cf3909aabe115885,21413663,test
5a1547d46eac2c2d6b1cf603eecc810e,35606560,test
49a335fd4a7cf68a055acb8b9dbbf298,2547,test
4769c52400fe56de17520d9946da3784,27822,test
ac8b2c88f4a991a3f4cafbd02542227d,25334576,test
ea40476e4b273e5ea957b38f936cacbd,21413663,test
f48e963be1bb27c653611f05e7ab1718,430788,test
addd715c1f745bc5af406bac6240c76f,35606560,test
e8c8d30e4dc7f3e76ff08ebbad3aeb90,2547,test
e67e7f66821342e262636ec0cc484d45,17726051,test
e9a9cf074f3aa3476c479fad80203bc6,61049,test
7605c2e071c62507e6c26883f512cd4a,34023590,test
8c3e91a0168c02527917f6f5849297d9,82356,test
c6dba36c57d3e9c734c952f9d4b56c87,45974,test
07722ae361b41e19b33f2289cf1cbb57,21413663,test
9a38672d5278bb8c600da1d72cd76329,25334576,test
131bc3a337b535f312b162a1184b59ab,34023590,test
3f74704a076f4e8efd5f4761a73d58e1,25334576,test
dfd41fe79bae96b34fcd0c74f17646a9,24874364,test
33abff0800fd6d9ec7f9da614815f037,768496,test
377ebfb527a1c5e54c8ab4dbcb2df11c,150253,test
20af137b420eda63a2def92ca66522b0,16128045,test
5a6b3435130c3b673354280ba273ba23,35606560,test
26dcc5735c40cc9a4e26d4e58f8f22f1,2547,test
518f594976b5f1da156c57f2692b0f62,35606560,test
89cbc3c6b25aa0e3ee506ad65c690216,35606560,test
9b16b47bf8889151a286d93c8dc4253b,792712,test
01c49ea9aa374dfebecc82f4c8a1e4f1,35606560,test
1db30671a6dcc61f37f92e9d0ab01cec,32810456,test
306e3ddec8e560c3b9e69f8e6d96b66e,34023590,test
2a05627898350122aef287ba8ee4b13f,16241798,test
615ea09d0f0fa1f535350a6d947442f3,45974,test
fbf5cdd895cdf36db1f8b1041afce342,9583799,test
b125fb70391f50ea39a20ea1ed94bd62,24874364,test
4b0cedd9cbc80047446eb2bb7d027577,768496,test
e90fe347d7d362f970f93d2cdcc09253,35606560,test
da4d76f27840858c448f204b0a50734a,16128045,test
85aea755269ea94b30d7f5a268a13abe,75504,test
a5d8b2c951259dc8d541525816a471bb,16128045,test
5b4011540a55a1f52263ae2ed82f691d,34023590,test
3860f5358919652de6a10f2baba4c4f8,30312512,test
f786a5800ddbf3c0ebe4b2bd648b3e94,34023590,test
4ad12e9dffd303b9730e497ba98d85af,394424,test
918140682792070e31df43240f0948c6,75504,test
89a15d99dd829f86b64cadf213ece2fd,406373,test
3e188cbc4e7d56235004c37262fbf98e,2547,test
eaf690c536b8a4a79d142a63ae6b8b53,25334576,test
51b98e6d167c22f0987f6b666a65f795,7044365,test
fb1de3ea339362ccd1dfa2216a3bd77c,45974,test
0c43fe69e826a2e94bfd8256887fb261,17333426,test
4a07af288c691048d8530bee2eb93561,9639765,test
df2fe8ff4c7e63cf2dbe01dee35fdfa5,2547,test
81e92d9155bca093b4e2514227e3f280,18295863,test
0f4eca62766d63fa112bcf6e58b1610c,25334576,test
897fc6400dd3f266acaa681ad56b9f88,25176023,test
6187d918e0f1d0d2f453f6101e66aab6,48987,test
4f0706b5177eac4f987cfa908391bdbd,2547,test
d2c0a29e43798c74802471346365ed91,29425278,test
be1cb2e8f0d5d7605e8256854651f184,24874364,test
641055c965e9500f533f4ba266c44c6d,367802,test
b9f5a711f54a60d0e3ec8ae816288ccd,25334576,test
e11a132179144a7fe3fec72790ce248d,78249,test
423eecf909f10301488b94e0e140d64c,11248257,test
ee608cc956f02427be0c3d7ce1230ed2,25334576,test
1e232a2e0c1999adb5da1994780838b2,7428663,test
b5c4ca1f2a6acdc0acd10f45d8ab8429,35606560,test
e2b46d94a9e009d9cd92d9dd17590156,17726051,test
446ac5af6591e5c8332fee97011df77c,17333426,test
f248a80570606a326011f57edf77034a,61049,test
362bc36f6772dfcb9d06115add56eaa2,394424,test
ff4cae120156750aea4591ccb4388c77,34023590,test
0451966e37122fc1d042d75cac56c873,2547,test
3ab9b8279fa3ab417f69e5b209abb670,394424,test
1778e5b28dc44601bfb27c8f05b496ae,25334576,test
aa49fd34eb75f7658062ef3885e1cd0f,768496,test
3784e068a9da2c9f30ab6e478476640d,394424,test
473c1991d2cd763df221f146b480583e,2262521,test
67cf55c5ab43fec77a9be06d79cf89b4,82356,test
552b7b5f0ab784c4acfb322fd0ccc9b9,82346,test
e656e39775d854cd132908a3f1933da2,82356,test
d9818cfad253b03108c8d314d5497437,75504,test
630c8a57a5837c8f7d0e862c9bc9cacf,34023590,test
62471f7091cb6688f098a0baf27527d7,158005,test
3a4031923532a7cce2efd2fb6e178273,61049,test
34f036c95f82410262ccf7d228e7c5fd,34023590,test
9e0eac27c5e2d46b3548fd9583112d50,63114,test
6c6d3f02fba8372bb89911d29f84694a,45974,test
6e87e83b04edaec5d2bd5e40c8e07de7,9639765,test
f2b94fce585061b91b3671c7cd8fc7af,367802,test
553138adb72899b61c030d1b9e39509e,28645638,test
eafd6eef8aa3fccd12e38b5f45dbbc7d,215686,test
b1faa664b687c5a7266886887c5f597f,45974,test
3738cd413e08c9c375b15fd5bef9ac60,82356,test
01044138f6fa7bc2535c59c9899a2e32,14706,test
513b5ca00e70c62b98295763f3745b61,17788340,test
faffb2485acca4c5d742c5d9775d2f9d,9583799,test
a12538d1c5315fc3fa14f2721f425999,48987,test
c52514678bd178b0b13be87172c6ad05,18295863,test
9a6e0b262a7111c6e248cfa2cfb34acc,9639765,test
3c436c96f46b2b359bd8107deafa46dc,14706,test
11a7a6625b6f02b4e33e788ee9b15470,18674286,test
d1eb903155f4079fae801aa635a62082,17333426,test
626f9d81e53b095431f8357a2363bd74,45974,test
00eb43a16ceee932f966e62d069c8b82,768496,test
0ee562bc233888395e9eeae517e2c394,25784766,test
bc539f9b5c7ff42d895cf8d52b431eb5,25334576,test
96776ed5b5551dc6fef8503eb686e010,25334576,test
d2dc613030ea9b2e2a344a83a334ad28,75504,test
e312aa672c539102ab217a95248dff33,158005,test
88f57e85ab52491903966cf0a37e7d08,45974,test
ac0c3f68c0fe89f4bb1e27aab96a2645,34023590,test
8d6daba2b1d109ba410e58c5b24ce4f0,430788,test
a9cee86113532076ecf0a238b7b6c52b,27822,test
3898b9ef37d15c3e608f7dcf8e40393a,9583799,test
c60f4c64ccb677e8aadaa61fdc07e55d,7882218,test
5fe319ed27c865831803dd3c7dedddf5,2262521,test
01ea13cd14aca4be86fa011820391304,75504,test
a765a5bc96ef3958fc6223e8761a470b,17788340,test
19a910ca2f9c5df607f9c252c1f40faf,2262521,test
633b40d44ef89b1750eebc8ac12e97f2,28645638,test
787b53cf7c46bc85ef45ed3aece174b6,2547,test
f38ab0fe2d0e34bd72ebd9e72669e7ce,45974,test
87f7b3a127934f2c6a6402136c4108c7,14706,test
f994cdf5e923e314f22c0b6b7d1cc150,2262521,test
ae29af25393dd272bffff2fbb387b57d,17788340,test
3ac36de07b39d72fdebe11f8b414b7af,2262521,test
6e684cddb64ad3213d029e2d2a75c523,25334576,test
a356958ab5201f703197dc3c563db1fa,2547,test
8045a76dc9845dcfbd43b2fb244e38c0,34023590,test
a1d1c313993861637e4fa48c8d8c4a49,12384,test
c40e6887668f4669279efce6c93198ba,25334576,test
2a0d27bd5b84ff00fe37cae2721076f7,17575120,test
0574b85511a5e6cbeec2706d48cb871c,82346,test
fe853b35a23b4e95f5e82aecc1c02d9d,197698,test
52d7ceacf47f63e49acc201bdf1fea27,82356,test
8db83739b7c943100c4d81ab52e11067,25784766,test
d75a6dedb1d7e41e278714085dd60f8a,158005,test
26eaa62d91c96e0f8a9c38f8d2fe7f60,2262521,test
01cfb3a69e5ebb69dc5c8169e5fa2392,430788,test
665b0ccf1f23fb6f76f7e3414dbf3642,78249,test
46e8b9d7835e4481effd6e6a1a572f8b,27822,test
0e785150027e14155439596425095c2b,82346,test
58726076e1003c9f6f0b1b192788246d,17333426,test
e4eef907b14215981c6dca6f0b9305b1,7044365,test
033e1d045d6150d4e70243d663ec80af,35606560,test
9dbb0b149b562bc5a1c7f37820e0c197,25334576,test
f9cdd277d63ba4c3456d19e6df3fc16a,34023590,test
cac9b585ef1bfe5e1df5878278b4b9d4,158005,test
ff2b5c2e03cb2ea52da73aeec86a28cd,150253,test
19cd05d6216b0de93a73953acee2a1c2,9639765,test
61c279f031e53dab1417b603c7cb8de4,21413663,test
e8ba50cfaf0fda21829bc1f726247f3b,16128045,test
aec4febc5372e24d641c5a3a2b395dbb,61049,test
d9806d0a4d227bd1ac2abcf210bc921d,45974,test
c925322f4754e0d980753a4957f32f7a,406373,test
2fc0af53ee643e2ee1184dbb1e9e323d,9639765,test
0eac36acb80bca9f2095c5d6315c1078,25334576,test
572493bda66d77fbd4f873706894091e,27822,test
302aecaa78619fbede1b503bf8c9ec02,2547,test
9a028b337ea1ea3220600aa8a4e0412c,25334576,test
8dd7f787a9228c3f23fa3620662fa0c0,17333426,test
4345ff6133632d6033670567cc44aba6,2547,test
67937c844193f37cc9bf76941a73714e,27822,test
1ab4a16f2c7c428c21388fb149020986,9639765,test
57fb5c01d9cc48b3f10773f6b2dc8dba,2547,test
3a611c6c03f6409b867485fdad977f47,35606560,test
2748159a3921e89823316d923d1848ec,25334576,test
e2d37db2a314642f595e8152278aeedd,82356,test
046971d126e3146a04630558c32ba628,2547,test
5cba5afe1157975e0c995929414bf9c4,35606560,test
ba9ec5d78d3e5cd80e163f908c2aa43e,25334576,test
d6b9583726b3b297aa236dff23d0c990,25334576,test
e83213877b22bccbbc6b2254757b71cb,2547,test
cb56984450b28dfecfc31d1f846e9887,45974,test
5af724e0adeeba3aca0bcf678887b229,430788,test
0468b2096cc6023c0e72b5291f5de0bc,1760997,test
3398b149686dc04286716043c59cec8c,7428663,test
7b41295c2caeafaa5831214132cd10b9,45974,test
f57b08c716d73db2d3019834dbbcb5a5,35606560,test
a2cfbcb15e5042317984eb25ef69a214,16241798,test
0c39f35f68076b9a240807c950ebe3c0,34023590,test
f848ab14df3869d4382b34037b47edbe,2262521,test
e4b06095b1d34482efcbeaa7c1f3c029,535734,test
9e9d7c74913d0813b8cff4c274ef0b75,82356,test
ebda1fae58e3673fb603546ee68b8b07,82346,test
367c27dff838a2f63ebaf036452e6c03,2547,test
ffeea5a69a5a530682971b1cb33d8b4f,25334576,test
2509474aa6d534fd2db506cc9a537e3f,9583799,test
b498b1da9ce65aaa6e63b370e0e705e6,25334576,test
a62382d3322080acc5a09a483b21e2f0,61049,test
26d13efb9a5b24aa554a075c4a91cdfe,158005,test
b0473ae9b7f0538a5b9a3da2fb125b63,25334576,test
e32ed1bbf773a5f8df9dcaf251a27c09,9639765,test
7e78a25421a1b55431b14459d7af63c5,61049,test
b31b8d5cd55c692995647ebc646ef123,367802,test
fc342d60b30f8af5b10fffb8ed92dffb,35606560,test
493cbd76e33577a77d14f1f6a351e100,35606560,test
680182a1a45334ce37f7204f0ab442f7,2262521,test
b4bc7dc34588f08ee6c08aff866b110b,45974,test
a7bb357251c7b2dec6c040f1c458f2fa,16128045,test
0ea0532fc1add36e1223d44f343adf03,45974,test
e9bb21e0144579e2b69e49fd9b05d155,394424,test
665573cdc997f8d11f54e5fb19bd5f32,35606560,test
14df8585604cc34a85127981b460c216,9639765,test
adc96904b5d12b6f0bb6f84ba1b46174,2547,test
9d4ca88e9bcd9e5753385b8846172223,35606560,test
8f44b3515485cc9d5cc8aa579ed5a561,35606560,test
1c41e0e475860e4570a5ed7b48044405,82346,test
228141996ae9d41bb295e3bc860d5dcc,25334576,test
3721604e95ba864112d415f3de73a06b,2547,test
db13ccf09c449828ae8831c3764afee5,45974,test
c42a6e425abed844b32d4aa480574cce,78249,test
ebb9b57b478742bd62748e1e42d73bdd,394424,test
f912a7c77ce1b80838bb5c51c8cb2ddf,45974,test
ae06141c0a03043aa9ea26a39c49955f,535734,test
9f8e6a502f12b8224e7b6644cffdf59a,16128045,test
3f6d3a74bc23525e5229425f37d48e39,2547,test
aac2988471c345408620619747a02422,61049,test
2a6cd0f5530f07a998869c567c56224a,2262521,test
68017ce28d36162a44fbe11d0fcc2ac1,2547,test
35d7336431c17be9bf47baf24b38047c,30312512,test
4478d70847a3384b4d89f7b25f488818,25334576,test
90661117909a9fdcbcf7906b6e120dcb,158005,test
f32190971c943c5441f73238bde48b1d,45974,test
7beecdee532f90cef244be3dfed3f799,367802,test
33ca7195d3dcc97209ec868f63a6b741,21413663,test
ef16816cdc07653f8bef6e90ae8e9647,27822,test
f99655ee1ea59a9a1dbf7fff2d42b67a,535734,test
0f3cff20195a0bf0304f4ea11cff8015,2262521,test
305250685bf1538948b31ee306805327,2547,test
7a13da414117be5be47efec086c1d26e,14706,test
80c7e26d8f4b39f7fbc720543b6998da,75504,test
059ddd814e919de595c674fa21f54ddb,34023590,test
ea21de8b812076ef58d4d2689bd1db25,158005,test
ec2384476d3eb30b1a65155af1a91b84,25334576,test
7b6265ff10129e75c711c24c338d7be1,34023590,test
491489672f9df07e80f9e08951a80199,82356,test
02d601d9156c969313ec125e5399a5de,45974,test
1e8d24301ed9a3a76d0ea949f2c39a06,394424,test
9c47a90f58f0856918a1c499e3921234,16128045,test
424c54e7dad8b8cf82df794af2cf7672,35606560,test
658cfc9b330661f5aaf36875fb6dd47f,35606560,test
f992e6c3980bf96c0cc297957c78ad6e,34023590,test
3cc573587e4ae5f48a07edd5bd80808a,25334576,test
c2f50d1edf328491eda40f0899bee97f,2547,test
e027395b82b1daf442bdf5df46b28658,34023590,test
1b0cf685f85251819e29bbe2807f732e,35606560,test
d321c7549e6ae2d4b4ce7a01d7e04e8c,34023590,test
816e00e452d4618667b7f238d6686b69,27822,test
06d0e9db4dfb9a6c43bd1ac8d73517c9,2547,test
c12d37ede1304f14d3d130500385c523,45974,test
1a01ab75da5a55ac58c30a6a15b89d5b,17788340,test
b8b530f789707657e7938164fd315b36,394424,test
2dc7b94326e0fea6fc3f9a452bfa4f6f,45974,test
c6554308c88eccfc20b937823e0c8aea,16128045,test
